253|2025-12-13T14:40:26.4764302+08:00|FFXIV_ACT_Plugin Version: 2.7.4.6 (50BCD605C50A749F)|209f43050ac6f41d
249|2025-12-13T14:40:26.4764302+08:00|Selected Language ID: Chinese, Disable Damage Shield: False, Disable Combine Pets: False, Parse Filter: Party, DoTCrits: False, RealDoTs: False|d4c6d8695647716d
249|2025-12-13T14:40:26.4764302+08:00|Selected Process ID: 0, Dump All Network Data: False, Disable Combat Log: False|6a82a73f9cb31983
256|2025-12-13T14:40:34.0171329+08:00|256|OverlayPlugin|RegisterLogLine|1|73097ead6893a926
253|2025-12-13T14:41:11.3784177+08:00|FFXIV_ACT_Plugin Version: 2.7.4.6 (50BCD605C50A749F)|58b3ed5b7e252f41
249|2025-12-13T14:41:11.3784177+08:00|Selected Language ID: Chinese, Disable Damage Shield: False, Disable Combine Pets: False, Parse Filter: Party, DoTCrits: False, RealDoTs: False|e59255f7bd9e2b69
249|2025-12-13T14:41:11.3784177+08:00|Selected Process ID: 0, Dump All Network Data: False, Disable Combat Log: False|63bdbb926d3870a4
256|2025-12-13T14:41:12.7860726+08:00|256|OverlayPlugin|RegisterLogLine|1|d0108540cd373699
253|2025-12-13T14:43:40.3869017+08:00|FFXIV_ACT_Plugin Version: 2.7.4.6 (50BCD605C50A749F)|24e22a335514a635
249|2025-12-13T14:43:40.3869017+08:00|Selected Language ID: Chinese, Disable Damage Shield: False, Disable Combine Pets: False, Parse Filter: Party, DoTCrits: False, RealDoTs: False|2a79f3a785d8816e
249|2025-12-13T14:43:40.3869017+08:00|Selected Process ID: 0, Dump All Network Data: False, Disable Combat Log: False|a99161c5735ec566
256|2025-12-13T14:43:42.3581857+08:00|256|OverlayPlugin|RegisterLogLine|1|2e444ec334a897d6
253|2025-12-13T14:44:09.1443005+08:00|FFXIV_ACT_Plugin Version: 2.7.4.6 (50BCD605C50A749F)|67ea5422e9137ef5
249|2025-12-13T14:44:09.1443005+08:00|Selected Language ID: Chinese, Disable Damage Shield: False, Disable Combine Pets: False, Parse Filter: Party, DoTCrits: False, RealDoTs: False|02fe8ec9d222975f
249|2025-12-13T14:44:09.1443005+08:00|Selected Process ID: 0, Dump All Network Data: False, Disable Combat Log: False|35f8f47cd10df7a9
256|2025-12-13T14:44:11.1042043+08:00|256|OverlayPlugin|RegisterLogLine|1|e184032859b671d1
253|2025-12-13T14:45:22.2573442+08:00|FFXIV_ACT_Plugin Version: 2.7.4.6 (50BCD605C50A749F)|e02fd7ff62eb2b45
249|2025-12-13T14:45:22.2573442+08:00|Selected Language ID: Chinese, Disable Damage Shield: False, Disable Combine Pets: False, Parse Filter: Party, DoTCrits: False, RealDoTs: False|52a7dc1890c79e54
249|2025-12-13T14:45:22.2573442+08:00|Selected Process ID: 0, Dump All Network Data: False, Disable Combat Log: False|8df4389894c2d05a
256|2025-12-13T14:45:24.2446298+08:00|256|OverlayPlugin|RegisterLogLine|1|b454911137498fa6
253|2025-12-13T14:45:50.9374706+08:00|FFXIV_ACT_Plugin Version: 2.7.4.6 (50BCD605C50A749F)|fc107ff5b53c52fc
249|2025-12-13T14:45:50.9374706+08:00|Selected Language ID: Chinese, Disable Damage Shield: False, Disable Combine Pets: False, Parse Filter: Party, DoTCrits: False, RealDoTs: False|048ea757235f361c
249|2025-12-13T14:45:50.9374706+08:00|Selected Process ID: 0, Dump All Network Data: False, Disable Combat Log: False|c75129520a4bfa2f
256|2025-12-13T14:45:52.8614825+08:00|256|OverlayPlugin|RegisterLogLine|1|8c92daf6a21b0694
253|2025-12-13T14:47:11.2992778+08:00|FFXIV_ACT_Plugin Version: 2.7.4.6 (50BCD605C50A749F)|f1049ec39cf9f3d1
249|2025-12-13T14:47:11.2992778+08:00|Selected Language ID: Chinese, Disable Damage Shield: False, Disable Combine Pets: False, Parse Filter: Party, DoTCrits: False, RealDoTs: False|7374ee60475cf432
249|2025-12-13T14:47:11.2992778+08:00|Selected Process ID: 0, Dump All Network Data: False, Disable Combat Log: False|f3fd83dd12711661
256|2025-12-13T14:47:13.3102700+08:00|256|OverlayPlugin|RegisterLogLine|1|ef6a0ced9c0ea526
253|2025-12-13T14:47:33.8368799+08:00|FFXIV_ACT_Plugin Version: 2.7.4.6 (50BCD605C50A749F)|00910478523d27a4
249|2025-12-13T14:47:33.8368799+08:00|Selected Language ID: Chinese, Disable Damage Shield: False, Disable Combine Pets: False, Parse Filter: Party, DoTCrits: False, RealDoTs: False|877d508f2e3e89fb
249|2025-12-13T14:47:33.8368799+08:00|Selected Process ID: 0, Dump All Network Data: False, Disable Combat Log: False|8bbca27e4ccd9d39
256|2025-12-13T14:47:35.7411875+08:00|256|OverlayPlugin|RegisterLogLine|1|131612cf23f2595a
253|2025-12-13T14:48:13.2646846+08:00|FFXIV_ACT_Plugin Version: 2.7.4.6 (50BCD605C50A749F)|7843df252693f6bc
249|2025-12-13T14:48:13.2646846+08:00|Selected Language ID: Chinese, Disable Damage Shield: False, Disable Combine Pets: False, Parse Filter: Party, DoTCrits: False, RealDoTs: False|4fd78e38053928fc
249|2025-12-13T14:48:13.2646846+08:00|Selected Process ID: 0, Dump All Network Data: False, Disable Combat Log: False|4a099f3a3cf31058
256|2025-12-13T14:48:14.6605974+08:00|256|OverlayPlugin|RegisterLogLine|1|1aa62aa818c99004
253|2025-12-13T14:49:59.3634503+08:00|FFXIV_ACT_Plugin Version: 2.7.4.6 (50BCD605C50A749F)|8bbcf5036eab025f
249|2025-12-13T14:49:59.3634503+08:00|Selected Language ID: Chinese, Disable Damage Shield: False, Disable Combine Pets: False, Parse Filter: Party, DoTCrits: False, RealDoTs: False|4799d237278dfd44
249|2025-12-13T14:49:59.3634503+08:00|Selected Process ID: 0, Dump All Network Data: False, Disable Combat Log: False|c21706e70f1a81a8
256|2025-12-13T14:50:01.1090220+08:00|256|OverlayPlugin|RegisterLogLine|1|e3ed234edccc86bd
253|2025-12-13T14:50:47.5813761+08:00|FFXIV_ACT_Plugin Version: 2.7.4.6 (50BCD605C50A749F)|0fd79dbf39d6c585
249|2025-12-13T14:50:47.5813761+08:00|Selected Language ID: Chinese, Disable Damage Shield: False, Disable Combine Pets: False, Parse Filter: Party, DoTCrits: False, RealDoTs: False|6e0330f5eaf52eab
249|2025-12-13T14:50:47.5813761+08:00|Selected Process ID: 0, Dump All Network Data: False, Disable Combat Log: False|ed8d9e946a25fabd
256|2025-12-13T14:50:48.9879017+08:00|256|OverlayPlugin|RegisterLogLine|1|298a73314090ee15
253|2025-12-13T14:51:20.2264664+08:00|FFXIV_ACT_Plugin Version: 2.7.4.6 (50BCD605C50A749F)|5063a8c96a8e8b1a
249|2025-12-13T14:51:20.2264664+08:00|Selected Language ID: Chinese, Disable Damage Shield: False, Disable Combine Pets: False, Parse Filter: Party, DoTCrits: False, RealDoTs: False|22bc2df09bd472fe
249|2025-12-13T14:51:20.2264664+08:00|Selected Process ID: 0, Dump All Network Data: False, Disable Combat Log: False|eebcc7d16851d819
256|2025-12-13T14:51:22.2381334+08:00|256|OverlayPlugin|RegisterLogLine|1|991171c972221ed6
253|2025-12-13T14:54:08.3916194+08:00|FFXIV_ACT_Plugin Version: 2.7.4.6 (50BCD605C50A749F)|530b426ba508bcbb
249|2025-12-13T14:54:08.3916194+08:00|Selected Language ID: Chinese, Disable Damage Shield: False, Disable Combine Pets: False, Parse Filter: Party, DoTCrits: False, RealDoTs: False|96e24ec11850ea16
249|2025-12-13T14:54:08.3916194+08:00|Selected Process ID: 0, Dump All Network Data: False, Disable Combat Log: False|320b2e2e3d10f667
256|2025-12-13T14:54:10.3720508+08:00|256|OverlayPlugin|RegisterLogLine|1|e39a385e70cef120
253|2025-12-13T14:55:17.6175867+08:00|FFXIV_ACT_Plugin Version: 2.7.4.6 (50BCD605C50A749F)|26793303afa62c9a
249|2025-12-13T14:55:17.6175867+08:00|Selected Language ID: Chinese, Disable Damage Shield: False, Disable Combine Pets: False, Parse Filter: Party, DoTCrits: False, RealDoTs: False|d4887f1402ba34ed
249|2025-12-13T14:55:17.6175867+08:00|Selected Process ID: 0, Dump All Network Data: False, Disable Combat Log: False|d1d44e729901ecc4
256|2025-12-13T14:55:19.0419682+08:00|256|OverlayPlugin|RegisterLogLine|1|8f3d6d142ab2c639
253|2025-12-13T14:57:10.0859914+08:00|FFXIV_ACT_Plugin Version: 2.7.4.6 (50BCD605C50A749F)|295ab659a87a74d9
249|2025-12-13T14:57:10.0859914+08:00|Selected Language ID: Chinese, Disable Damage Shield: False, Disable Combine Pets: False, Parse Filter: Party, DoTCrits: False, RealDoTs: False|02cd3d98a8783edb
249|2025-12-13T14:57:10.0859914+08:00|Selected Process ID: 0, Dump All Network Data: False, Disable Combat Log: False|9ac39b772d8a7595
256|2025-12-13T14:57:11.9240445+08:00|256|OverlayPlugin|RegisterLogLine|1|65cf3b0063f0b4bc
253|2025-12-13T15:01:31.0840942+08:00|FFXIV_ACT_Plugin Version: 2.7.4.6 (50BCD605C50A749F)|aa236c1bc017774e
249|2025-12-13T15:01:31.0840942+08:00|Selected Language ID: Chinese, Disable Damage Shield: False, Disable Combine Pets: False, Parse Filter: Party, DoTCrits: False, RealDoTs: False|5838b2020e61121d
249|2025-12-13T15:01:31.0840942+08:00|Selected Process ID: 0, Dump All Network Data: False, Disable Combat Log: False|1f45418fd8f3df9a
256|2025-12-13T15:01:32.8060029+08:00|256|OverlayPlugin|RegisterLogLine|1|473424e9c976cdff
253|2025-12-13T15:04:25.3973591+08:00|FFXIV_ACT_Plugin Version: 2.7.4.6 (50BCD605C50A749F)|5614c3b1d7b3cb55
249|2025-12-13T15:04:25.3973591+08:00|Selected Language ID: Chinese, Disable Damage Shield: False, Disable Combine Pets: False, Parse Filter: Party, DoTCrits: False, RealDoTs: False|3e8e73cc486d67cf
249|2025-12-13T15:04:25.3973591+08:00|Selected Process ID: 0, Dump All Network Data: False, Disable Combat Log: False|2b6220fb04620e8a
256|2025-12-13T15:04:27.1378439+08:00|256|OverlayPlugin|RegisterLogLine|1|8324847de91b5abc
253|2025-12-13T15:06:03.8680703+08:00|FFXIV_ACT_Plugin Version: 2.7.4.6 (50BCD605C50A749F)|f39cd54f5b3d4285
249|2025-12-13T15:06:03.8680703+08:00|Selected Language ID: Chinese, Disable Damage Shield: False, Disable Combine Pets: False, Parse Filter: Party, DoTCrits: False, RealDoTs: False|2800774502b5e78b
249|2025-12-13T15:06:03.8680703+08:00|Selected Process ID: 0, Dump All Network Data: False, Disable Combat Log: False|a3cf6b7a78d9dc77
256|2025-12-13T15:06:05.2844568+08:00|256|OverlayPlugin|RegisterLogLine|1|ec7ec16395ab89e2
253|2025-12-13T15:07:39.3890737+08:00|FFXIV_ACT_Plugin Version: 2.7.4.6 (50BCD605C50A749F)|b1bf16371fb445f3
249|2025-12-13T15:07:39.3890737+08:00|Selected Language ID: Chinese, Disable Damage Shield: False, Disable Combine Pets: False, Parse Filter: Party, DoTCrits: False, RealDoTs: False|04581519b9dd1581
249|2025-12-13T15:07:39.3890737+08:00|Selected Process ID: 0, Dump All Network Data: False, Disable Combat Log: False|88d10f9efd517e17
256|2025-12-13T15:07:41.1610433+08:00|256|OverlayPlugin|RegisterLogLine|1|4c40b0ef98d3e237
253|2025-12-13T15:09:20.7408044+08:00|FFXIV_ACT_Plugin Version: 2.7.4.6 (50BCD605C50A749F)|6b354fbcf59297a9
249|2025-12-13T15:09:20.7408044+08:00|Selected Language ID: Chinese, Disable Damage Shield: False, Disable Combine Pets: False, Parse Filter: Party, DoTCrits: False, RealDoTs: False|0ba595e4c2aba86b
249|2025-12-13T15:09:20.7408044+08:00|Selected Process ID: 0, Dump All Network Data: False, Disable Combat Log: False|bc4c04dab2aaaee5
256|2025-12-13T15:09:22.6152666+08:00|256|OverlayPlugin|RegisterLogLine|1|e3e9483728e33dac
253|2025-12-13T15:11:18.6678454+08:00|FFXIV_ACT_Plugin Version: 2.7.4.6 (50BCD605C50A749F)|7e8ecb94601bce9c
249|2025-12-13T15:11:18.6678454+08:00|Selected Language ID: Chinese, Disable Damage Shield: False, Disable Combine Pets: False, Parse Filter: Party, DoTCrits: False, RealDoTs: False|c73e8fe29f6379e4
249|2025-12-13T15:11:18.6678454+08:00|Selected Process ID: 0, Dump All Network Data: False, Disable Combat Log: False|c21e8d57b42ef908
256|2025-12-13T15:11:20.0775439+08:00|256|OverlayPlugin|RegisterLogLine|1|53815f296d5a5ec2
253|2025-12-13T15:12:20.3547652+08:00|FFXIV_ACT_Plugin Version: 2.7.4.6 (50BCD605C50A749F)|0951cf6d625112a3
249|2025-12-13T15:12:20.3547652+08:00|Selected Language ID: Chinese, Disable Damage Shield: False, Disable Combine Pets: False, Parse Filter: Party, DoTCrits: False, RealDoTs: False|be097a8cf1a02b93
249|2025-12-13T15:12:20.3547652+08:00|Selected Process ID: 0, Dump All Network Data: False, Disable Combat Log: False|ac68a89aad8d70d6
256|2025-12-13T15:12:21.7819142+08:00|256|OverlayPlugin|RegisterLogLine|1|cf9479b269fd2264
253|2025-12-13T15:16:14.0677944+08:00|FFXIV_ACT_Plugin Version: 2.7.4.6 (50BCD605C50A749F)|134c359c09ed994f
249|2025-12-13T15:16:14.0677944+08:00|Selected Language ID: Chinese, Disable Damage Shield: False, Disable Combine Pets: False, Parse Filter: Party, DoTCrits: False, RealDoTs: False|c4518df36e0a86af
249|2025-12-13T15:16:14.0677944+08:00|Selected Process ID: 0, Dump All Network Data: False, Disable Combat Log: False|d52d7cad4decc4c3
256|2025-12-13T15:16:15.8124147+08:00|256|OverlayPlugin|RegisterLogLine|1|37855a0827751188
253|2025-12-13T15:18:19.0153276+08:00|FFXIV_ACT_Plugin Version: 2.7.4.6 (50BCD605C50A749F)|f12e56bb92716574
249|2025-12-13T15:18:19.0153276+08:00|Selected Language ID: Chinese, Disable Damage Shield: False, Disable Combine Pets: False, Parse Filter: Party, DoTCrits: False, RealDoTs: False|782d2a63ecef2a9d
249|2025-12-13T15:18:19.0153276+08:00|Selected Process ID: 0, Dump All Network Data: False, Disable Combat Log: False|749966a4bd748333
256|2025-12-13T15:18:20.7590601+08:00|256|OverlayPlugin|RegisterLogLine|1|ab9a3d0cb4932fc6
253|2025-12-13T15:19:00.2412402+08:00|FFXIV_ACT_Plugin Version: 2.7.4.6 (50BCD605C50A749F)|c5f53d9d3cba3df4
249|2025-12-13T15:19:00.2412402+08:00|Selected Language ID: Chinese, Disable Damage Shield: False, Disable Combine Pets: False, Parse Filter: Party, DoTCrits: False, RealDoTs: False|92ca59d72f998ee2
249|2025-12-13T15:19:00.2412402+08:00|Selected Process ID: 0, Dump All Network Data: False, Disable Combat Log: False|bd1b8f90dac589a5
256|2025-12-13T15:19:02.0844446+08:00|256|OverlayPlugin|RegisterLogLine|1|38c2fb3228eae748
253|2025-12-13T15:24:42.4444520+08:00|FFXIV_ACT_Plugin Version: 2.7.4.6 (50BCD605C50A749F)|8a23645f6b5622eb
249|2025-12-13T15:24:42.4444520+08:00|Selected Language ID: Chinese, Disable Damage Shield: False, Disable Combine Pets: False, Parse Filter: Party, DoTCrits: False, RealDoTs: False|f0fa4f072be56e5b
249|2025-12-13T15:24:42.4444520+08:00|Selected Process ID: 0, Dump All Network Data: False, Disable Combat Log: False|db09d794f78663ad
256|2025-12-13T15:24:44.2211072+08:00|256|OverlayPlugin|RegisterLogLine|1|dfe8c3092653bc41
253|2025-12-13T15:26:06.6358866+08:00|FFXIV_ACT_Plugin Version: 2.7.4.6 (50BCD605C50A749F)|5ea4f4153f8decc2
249|2025-12-13T15:26:06.6358866+08:00|Selected Language ID: Chinese, Disable Damage Shield: False, Disable Combine Pets: False, Parse Filter: Party, DoTCrits: False, RealDoTs: False|7b2c8d01bebea57f
249|2025-12-13T15:26:06.6358866+08:00|Selected Process ID: 0, Dump All Network Data: False, Disable Combat Log: False|974c0e91ae35147a
256|2025-12-13T15:26:08.0480825+08:00|256|OverlayPlugin|RegisterLogLine|1|3d1b121db9decd36
253|2025-12-13T15:27:03.6113659+08:00|FFXIV_ACT_Plugin Version: 2.7.4.6 (50BCD605C50A749F)|84628d4fbe2691a5
249|2025-12-13T15:27:03.6113659+08:00|Selected Language ID: Chinese, Disable Damage Shield: False, Disable Combine Pets: False, Parse Filter: Party, DoTCrits: False, RealDoTs: False|97e1023850864469
249|2025-12-13T15:27:03.6113659+08:00|Selected Process ID: 0, Dump All Network Data: False, Disable Combat Log: False|b71c130d1c223836
256|2025-12-13T15:27:05.3846639+08:00|256|OverlayPlugin|RegisterLogLine|1|e455d287c1860c16
253|2025-12-13T15:28:31.4908888+08:00|FFXIV_ACT_Plugin Version: 2.7.4.6 (50BCD605C50A749F)|4f7befc853dde199
249|2025-12-13T15:28:31.4908888+08:00|Selected Language ID: Chinese, Disable Damage Shield: False, Disable Combine Pets: False, Parse Filter: Party, DoTCrits: False, RealDoTs: False|e75e37146944460c
249|2025-12-13T15:28:31.4908888+08:00|Selected Process ID: 0, Dump All Network Data: False, Disable Combat Log: False|dedaad61fef7d671
256|2025-12-13T15:28:33.5917805+08:00|256|OverlayPlugin|RegisterLogLine|1|598018cfd0c94e32
253|2025-12-13T15:30:14.7009910+08:00|FFXIV_ACT_Plugin Version: 2.7.4.6 (50BCD605C50A749F)|3e7b20834f17d205
249|2025-12-13T15:30:14.7009910+08:00|Selected Language ID: Chinese, Disable Damage Shield: False, Disable Combine Pets: False, Parse Filter: Party, DoTCrits: False, RealDoTs: False|d150c825bb8684ab
249|2025-12-13T15:30:14.7009910+08:00|Selected Process ID: 0, Dump All Network Data: False, Disable Combat Log: False|d2e15496a9f4a99f
256|2025-12-13T15:30:16.5319096+08:00|256|OverlayPlugin|RegisterLogLine|1|3318afc258e4dbb5
253|2025-12-13T15:31:56.8001006+08:00|FFXIV_ACT_Plugin Version: 2.7.4.6 (50BCD605C50A749F)|edb8c730742a6305
249|2025-12-13T15:31:56.8001006+08:00|Selected Language ID: Chinese, Disable Damage Shield: False, Disable Combine Pets: False, Parse Filter: Party, DoTCrits: False, RealDoTs: False|8814433bc85ab4c5
249|2025-12-13T15:31:56.8001006+08:00|Selected Process ID: 0, Dump All Network Data: False, Disable Combat Log: False|8319cfaef9956942
256|2025-12-13T15:31:58.6244385+08:00|256|OverlayPlugin|RegisterLogLine|1|91d572b1983472de
253|2025-12-13T15:33:47.7320742+08:00|FFXIV_ACT_Plugin Version: 2.7.4.6 (50BCD605C50A749F)|fdf0f23034c54338
249|2025-12-13T15:33:47.7320742+08:00|Selected Language ID: Chinese, Disable Damage Shield: False, Disable Combine Pets: False, Parse Filter: Party, DoTCrits: False, RealDoTs: False|dbd2c5aef2f6390d
249|2025-12-13T15:33:47.7320742+08:00|Selected Process ID: 0, Dump All Network Data: False, Disable Combat Log: False|e95764b49fa442f6
256|2025-12-13T15:33:49.5490874+08:00|256|OverlayPlugin|RegisterLogLine|1|0777af274ceabad7
253|2025-12-13T15:37:21.4455691+08:00|FFXIV_ACT_Plugin Version: 2.7.4.6 (50BCD605C50A749F)|c63d79508974fd4d
249|2025-12-13T15:37:21.4455691+08:00|Selected Language ID: Chinese, Disable Damage Shield: False, Disable Combine Pets: False, Parse Filter: Party, DoTCrits: False, RealDoTs: False|37f461ae9e439461
249|2025-12-13T15:37:21.4455691+08:00|Selected Process ID: 0, Dump All Network Data: False, Disable Combat Log: False|bd4ce264bbad22b1
256|2025-12-13T15:37:23.1714983+08:00|256|OverlayPlugin|RegisterLogLine|1|7e628d16e4d6acd1
253|2025-12-13T15:38:41.6240156+08:00|FFXIV_ACT_Plugin Version: 2.7.4.6 (50BCD605C50A749F)|7c998e0f86c016a9
249|2025-12-13T15:38:41.6240156+08:00|Selected Language ID: Chinese, Disable Damage Shield: False, Disable Combine Pets: False, Parse Filter: Party, DoTCrits: False, RealDoTs: False|a633b24547d18545
249|2025-12-13T15:38:41.6240156+08:00|Selected Process ID: 0, Dump All Network Data: False, Disable Combat Log: False|3bbbff69f1600788
256|2025-12-13T15:38:43.3321048+08:00|256|OverlayPlugin|RegisterLogLine|1|9aa6e461777f4953
253|2025-12-13T15:45:16.0778058+08:00|FFXIV_ACT_Plugin Version: 2.7.4.6 (50BCD605C50A749F)|8de71c638336e330
249|2025-12-13T15:45:16.0778058+08:00|Selected Language ID: Chinese, Disable Damage Shield: False, Disable Combine Pets: False, Parse Filter: Party, DoTCrits: False, RealDoTs: False|b0dea6737e95f6a7
249|2025-12-13T15:45:16.0778058+08:00|Selected Process ID: 0, Dump All Network Data: False, Disable Combat Log: False|8f1f4962205bf0b6
256|2025-12-13T15:45:18.9835872+08:00|256|OverlayPlugin|RegisterLogLine|1|fa4abdd847aa40bb
253|2025-12-13T15:48:23.9343123+08:00|FFXIV_ACT_Plugin Version: 2.7.4.6 (50BCD605C50A749F)|01da63979c38b88a
249|2025-12-13T15:48:23.9343123+08:00|Selected Language ID: Chinese, Disable Damage Shield: False, Disable Combine Pets: False, Parse Filter: Party, DoTCrits: False, RealDoTs: False|1d47873a7ede225e
249|2025-12-13T15:48:23.9343123+08:00|Selected Process ID: 0, Dump All Network Data: False, Disable Combat Log: False|07d5f5b5a041d983
256|2025-12-13T15:48:25.6825873+08:00|256|OverlayPlugin|RegisterLogLine|1|fedf836eb042ce62
253|2025-12-13T15:50:33.7362639+08:00|FFXIV_ACT_Plugin Version: 2.7.4.6 (50BCD605C50A749F)|95cd27ccf7197b9a
249|2025-12-13T15:50:33.7362639+08:00|Selected Language ID: Chinese, Disable Damage Shield: False, Disable Combine Pets: False, Parse Filter: Party, DoTCrits: False, RealDoTs: False|d6234967d162f3b3
249|2025-12-13T15:50:33.7362639+08:00|Selected Process ID: 0, Dump All Network Data: False, Disable Combat Log: False|cdb1b5d465194940
256|2025-12-13T15:50:35.4882206+08:00|256|OverlayPlugin|RegisterLogLine|1|456be2f85c84a371
253|2025-12-13T15:51:19.7238398+08:00|FFXIV_ACT_Plugin Version: 2.7.4.6 (50BCD605C50A749F)|fc3ba60b705f44fe
249|2025-12-13T15:51:19.7238398+08:00|Selected Language ID: Chinese, Disable Damage Shield: False, Disable Combine Pets: False, Parse Filter: Party, DoTCrits: False, RealDoTs: False|685ca6d1da70953b
249|2025-12-13T15:51:19.7238398+08:00|Selected Process ID: 0, Dump All Network Data: False, Disable Combat Log: False|fcea83312f4ecab4
256|2025-12-13T15:51:21.6099473+08:00|256|OverlayPlugin|RegisterLogLine|1|822d4f37dd8a3cd8
253|2025-12-13T15:52:21.3189542+08:00|FFXIV_ACT_Plugin Version: 2.7.4.6 (50BCD605C50A749F)|893ca8b4aba5c4e4
249|2025-12-13T15:52:21.3189542+08:00|Selected Language ID: Chinese, Disable Damage Shield: False, Disable Combine Pets: False, Parse Filter: Party, DoTCrits: False, RealDoTs: False|8d0e9309796a13d5
249|2025-12-13T15:52:21.3189542+08:00|Selected Process ID: 0, Dump All Network Data: False, Disable Combat Log: False|0d5df212507c9846
256|2025-12-13T15:52:23.4451347+08:00|256|OverlayPlugin|RegisterLogLine|1|c8069ea04a1c3ff7
253|2025-12-13T15:53:07.1232906+08:00|FFXIV_ACT_Plugin Version: 2.7.4.6 (50BCD605C50A749F)|2c1bef7806081f25
249|2025-12-13T15:53:07.1232906+08:00|Selected Language ID: Chinese, Disable Damage Shield: False, Disable Combine Pets: False, Parse Filter: Party, DoTCrits: False, RealDoTs: False|4a44d938904dd4c1
249|2025-12-13T15:53:07.1232906+08:00|Selected Process ID: 0, Dump All Network Data: False, Disable Combat Log: False|ebebf6945719718c
256|2025-12-13T15:53:08.8632954+08:00|256|OverlayPlugin|RegisterLogLine|1|698f3365ba52a3dc
253|2025-12-13T15:55:43.4406058+08:00|FFXIV_ACT_Plugin Version: 2.7.4.6 (50BCD605C50A749F)|6e7d55c44b3f8428
249|2025-12-13T15:55:43.4406058+08:00|Selected Language ID: Chinese, Disable Damage Shield: False, Disable Combine Pets: False, Parse Filter: Party, DoTCrits: False, RealDoTs: False|ef4b2857cd32ce42
249|2025-12-13T15:55:43.4406058+08:00|Selected Process ID: 0, Dump All Network Data: False, Disable Combat Log: False|f03ed6cd11997567
256|2025-12-13T15:55:45.2991769+08:00|256|OverlayPlugin|RegisterLogLine|1|8d01e22f5eb3dae0
253|2025-12-13T16:03:42.4191109+08:00|FFXIV_ACT_Plugin Version: 2.7.4.6 (50BCD605C50A749F)|1a383ec8fc9dcb68
249|2025-12-13T16:03:42.4191109+08:00|Selected Language ID: Chinese, Disable Damage Shield: False, Disable Combine Pets: False, Parse Filter: Party, DoTCrits: False, RealDoTs: False|974eefc3971f0b38
249|2025-12-13T16:03:42.4191109+08:00|Selected Process ID: 0, Dump All Network Data: False, Disable Combat Log: False|3df6c215b2637605
256|2025-12-13T16:03:44.3451851+08:00|256|OverlayPlugin|RegisterLogLine|1|b3592f1a956ed357
253|2025-12-13T16:07:03.9759905+08:00|FFXIV_ACT_Plugin Version: 2.7.4.6 (50BCD605C50A749F)|9de3a4e86d011fd8
249|2025-12-13T16:07:03.9759905+08:00|Selected Language ID: Chinese, Disable Damage Shield: False, Disable Combine Pets: False, Parse Filter: Party, DoTCrits: False, RealDoTs: False|96fb2b920b168dfb
249|2025-12-13T16:07:03.9759905+08:00|Selected Process ID: 0, Dump All Network Data: False, Disable Combat Log: False|c0bdd6d14d2b95bb
256|2025-12-13T16:07:05.8101901+08:00|256|OverlayPlugin|RegisterLogLine|1|c17c9a9b0634020c
253|2025-12-13T16:09:07.1858130+08:00|FFXIV_ACT_Plugin Version: 2.7.4.6 (50BCD605C50A749F)|a587546b2a6c1086
249|2025-12-13T16:09:07.1858130+08:00|Selected Language ID: Chinese, Disable Damage Shield: False, Disable Combine Pets: False, Parse Filter: Party, DoTCrits: False, RealDoTs: False|6beff6604cfe7063
249|2025-12-13T16:09:07.1858130+08:00|Selected Process ID: 0, Dump All Network Data: False, Disable Combat Log: False|5724be7de0ae6d40
256|2025-12-13T16:09:08.9729603+08:00|256|OverlayPlugin|RegisterLogLine|1|7665c89f02b4fa47
253|2025-12-13T16:12:44.8437742+08:00|FFXIV_ACT_Plugin Version: 2.7.4.6 (50BCD605C50A749F)|5867cd1dbf5f6cae
249|2025-12-13T16:12:44.8437742+08:00|Selected Language ID: Chinese, Disable Damage Shield: False, Disable Combine Pets: False, Parse Filter: Party, DoTCrits: False, RealDoTs: False|22cd0c072c316a59
249|2025-12-13T16:12:44.8437742+08:00|Selected Process ID: 0, Dump All Network Data: False, Disable Combat Log: False|28205d093cd9f3ec
256|2025-12-13T16:12:46.7188391+08:00|256|OverlayPlugin|RegisterLogLine|1|10c9c9e1b5d9b973
253|2025-12-13T16:15:55.5407542+08:00|FFXIV_ACT_Plugin Version: 2.7.4.6 (50BCD605C50A749F)|60aff7303603284b
249|2025-12-13T16:15:55.5407542+08:00|Selected Language ID: Chinese, Disable Damage Shield: False, Disable Combine Pets: False, Parse Filter: Party, DoTCrits: False, RealDoTs: False|d2d864d836b6a4ad
249|2025-12-13T16:15:55.5407542+08:00|Selected Process ID: 0, Dump All Network Data: False, Disable Combat Log: False|03022a641941cf70
256|2025-12-13T16:15:57.2821695+08:00|256|OverlayPlugin|RegisterLogLine|1|703995de9eaa7222
253|2025-12-13T16:30:32.7795575+08:00|FFXIV_ACT_Plugin Version: 2.7.4.6 (50BCD605C50A749F)|04da3066c3691a04
249|2025-12-13T16:30:32.7795575+08:00|Selected Language ID: Chinese, Disable Damage Shield: False, Disable Combine Pets: False, Parse Filter: Party, DoTCrits: False, RealDoTs: False|260f7010be6af1e7
249|2025-12-13T16:30:32.7795575+08:00|Selected Process ID: 0, Dump All Network Data: False, Disable Combat Log: False|535040a05c4e174f
256|2025-12-13T16:30:34.6148958+08:00|256|OverlayPlugin|RegisterLogLine|1|ca93ac459ae72c13
253|2025-12-13T16:33:52.9039842+08:00|FFXIV_ACT_Plugin Version: 2.7.4.6 (50BCD605C50A749F)|050e511dd8d00b38
249|2025-12-13T16:33:52.9039842+08:00|Selected Language ID: Chinese, Disable Damage Shield: False, Disable Combine Pets: False, Parse Filter: Party, DoTCrits: False, RealDoTs: False|65a8f0a6483baa5f
249|2025-12-13T16:33:52.9039842+08:00|Selected Process ID: 0, Dump All Network Data: False, Disable Combat Log: False|2e7756b4bc58db9f
256|2025-12-13T16:33:54.7865383+08:00|256|OverlayPlugin|RegisterLogLine|1|53ccb47d369c7a6b
253|2025-12-13T16:43:40.5424544+08:00|FFXIV_ACT_Plugin Version: 2.7.4.6 (50BCD605C50A749F)|b3ec7cbc9400fdab
251|2025-12-13T16:43:40.5424544+08:00|Process ffxiv_dx11 (9084) 最终幻想XIV started on 2025/12/13 16:43:07 Found, Verifying.|0bb75b949ac10bcc
251|2025-12-13T16:43:40.5424544+08:00|Found possible FFXIV process 9084 with version file C:\WeGameApps\rail_apps\ffxiv(2000340)\game\ffxivgame.ver.|cfdb2c2d936c0790
251|2025-12-13T16:43:40.5424544+08:00|Process ffxiv_dx11 (9084) Verified.|bf723ce96c365b93
249|2025-12-13T16:43:40.5424544+08:00|Selected Language ID: Chinese, Disable Damage Shield: False, Disable Combine Pets: False, Parse Filter: Party, DoTCrits: False, RealDoTs: False|329dd7abd7ba1d57
249|2025-12-13T16:43:40.5424544+08:00|Selected Process ID: 0, Dump All Network Data: False, Disable Combat Log: False|7ea05479ec4195d3
256|2025-12-13T16:43:42.5055209+08:00|256|OverlayPlugin|RegisterLogLine|1|9c6f9aa2a3c8dbfa
251|2025-12-13T16:43:42.5055209+08:00|Process ffxiv_dx11 (9084) 最终幻想XIV started on 2025/12/13 16:43:07 Found, Verifying.|0d05be0c92352105
251|2025-12-13T16:43:42.5055209+08:00|Found possible FFXIV process 9084 with version file C:\WeGameApps\rail_apps\ffxiv(2000340)\game\ffxivgame.ver.|5d5ecb42f96efc2e
251|2025-12-13T16:43:42.5055209+08:00|Process ffxiv_dx11 (9084) Verified.|4c90b8b40b5d58e4
251|2025-12-13T16:43:42.5055209+08:00|Found Signature [PartyList] at offset [027356E0]|f9211124b8eed17e
251|2025-12-13T16:43:42.5055209+08:00|Found Signature [MobArray] at offset [0272FD30]|169ccd28b6483189
251|2025-12-13T16:43:42.5055209+08:00|Found Signature [ChatLog] at offset [02060D40]|9ce92b93a8336d2e
251|2025-12-13T16:43:42.5055209+08:00|Found Signature [Player] at offset [0294C758]|6367be23b712852e
251|2025-12-13T16:43:42.5055209+08:00|Found Signature [ServerTime] at offset [0277C080]|429fcd5e7d3487cf
251|2025-12-13T16:43:42.5055209+08:00|Found Signature [MapID] at offset [027354F4]|fbfc8a51bde57335
251|2025-12-13T16:43:42.5055209+08:00|Found Signature [ZoneID] at offset [0291D4D8]|28d7765cc64d3f81
256|2025-12-13T16:43:43.0419230+08:00|257|OverlayPlugin|MapEffect|1|6636439cb4bc52c0
256|2025-12-13T16:43:43.0734015+08:00|258|OverlayPlugin|FateDirector|1|af5deb4a6deacec7
256|2025-12-13T16:43:43.0769212+08:00|259|OverlayPlugin|CEDirector|1|9abb88246931ae9d
256|2025-12-13T16:43:43.0871502+08:00|260|OverlayPlugin|InCombat|1|214006f7ebbb5813
256|2025-12-13T16:43:43.0926696+08:00|261|OverlayPlugin|CombatantMemory|1|46242cf68d921cc9
256|2025-12-13T16:43:43.0951837+08:00|262|OverlayPlugin|RSVData|1|f4f040fd7aa591eb
256|2025-12-13T16:43:43.0951837+08:00|263|OverlayPlugin|ActorCastExtra|1|1467a1e18f336f8d
256|2025-12-13T16:43:43.0961861+08:00|264|OverlayPlugin|AbilityExtra|1|11adb012757ac6a7
256|2025-12-13T16:43:43.0991947+08:00|265|OverlayPlugin|ContentFinderSettings|1|0535fe4a46b22e49
256|2025-12-13T16:43:43.1011961+08:00|266|OverlayPlugin|NpcYell|1|7e00e27c8f3d1d9b
256|2025-12-13T16:43:43.1041932+08:00|267|OverlayPlugin|BattleTalk2|1|684f50dda78b42d3
256|2025-12-13T16:43:43.1067058+08:00|268|OverlayPlugin|Countdown|1|1bbdd5336abf404c
256|2025-12-13T16:43:43.1082831+08:00|269|OverlayPlugin|CountdownCancel|1|1b0eb9a7109325b1
256|2025-12-13T16:43:43.1104874+08:00|270|OverlayPlugin|ActorMove|1|ce1c000bde5c5fd8
256|2025-12-13T16:43:43.1129450+08:00|271|OverlayPlugin|ActorSetPos|1|c1ee7c38fd1933c9
256|2025-12-13T16:43:43.1154552+08:00|272|OverlayPlugin|NpcSpawnExtra|1|463617b51d181e6e
256|2025-12-13T16:43:43.1154552+08:00|273|OverlayPlugin|ActorControlExtra|1|140bb19ba32044bc
256|2025-12-13T16:43:43.1164567+08:00|274|OverlayPlugin|ActorControlSelfExtra|1|2f7b1afb144733ee
251|2025-12-13T16:43:43.1164567+08:00|IReadMemory.ReadBuffer() - ReadProcessMemory failed. Offset: 1E109738000, Length:10000|7581f0d151a90da6
251|2025-12-13T16:43:43.1164567+08:00|IReadMemory.ReadBuffer() - ReadProcessMemory failed. Offset: 1E109748000, Length:10000|49872ec9726822c9
251|2025-12-13T16:43:43.1164567+08:00|IReadMemory.ReadBuffer() - ReadProcessMemory failed. Offset: 1E109768000, Length:10000|9f859d44e2360f7c
251|2025-12-13T16:43:43.1164567+08:00|IReadMemory.ReadBuffer() - ReadProcessMemory failed. Offset: 1E109778000, Length:10000|08833364a758e6f9
251|2025-12-13T16:43:43.1164567+08:00|IReadMemory.ReadBuffer() - ReadProcessMemory failed. Offset: 1E109788000, Length:10000|71423a79a2c4ce49
251|2025-12-13T16:43:43.1164567+08:00|IReadMemory.ReadBuffer() - ReadProcessMemory failed. Offset: 1E109798000, Length:10000|91c6167b4be39f85
251|2025-12-13T16:43:43.1164567+08:00|IReadMemory.ReadBuffer() - ReadProcessMemory failed. Offset: 1E1097A8000, Length:10000|c917e770be14d58b
251|2025-12-13T16:43:43.1164567+08:00|IReadMemory.ReadBuffer() - ReadProcessMemory failed. Offset: 1E1097B8000, Length:10000|df158e058d87530d
251|2025-12-13T16:43:43.1164567+08:00|IReadMemory.ReadBuffer() - ReadProcessMemory failed. Offset: 1E1097C8000, Length:10000|e653fbfffb7a4cf2
251|2025-12-13T16:43:43.1164567+08:00|IReadMemory.ReadBuffer() - ReadProcessMemory failed. Offset: 1E1097D8000, Length:10000|c9faeb2e0b86de2b
251|2025-12-13T16:43:43.1164567+08:00|IReadMemory.ReadBuffer() - ReadProcessMemory failed. Offset: 1E1097E8000, Length:10000|f73882294e4f9d12
251|2025-12-13T16:43:43.1164567+08:00|IReadMemory.ReadBuffer() - ReadProcessMemory failed. Offset: 1E1097F8000, Length:10000|5859229c49ef5dff
251|2025-12-13T16:43:43.1164567+08:00|IReadMemory.ReadBuffer() - ReadProcessMemory failed. Offset: 1E109808000, Length:10000|096771d50cec78dd
251|2025-12-13T16:43:43.1164567+08:00|IReadMemory.ReadBuffer() - ReadProcessMemory failed. Offset: 1E109818000, Length:10000|a3156fdc4d0c0752
251|2025-12-13T16:43:43.1164567+08:00|IReadMemory.ReadBuffer() - ReadProcessMemory failed. Offset: 1E109828000, Length:10000|7f790c150f38c5fc
251|2025-12-13T16:43:43.1164567+08:00|IReadMemory.ReadBuffer() - ReadProcessMemory failed. Offset: 1E109838000, Length:10000|5dafae1debfeedcd
251|2025-12-13T16:43:43.1164567+08:00|IReadMemory.ReadBuffer() - ReadProcessMemory failed. Offset: 1E109848000, Length:10000|41e1cf59c53d9c36
251|2025-12-13T16:43:43.1164567+08:00|IReadMemory.ReadBuffer() - ReadProcessMemory failed. Offset: 1E109858000, Length:10000|d0bbb87a73411b67
251|2025-12-13T16:43:43.1164567+08:00|IReadMemory.ReadBuffer() - ReadProcessMemory failed. Offset: 1E109868000, Length:8000|b50a1ec01cc2bf12
251|2025-12-13T16:43:43.1164567+08:00|IReadMemory.ReadBuffer() - ReadProcessMemory failed. Offset: 1E12D508000, Length:10000|c5bb54e90e55fa97
251|2025-12-13T16:43:43.1164567+08:00|IReadMemory.ReadBuffer() - ReadProcessMemory failed. Offset: 1E12D518000, Length:10000|bc4d986dfc2891ac
251|2025-12-13T16:43:43.1164567+08:00|IReadMemory.ReadBuffer() - ReadProcessMemory failed. Offset: 1E12D528000, Length:10000|f8db6db2b61dfb61
251|2025-12-13T16:43:43.1164567+08:00|IReadMemory.ReadBuffer() - ReadProcessMemory failed. Offset: 1E12DD1D000, Length:10000|96d3323aa765b14f
251|2025-12-13T16:43:43.1164567+08:00|IReadMemory.ReadBuffer() - ReadProcessMemory failed. Offset: 1E12DD2D000, Length:10000|d5dcd19a5881185b
251|2025-12-13T16:43:43.1164567+08:00|IReadMemory.ReadBuffer() - ReadProcessMemory failed. Offset: 1E12DD3D000, Length:10000|45fe14521cda9f67
251|2025-12-13T16:43:43.1164567+08:00|IReadMemory.ReadBuffer() - ReadProcessMemory failed. Offset: 1E12DD4D000, Length:10000|aab780195b395a62
251|2025-12-13T16:43:43.1164567+08:00|IReadMemory.ReadBuffer() - ReadProcessMemory failed. Offset: 1E12DD5D000, Length:10000|29ab8bca29012923
251|2025-12-13T16:43:43.1164567+08:00|Found VTable for [ChatLog] at address [1E1865201A0]|8b7b72285205b196
251|2025-12-13T16:43:43.1164567+08:00|DeucalionInjector: Successfully injected Deucalion dll into process id 9084.|f6587981608eac12
251|2025-12-13T16:43:43.1164567+08:00|DeucalionClient: Debug Channel 9000 Opcode Debug message: SERVER HELLO. VERSION: 1.4.0. HOOK STATUS: RECV ON. SEND ON. SEND_LOBBY ON. CREATE_TARGET ON.|583a5e2a4d93e1dc
250|2025-12-13T16:43:43.1164567+08:00|Detected Process ID: 9084, Client Mode: FFXIV_64, IsAdmin: True, Game Version: 2025.10.23.0000.0000|d123afca0c6bcbcc
251|2025-12-13T16:43:43.1164567+08:00|DeucalionClient: Debug Channel Lobby Opcode Debug message: Packet filters set: 0b00010010|8799aff98cc99936
251|2025-12-13T16:43:43.1164567+08:00|DeucalionClient: Debug Channel 9000 Opcode Debug message: CHANGED NICKNAME: FFXIV_ACT_Plugin (subscriber 0)|733019f48f86f305
260|2025-12-13T16:43:46.9990000+08:00|0|0|1|1|8074de59ceec1c4f
42|2025-12-13T16:43:55.4390000+08:00|10530A8D||0|0|0|f94ecd2848869d48
31|2025-12-13T16:43:55.8880000+08:00|10530A8D|1E|00|00|00|ef216d640cdead3f
261|2025-12-13T16:43:55.4020000+08:00|Add|104E1D04|CastTargetID|E0000000|CurrentMP|10000|CurrentWorldID|1076|Heading|-2.0236|Job|23|Level|53|MaxHP|3291|MaxMP|10000|ModelStatus|1073743872|Name|姜姜时|NPCTargetID|271DC4|PosX|-16.8905|PosY|43.9340|PosZ|-3.2500|Radius|0.5000|Type|1|WorldID|1076|6811f5d3674400e6
261|2025-12-13T16:43:55.4020000+08:00|Add|1052E19B|CastTargetID|E0000000|CurrentMP|10000|CurrentWorldID|1076|Heading|-1.4385|Job|19|Level|100|MaxHP|231909|MaxMP|10000|ModelStatus|1073743872|Name|蚳蛊蛱杀|NPCTargetID|E0000000|PosX|42.1446|PosY|29.9779|PosZ|5.8750|Radius|0.5000|Type|1|WorldID|1076|3d9bd3453ab34a52
261|2025-12-13T16:43:55.4020000+08:00|Add|10531CBB|CastTargetID|E0000000|CurrentWorldID|1076|Heading|2.3737|Job|18|Level|100|MaxHP|42919|ModelStatus|1073743872|Name|尘世頌|NPCTargetID|E0000000|PosX|25.5269|PosY|37.5578|PosZ|1.7000|Radius|0.5000|Type|1|WorldID|1076|a498ae9ad524a6f0
261|2025-12-13T16:43:55.4020000+08:00|Add|10530A8D|CastTargetID|E0000000|CurrentMP|10000|CurrentWorldID|1076|Heading|0.8805|Job|30|Level|100|MaxHP|145489|MaxMP|10000|ModelStatus|2048|Name|小祥客服|NPCTargetID|E0000000|PosX|29.1300|PosY|31.6621|PosZ|1.9938|Radius|0.5000|Type|1|WorldID|1076|a78247faf42e4c51
01|2025-12-13T16:43:58.6430000+08:00|84|格里达尼亚新街|d4f861fad3b6d88d
40|2025-12-13T16:43:58.6430000+08:00|2|黑衣森林|格里达尼亚新街||ab495e73ee1c6596
265|2025-12-13T16:43:56.5991830+08:00|84|格里达尼亚新街|False|0|0|0|0|0|50085887f76fa5b9
02|2025-12-13T16:43:58.6430000+08:00|10530A8D|小祥客服|ff6204d3c4033cf3
03|2025-12-13T16:43:58.6430000+08:00|10530A8D|小祥客服|1E|64|0000|434|BaiJinHuanXiang|0|0|145489|145489|10000|10000|||29.13|31.66|1.99|0.88|9e5a5b73f674c1ff
03|2025-12-13T16:43:58.6430000+08:00|10531CBB|尘世頌|12|64|0000|434|BaiJinHuanXiang|0|0|42919|42919|0|10000|||25.53|37.56|1.70|2.37|e1e1dcdd00c3144e
03|2025-12-13T16:43:58.6430000+08:00|1052E19B|蚳蛊蛱杀|13|64|0000|434|BaiJinHuanXiang|0|0|231909|231909|10000|10000|||42.14|29.98|5.88|-1.44|1721f21f2fdbe3f4
03|2025-12-13T16:43:58.6430000+08:00|104E1D04|姜姜时|17|35|0000|434|BaiJinHuanXiang|0|0|3291|3291|10000|10000|||-16.89|43.93|-3.25|-2.02|5e75a6002a9b66d7
12|2025-12-13T16:43:58.6430000+08:00|30|377|4907|5130|286|328|440|4907|2171|1967|286|328|2247|592|420|420|40000BE01CDF89|2725b808c379774c
265|2025-12-13T16:43:58.6430000+08:00|0084|格里达尼亚新街|False|0|0|0|0|0|b45de261f5ae7802
261|2025-12-13T16:43:58.9530000+08:00|Change|10531CBB|ModelStatus|2048|82b29dc26ed6c94b
261|2025-12-13T16:43:58.9530000+08:00|Change|1052E19B|ModelStatus|2048|PosZ|5.8750|0ecebebe20b6a595
261|2025-12-13T16:43:58.9530000+08:00|Change|104E1D04|ModelStatus|2048|84df1bdb2ccd03fd
261|2025-12-13T16:44:00.1610000+08:00|Change|104E1D04|ModelStatus|0|47ef19683bd6b1d9
261|2025-12-13T16:44:00.5040000+08:00|Change|10530A8D|ModelStatus|0|PosZ|1.9938|cd4c07ad1c76c5cf
261|2025-12-13T16:44:00.9160000+08:00|Change|1052E19B|ModelStatus|0|62e97397e16262b5
261|2025-12-13T16:44:01.0470000+08:00|Change|10531CBB|ModelStatus|0|901fa54f5849685f
261|2025-12-13T16:44:01.1990000+08:00|Change|104E1D04|PCTargetID|271DC4|2d9e4f7de1ffd9d0
42|2025-12-13T16:44:01.8530000+08:00|10530A8D|小祥客服|0|0|0|75a3241e03b43b02
261|2025-12-13T16:44:05.4350000+08:00|Change|10530A8D|Heading|1.6280|PCTargetID|385C54|PosX|28.8872|PosY|30.2433|PosZ|2.0486|be3920644d528e3e
261|2025-12-13T16:44:14.6450000+08:00|Change|104E1D04|NPCTargetID|E0000000|PCTargetID|0|5045af5595563689
261|2025-12-13T16:44:17.3350000+08:00|Change|104E1D04|CurrentMP|0|Job|8|Level|3|MaxHP|109|MaxMP|0|a1f741d12fb0851a
38|2025-12-13T16:44:17.6300000+08:00|104E1D04|姜姜时|00030308|109|109|180|180|0||-16.89|43.93|-3.25|-2.02|0|0|0|314a48b357a8c035
03|2025-12-13T16:44:17.3350000+08:00|104E1D04|姜姜时|08|3|0000|434|BaiJinHuanXiang|0|0|109|109|0|10000|||-16.89|43.93|-3.25|-2.02|933606404b265985
38|2025-12-13T16:44:21.5320000+08:00|104E1D04|姜姜时|00030308|109|115|180|180|0||-16.89|43.93|-3.25|-2.02|0|0|0|40384d987c752f02
39|2025-12-13T16:44:21.5750000+08:00|104E1D04|姜姜时|115|109|0|10000|||-16.89|43.93|-3.25|-2.02|9fb91ddbf33c5fb5
261|2025-12-13T16:44:23.0990000+08:00|Change|10530A8D|PCTargetID|0|PosZ|2.0486|24ace546b88edaf7
261|2025-12-13T16:44:27.2380000+08:00|Add|1050D146|CastTargetID|E0000000|CurrentMP|10000|CurrentWorldID|1076|Heading|-2.0572|Job|21|Level|100|MaxHP|205750|MaxMP|10000|ModelStatus|3328|Name|法尔ire|NPCTargetID|E0000000|PosX|40.2307|PosY|33.6991|PosZ|1.2000|Radius|0.5000|Type|1|WorldID|1076|c565e3b68ee755cb
03|2025-12-13T16:44:27.3500000+08:00|1050D146|法尔ire|15|64|0000|434|BaiJinHuanXiang|0|0|205750|205750|10000|10000|||40.23|33.70|1.20|-2.06|08a5048acdde5cf3
261|2025-12-13T16:44:30.6100000+08:00|Change|1050D146|Heading|-2.0573|ModelStatus|0|PosX|40.2075|PosY|33.6766|8bcc07a134955f8f
39|2025-12-13T16:44:33.1770000+08:00|1050D146|法尔ire|205750|205750|10000|10000|||40.21|33.68|1.20|-2.06|7ed1c30e051bbd32
38|2025-12-13T16:44:34.8370000+08:00|104E1D04|姜姜时|00030308|115|115|180|180|0||-16.89|43.93|-3.25|-2.02|0|0|0|0b65147c8fbaf48a
39|2025-12-13T16:44:36.1800000+08:00|1050D146|法尔ire|205750|205750|10000|10000|||36.16|34.07|1.60|-0.61|47aaa441498c28e0
261|2025-12-13T16:44:37.8890000+08:00|Change|1050D146|Heading|-2.3421|PosX|26.0001|PosY|28.0587|PosZ|1.1749|9cbdd6460bdcac13
261|2025-12-13T16:44:38.3160000+08:00|Change|10530A8D|Heading|-2.9084|PCTargetID|385C54|PosX|36.7149|PosY|33.6753|PosZ|1.5649|b015e8b2a55ae2d7
38|2025-12-13T16:44:39.0090000+08:00|104E1D04|姜姜时|00030308|115|115|180|180|0||-16.89|43.93|-3.25|-2.02|0|0|0|bee9d5e30711216d
39|2025-12-13T16:44:39.1870000+08:00|1050D146|法尔ire|205750|205750|10000|10000|||22.91|25.05|1.19|-2.34|b120be675a7eed32
261|2025-12-13T16:44:41.3290000+08:00|Change|10530A8D|Heading|-2.4701|PCTargetID|0|PosX|36.6739|PosY|33.6564|PosZ|1.5860|33b6f78d1bdf312a
39|2025-12-13T16:44:42.1890000+08:00|1050D146|法尔ire|205750|205750|10000|10000|||8.50|14.68|-1.55|-1.80|64ac22e41c2c0705
261|2025-12-13T16:44:41.8540000+08:00|Change|1050D146|Heading|-1.7765|PosX|7.6660|PosY|14.4882|PosZ|-1.5497|8b7ff49bf7d27d94
38|2025-12-13T16:44:42.3240000+08:00|104E1D04|姜姜时|00030308|115|115|180|180|0||-16.89|43.93|-3.25|-2.02|0|0|0|e7838c80be50164e
00|2025-12-13T16:44:44.0000000+08:00|0039||已将参加条件设置为如下内容：|49fc679c0aa9afea
00|2025-12-13T16:44:44.0000000+08:00|0039||解除限制。|627140b231ed7a01
261|2025-12-13T16:44:44.5510000+08:00|Change|1050D146|Heading|-1.7473|PosX|-7.2092|PosY|11.7631|PosZ|-2.0343|c3025717180de105
39|2025-12-13T16:44:45.1930000+08:00|1050D146|法尔ire|205750|205750|10000|10000|||-8.99|11.45|-2.26|-1.73|a15587e93da1f5c5
38|2025-12-13T16:44:45.1940000+08:00|104E1D04|姜姜时|00030308|115|115|180|180|0||-16.89|43.93|-3.25|-2.02|0|0|0|2e601a5769adc5d7
261|2025-12-13T16:44:47.3880000+08:00|Change|1050D146|Heading|-1.6656|PosX|-22.0003|PosY|10.0982|PosZ|-4.2859|e5207c1586ba410e
38|2025-12-13T16:44:47.9280000+08:00|104E1D04|姜姜时|00030308|115|115|180|180|0||-16.89|43.93|-3.25|-2.02|0|0|0|9cc6eef2f337cdd4
39|2025-12-13T16:44:48.1970000+08:00|1050D146|法尔ire|205750|205750|10000|10000|||-24.26|9.88|-4.51|-1.67|4ecb58951bbfb8e8
261|2025-12-13T16:44:50.0080000+08:00|Change|1050D146|Heading|-1.4969|PosX|-37.0188|PosY|9.4594|PosZ|-3.8638|e1f8235da67f5fae
38|2025-12-13T16:44:50.9340000+08:00|104E1D04|姜姜时|00030308|115|115|180|180|0||-16.89|43.93|-3.25|-2.02|0|0|0|566ece1f68460615
39|2025-12-13T16:44:51.1560000+08:00|1050D146|法尔ire|205750|205750|10000|10000|||-42.27|10.31|-4.24|-1.45|4e8f1a9ac37a51e0
261|2025-12-13T16:44:52.9320000+08:00|Change|1050D146|Heading|-1.8157|PosX|-52.0423|PosY|10.3929|PosZ|-3.2106|346d43fdba4f76a2
38|2025-12-13T16:44:53.8410000+08:00|104E1D04|姜姜时|00030308|115|115|180|180|0||-16.89|43.93|-3.25|-2.02|0|0|0|d3b4bf0a722dc9ce
39|2025-12-13T16:44:54.1540000+08:00|1050D146|法尔ire|205750|205750|10000|10000|||-58.10|9.82|-1.63|-1.88|1674e16f66667e9d
261|2025-12-13T16:44:55.8590000+08:00|Change|1050D146|Heading|-2.5613|PosX|-64.4462|PosY|2.3895|PosZ|-0.5036|1a9d779c9d5153b5
39|2025-12-13T16:44:57.1560000+08:00|1050D146|法尔ire|205750|205750|10000|10000|||-67.00|-3.38|-0.50|-2.86|5a8917bb2d857b2e
38|2025-12-13T16:44:57.7380000+08:00|104E1D04|姜姜时|00030308|115|115|180|180|0||-16.89|43.93|-3.25|-2.02|0|0|0|262106e5bf9ef4d3
04|2025-12-13T16:44:58.9130000+08:00|1050D146|法尔ire|15|64|0000|434|BaiJinHuanXiang|0|0|205750|205750|10000|10000|||-68.13|-7.28|-0.50|-2.66|ba67861a26f86531
261|2025-12-13T16:44:58.9130000+08:00|Remove|1050D146|0a9bfd2d59fe903f
00|2025-12-13T16:45:09.0000000+08:00|0039||成功发送了参加申请。|2eb3a0f6e6dfdafd
261|2025-12-13T16:45:11.1860000+08:00|Change|10530A8D|Heading|-1.2264|ModelStatus|512|PosX|35.7202|PosY|34.3326|PosZ|1.6298|db50f3f79e6bd3b6
31|2025-12-13T16:45:12.6230000+08:00|10530A8D|1E|00|00|00|999b7cb8fd771829
261|2025-12-13T16:45:12.2640000+08:00|Remove|104E1D04|c2b614f02546dc96
261|2025-12-13T16:45:12.2640000+08:00|Remove|10530A8D|917ba9711a30f256
261|2025-12-13T16:45:12.2640000+08:00|Remove|10531CBB|89e155bbed0fce50
261|2025-12-13T16:45:12.2640000+08:00|Remove|1052E19B|54acaf8ac86660f9
31|2025-12-13T16:45:12.6230000+08:00|10530A8D|1E|00|00|00|33df9a8f2f7d7407
261|2025-12-13T16:45:12.5980000+08:00|Add|40001AA7|BNpcID|3F56|BNpcNameID|3050|CastTargetID|E0000000|CurrentMP|10000|CurrentWorldID|65535|Heading|-3.1416|Level|90|MaxHP|69200|MaxMP|10000|ModelStatus|18688|Name|风球|NPCTargetID|E0000000|PosX|100.0000|PosY|100.0000|Radius|1.0000|Type|2|WorldID|65535|b89749ddb902fdba
261|2025-12-13T16:45:12.5980000+08:00|Add|40001AA9|BNpcID|3F56|BNpcNameID|3050|CastTargetID|E0000000|CurrentMP|10000|CurrentWorldID|65535|Heading|-3.1416|Level|90|MaxHP|69200|MaxMP|10000|ModelStatus|18688|Name|风球|NPCTargetID|E0000000|PosX|100.0000|PosY|100.0000|Radius|1.0000|Type|2|WorldID|65535|44f1fb5e522f6b2a
272|2025-12-13T16:45:12.9340000+08:00|40001AA7|E0000000|0000|00|597377c88390f908
272|2025-12-13T16:45:12.9340000+08:00|40001AAF|E0000000|0000|00|74991db1cc2538b3
272|2025-12-13T16:45:12.9340000+08:00|40001AA9|E0000000|0000|00|fa1bced7367e4071
272|2025-12-13T16:45:12.9340000+08:00|40001AB1|E0000000|0000|00|ef05de98ec4a0d19
272|2025-12-13T16:45:12.9340000+08:00|40001AAB|E0000000|0000|00|d01ba478db592c9d
272|2025-12-13T16:45:12.9340000+08:00|40001AB2|E0000000|0000|00|20b5d66170052cc7
272|2025-12-13T16:45:12.9340000+08:00|40001AB4|E0000000|0000|00|a072d9754fc579ea
272|2025-12-13T16:45:12.9340000+08:00|40001AB5|E0000000|0000|00|73f5389415f1648a
272|2025-12-13T16:45:12.9340000+08:00|40001AB6|E0000000|0000|00|b70fd04f046459d6
272|2025-12-13T16:45:12.9340000+08:00|40001AB7|E0000000|0000|00|27e9a29cd33b4021
272|2025-12-13T16:45:12.9340000+08:00|40001AB8|E0000000|0000|00|df6a63a6b653ce14
272|2025-12-13T16:45:12.9340000+08:00|40001AB9|E0000000|0000|00|38592dc3d52808b2
272|2025-12-13T16:45:12.9340000+08:00|40001AAA|E0000000|0000|00|6e1f5d3a455fd505
272|2025-12-13T16:45:12.9340000+08:00|40001ABB|E0000000|0000|00|1814787d4930c863
272|2025-12-13T16:45:12.9340000+08:00|40001ABC|E0000000|0000|00|feba856722bb58df
272|2025-12-13T16:45:12.9340000+08:00|40001AA8|E0000000|0000|00|f311de3f256cd2b6
261|2025-12-13T16:45:12.5980000+08:00|Add|40001AA8|BNpcID|3F56|BNpcNameID|3050|CastTargetID|E0000000|CurrentMP|10000|CurrentWorldID|65535|Heading|-3.1416|Level|90|MaxHP|69200|MaxMP|10000|ModelStatus|18688|Name|风球|NPCTargetID|E0000000|PosX|100.0000|PosY|100.0000|Radius|1.0000|Type|2|WorldID|65535|182e3c30b682f5cd
261|2025-12-13T16:45:12.5980000+08:00|Add|10530A8D|CastTargetID|E0000000|CurrentMP|10000|CurrentWorldID|1076|Heading|-3.1416|Job|30|Level|100|MaxHP|145489|MaxMP|10000|ModelStatus|3328|Name|小祥客服|NPCTargetID|E0000000|PosX|100.6450|PosY|112.5060|Radius|0.5000|Type|1|WorldID|1076|0d2b2188fdf6a710
272|2025-12-13T16:45:12.9340000+08:00|40001AAE|E0000000|0000|00|95edd74966d18b83
272|2025-12-13T16:45:12.9340000+08:00|40001AAD|E0000000|0000|00|4dd13b940b8c356c
272|2025-12-13T16:45:12.9340000+08:00|40001AAC|E0000000|0000|00|82d583aa4739f1b4
272|2025-12-13T16:45:12.9340000+08:00|40001AB3|E0000000|0000|00|338470099bf42139
272|2025-12-13T16:45:12.9340000+08:00|40001ABA|E0000000|0000|00|98c63f7bbf26cd11
272|2025-12-13T16:45:12.9340000+08:00|40001AB0|E0000000|0000|00|62d0971ace216977
261|2025-12-13T16:45:12.5980000+08:00|Add|40001AAC|BNpcID|3F56|BNpcNameID|3050|CastTargetID|E0000000|CurrentMP|10000|CurrentWorldID|65535|Heading|-3.1416|Level|90|MaxHP|69200|MaxMP|10000|ModelStatus|18688|Name|风球|NPCTargetID|E0000000|PosX|100.0000|PosY|100.0000|Radius|1.0000|Type|2|WorldID|65535|67bcaafe9a97e3db
261|2025-12-13T16:45:12.5980000+08:00|Add|40001AAB|BNpcID|3F56|BNpcNameID|3050|CastTargetID|E0000000|CurrentMP|10000|CurrentWorldID|65535|Heading|-3.1416|Level|90|MaxHP|69200|MaxMP|10000|ModelStatus|18688|Name|风球|NPCTargetID|E0000000|PosX|100.0000|PosY|100.0000|Radius|1.0000|Type|2|WorldID|65535|2dce71f2355f500b
261|2025-12-13T16:45:12.5980000+08:00|Add|40001AAA|BNpcID|3F56|BNpcNameID|3050|CastTargetID|E0000000|CurrentMP|10000|CurrentWorldID|65535|Heading|-3.1416|Level|90|MaxHP|69200|MaxMP|10000|ModelStatus|18688|Name|风球|NPCTargetID|E0000000|PosX|100.0000|PosY|100.0000|Radius|1.0000|Type|2|WorldID|65535|e71254c89c8e83ab
272|2025-12-13T16:45:12.9790000+08:00|40001ABD|E0000000|0000|00|ecb80f21cb54ac73
272|2025-12-13T16:45:12.9790000+08:00|40001ABE|E0000000|0000|00|55071f559ed12c20
272|2025-12-13T16:45:12.9790000+08:00|40001ABF|E0000000|0000|00|29ac91be63afb247
272|2025-12-13T16:45:12.9790000+08:00|40001AC1|E0000000|0000|00|74de2603814940cc
272|2025-12-13T16:45:12.9790000+08:00|40001AC2|E0000000|0000|00|c14562051bc0cd92
272|2025-12-13T16:45:12.9790000+08:00|40001AC3|E0000000|0000|00|6c63dbb80dbb5353
272|2025-12-13T16:45:12.9790000+08:00|40001AC4|E0000000|0000|00|5b3aa6be1d095185
272|2025-12-13T16:45:12.9790000+08:00|40001AC5|E0000000|0000|00|813cf9da0ad49d4e
272|2025-12-13T16:45:12.9790000+08:00|40001AC6|E0000000|0000|00|e559ff6a3592cec4
272|2025-12-13T16:45:12.9790000+08:00|40001AC7|E0000000|0000|00|fd00b17d91ac6476
272|2025-12-13T16:45:12.9790000+08:00|40001AC8|E0000000|0000|00|88b931ac84e1ad57
272|2025-12-13T16:45:12.9790000+08:00|40001AC9|E0000000|0000|00|dc6a4c4f3800c0bf
272|2025-12-13T16:45:12.9790000+08:00|40001ACA|E0000000|0000|00|d58acd641e3148b0
272|2025-12-13T16:45:12.9790000+08:00|40001ACB|E0000000|0000|00|08128f37f163f1ac
272|2025-12-13T16:45:12.9790000+08:00|40001ACC|E0000000|0000|00|9d3369be6e0015a7
272|2025-12-13T16:45:12.9790000+08:00|40001AC0|E0000000|0000|00|41471e3999a97c4b
272|2025-12-13T16:45:12.9790000+08:00|40001ACD|E0000000|0000|00|95f9a963a8ba0a13
272|2025-12-13T16:45:12.9790000+08:00|40001ACE|E0000000|0000|00|fe5cdf96713df640
272|2025-12-13T16:45:12.9790000+08:00|40001AD0|E0000000|0000|00|5d30241cc042da0e
272|2025-12-13T16:45:12.9790000+08:00|40001AD1|E0000000|0000|00|2de95816a313a3af
272|2025-12-13T16:45:12.9790000+08:00|40001AD2|E0000000|0000|00|624f88dd3d13c7cb
272|2025-12-13T16:45:12.9790000+08:00|40001AD3|E0000000|0000|00|0f94a012db38cf10
272|2025-12-13T16:45:12.9790000+08:00|40001ACF|E0000000|0000|00|08847d7636774283
261|2025-12-13T16:45:12.6890000+08:00|Add|40001AAE|BNpcID|3F56|BNpcNameID|3050|CastTargetID|E0000000|CurrentMP|10000|CurrentWorldID|65535|Heading|-3.1416|Level|90|MaxHP|69200|MaxMP|10000|ModelStatus|18688|Name|风球|NPCTargetID|E0000000|PosX|100.0000|PosY|100.0000|Radius|1.0000|Type|2|WorldID|65535|85e60a2af5683700
261|2025-12-13T16:45:12.6890000+08:00|Add|40001AAD|BNpcID|3F56|BNpcNameID|3050|CastTargetID|E0000000|CurrentMP|10000|CurrentWorldID|65535|Heading|-3.1416|Level|90|MaxHP|69200|MaxMP|10000|ModelStatus|18688|Name|风球|NPCTargetID|E0000000|PosX|100.0000|PosY|100.0000|Radius|1.0000|Type|2|WorldID|65535|b7c2509dfc4afc17
261|2025-12-13T16:45:12.6890000+08:00|Add|40001AAF|BNpcID|3F56|BNpcNameID|3050|CastTargetID|E0000000|CurrentMP|10000|CurrentWorldID|65535|Heading|-3.1416|Level|90|MaxHP|69200|MaxMP|10000|ModelStatus|18688|Name|风球|NPCTargetID|E0000000|PosX|100.0000|PosY|100.0000|Radius|1.0000|Type|2|WorldID|65535|4ef2ee446b3ee8ba
261|2025-12-13T16:45:12.6890000+08:00|Add|40001AB0|BNpcID|3F56|BNpcNameID|3050|CastTargetID|E0000000|CurrentMP|10000|CurrentWorldID|65535|Heading|-3.1416|Level|90|MaxHP|69200|MaxMP|10000|ModelStatus|18688|Name|风球|NPCTargetID|E0000000|PosX|100.0000|PosY|100.0000|Radius|1.0000|Type|2|WorldID|65535|a339344ddcb7680f
261|2025-12-13T16:45:12.6890000+08:00|Add|40001AB1|BNpcID|3F56|BNpcNameID|3050|CastTargetID|E0000000|CurrentMP|10000|CurrentWorldID|65535|Heading|-3.1416|Level|90|MaxHP|69200|MaxMP|10000|ModelStatus|18688|Name|风球|NPCTargetID|E0000000|PosX|100.0000|PosY|100.0000|Radius|1.0000|Type|2|WorldID|65535|af3d6b5fef7c5ea3
261|2025-12-13T16:45:12.6890000+08:00|Add|40001AB2|BNpcID|3F56|BNpcNameID|3050|CastTargetID|E0000000|CurrentMP|10000|CurrentWorldID|65535|Heading|-3.1416|Level|90|MaxHP|69200|MaxMP|10000|ModelStatus|18688|Name|风球|NPCTargetID|E0000000|PosX|100.0000|PosY|100.0000|Radius|1.0000|Type|2|WorldID|65535|b78862fbbc59afd1
272|2025-12-13T16:45:13.0230000+08:00|40001AD4|E0000000|0000|00|b807b9e2adc50bac
272|2025-12-13T16:45:13.0230000+08:00|40001AD5|E0000000|0000|00|1c520a99ba5e9b6a
31|2025-12-13T16:45:13.0230000+08:00|10530A8D|1E|00|00|00|3e034784f2753af6
261|2025-12-13T16:45:12.6890000+08:00|Add|40001AA6|BNpcID|1E8536|CastBuffID|3101949968|CastGroundTargetX|0.0000|CastGroundTargetY|0.0000|CastTargetID|88E89FBB|CurrentWorldID|256|Heading|0.0000|IsCasting2|2|Level|43|MaxMP|687865856|ModelStatus|2304|NPCTargetID|4AFA1527|PosX|100.0000|PosY|112.0000|Radius|2.0000|Type|7|84f4ffe4c5397d0b
261|2025-12-13T16:45:12.6890000+08:00|Add|40001AA5|BNpcID|1E850B|BNpcNameID|9187E984|CastBuffID|256|CastDurationMax|0.0000|CastGroundTargetX|32206.0400|CastGroundTargetY|0.0000|CastGroundTargetZ|175192200000000.0000|CastTargetID|42121A02|Heading|0.0000|Level|109|MaxMP|1795162112|ModelStatus|2304|Name|退出点|NPCTargetID|36000000|PCTargetID|18FA8813|PosX|100.0000|PosY|89.0000|Radius|0.5000|Type|7|WeaponId|3|3a1fa1c1c27fff02
261|2025-12-13T16:45:12.6890000+08:00|Add|40001AB4|BNpcID|3F56|BNpcNameID|3050|CastTargetID|E0000000|CurrentMP|10000|CurrentWorldID|65535|Heading|-3.1416|Level|90|MaxHP|69200|MaxMP|10000|ModelStatus|18688|Name|风球|NPCTargetID|E0000000|PosX|100.0000|PosY|100.0000|Radius|1.0000|Type|2|WorldID|65535|ca87b2cfc8d5a78d
261|2025-12-13T16:45:12.6890000+08:00|Add|40001AB8|BNpcID|3F5A|BNpcNameID|304E|CastTargetID|E0000000|CurrentMP|10000|CurrentWorldID|65535|Heading|-3.1416|Level|90|MaxHP|69200|MaxMP|10000|ModelStatus|18688|Name|高贝扎的幻影|NPCTargetID|E0000000|PosX|100.0000|PosY|100.0000|Radius|7.5000|Type|2|WorldID|65535|3cde97fd7061e828
261|2025-12-13T16:45:12.6890000+08:00|Add|40001AB6|BNpcID|3F56|BNpcNameID|3050|CastTargetID|E0000000|CurrentMP|10000|CurrentWorldID|65535|Heading|-3.1416|Level|90|MaxHP|69200|MaxMP|10000|ModelStatus|18688|Name|风球|NPCTargetID|E0000000|PosX|100.0000|PosY|100.0000|Radius|1.0000|Type|2|WorldID|65535|de4ab83fd6b32810
261|2025-12-13T16:45:12.6890000+08:00|Add|40001AB7|BNpcID|3F5A|BNpcNameID|304E|CastTargetID|E0000000|CurrentMP|10000|CurrentWorldID|65535|Heading|-3.1416|Level|90|MaxHP|69200|MaxMP|10000|ModelStatus|18688|Name|高贝扎的幻影|NPCTargetID|E0000000|PosX|100.0000|PosY|100.0000|Radius|7.5000|Type|2|WorldID|65535|2599fcb5be2da127
261|2025-12-13T16:45:12.6890000+08:00|Add|40001AB3|BNpcID|3F56|BNpcNameID|3050|CastTargetID|E0000000|CurrentMP|10000|CurrentWorldID|65535|Heading|-3.1416|Level|90|MaxHP|69200|MaxMP|10000|ModelStatus|18688|Name|风球|NPCTargetID|E0000000|PosX|100.0000|PosY|100.0000|Radius|1.0000|Type|2|WorldID|65535|cb30c7851847e5b7
261|2025-12-13T16:45:12.6890000+08:00|Add|40001AB5|BNpcID|3F56|BNpcNameID|3050|CastTargetID|E0000000|CurrentMP|10000|CurrentWorldID|65535|Heading|-3.1416|Level|90|MaxHP|69200|MaxMP|10000|ModelStatus|18688|Name|风球|NPCTargetID|E0000000|PosX|100.0000|PosY|100.0000|Radius|1.0000|Type|2|WorldID|65535|eac08c20e9b890da
261|2025-12-13T16:45:12.6890000+08:00|Add|40001ABA|BNpcID|3F5A|BNpcNameID|304E|CastTargetID|E0000000|CurrentMP|10000|CurrentWorldID|65535|Heading|-3.1416|Level|90|MaxHP|69200|MaxMP|10000|ModelStatus|18688|Name|高贝扎的幻影|NPCTargetID|E0000000|PosX|100.0000|PosY|100.0000|Radius|7.5000|Type|2|WorldID|65535|bdb96d19ea905471
261|2025-12-13T16:45:12.6890000+08:00|Add|40001AB9|BNpcID|3F5A|BNpcNameID|304E|CastTargetID|E0000000|CurrentMP|10000|CurrentWorldID|65535|Heading|-3.1416|Level|90|MaxHP|69200|MaxMP|10000|ModelStatus|18688|Name|高贝扎的幻影|NPCTargetID|E0000000|PosX|100.0000|PosY|100.0000|Radius|7.5000|Type|2|WorldID|65535|48710802807be991
261|2025-12-13T16:45:12.6890000+08:00|Add|40001ABB|BNpcID|3F55|BNpcNameID|304F|CastTargetID|E0000000|CurrentMP|10000|CurrentWorldID|65535|Heading|0.0000|Level|90|MaxHP|69200|MaxMP|10000|ModelStatus|18688|Name|黑龙|NPCTargetID|E0000000|PosX|100.0000|PosY|100.0000|Radius|7.0000|Type|2|WorldID|65535|400234e5543eb070
261|2025-12-13T16:45:12.6890000+08:00|Add|40001ABD|BNpcID|233C|BNpcNameID|304D|CastTargetID|E0000000|CurrentWorldID|65535|Heading|0.0000|Level|1|MaxHP|44|ModelStatus|2304|Name|高贝扎|NPCTargetID|E0000000|PosX|100.0000|PosY|90.0000|Radius|0.5000|Type|2|WorldID|65535|da36b5ec8278e0d1
261|2025-12-13T16:45:12.6890000+08:00|Add|40001ABE|BNpcID|233C|BNpcNameID|304D|CastTargetID|E0000000|CurrentWorldID|65535|Heading|0.0000|Level|1|MaxHP|44|ModelStatus|2304|Name|高贝扎|NPCTargetID|E0000000|PosX|100.0000|PosY|90.0000|Radius|0.5000|Type|2|WorldID|65535|018bcd0b472e29fb
261|2025-12-13T16:45:12.6890000+08:00|Add|40001ABC|BNpcID|3F54|BNpcNameID|304D|CastTargetID|E0000000|CurrentMP|10000|CurrentWorldID|65535|Heading|0.0000|Level|90|MaxHP|26635080|MaxMP|10000|ModelStatus|2304|Name|高贝扎|NPCTargetID|E0000000|PosX|100.0000|PosY|90.0000|Radius|6.0000|Type|2|WorldID|65535|3f15f4fd94e64d67
261|2025-12-13T16:45:12.6890000+08:00|Add|40001AC4|BNpcID|233C|BNpcNameID|304D|CastTargetID|E0000000|CurrentWorldID|65535|Heading|0.0000|Level|1|MaxHP|44|ModelStatus|2304|Name|高贝扎|NPCTargetID|E0000000|PosX|100.0000|PosY|90.0000|Radius|0.5000|Type|2|WorldID|65535|82dd358f47fa7cc1
261|2025-12-13T16:45:12.6890000+08:00|Add|40001AC3|BNpcID|233C|BNpcNameID|304D|CastTargetID|E0000000|CurrentWorldID|65535|Heading|0.0000|Level|1|MaxHP|44|ModelStatus|2304|Name|高贝扎|NPCTargetID|E0000000|PosX|100.0000|PosY|90.0000|Radius|0.5000|Type|2|WorldID|65535|9386f89d6552572e
261|2025-12-13T16:45:12.6890000+08:00|Add|40001ABF|BNpcID|233C|BNpcNameID|304D|CastTargetID|E0000000|CurrentWorldID|65535|Heading|0.0000|Level|1|MaxHP|44|ModelStatus|2304|Name|高贝扎|NPCTargetID|E0000000|PosX|100.0000|PosY|90.0000|Radius|0.5000|Type|2|WorldID|65535|c9547a8625b1a35c
261|2025-12-13T16:45:12.6890000+08:00|Add|40001AC2|BNpcID|233C|BNpcNameID|304D|CastTargetID|E0000000|CurrentWorldID|65535|Heading|0.0000|Level|1|MaxHP|44|ModelStatus|2304|Name|高贝扎|NPCTargetID|E0000000|PosX|100.0000|PosY|90.0000|Radius|0.5000|Type|2|WorldID|65535|7a5b790aa8deeb88
261|2025-12-13T16:45:12.6890000+08:00|Add|40001AC0|BNpcID|233C|BNpcNameID|304D|CastTargetID|E0000000|CurrentWorldID|65535|Heading|0.0000|Level|1|MaxHP|44|ModelStatus|2304|Name|高贝扎|NPCTargetID|E0000000|PosX|100.0000|PosY|90.0000|Radius|0.5000|Type|2|WorldID|65535|181e3cbb96abece0
261|2025-12-13T16:45:12.6890000+08:00|Add|40001AC1|BNpcID|233C|BNpcNameID|304D|CastTargetID|E0000000|CurrentWorldID|65535|Heading|0.0000|Level|1|MaxHP|44|ModelStatus|2304|Name|高贝扎|NPCTargetID|E0000000|PosX|100.0000|PosY|90.0000|Radius|0.5000|Type|2|WorldID|65535|190fc34e1ecaa855
261|2025-12-13T16:45:12.7930000+08:00|Add|40001AC6|BNpcID|233C|BNpcNameID|304D|CastTargetID|E0000000|CurrentWorldID|65535|Heading|0.0000|Level|1|MaxHP|44|ModelStatus|2304|Name|高贝扎|NPCTargetID|E0000000|PosX|100.0000|PosY|90.0000|Radius|0.5000|Type|2|WorldID|65535|1e7c197d32128b85
261|2025-12-13T16:45:12.7930000+08:00|Add|40001AC5|BNpcID|233C|BNpcNameID|304D|CastTargetID|E0000000|CurrentWorldID|65535|Heading|0.0000|Level|1|MaxHP|44|ModelStatus|2304|Name|高贝扎|NPCTargetID|E0000000|PosX|100.0000|PosY|90.0000|Radius|0.5000|Type|2|WorldID|65535|9fe0e2426391cf58
261|2025-12-13T16:45:12.7930000+08:00|Add|40001AC7|BNpcID|233C|BNpcNameID|304D|CastTargetID|E0000000|CurrentWorldID|65535|Heading|0.0000|Level|1|MaxHP|44|ModelStatus|2304|Name|高贝扎|NPCTargetID|E0000000|PosX|100.0000|PosY|90.0000|Radius|0.5000|Type|2|WorldID|65535|63c461802ea71fbd
261|2025-12-13T16:45:12.7930000+08:00|Add|40001ACA|BNpcID|233C|BNpcNameID|304D|CastTargetID|E0000000|CurrentWorldID|65535|Heading|0.0000|Level|1|MaxHP|44|ModelStatus|2304|Name|高贝扎|NPCTargetID|E0000000|PosX|100.0000|PosY|90.0000|Radius|0.5000|Type|2|WorldID|65535|e84636f404660ca0
261|2025-12-13T16:45:12.7930000+08:00|Add|40001AC8|BNpcID|233C|BNpcNameID|304D|CastTargetID|E0000000|CurrentWorldID|65535|Heading|0.0000|Level|1|MaxHP|44|ModelStatus|2304|Name|高贝扎|NPCTargetID|E0000000|PosX|100.0000|PosY|90.0000|Radius|0.5000|Type|2|WorldID|65535|268beb5ab739b31b
261|2025-12-13T16:45:12.7930000+08:00|Add|40001AC9|BNpcID|233C|BNpcNameID|304D|CastTargetID|E0000000|CurrentWorldID|65535|Heading|0.0000|Level|1|MaxHP|44|ModelStatus|2304|Name|高贝扎|NPCTargetID|E0000000|PosX|100.0000|PosY|90.0000|Radius|0.5000|Type|2|WorldID|65535|8c6679fa9c1be4c9
261|2025-12-13T16:45:12.8860000+08:00|Add|40001ACB|BNpcID|233C|BNpcNameID|304D|CastTargetID|E0000000|CurrentWorldID|65535|Heading|0.0000|Level|1|MaxHP|44|ModelStatus|2304|Name|高贝扎|NPCTargetID|E0000000|PosX|100.0000|PosY|90.0000|Radius|0.5000|Type|2|WorldID|65535|603529e41a0da654
261|2025-12-13T16:45:12.8860000+08:00|Add|40001ACC|BNpcID|233C|BNpcNameID|304D|CastTargetID|E0000000|CurrentWorldID|65535|Heading|0.0000|Level|1|MaxHP|44|ModelStatus|2304|Name|高贝扎|NPCTargetID|E0000000|PosX|100.0000|PosY|90.0000|Radius|0.5000|Type|2|WorldID|65535|e678fed82b3a6934
261|2025-12-13T16:45:12.8860000+08:00|Add|40001ACD|BNpcID|233C|BNpcNameID|304D|CastTargetID|E0000000|CurrentWorldID|65535|Heading|0.0000|Level|1|MaxHP|44|ModelStatus|2304|Name|高贝扎|NPCTargetID|E0000000|PosX|100.0000|PosY|90.0000|Radius|0.5000|Type|2|WorldID|65535|6b9a6a7071a3bc2d
261|2025-12-13T16:45:12.8860000+08:00|Add|40001AD0|BNpcID|233C|BNpcNameID|304D|CastTargetID|E0000000|CurrentWorldID|65535|Heading|0.0000|Level|1|MaxHP|44|ModelStatus|2304|Name|高贝扎|NPCTargetID|E0000000|PosX|100.0000|PosY|90.0000|Radius|0.5000|Type|2|WorldID|65535|d07a2822f2d9dea4
261|2025-12-13T16:45:12.8860000+08:00|Add|40001ACF|BNpcID|233C|BNpcNameID|304D|CastTargetID|E0000000|CurrentWorldID|65535|Heading|0.0000|Level|1|MaxHP|44|ModelStatus|2304|Name|高贝扎|NPCTargetID|E0000000|PosX|100.0000|PosY|90.0000|Radius|0.5000|Type|2|WorldID|65535|0b5d3cfca2fd236d
261|2025-12-13T16:45:12.8860000+08:00|Add|40001ACE|BNpcID|233C|BNpcNameID|304D|CastTargetID|E0000000|CurrentWorldID|65535|Heading|0.0000|Level|1|MaxHP|44|ModelStatus|2304|Name|高贝扎|NPCTargetID|E0000000|PosX|100.0000|PosY|90.0000|Radius|0.5000|Type|2|WorldID|65535|23c04d037fa55f9e
261|2025-12-13T16:45:12.9890000+08:00|Add|40001AD1|BNpcID|233C|BNpcNameID|304D|CastTargetID|E0000000|CurrentWorldID|65535|Heading|0.0000|Level|1|MaxHP|44|ModelStatus|2304|Name|高贝扎|NPCTargetID|E0000000|PosX|100.0000|PosY|90.0000|Radius|0.5000|Type|2|WorldID|65535|06e6ba7ca41d5541
261|2025-12-13T16:45:12.9890000+08:00|Add|40001AD3|BNpcID|233C|BNpcNameID|304D|CastTargetID|E0000000|CurrentWorldID|65535|Heading|0.0000|Level|1|MaxHP|44|ModelStatus|2304|Name|高贝扎|NPCTargetID|E0000000|PosX|100.0000|PosY|90.0000|Radius|0.5000|Type|2|WorldID|65535|da03d531e4135d6f
261|2025-12-13T16:45:12.9890000+08:00|Add|40001AD2|BNpcID|233C|BNpcNameID|304D|CastTargetID|E0000000|CurrentWorldID|65535|Heading|0.0000|Level|1|MaxHP|44|ModelStatus|2304|Name|高贝扎|NPCTargetID|E0000000|PosX|100.0000|PosY|90.0000|Radius|0.5000|Type|2|WorldID|65535|ae0495554104da86
261|2025-12-13T16:45:12.9890000+08:00|Add|40001AD5|BNpcID|233C|BNpcNameID|304D|CastTargetID|E0000000|CurrentWorldID|65535|Heading|0.0000|Level|1|MaxHP|44|ModelStatus|2304|Name|高贝扎|NPCTargetID|E0000000|PosX|100.0000|PosY|90.0000|Radius|0.5000|Type|2|WorldID|65535|d7973e906521d53b
261|2025-12-13T16:45:12.9890000+08:00|Add|40001AD4|BNpcID|233C|BNpcNameID|304D|CastTargetID|E0000000|CurrentWorldID|65535|Heading|0.0000|Level|1|MaxHP|44|ModelStatus|2304|Name|高贝扎|NPCTargetID|E0000000|PosX|100.0000|PosY|90.0000|Radius|0.5000|Type|2|WorldID|65535|28dcabf0f151ccb2
01|2025-12-13T16:45:13.8110000+08:00|474|高贝扎歼灭战|abfb90f54ad52b27
40|2025-12-13T16:45:13.8110000+08:00|830|？？？？|立方魔法阵||55bc1677bb9dec2c
02|2025-12-13T16:45:13.8110000+08:00|10530A8D|小祥客服|a6c524dd653872ec
265|2025-12-13T16:45:11.6648510+08:00|474|高贝扎歼灭战|True|1|0|0|0|0|0af26a56d493cf2b
03|2025-12-13T16:45:13.8110000+08:00|10530A8D|小祥客服|1E|64|0000|434|BaiJinHuanXiang|0|0|145489|145489|10000|10000|||100.65|112.51|0.00|-3.14|ca3f3413cf48fd50
03|2025-12-13T16:45:13.8110000+08:00|40001ABA|高贝扎的幻影|00|5A|0000|00||12366|16218|69200|69200|10000|10000|||100.00|100.00|0.00|-3.14|cbee840a6bd2811a
03|2025-12-13T16:45:13.8110000+08:00|40001AB4|风球|00|5A|0000|00||12368|16214|69200|69200|10000|10000|||100.00|100.00|0.00|-3.14|39e8edcc3e029f31
03|2025-12-13T16:45:13.8110000+08:00|40001AAE|风球|00|5A|0000|00||12368|16214|69200|69200|10000|10000|||100.00|100.00|0.00|-3.14|78d4f1bf39a5a474
03|2025-12-13T16:45:13.8110000+08:00|40001AB8|高贝扎的幻影|00|5A|0000|00||12366|16218|69200|69200|10000|10000|||100.00|100.00|0.00|-3.14|d5bbbd993a77517a
03|2025-12-13T16:45:13.8110000+08:00|40001AAD|风球|00|5A|0000|00||12368|16214|69200|69200|10000|10000|||100.00|100.00|0.00|-3.14|e94680ecb62470c4
03|2025-12-13T16:45:13.8110000+08:00|40001AAC|风球|00|5A|0000|00||12368|16214|69200|69200|10000|10000|||100.00|100.00|0.00|-3.14|66c5017b9458832d
03|2025-12-13T16:45:13.8110000+08:00|40001AB9|高贝扎的幻影|00|5A|0000|00||12366|16218|69200|69200|10000|10000|||100.00|100.00|0.00|-3.14|577e8eebba549528
03|2025-12-13T16:45:13.8110000+08:00|40001AA7|风球|00|5A|0000|00||12368|16214|69200|69200|10000|10000|||100.00|100.00|0.00|-3.14|2e2ec2d0d8aadbf2
03|2025-12-13T16:45:13.8110000+08:00|40001AAB|风球|00|5A|0000|00||12368|16214|69200|69200|10000|10000|||100.00|100.00|0.00|-3.14|94942132ab711cb0
03|2025-12-13T16:45:13.8110000+08:00|40001ABB|黑龙|00|5A|0000|00||12367|16213|69200|69200|10000|10000|||100.00|100.00|0.00|0.00|84ac4758bf794c6e
03|2025-12-13T16:45:13.8110000+08:00|40001AAA|风球|00|5A|0000|00||12368|16214|69200|69200|10000|10000|||100.00|100.00|0.00|-3.14|98c83657c7b87660
03|2025-12-13T16:45:13.8110000+08:00|40001AB6|风球|00|5A|0000|00||12368|16214|69200|69200|10000|10000|||100.00|100.00|0.00|-3.14|ca8fd9ff9e39d6be
03|2025-12-13T16:45:13.8110000+08:00|40001AB7|高贝扎的幻影|00|5A|0000|00||12366|16218|69200|69200|10000|10000|||100.00|100.00|0.00|-3.14|a4b84dfc3c3ceafe
03|2025-12-13T16:45:13.8110000+08:00|40001AA9|风球|00|5A|0000|00||12368|16214|69200|69200|10000|10000|||100.00|100.00|0.00|-3.14|820c2c9e05ac3abc
03|2025-12-13T16:45:13.8110000+08:00|40001AA8|风球|00|5A|0000|00||12368|16214|69200|69200|10000|10000|||100.00|100.00|0.00|-3.14|5b9310b6464b1bce
03|2025-12-13T16:45:13.8110000+08:00|40001AAF|风球|00|5A|0000|00||12368|16214|69200|69200|10000|10000|||100.00|100.00|0.00|-3.14|4a574771394e168d
03|2025-12-13T16:45:13.8110000+08:00|40001AB0|风球|00|5A|0000|00||12368|16214|69200|69200|10000|10000|||100.00|100.00|0.00|-3.14|87d2d743f4d9728a
03|2025-12-13T16:45:13.8110000+08:00|40001AB1|风球|00|5A|0000|00||12368|16214|69200|69200|10000|10000|||100.00|100.00|0.00|-3.14|404e6fc7381dee31
03|2025-12-13T16:45:13.8110000+08:00|40001AB2|风球|00|5A|0000|00||12368|16214|69200|69200|10000|10000|||100.00|100.00|0.00|-3.14|9c4e19823471ba15
03|2025-12-13T16:45:13.8110000+08:00|40001AB3|风球|00|5A|0000|00||12368|16214|69200|69200|10000|10000|||100.00|100.00|0.00|-3.14|d95eab958637fce4
03|2025-12-13T16:45:13.8110000+08:00|40001AB5|风球|00|5A|0000|00||12368|16214|69200|69200|10000|10000|||100.00|100.00|0.00|-3.14|6c18e3dbf80dba7c
03|2025-12-13T16:45:13.8110000+08:00|40001AC4|高贝扎|00|1|0000|00||12365|9020|44|44|0|10000|||100.00|90.00|0.00|0.00|470789453eb10b6b
03|2025-12-13T16:45:13.8110000+08:00|40001AC3|高贝扎|00|1|0000|00||12365|9020|44|44|0|10000|||100.00|90.00|0.00|0.00|6ae8b9d420604b4d
03|2025-12-13T16:45:13.8110000+08:00|40001AC6|高贝扎|00|1|0000|00||12365|9020|44|44|0|10000|||100.00|90.00|0.00|0.00|09b7c130542d1209
03|2025-12-13T16:45:13.8110000+08:00|40001ABF|高贝扎|00|1|0000|00||12365|9020|44|44|0|10000|||100.00|90.00|0.00|0.00|d52a769417e27368
03|2025-12-13T16:45:13.8110000+08:00|40001ACB|高贝扎|00|1|0000|00||12365|9020|44|44|0|10000|||100.00|90.00|0.00|0.00|288975e4be95ed49
03|2025-12-13T16:45:13.8110000+08:00|40001ACA|高贝扎|00|1|0000|00||12365|9020|44|44|0|10000|||100.00|90.00|0.00|0.00|ae9cec7758369318
03|2025-12-13T16:45:13.8110000+08:00|40001AC8|高贝扎|00|1|0000|00||12365|9020|44|44|0|10000|||100.00|90.00|0.00|0.00|192d1b65a34291c9
03|2025-12-13T16:45:13.8110000+08:00|40001AC9|高贝扎|00|1|0000|00||12365|9020|44|44|0|10000|||100.00|90.00|0.00|0.00|1d8fced97c0b4522
03|2025-12-13T16:45:13.8110000+08:00|40001AD5|高贝扎|00|1|0000|00||12365|9020|44|44|0|10000|||100.00|90.00|0.00|0.00|67c55a9d2eff65e4
03|2025-12-13T16:45:13.8110000+08:00|40001ABD|高贝扎|00|1|0000|00||12365|9020|44|44|0|10000|||100.00|90.00|0.00|0.00|d5c1056a61d563fe
03|2025-12-13T16:45:13.8110000+08:00|40001AC2|高贝扎|00|1|0000|00||12365|9020|44|44|0|10000|||100.00|90.00|0.00|0.00|bb773d56785a189e
03|2025-12-13T16:45:13.8110000+08:00|40001AC5|高贝扎|00|1|0000|00||12365|9020|44|44|0|10000|||100.00|90.00|0.00|0.00|d2b393fc69c55eac
03|2025-12-13T16:45:13.8110000+08:00|40001AC0|高贝扎|00|1|0000|00||12365|9020|44|44|0|10000|||100.00|90.00|0.00|0.00|49ac2c9ec8950492
03|2025-12-13T16:45:13.8110000+08:00|40001AD0|高贝扎|00|1|0000|00||12365|9020|44|44|0|10000|||100.00|90.00|0.00|0.00|be3ff6ca10eabe1c
03|2025-12-13T16:45:13.8110000+08:00|40001AD1|高贝扎|00|1|0000|00||12365|9020|44|44|0|10000|||100.00|90.00|0.00|0.00|367f60589f9b2cf1
03|2025-12-13T16:45:13.8110000+08:00|40001ABE|高贝扎|00|1|0000|00||12365|9020|44|44|0|10000|||100.00|90.00|0.00|0.00|30697651b66b0995
03|2025-12-13T16:45:13.8110000+08:00|40001AD3|高贝扎|00|1|0000|00||12365|9020|44|44|0|10000|||100.00|90.00|0.00|0.00|6348b05e07cf3c8c
03|2025-12-13T16:45:13.8110000+08:00|40001AD2|高贝扎|00|1|0000|00||12365|9020|44|44|0|10000|||100.00|90.00|0.00|0.00|aebbb7a042d244dc
03|2025-12-13T16:45:13.8110000+08:00|40001ACF|高贝扎|00|1|0000|00||12365|9020|44|44|0|10000|||100.00|90.00|0.00|0.00|675654e21904119f
03|2025-12-13T16:45:13.8110000+08:00|40001ACC|高贝扎|00|1|0000|00||12365|9020|44|44|0|10000|||100.00|90.00|0.00|0.00|b010cfb08015273f
03|2025-12-13T16:45:13.8110000+08:00|40001AC7|高贝扎|00|1|0000|00||12365|9020|44|44|0|10000|||100.00|90.00|0.00|0.00|f2ceb5b837c9643c
03|2025-12-13T16:45:13.8110000+08:00|40001ACD|高贝扎|00|1|0000|00||12365|9020|44|44|0|10000|||100.00|90.00|0.00|0.00|e8b7f6381159883b
03|2025-12-13T16:45:13.8110000+08:00|40001AD4|高贝扎|00|1|0000|00||12365|9020|44|44|0|10000|||100.00|90.00|0.00|0.00|f40a4bdffce7bc82
03|2025-12-13T16:45:13.8110000+08:00|40001AC1|高贝扎|00|1|0000|00||12365|9020|44|44|0|10000|||100.00|90.00|0.00|0.00|7fd4c2516f7f03d0
03|2025-12-13T16:45:13.8110000+08:00|40001ACE|高贝扎|00|1|0000|00||12365|9020|44|44|0|10000|||100.00|90.00|0.00|0.00|faf8dc634a66727a
03|2025-12-13T16:45:13.8110000+08:00|40001ABC|高贝扎|00|5A|0000|00||12365|16212|26635080|26635080|10000|10000|||100.00|90.00|0.00|0.00|928b95ae5aa6618c
00|2025-12-13T16:45:12.0000000+08:00|0039||离开了休息区。|83fcb63ef65fe1c9
261|2025-12-13T16:45:13.9160000+08:00|Change|10530A8D|ModelStatus|3072|d58b090ecf425c8c
261|2025-12-13T16:45:13.9160000+08:00|Change|40001ABA|ModelStatus|18432|1a0a9da2ca8efa22
261|2025-12-13T16:45:13.9160000+08:00|Change|40001AB4|ModelStatus|18432|9b8fcac0a08f7ed8
261|2025-12-13T16:45:13.9160000+08:00|Change|40001AAE|ModelStatus|18432|2ce278e337edd2d5
261|2025-12-13T16:45:13.9160000+08:00|Change|40001AB8|ModelStatus|18432|0447b404820aa90e
261|2025-12-13T16:45:13.9160000+08:00|Change|40001AAD|ModelStatus|18432|5995b7469597fee2
261|2025-12-13T16:45:13.9160000+08:00|Change|40001AAC|ModelStatus|18432|0e865f5613bac3e4
261|2025-12-13T16:45:13.9160000+08:00|Change|40001AB9|ModelStatus|18432|cb256c0a5ae37e22
261|2025-12-13T16:45:13.9160000+08:00|Change|40001AAB|ModelStatus|18432|dd14002706948ebf
261|2025-12-13T16:45:13.9160000+08:00|Change|40001ABB|ModelStatus|18432|24f1ec5bab0c90b9
261|2025-12-13T16:45:13.9160000+08:00|Change|40001AAA|ModelStatus|18432|a89166cfe17b08a8
261|2025-12-13T16:45:13.9160000+08:00|Change|40001AB6|ModelStatus|18432|cd81908677cafee4
261|2025-12-13T16:45:13.9160000+08:00|Change|40001AB7|ModelStatus|18432|0b8281092acc5955
261|2025-12-13T16:45:13.9160000+08:00|Change|40001AAF|ModelStatus|18432|d491f62ae5ec9352
261|2025-12-13T16:45:13.9160000+08:00|Change|40001AB0|ModelStatus|18432|5fc2017b13782fc0
261|2025-12-13T16:45:13.9160000+08:00|Change|40001AB1|ModelStatus|18432|07c0619b289b3313
261|2025-12-13T16:45:13.9160000+08:00|Change|40001AB2|ModelStatus|18432|ab5ec75b84701586
261|2025-12-13T16:45:13.9160000+08:00|Change|40001AB3|ModelStatus|18432|f53e086ac5813eef
261|2025-12-13T16:45:13.9160000+08:00|Change|40001AB5|ModelStatus|18432|6e13654e6cfecdbc
261|2025-12-13T16:45:13.9160000+08:00|Change|40001AC4|ModelStatus|2048|bd0bba11258b988a
261|2025-12-13T16:45:13.9160000+08:00|Change|40001AC3|ModelStatus|2048|db70c7274804256d
261|2025-12-13T16:45:13.9160000+08:00|Change|40001AC6|ModelStatus|2048|8ccb4855c18e3e08
261|2025-12-13T16:45:13.9160000+08:00|Change|40001ABF|ModelStatus|2048|6d27b166b35dbe93
261|2025-12-13T16:45:13.9160000+08:00|Change|40001ACB|ModelStatus|2048|ae297a8e10fe756b
261|2025-12-13T16:45:13.9160000+08:00|Change|40001ACA|ModelStatus|2048|43e23a83b0835bff
261|2025-12-13T16:45:13.9160000+08:00|Change|40001AC8|ModelStatus|2048|aa5cd21ba4cb3800
261|2025-12-13T16:45:13.9160000+08:00|Change|40001AC9|ModelStatus|2048|327e0ded4f32467a
261|2025-12-13T16:45:13.9160000+08:00|Change|40001ABD|ModelStatus|2048|9dd4f44e9e575aff
261|2025-12-13T16:45:13.9160000+08:00|Change|40001AC2|ModelStatus|2048|92d3cc615a8ef144
261|2025-12-13T16:45:13.9160000+08:00|Change|40001AC5|ModelStatus|2048|2e6241bd435e8a94
261|2025-12-13T16:45:13.9160000+08:00|Change|40001AC0|ModelStatus|2048|870c9fbe613897f7
261|2025-12-13T16:45:13.9160000+08:00|Change|40001AD0|ModelStatus|2048|b81f9598f2614c64
261|2025-12-13T16:45:13.9160000+08:00|Change|40001AD1|ModelStatus|2048|61eaed6477584e1c
261|2025-12-13T16:45:13.9160000+08:00|Change|40001ABE|ModelStatus|2048|27b5dc9c96ae797a
261|2025-12-13T16:45:13.9160000+08:00|Change|40001AD3|ModelStatus|2048|50498ad07e67c41f
261|2025-12-13T16:45:13.9160000+08:00|Change|40001AD2|ModelStatus|2048|ed843a26db96b905
261|2025-12-13T16:45:13.9160000+08:00|Change|40001ACF|ModelStatus|2048|2f48034d9511cf77
261|2025-12-13T16:45:13.9160000+08:00|Change|40001ACC|ModelStatus|2048|c7ce56d5a91ef3ce
261|2025-12-13T16:45:13.9160000+08:00|Change|40001AC7|ModelStatus|2048|e98fc1abe4198e4e
261|2025-12-13T16:45:13.9160000+08:00|Change|40001ACD|ModelStatus|2048|4bbde346038e7909
261|2025-12-13T16:45:13.9160000+08:00|Change|40001AC1|ModelStatus|2048|3af50ac00f03867f
261|2025-12-13T16:45:13.9160000+08:00|Change|40001ACE|ModelStatus|2048|721f3fc2bc3bc4d2
261|2025-12-13T16:45:13.9160000+08:00|Change|40001ABC|ModelStatus|2048|e60b857dd6a23db4
261|2025-12-13T16:45:13.9160000+08:00|Change|40001AD5|ModelStatus|2048|9c87bdbb06d3b40a
261|2025-12-13T16:45:13.9160000+08:00|Change|40001AD4|ModelStatus|2048|ee1abe8bf8d6c8aa
261|2025-12-13T16:45:14.8850000+08:00|Change|10530A8D|ModelStatus|0|PosZ|0.0300|Status|1|365bebe8eb9438f9
261|2025-12-13T16:45:14.8850000+08:00|Change|40001ABA|ModelStatus|16384|PosZ|0.0300|a47c9b03a44f13fc
261|2025-12-13T16:45:14.8850000+08:00|Change|40001AB4|ModelStatus|16384|PosZ|0.0300|f0843a60be59987f
261|2025-12-13T16:45:14.8850000+08:00|Change|40001AAE|ModelStatus|16384|PosZ|0.0300|42ce4793fb6b6319
261|2025-12-13T16:45:14.8850000+08:00|Change|40001AB8|ModelStatus|16384|PosZ|0.0300|6f4b202d60e32031
261|2025-12-13T16:45:14.8850000+08:00|Change|40001AAD|ModelStatus|16384|PosZ|0.0300|e689aed5226ac910
261|2025-12-13T16:45:14.8850000+08:00|Change|40001AAC|ModelStatus|16384|PosZ|0.0300|d460ea4d11ff845f
261|2025-12-13T16:45:14.8850000+08:00|Change|40001AB9|ModelStatus|16384|PosZ|0.0300|1155649c10252091
261|2025-12-13T16:45:14.8850000+08:00|Change|40001AAB|ModelStatus|16384|PosZ|0.0300|3c5e83d4c2943a16
261|2025-12-13T16:45:14.8850000+08:00|Change|40001ABB|ModelStatus|16384|PosZ|0.0300|dc76c0b6885976a2
261|2025-12-13T16:45:14.8850000+08:00|Change|40001AAA|ModelStatus|16384|PosZ|0.0300|75f85d57a0377308
261|2025-12-13T16:45:14.8850000+08:00|Change|40001AB6|ModelStatus|16384|PosZ|0.0300|5c54d92d40e3ccc5
261|2025-12-13T16:45:14.8850000+08:00|Change|40001AB7|ModelStatus|16384|PosZ|0.0300|9f6d5e570a215d00
261|2025-12-13T16:45:14.8850000+08:00|Change|40001AAF|ModelStatus|16384|PosZ|0.0300|93444d96100d063d
261|2025-12-13T16:45:14.8850000+08:00|Change|40001AB0|ModelStatus|16384|PosZ|0.0300|a87b10abbbafb620
261|2025-12-13T16:45:14.8850000+08:00|Change|40001AB1|ModelStatus|16384|PosZ|0.0300|608736261d6b1982
261|2025-12-13T16:45:14.8850000+08:00|Change|40001AB2|ModelStatus|16384|PosZ|0.0300|d0fa41440cb0652f
261|2025-12-13T16:45:14.8850000+08:00|Change|40001AB3|ModelStatus|16384|PosZ|0.0300|aafe89740e73f5b2
261|2025-12-13T16:45:14.8850000+08:00|Change|40001AB5|ModelStatus|16384|PosZ|0.0300|fca429f339592556
261|2025-12-13T16:45:14.8850000+08:00|Change|40001AC4|ModelStatus|0|PosZ|0.0300|02e884f55acd20eb
261|2025-12-13T16:45:14.8850000+08:00|Change|40001AC3|ModelStatus|0|PosZ|0.0300|663d0aa04361670e
261|2025-12-13T16:45:14.8850000+08:00|Change|40001AC6|ModelStatus|0|PosZ|0.0300|5233c913cbcff012
261|2025-12-13T16:45:14.8850000+08:00|Change|40001ABF|ModelStatus|0|PosZ|0.0300|67ab8c2a3cf42465
261|2025-12-13T16:45:14.8850000+08:00|Change|40001ACB|ModelStatus|0|PosZ|0.0300|25c286bf708f1762
261|2025-12-13T16:45:14.8850000+08:00|Change|40001ACA|ModelStatus|0|PosZ|0.0300|dc0f27eba8b9d158
261|2025-12-13T16:45:14.8850000+08:00|Change|40001AC8|ModelStatus|0|PosZ|0.0300|a00ddb858245109f
261|2025-12-13T16:45:14.8850000+08:00|Change|40001AC9|ModelStatus|0|PosZ|0.0300|fadde4b8069b9bb1
261|2025-12-13T16:45:14.8850000+08:00|Change|40001ABD|ModelStatus|0|PosZ|0.0300|bd646461a50f08ce
261|2025-12-13T16:45:14.8850000+08:00|Change|40001AC2|ModelStatus|0|PosZ|0.0300|1cd36cefa518db5f
261|2025-12-13T16:45:14.8850000+08:00|Change|40001AC5|ModelStatus|0|PosZ|0.0300|dab18690beef4486
261|2025-12-13T16:45:14.8850000+08:00|Change|40001AC0|ModelStatus|0|PosZ|0.0300|43017caa9566a8ff
261|2025-12-13T16:45:14.8850000+08:00|Change|40001AD0|ModelStatus|0|PosZ|0.0300|4dbb62c2aa9c2156
261|2025-12-13T16:45:14.8850000+08:00|Change|40001AD1|ModelStatus|0|PosZ|0.0300|f383e2e5c460f7dc
261|2025-12-13T16:45:14.8850000+08:00|Change|40001ABE|ModelStatus|0|PosZ|0.0300|a84a218bb945394f
261|2025-12-13T16:45:14.8850000+08:00|Change|40001AD3|ModelStatus|0|PosZ|0.0300|985292769dbf531d
261|2025-12-13T16:45:14.8850000+08:00|Change|40001AD2|ModelStatus|0|PosZ|0.0300|8ad6662f5b2d1e96
261|2025-12-13T16:45:14.8850000+08:00|Change|40001ACF|ModelStatus|0|PosZ|0.0300|748dda5ea0e60cb2
261|2025-12-13T16:45:14.8850000+08:00|Change|40001ACC|ModelStatus|0|PosZ|0.0300|b01cc8ea7a605d66
261|2025-12-13T16:45:14.8850000+08:00|Change|40001AC7|ModelStatus|0|PosZ|0.0300|30c356b72ec72132
261|2025-12-13T16:45:14.8850000+08:00|Change|40001ACD|ModelStatus|0|PosZ|0.0300|ad75f14dc309162b
261|2025-12-13T16:45:14.8850000+08:00|Change|40001AC1|ModelStatus|0|PosZ|0.0300|db82bd207c75fcbb
261|2025-12-13T16:45:14.8850000+08:00|Change|40001ACE|ModelStatus|0|PosZ|0.0300|c216e0bc70d11b87
261|2025-12-13T16:45:14.8850000+08:00|Change|40001ABC|ModelStatus|0|PosZ|0.0300|1b590e03894a8ddb
261|2025-12-13T16:45:14.8850000+08:00|Change|40001AD5|ModelStatus|0|PosZ|0.0300|7839cb3061e54e75
261|2025-12-13T16:45:14.8850000+08:00|Change|40001AD4|ModelStatus|0|PosZ|0.0300|a7016d71ed527291
261|2025-12-13T16:45:15.9410000+08:00|Change|40001AA7|ModelStatus|16384|PosZ|0.0300|04f29a42e77618ab
261|2025-12-13T16:45:15.9410000+08:00|Change|40001AA9|ModelStatus|16384|PosZ|0.0300|041b3ff388181d79
261|2025-12-13T16:45:15.9410000+08:00|Change|40001AA8|ModelStatus|16384|PosZ|0.0300|62876e0a1b5ece6d
261|2025-12-13T16:45:16.0330000+08:00|Change|40001AA6|MaxMP|687865857|ModelStatus|0|2f0767b9d80430de
33|2025-12-13T16:45:19.8050000+08:00|80034E79|40000007|01|01|00|00|13f5975266079314
33|2025-12-13T16:45:19.8050000+08:00|80034E79|40000001|E10|00|00|00|2e3bd1ee2402e10f
261|2025-12-13T16:45:19.2630000+08:00|Change|40001AA6|ModelStatus|256|4b7e7c1d92199ae5
33|2025-12-13T16:45:19.8490000+08:00|80034E79|80000004|E0F|00|00|00|12e523b3ebd11c1f
00|2025-12-13T16:45:19.0000000+08:00|0839||“高贝扎歼灭战”任务开始。|a098306a2b1c75c5
261|2025-12-13T16:45:19.6550000+08:00|Change|10530A8D|Heading|-3.1203|PCTargetID|40001ABC|PosX|100.4605|PosY|111.9559|PosZ|0.0300|Status|0|3b3ee84a5b2536ab
00|2025-12-13T16:45:21.0000000+08:00|0839||选用“解除限制”参加任务， 打倒怪物之后将不会获得经验值或掉落道具以及精炼度。|21b7727d0cb16160
00|2025-12-13T16:45:21.0000000+08:00|0839||当前任务会随着每次挑战失败而逐渐对队员进行强化。|b44b63759373ba9f
21|2025-12-13T16:45:24.0890000+08:00|10530A8D|小祥客服|8D3|天之印|10530A8D|小祥客服|100000E|1F08000|0|0|0|0|0|0|0|0|0|0|0|0|0|0|145489|145489|10000|10000|||100.45|111.43|0.03|-3.12|145489|145489|10000|10000|||100.45|111.43|0.03|-3.12|00001CCB|0|1|00||01|8D3|8D3|0.350|0108|5a06996f62d73a1e
264|2025-12-13T16:45:24.0890000+08:00|10530A8D|08D3|00001CCB|0||||-3.116|10530A8D|bf44f268c2678e45
38|2025-12-13T16:45:24.0890000+08:00|10530A8D|小祥客服|0064641E|145489|145489|10000|10000|0||100.45|111.43|0.03|-3.12|0|0|0|0101F0|40C00000|10530A8D|d22c9b680f81cd82
26|2025-12-13T16:45:24.0890000+08:00|1F0|结印|6.00|10530A8D|小祥客服|10530A8D|小祥客服|01|145489|145489|4445f066bfd70a62
21|2025-12-13T16:45:24.5800000+08:00|10530A8D|小祥客服|4976|地之印|10530A8D|小祥客服|900000E|1F08000|0|0|0|0|0|0|0|0|0|0|0|0|0|0|145489|145489|10000|10000|||100.45|111.43|0.03|-3.12|145489|145489|10000|10000|||100.45|111.43|0.03|-3.12|00001CCC|0|1|00||01|4976|4976|0.350|0108|20de5d3950dc2724
264|2025-12-13T16:45:24.5800000+08:00|10530A8D|4976|00001CCC|0||||-3.116|10530A8D|acce9d93e2f57b89
38|2025-12-13T16:45:24.5800000+08:00|10530A8D|小祥客服|0064641E|145489|145489|10000|10000|0||100.45|111.43|0.03|-3.12|0|0|0|0901F0|40B049B8|10530A8D|efa45df3fe9f7842
26|2025-12-13T16:45:24.5800000+08:00|1F0|结印|5.51|10530A8D|小祥客服|10530A8D|小祥客服|09|145489|145489|f85af96828d3dc26
21|2025-12-13T16:45:25.0710000+08:00|10530A8D|小祥客服|4977|人之印|10530A8D|小祥客服|3900000E|1F08000|0|0|0|0|0|0|0|0|0|0|0|0|0|0|145489|145489|10000|10000|||100.45|111.43|0.03|-3.12|145489|145489|10000|10000|||100.45|111.43|0.03|-3.12|00001CCD|0|1|00||01|4977|4977|0.350|0108|f57a833f751cd443
264|2025-12-13T16:45:25.0710000+08:00|10530A8D|4977|00001CCD|0||||-3.116|10530A8D|545be07337fd36be
38|2025-12-13T16:45:25.0710000+08:00|10530A8D|小祥客服|0064641E|145489|145489|10000|10000|0||100.45|111.43|0.03|-3.12|0|0|0|3901F0|40A09370|10530A8D|7bcbaff8a6c69db0
26|2025-12-13T16:45:25.0710000+08:00|1F0|结印|5.02|10530A8D|小祥客服|10530A8D|小祥客服|39|145489|145489|bd251ee2cf1aa45c
21|2025-12-13T16:45:25.6070000+08:00|10530A8D|小祥客服|8DF|水遁之术|40001ABC|高贝扎|654003|97D40000|F|F088000|0|0|0|0|0|0|0|0|0|0|0|0|26635080|26635080|10000|10000|||100.00|90.00|0.03|0.00|145489|145489|10000|10000|||100.45|111.43|0.03|-3.12|00001CCE|0|1|00||01|8DF|8DF|0.600|00D8|ebeb3e7c7905628f
264|2025-12-13T16:45:25.6070000+08:00|10530A8D|08DF|00001CCE|0||||-3.121|40001ABC|be97ae82dd772ec5
38|2025-12-13T16:45:25.6070000+08:00|10530A8D|小祥客服|0064641E|145489|145489|10000|10000|0||100.45|111.43|0.03|-3.12|0|0|0|0|0|0|0|0|0|0|0|0|0|0|0|0|0|0|0|0|0|0|0|0|0|0|0|0|0|0|0|0|0|0|0|0|0|0|0|0|0|0|0|0|0|0|0|0|0|0|0|0|0|0|0|0|0|0|0|0|0|0|0|0|0|0|0|0|0|0|0|0|0|0|0|0|0|0|0|0|0|0|0|0|0|0|0|0|0|0|0|0|0|0F08|C1A00000|10530A8D|aeb8cd78fe831e3c
30|2025-12-13T16:45:25.6070000+08:00|1F0|结印|0.00|10530A8D|小祥客服|10530A8D|小祥客服|39|145489|145489|4d405f40743c9c6a
26|2025-12-13T16:45:25.6070000+08:00|F08|忍隐|20.00|10530A8D|小祥客服|10530A8D|小祥客服|00|145489|145489|c2e3fb14f6e3b817
260|2025-12-13T16:45:25.3660000+08:00|1|0|1|0|07377f17b60bb669
38|2025-12-13T16:45:26.0530000+08:00|10530A8D|小祥客服|0064641E|145489|145489|10000|10000|0||100.40|110.12|0.03|-3.09|0|0|0|0|0|0|0|0|0|0|0|0|0|0|0|0|0|0|0|0|0|0|0|0|0|0|0|0|0|0|0|0|0|0|0|0|0|0|0|0|0|0|0|0|0|0|0|0|0|0|0|0|0|0|0|0|0|0|0|0|0|0|0|0|0|0|0|0|0|0|0|0|0|0|0|0|0|0|0|0|0|0|0|0|0|0|0|0|0|0|0|0|0|0F08|C1A00000|10530A8D|f601a63c2e7b0fa1
261|2025-12-13T16:45:26.2630000+08:00|Change|40001ABC|NPCTargetID|10530A8D|4452f099dbf4fe6b
37|2025-12-13T16:45:26.5880000+08:00|40001ABC|高贝扎|00001CCE|26596212||||||100.00|90.00|0.03|0.00|a402c3b2749cab44
37|2025-12-13T16:45:26.5880000+08:00|10530A8D|小祥客服|00001CCE|145489|145489|10000|10000|0||100.19|106.53|0.03|-3.08|1E00|0|0|01|1E000F08|0|41A00000|10530A8D|e28d5c64368260f7
38|2025-12-13T16:45:26.5880000+08:00|10530A8D|小祥客服|0064641E|145489|145489|10000|10000|0||100.19|106.53|0.03|-3.08|0|0|0|0|0|0|0|0|0|0|0|0|0|0|0|0|0|0|0|0|0|0|0|0|0|0|0|0|0|0|0|0|0|0|0|0|0|0|0|0|0|0|0|0|0|0|0|0|0|0|0|0|0|0|0|0|0|0|0|0|0|0|0|0|0|0|0|0|0|0|0|0|0|0|0|0|0|0|0|0|0|0|0|0|0|0|0|0|0|0|0|0|0|0F08|419FA3D7|10530A8D|52fe983277ae8968
267|2025-12-13T16:45:26.6320000+08:00|40001ABC|80034E79|304D|8F5C|4000|0|2|0|0|bf8e1155ae80c760
00|2025-12-13T16:45:26.0000000+08:00|0044|高贝扎|你无法阻止伟大的圣战！|dc9480a15489fd80
260|2025-12-13T16:45:26.3540000+08:00|1|1|0|1|5b7c1e6f8a8e797f
261|2025-12-13T16:45:26.3540000+08:00|Change|10530A8D|Heading|-3.0826|PosX|100.1547|PosY|105.9738|PosZ|0.0300|fe338b164c9c2195
270|2025-12-13T16:45:26.9440000+08:00|40001ABC|0.0119|0000|005A|100.0397|92.0133|0.0305|a4cdc71be1dcc0f1
270|2025-12-13T16:45:27.2560000+08:00|40001ABC|0.0119|0000|005A|100.0702|94.8210|0.0610|49d869d9c4ae07b5
21|2025-12-13T16:45:27.5240000+08:00|10530A8D|小祥客服|8C0|双刃旋|40001ABC|高贝扎|714003|4D800000|53E|9F8000|1B|8C08000|0|0|0|0|0|0|0|0|0|0|26596212|26635080|10000|10000|||100.03|92.99|0.03|0.01|145489|145489|10000|10000|||99.88|101.23|0.03|-3.09|00001CCF|0|1|00||01|8C0|8C0|0.600|FF33|2fde66c6dc43919a
264|2025-12-13T16:45:27.5240000+08:00|10530A8D|08C0|00001CCF|0||||3.122|40001ABC|5044167e03217018
31|2025-12-13T16:45:27.5240000+08:00|10530A8D|5001E|00|00|00|f0393faf05facad1
270|2025-12-13T16:45:27.5690000+08:00|40001ABC|-0.0283|0000|005A|100.0702|94.8210|0.0610|8826cf54adc2676f
21|2025-12-13T16:45:27.6580000+08:00|10530A8D|小祥客服|07|攻击|40001ABC|高贝扎|710003|F2C0000|0|0|0|0|0|0|0|0|0|0|0|0|0|0|26596212|26635080|10000|10000|||100.05|94.24|0.03|0.01|145489|145489|10000|10000|||99.88|101.23|0.03|3.12|00001CD0|0|1|00||01|07|07|0.466|FF11|326ae74b7c358e78
264|2025-12-13T16:45:27.6580000+08:00|10530A8D|0007|00001CD0|0||||3.119|40001ABC|8eabf7c3fd9b4e37
37|2025-12-13T16:45:27.9260000+08:00|40001ABC|高贝扎|00001CCF|26576372||||||100.05|94.56|0.03|-0.01|10bcca62670be340
37|2025-12-13T16:45:28.1940000+08:00|40001ABC|高贝扎|00001CD0|26572488||||||100.05|94.80|0.03|-0.03|d02d48dd47c0054e
21|2025-12-13T16:45:29.6220000+08:00|10530A8D|小祥客服|8C2|绝风|40001ABC|高贝扎|28710003|52CA0000|53E|9F8000|11B|8C28000|0|0|0|0|0|0|0|0|0|0|26572488|26635080|10000|10000|||100.05|94.80|0.03|-0.03|145489|145489|10000|10000|||99.88|101.23|0.03|3.11|00001CD1|0|1|00||01|8C2|8C2|0.600|FEDF|d05ce6bcf9c15c86
264|2025-12-13T16:45:29.6220000+08:00|10530A8D|08C2|00001CD1|0||||3.114|40001ABC|7c1cc19deaff0e88
21|2025-12-13T16:45:29.6220000+08:00|40001ABC|高贝扎|844B|unknown_844b|10530A8D|小祥客服|1|0|0|0|0|0|0|0|0|0|0|0|0|0|0|0|145489|145489|10000|10000|||99.88|101.23|0.03|3.11|26572488|26635080|10000|10000|||100.05|94.80|0.03|-0.03|00001CD2|0|1|00||01|844B|844B|0.100|7ED9|d5605a3927182d35
264|2025-12-13T16:45:29.6220000+08:00|40001ABC|844B|00001CD2|0||||-0.028|10530A8D|05e99effab57a837
31|2025-12-13T16:45:29.6220000+08:00|10530A8D|A001E|00|00|00|77e409fb7e8d6e35
21|2025-12-13T16:45:29.8450000+08:00|10530A8D|小祥客服|07|攻击|40001ABC|高贝扎|710003|F430000|0|0|0|0|0|0|0|0|0|0|0|0|0|0|26572488|26635080|10000|10000|||100.05|94.80|0.03|-0.03|145489|145489|10000|10000|||99.88|101.23|0.03|3.11|00001CD3|0|1|00||01|07|07|0.377|FEE0|e21e77703b9b1657
264|2025-12-13T16:45:29.8450000+08:00|10530A8D|0007|00001CD3|0||||3.114|40001ABC|3a36b3715c6449d1
37|2025-12-13T16:45:30.0230000+08:00|40001ABC|高贝扎|00001CD1|26551294||||||100.05|94.80|0.03|-0.03|3e52c2bfe6e35b08
37|2025-12-13T16:45:30.3800000+08:00|40001ABC|高贝扎|00001CD3|26547387||||||100.05|94.80|0.03|-0.03|fbcf3c9395a1adad
21|2025-12-13T16:45:30.9610000+08:00|10530A8D|小祥客服|905D|介毒之术|40001ABC|高贝扎|710003|4E230000|5050E|F090000|3D|0|283E|9F8000|F|F0A8000|0|0|0|0|0|0|26547387|26635080|10000|10000|||100.05|94.80|0.03|-0.03|145489|145489|10000|10000|||99.88|101.23|0.03|3.11|00001CD4|0|1|00||01|905D|905D|0.600|FEDF|6344f548cae2df9e
264|2025-12-13T16:45:30.9610000+08:00|10530A8D|905D|00001CD4|0||||3.114|40001ABC|61208a0519a7ab2c
38|2025-12-13T16:45:30.9610000+08:00|10530A8D|小祥客服|0064641E|145489|145489|10000|10000|0||99.88|101.23|0.03|3.11|0|0|0|0|0|0|0|0|0|0|0|0|0|0|0|0|0|0|0|0|0|0|0|0|0|0|0|0|0|0|0|0|0|0|0|0|0|0|0|0|0|0|0|0|0|0|0|0|0|0|0|0|0|0|0|0|0|0|0|0|0|0|0|0|0|0|0|0|0|0|0|0|0|0|0|0|0|0|0|0|0|0|0|0|0|0|0|0|0|0|0|0|0|0F08|41794FC6|10530A8D|0F0A|C1F00000|10530A8D|d27b29e6306f397c
26|2025-12-13T16:45:30.9610000+08:00|F0A|秘技预备|30.00|10530A8D|小祥客服|10530A8D|小祥客服|00|145489|145489|41d8e98fe55612c5
38|2025-12-13T16:45:30.9610000+08:00|40001ABC|高贝扎|005A5A00|26547387|26635080|10000|10000|0||100.05|94.80|0.03|-0.03|0|0|0|0F09|C1A00000|10530A8D|aafe6e5e6dcf3b7f
26|2025-12-13T16:45:30.9610000+08:00|F09|介毒之术|20.00|10530A8D|小祥客服|40001ABC|高贝扎|00|26635080|145489|d6065cae6095b3c7
31|2025-12-13T16:45:30.9610000+08:00|10530A8D|32001E|00|00|00|62f80fa1c6e56959
267|2025-12-13T16:45:31.6750000+08:00|40001ABC|80034E79|304D|8F5D|4000|0|2|0|0|43a02362d9c6aaf7
00|2025-12-13T16:45:31.0000000+08:00|0044|高贝扎|我会跨过你的尸体，完成最终的救赎！|cdfe082b06359f9b
21|2025-12-13T16:45:31.7200000+08:00|10530A8D|小祥客服|8D3|天之印|10530A8D|小祥客服|100000E|1F08000|0|0|0|0|0|0|0|0|0|0|0|0|0|0|145489|145489|10000|10000|||99.88|101.23|0.03|3.11|145489|145489|10000|10000|||99.88|101.23|0.03|3.11|00001CD5|0|1|00||01|8D3|8D3|0.350|FEDF|e15621170ab7ff8a
264|2025-12-13T16:45:31.7200000+08:00|10530A8D|08D3|00001CD5|0||||3.114|10530A8D|fc6f90a7ceb8066c
38|2025-12-13T16:45:31.7200000+08:00|10530A8D|小祥客服|0064641E|145489|145489|10000|10000|0||99.88|101.23|0.03|3.11|0|0|0|0101F0|40C00000|10530A8D|0|0|0|0|0|0|0|0|0|0|0|0|0|0|0|0|0|0|0|0|0|0|0|0|0|0|0|0|0|0|0|0|0|0|0|0|0|0|0|0|0|0|0|0|0|0|0|0|0|0|0|0|0|0|0|0|0|0|0|0|0|0|0|0|0|0|0|0|0|0|0|0|0|0|0|0|0|0|0|0|0|0|0|0|0|0|0|0F08|416D2AEA|10530A8D|0F0A|C1F00000|10530A8D|2bef630f01b21982
26|2025-12-13T16:45:31.7200000+08:00|1F0|结印|6.00|10530A8D|小祥客服|10530A8D|小祥客服|01|145489|145489|448c22f92a5991a7
37|2025-12-13T16:45:31.8540000+08:00|10530A8D|小祥客服|00001CD5|145489|145489|10000|10000|0||99.88|101.23|0.03|3.11|1E00|0|0|01|1F000F0A|0|C1F00000|10530A8D|7f19168c7b836535
37|2025-12-13T16:45:32.0330000+08:00|40001ABC|高贝扎|00001CD4|26527384|26635080|10000|10000|0||100.05|94.80|0.03|-0.03|0|0|0|01|0F09|0|41A00000|10530A8D|dcc9a252064c66e8
37|2025-12-13T16:45:32.0330000+08:00|10530A8D|小祥客服|00001CD4|145489|145489|10000|10000|0||99.88|101.23|0.03|3.11|1E00|0|0|01|1F000F0A|0|41F00000|10530A8D|0d728eb8faed3d5b
21|2025-12-13T16:45:32.0330000+08:00|10530A8D|小祥客服|07|攻击|40001ABC|高贝扎|714003|13BC0000|0|0|0|0|0|0|0|0|0|0|0|0|0|0|26547387|26635080|10000|10000|||100.05|94.80|0.03|-0.03|145489|145489|10000|10000|||99.88|101.23|0.03|3.11|00001CD6|0|1|00||01|07|07|0.100|FEDF|4cc5e6534d563efd
264|2025-12-13T16:45:32.0330000+08:00|10530A8D|0007|00001CD6|0||||3.114|40001ABC|b89d292ae377f29e
38|2025-12-13T16:45:32.0330000+08:00|10530A8D|小祥客服|0064641E|145489|145489|10000|10000|0||99.88|101.23|0.03|3.11|0|0|0|0101F0|40B5FBE6|10530A8D|0|0|0|0|0|0|0|0|0|0|0|0|0|0|0|0|0|0|0|0|0|0|0|0|0|0|0|0|0|0|0|0|0|0|0|0|0|0|0|0|0|0|0|0|0|0|0|0|0|0|0|0|0|0|0|0|0|0|0|0|0|0|0|0|0|0|0|0|0|0|0|0|0|0|0|0|0|0|0|0|0|0|0|0|0|0|0|0F08|416828DE|10530A8D|0F0A|41EFA3D7|10530A8D|76988016e9d71dbc
38|2025-12-13T16:45:32.0330000+08:00|40001ABC|高贝扎|005A5A00|26527384|26635080|10000|10000|0||100.05|94.80|0.03|-0.03|0|0|0|0F09|419FA3D7|10530A8D|b508ee147345edde
21|2025-12-13T16:45:32.2560000+08:00|10530A8D|小祥客服|4976|地之印|10530A8D|小祥客服|900000E|1F08000|0|0|0|0|0|0|0|0|0|0|0|0|0|0|145489|145489|10000|10000|||99.88|101.23|0.03|3.11|145489|145489|10000|10000|||99.88|101.23|0.03|3.11|00001CD7|0|1|00||01|4976|4976|0.350|FEDF|5a70e6b0750f0bc5
264|2025-12-13T16:45:32.2560000+08:00|10530A8D|4976|00001CD7|0||||3.114|10530A8D|240bc6c269858d0a
38|2025-12-13T16:45:32.2560000+08:00|10530A8D|小祥客服|0064641E|145489|145489|10000|10000|0||99.88|101.23|0.03|3.11|0|0|0|0901F0|40AED914|10530A8D|0|0|0|0|0|0|0|0|0|0|0|0|0|0|0|0|0|0|0|0|0|0|0|0|0|0|0|0|0|0|0|0|0|0|0|0|0|0|0|0|0|0|0|0|0|0|0|0|0|0|0|0|0|0|0|0|0|0|0|0|0|0|0|0|0|0|0|0|0|0|0|0|0|0|0|0|0|0|0|0|0|0|0|0|0|0|0|0F08|41649776|10530A8D|0F0A|41EDDB22|10530A8D|b209ebe27c7dd946
26|2025-12-13T16:45:32.2560000+08:00|1F0|结印|5.46|10530A8D|小祥客服|10530A8D|小祥客服|09|145489|145489|80e3b06a26059745
37|2025-12-13T16:45:32.5680000+08:00|40001ABC|高贝扎|00001CD6|26522332||||||100.05|94.80|0.03|-0.03|94fbb5990e052f6b
21|2025-12-13T16:45:32.6580000+08:00|40001ABC|高贝扎|844B|unknown_844b|10530A8D|小祥客服|750003|5EF00000|1B|844B8000|0|0|0|0|0|0|0|0|0|0|0|0|145489|145489|10000|10000|||99.88|101.23|0.03|3.11|26527384|26635080|10000|10000|||100.05|94.80|0.03|-0.03|00001CD8|0|1|00||01|844B|844B|0.100|7ED9|55c9bade38e65bd6
264|2025-12-13T16:45:32.6580000+08:00|40001ABC|844B|00001CD8|0||||-0.028|10530A8D|9c1132106712472c
21|2025-12-13T16:45:32.7470000+08:00|10530A8D|小祥客服|8DB|雷遁之术|40001ABC|高贝扎|554003|C3A50000|100000F|A828000|0|0|0|0|0|0|0|0|0|0|0|0|26522332|26635080|10000|10000|||100.05|94.80|0.03|-0.03|145489|145489|10000|10000|||99.88|101.23|0.03|3.11|00001CD9|0|1|00||01|8DB|8DB|0.600|FEDF|282519fd698ac99c
264|2025-12-13T16:45:32.7470000+08:00|10530A8D|08DB|00001CD9|0||||3.114|40001ABC|f17f86e08da885ae
38|2025-12-13T16:45:32.7470000+08:00|10530A8D|小祥客服|0064641E|145489|145489|10000|10000|0||99.88|101.23|0.03|3.11|0|0|0|0|0|0|0|0|0|0|0|0|0|0|0|0|0|0|0|0|0|0|0|0|0|0|0|0|0|0|0|0|0|0|0|0|0|0|0|0|0|0|0|0|0|0|0|0|0|0|0|0|0|0|0|0|0|0|0|0|0|0|0|0|0|0|0|0|0|0|0|0|0|0|0|0|0|0|0|0|0|0|0|0|0|0|0|0|0|0|0|0|0|0F08|415CBC54|10530A8D|0F0A|41E9ED8F|10530A8D|010A82|C1F00000|10530A8D|79ae0782f416193f
30|2025-12-13T16:45:32.7470000+08:00|1F0|结印|0.00|10530A8D|小祥客服|10530A8D|小祥客服|09|145489|145489|9c9fbbfb00580c3f
26|2025-12-13T16:45:32.7470000+08:00|A82|月影雷兽预备|30.00|10530A8D|小祥客服|10530A8D|小祥客服|01|145489|145489|af7a1996fd24c53a
21|2025-12-13T16:45:33.4170000+08:00|10530A8D|小祥客服|406D|分身之术|10530A8D|小祥客服|3E|9D8000|500000F|7A28000|F|AA38000|0|0|0|0|0|0|0|0|0|0|145489|145489|10000|10000|||99.88|101.23|0.03|3.11|145489|145489|10000|10000|||99.88|101.23|0.03|3.11|00001CDA|0|1|00||01|406D|406D|0.600|FEDF|a3dfc89422a38ebf
264|2025-12-13T16:45:33.4170000+08:00|10530A8D|406D|00001CDA|0||||3.114|10530A8D|0fdfb63fb2fc0637
38|2025-12-13T16:45:33.4170000+08:00|10530A8D|小祥客服|0064641E|145489|145489|10000|10000|0||99.88|101.23|0.03|3.11|0|0|0|0|0|0|0|0|0|0|0|0|0|0|0|0|0|0|0|0|0|0|0|0|0|0|0|0|0|0|0|0|0|0|0|0|0|0|0|0|0|0|0|0|0|0|0|0|0|0|0|0|0|0|0|0|0|0|0|0|0|0|0|0|0|0|0|0|0|0|0|0|0|0|0|0|0|0|0|0|0|0|0|0|0|0|0|0|0|0|0|0|0|0F08|41520403|10530A8D|0F0A|41E49164|10530A8D|010A82|C1F00000|10530A8D|0507A2|C1F00000|10530A8D|0AA3|C2340000|10530A8D|259e53a7abf3d997
26|2025-12-13T16:45:33.4170000+08:00|7A2|分身之术|30.00|10530A8D|小祥客服|10530A8D|小祥客服|05|145489|145489|896499ba9ffa339b
26|2025-12-13T16:45:33.4170000+08:00|AA3|残影镰鼬预备|45.00|10530A8D|小祥客服|10530A8D|小祥客服|00|145489|145489|81ec90350a24574d
31|2025-12-13T16:45:33.4170000+08:00|10530A8D|1E|00|00|00|eff19b2b3a055093
38|2025-12-13T16:45:33.4620000+08:00|40001AD6||00646400|145078|145078|10000|10000|0||||||0|0|0|06c694d5566bbd36
37|2025-12-13T16:45:33.4620000+08:00|40001ABC|高贝扎|00001CD9|26472247||||||100.05|94.80|0.03|-0.03|c143bf9fdf7640b7
37|2025-12-13T16:45:33.4620000+08:00|10530A8D|小祥客服|00001CD9|145489|145489|10000|10000|0||99.88|101.23|0.03|3.11|1E00|0|0|03|20000A82|01|41F00000|10530A8D|210007A2|05|C1F00000|10530A8D|22000AA3|0|C2340000|10530A8D|a67d063a5c067104
38|2025-12-13T16:45:33.4620000+08:00|10530A8D|小祥客服|0064641E|145489|145489|10000|10000|0||99.88|101.23|0.03|3.11|0|0|0|0|0|0|0|0|0|0|0|0|0|0|0|0|0|0|0|0|0|0|0|0|0|0|0|0|0|0|0|0|0|0|0|0|0|0|0|0|0|0|0|0|0|0|0|0|0|0|0|0|0|0|0|0|0|0|0|0|0|0|0|0|0|0|0|0|0|0|0|0|0|0|0|0|0|0|0|0|0|0|0|0|0|0|0|0|0|0|0|0|0|0F08|41514799|10530A8D|0F0A|41E4332F|10530A8D|010A82|41EFA1CB|10530A8D|0507A2|C1F00000|10530A8D|0AA3|C2340000|10530A8D|e79d9f871c05e604
37|2025-12-13T16:45:33.8190000+08:00|10530A8D|小祥客服|00001CD8|121185|145489|10000|10000|0||99.88|101.23|0.03|3.11|1E00|0|0|02|210007A2|05|C1F00000|10530A8D|22000AA3|0|C2340000|10530A8D|85bd99ff0790d74c
272|2025-12-13T16:45:33.8190000+08:00|40001AD6|E0000000|0000|00|544ccf2a98b35450
261|2025-12-13T16:45:33.3310000+08:00|Add|40001AD6|BNpcID|2A91|BNpcNameID|2079|CastTargetID|E0000000|CurrentMP|10000|CurrentWorldID|65535|Heading|-0.0276|Level|100|MaxHP|145078|MaxMP|10000|ModelStatus|3072|Name|分身|NPCTargetID|40001ABC|OwnerID|10530A8D|PosX|99.9260|PosY|99.4345|PosZ|0.0300|Radius|0.5000|Type|2|WorldID|65535|05315c54e89d07f6
03|2025-12-13T16:45:33.3310000+08:00|40001AD6|分身|00|64|10530A8D|00||8313|10897|145078|145078|10000|10000|||99.93|99.43|0.03|-0.03|43d373fbc7efda13
37|2025-12-13T16:45:34.1770000+08:00|10530A8D|小祥客服|00001CDA|121185|145489|10000|10000|0||99.88|101.23|0.03|3.11|1E00|0|0|02|210007A2|05|41F00000|10530A8D|22000AA3|0|42340000|10530A8D|544739280c7b6024
38|2025-12-13T16:45:34.1770000+08:00|10530A8D|小祥客服|0064641E|121185|145489|10000|10000|0||99.88|101.23|0.03|3.11|0|0|0|0|0|0|0|0|0|0|0|0|0|0|0|0|0|0|0|0|0|0|0|0|0|0|0|0|0|0|0|0|0|0|0|0|0|0|0|0|0|0|0|0|0|0|0|0|0|0|0|0|0|0|0|0|0|0|0|0|0|0|0|0|0|0|0|0|0|0|0|0|0|0|0|0|0|0|0|0|0|0|0|0|0|0|0|0|0|0|0|0|0|0F08|4145DB0F|10530A8D|0F0A|41DE7CE7|10530A8D|010A82|41E9EB83|10530A8D|0507A2|41EFA3D7|10530A8D|0AA3|4233D1EC|10530A8D|1379ee38994855ab
21|2025-12-13T16:45:34.2220000+08:00|10530A8D|小祥客服|64AE|残影镰鼬|40001ABC|高贝扎|53E|9F8000|0|0|0|0|0|0|0|0|0|0|0|0|0|0|26472247|26635080|10000|10000|||100.05|94.80|0.03|-0.03|121185|145489|10000|10000|||99.88|101.23|0.03|3.11|00001CDB|0|1|00||01|64AE|64AE|0.600|FEDF|b4b4c99b2b9cc150
264|2025-12-13T16:45:34.2220000+08:00|10530A8D|64AE|00001CDB|0||||3.114|40001ABC|501933e045141923
21|2025-12-13T16:45:34.2220000+08:00|10530A8D|小祥客服|07|攻击|40001ABC|高贝扎|714003|14940000|0|0|0|0|0|0|0|0|0|0|0|0|0|0|26472247|26635080|10000|10000|||100.05|94.80|0.03|-0.03|121185|145489|10000|10000|||99.88|101.23|0.03|3.11|00001CDC|0|1|00||01|07|07|0.600|FEDF|71351e64d619bafa
264|2025-12-13T16:45:34.2220000+08:00|10530A8D|0007|00001CDC|0||||3.114|40001ABC|7ce89910de659792
38|2025-12-13T16:45:34.2220000+08:00|10530A8D|小祥客服|0064641E|121185|145489|10000|10000|0||99.88|101.23|0.03|3.11|0|0|0|0|0|0|0|0|0|0|0|0|0|0|0|0|0|0|0|0|0|0|0|0|0|0|0|0|0|0|0|0|0|0|0|0|0|0|0|0|0|0|0|0|0|0|0|0|0|0|0|0|0|0|0|0|0|0|0|0|0|0|0|0|0|0|0|0|0|0|0|0|0|0|0|0|0|0|0|0|0|0|0|0|0|0|0|0|0|0|0|0|0|0F08|414526D6|10530A8D|0F0A|41DE22CA|10530A8D|010A82|41E99166|10530A8D|0507A2|41EF49BA|10530A8D|c46832971589855b
30|2025-12-13T16:45:34.2220000+08:00|AA3|残影镰鼬预备|0.00|10530A8D|小祥客服|10530A8D|小祥客服|00|145489|145489|c9a5599c4acd6d15
31|2025-12-13T16:45:34.2220000+08:00|10530A8D|5001E|00|00|00|c961862a8a3e1691
271|2025-12-13T16:45:34.2220000+08:00|40001AD6|3.1139|00|00|99.8765|101.2338|0.0300|60386ab1138ca000
21|2025-12-13T16:45:34.3110000+08:00|40001AD6|分身|64AF|残影镰鼬|40001ABC|高贝扎|354003|BCDE0000|53E|9F8000|1B|64AF8000|0|0|0|0|0|0|0|0|0|0|26472247|26635080|10000|10000|||100.05|94.80|0.03|-0.03|145078|145078|10000|10000|||99.88|101.23|0.03|3.11|00001CDD|0|1|10530A8D|小祥客服|01|64AF|64AF|2.433|FED8|c5ee8567391981df
264|2025-12-13T16:45:34.3110000+08:00|40001AD6|64AF|00001CDD|0||||3.113|40001ABC|1b8b0e1d6704d1bc
31|2025-12-13T16:45:34.3110000+08:00|10530A8D|A001E|00|00|00|784b8ffa79dd57c3
37|2025-12-13T16:45:34.7570000+08:00|40001ABC|高贝扎|00001CDC|26466979||||||100.05|94.80|0.03|-0.03|da3dafaf5f2cc814
270|2025-12-13T16:45:34.7570000+08:00|40001AD6|3.1132|0000|0000|99.8871|101.2299|0.1831|1bfade4a1e8fe7e7
21|2025-12-13T16:45:34.8920000+08:00|10530A8D|小祥客服|905E|百雷铳|40001ABC|高贝扎|710003|95260000|A0E|F420000|0|0|0|0|0|0|0|0|0|0|0|0|26466979|26635080|10000|10000|||100.05|94.80|0.03|-0.03|121185|145489|10000|10000|||99.88|101.23|0.03|3.11|00001CDE|0|1|00||01|905E|905E|0.600|FEDF|42baa949dc3b02e6
264|2025-12-13T16:45:34.8920000+08:00|10530A8D|905E|00001CDE|0||||3.114|40001ABC|c02c804648c05ea6
38|2025-12-13T16:45:34.8920000+08:00|10530A8D|小祥客服|0064641E|121185|145489|10000|10000|0||99.88|101.23|0.03|3.11|0|0|0|0|0|0|0|0|0|0|0|0|0|0|0|0|0|0|0|0|0|0|0|0|0|0|0|0|0|0|0|0|0|0|0|0|0|0|0|0|0|0|0|0|0|0|0|0|0|0|0|0|0|0|0|0|0|0|0|0|0|0|0|0|0|0|0|0|0|0|0|0|0|0|0|0|0|0|0|0|0|0|0|0|0|0|0|0|0|0|0|0|0|0|0|0|0F0A|41D8C493|10530A8D|010A82|41E4332F|10530A8D|0507A2|41E9EB83|10530A8D|6acf95d0a7929761
30|2025-12-13T16:45:34.8920000+08:00|F08|忍隐|0.00|10530A8D|小祥客服|10530A8D|小祥客服|00|145489|145489|1a343ca17432e505
38|2025-12-13T16:45:34.8920000+08:00|40001ABC|高贝扎|005A5A00|26466979|26635080|10000|10000|0||100.05|94.80|0.03|-0.03|0|0|0|0F09|4188C493|10530A8D|0F42|C1700000|10530A8D|8bc742790715ffaf
26|2025-12-13T16:45:34.8920000+08:00|F42|百雷铳|15.00|10530A8D|小祥客服|40001ABC|高贝扎|00|26635080|145489|f257db2364db871c
261|2025-12-13T16:45:34.7550000+08:00|Change|10530A8D|Heading|-3.0742|PosX|99.8503|PosY|100.8709|PosZ|0.0300|ede1fdf60ad35f54
21|2025-12-13T16:45:35.6950000+08:00|40001ABC|高贝扎|844B|unknown_844b|10530A8D|小祥客服|750003|5E000000|1B|844B8000|0|0|0|0|0|0|0|0|0|0|0|0|121185|145489|10000|10000|||99.82|100.39|0.03|-3.08|26466979|26635080|10000|10000|||100.05|94.80|0.03|-0.03|00001CDF|0|1|00||01|844B|844B|0.100|7E45|e9e572bb74c2d037
264|2025-12-13T16:45:35.6950000+08:00|40001ABC|844B|00001CDF|0||||-0.042|10530A8D|a1a9733b8e94b115
37|2025-12-13T16:45:35.8740000+08:00|40001ABC|高贝扎|00001CDD|26418629|26635080|10000|10000|0||100.05|94.80|0.03|-0.04|0|0|0|01|01000F42|0|C1700000|10530A8D|2b519c832580265f
37|2025-12-13T16:45:36.1860000+08:00|40001ABC|高贝扎|00001CDE|26380447|26635080|10000|10000|0||100.05|94.80|0.03|-0.04|0|0|0|01|01000F42|0|41700000|10530A8D|748430ff080b0f13
38|2025-12-13T16:45:36.1860000+08:00|40001ABC|高贝扎|005A5A00|26380447|26635080|10000|10000|0||100.05|94.80|0.03|-0.04|0|0|0|0F09|417CD0CE|10530A8D|0F42|416F47AE|10530A8D|b558179c009ebf91
21|2025-12-13T16:45:36.3650000+08:00|10530A8D|小祥客服|64B2|月影雷兽牙|40001ABC|高贝扎|550003|A77F0000|53E|9F8000|0|0|0|0|0|0|0|0|0|0|0|0|26380447|26635080|10000|10000|||100.05|94.80|0.03|-0.04|121185|145489|10000|10000|||99.82|100.39|0.03|-3.08|00001CE0|0|1|00||01|64B2|64B2|0.600|FE4D|186c97e6e492c68d
264|2025-12-13T16:45:36.3650000+08:00|10530A8D|64B2|00001CE0|0||||3.100|40001ABC|2c33a6f6d1435f0d
271|2025-12-13T16:45:36.3650000+08:00|40001AD6|3.0999|00|00|99.8214|100.3908|0.0300|9d2ca54bfe8b512b
38|2025-12-13T16:45:36.3650000+08:00|10530A8D|小祥客服|0064641E|121185|145489|10000|10000|0||99.82|100.39|0.03|3.10|0|0|0|0|0|0|0|0|0|0|0|0|0|0|0|0|0|0|0|0|0|0|0|0|0|0|0|0|0|0|0|0|0|0|0|0|0|0|0|0|0|0|0|0|0|0|0|0|0|0|0|0|0|0|0|0|0|0|0|0|0|0|0|0|0|0|0|0|0|0|0|0|0|0|0|0|0|0|0|0|0|0|0|0|0|0|0|0|0|0|0|0|0|0|0|0|0F0A|41CCFBDA|10530A8D|0|0|0|0407A2|41DE22CA|10530A8D|f50f9ddc68c3d4cb
30|2025-12-13T16:45:36.3650000+08:00|A82|月影雷兽预备|0.00|10530A8D|小祥客服|10530A8D|小祥客服|01|145489|145489|0c912024731828f5
26|2025-12-13T16:45:36.3650000+08:00|7A2|分身之术|27.77|10530A8D|小祥客服|10530A8D|小祥客服|04|145489|145489|b2817120bcbeeb15
31|2025-12-13T16:45:36.3650000+08:00|10530A8D|F001E|00|00|00|3d0d2f4b493b9bdd
261|2025-12-13T16:45:35.7840000+08:00|Change|40001AD6|Heading|3.1000|ModelStatus|0|PCTargetID|40001ABC|PosX|99.8214|PosY|100.3908|7099ca3100994064
21|2025-12-13T16:45:36.4100000+08:00|10530A8D|小祥客服|07|攻击|40001ABC|高贝扎|714003|15C00000|0|0|0|0|0|0|0|0|0|0|0|0|0|0|26380447|26635080|10000|10000|||100.05|94.80|0.03|-0.04|121185|145489|10000|10000|||99.82|100.39|0.03|3.10|00001CE1|0|1|00||01|07|07|0.556|FE4E|a7b036b08f6cd9f0
264|2025-12-13T16:45:36.4100000+08:00|10530A8D|0007|00001CE1|0||||3.100|40001ABC|64f69233e4a4099a
21|2025-12-13T16:45:36.4550000+08:00|40001AD6|分身|6517|月影雷兽牙|40001ABC|高贝扎|550003|258F0000|53E|9F8000|1B|65178000|0|0|0|0|0|0|0|0|0|0|26380447|26635080|10000|10000|||100.05|94.80|0.03|-0.04|145078|145078|10000|10000|||99.82|100.39|0.03|3.10|00001CE2|0|1|10530A8D|小祥客服|01|6517|6517|2.366|FE4D|40a6cef4865d0a82
264|2025-12-13T16:45:36.4550000+08:00|40001AD6|6517|00001CE2|0||||3.100|40001ABC|e3b238ac6037720e
31|2025-12-13T16:45:36.4550000+08:00|10530A8D|14001E|00|00|00|78f02b78b409a9ce
39|2025-12-13T16:45:36.5440000+08:00|10530A8D|小祥客服|122639|145489|10000|10000|||99.82|100.39|0.03|3.10|65ec825eb729a79e
21|2025-12-13T16:45:36.8110000+08:00|40001ABC|高贝扎|84B8|unknown_84b8|E0000000||0|0|0|0|0|0|0|0|0|0|0|0|0|0|0|0|||||||||||26380447|26635080|10000|10000|||100.05|94.80|0.03|-0.04|00001CE3|0|0|00||01|84B8|84B8|2.100|7F8B|4d3b7d79ec072068
264|2025-12-13T16:45:36.8110000+08:00|40001ABC|84B8|00001CE3|1|100.009|100.009|0.000|-0.011|E0000000|e156de1ca6ab642d
37|2025-12-13T16:45:36.8560000+08:00|10530A8D|小祥客服|00001CDF|98575||||||99.82|100.39|0.03|3.10|bab2cde2c16120f1
37|2025-12-13T16:45:36.9450000+08:00|40001ABC|高贝扎|00001CE1|26374879||||||100.05|94.80|0.03|-0.04|6ab2c0483d130d14
21|2025-12-13T16:45:37.0350000+08:00|10530A8D|小祥客服|8D8|生杀予夺|10530A8D|小祥客服|1E0E|1F10000|0|0|0|0|0|0|0|0|0|0|0|0|0|0|98575|145489|10000|10000|||99.86|100.42|0.03|3.00|98575|145489|10000|10000|||99.86|100.42|0.03|3.00|00001CE4|0|1|00||01|8D8|8D8|0.600|FE4D|15d421c50280021b
264|2025-12-13T16:45:37.0350000+08:00|10530A8D|08D8|00001CE4|0||||3.100|10530A8D|cfe986618b1bba70
38|2025-12-13T16:45:37.0350000+08:00|10530A8D|小祥客服|0064641E|98575|145489|10000|10000|0||99.86|100.42|0.03|3.00|0|0|0|01F1|C1700000|10530A8D|0|0|0|0|0|0|0|0|0|0|0|0|0|0|0|0|0|0|0|0|0|0|0|0|0|0|0|0|0|0|0|0|0|0|0|0|0|0|0|0|0|0|0|0|0|0|0|0|0|0|0|0|0|0|0|0|0|0|0|0|0|0|0|0|0|0|0|0|0|0|0|0|0|0|0|0|0|0|0|0|0|0|0|0|0|0|0|0|0|0|0F0A|41C79FAF|10530A8D|0|0|0|0407A2|41D8C69F|10530A8D|e75b775666d1ca86
26|2025-12-13T16:45:37.0350000+08:00|1F1|生杀予夺|15.00|10530A8D|小祥客服|10530A8D|小祥客服|00|145489|145489|02cb731a6ad2798f
37|2025-12-13T16:45:37.1240000+08:00|40001ABC|高贝扎|00001CE0|26332000||||||100.05|94.80|0.03|-0.04|17583f251dc09c7d
37|2025-12-13T16:45:37.1240000+08:00|10530A8D|小祥客服|00001CE0|98575|145489|10000|10000|0||99.96|100.47|0.03|2.35|1E00|0|0|01|01F1|0|C1700000|10530A8D|23c5b36313bd0cb4
37|2025-12-13T16:45:37.2140000+08:00|40001ABC|高贝扎|00001CE2|26322385||||||100.05|94.80|0.03|-0.04|0fb48e0293680ab3
261|2025-12-13T16:45:37.1260000+08:00|Change|40001ABC|Heading|-0.0112|PCTargetID|10530A8D|PosX|100.0425|PosY|95.7300|PosZ|0.0299|71284f8b7340d315
270|2025-12-13T16:45:37.8390000+08:00|40001ABC|-0.0112|0000|005A|100.0092|100.0092|0.1831|de8b41b434b038ab
37|2025-12-13T16:45:38.0170000+08:00|10530A8D|小祥客服|00001CE4|98575|145489|10000|10000|0||99.96|100.47|0.03|1.61|1E00|0|0|01|01F1|0|41700000|10530A8D|3abcbce703f01613
38|2025-12-13T16:45:38.0170000+08:00|10530A8D|小祥客服|0064641E|98575|145489|10000|10000|0||99.96|100.47|0.03|1.61|0|0|0|01F1|416F4BC7|10530A8D|0|0|0|0|0|0|0|0|0|0|0|0|0|0|0|0|0|0|0|0|0|0|0|0|0|0|0|0|0|0|0|0|0|0|0|0|0|0|0|0|0|0|0|0|0|0|0|0|0|0|0|0|0|0|0|0|0|0|0|0|0|0|0|0|0|0|0|0|0|0|0|0|0|0|0|0|0|0|0|0|0|0|0|0|0|0|0|0|0|0|0F0A|41BFC489|10530A8D|0|0|0|0407A2|41D0EB79|10530A8D|cd94fce970733f46
21|2025-12-13T16:45:38.4640000+08:00|10530A8D|小祥客服|4975|天之印|10530A8D|小祥客服|100000E|1F08000|0|0|0|0|0|0|0|0|0|0|0|0|0|0|98575|145489|10000|10000|||99.96|100.47|0.03|1.61|98575|145489|10000|10000|||99.96|100.47|0.03|1.61|00001CE5|0|1|00||01|4975|4975|0.350|C1B7|64ef09d579025cbe
264|2025-12-13T16:45:38.4640000+08:00|10530A8D|4975|00001CE5|0||||1.613|10530A8D|9c71d896be2717d7
38|2025-12-13T16:45:38.4640000+08:00|10530A8D|小祥客服|0064641E|98575|145489|10000|10000|0||99.96|100.47|0.03|1.61|0|0|0|01F1|416824DE|10530A8D|0101F0|40C00000|10530A8D|0|0|0|0|0|0|0|0|0|0|0|0|0|0|0|0|0|0|0|0|0|0|0|0|0|0|0|0|0|0|0|0|0|0|0|0|0|0|0|0|0|0|0|0|0|0|0|0|0|0|0|0|0|0|0|0|0|0|0|0|0|0|0|0|0|0|0|0|0|0|0|0|0|0|0|0|0|0|0|0|0|0|0|0|0|0|0|0F0A|41BC3113|10530A8D|0|0|0|0407A2|41CD5803|10530A8D|6d729b4176cacf92
26|2025-12-13T16:45:38.4640000+08:00|1F0|结印|6.00|10530A8D|小祥客服|10530A8D|小祥客服|01|145489|145489|27d5d31e196b8d93
21|2025-12-13T16:45:38.5970000+08:00|10530A8D|小祥客服|07|攻击|40001ABC|高贝扎|710003|11B70000|0|0|0|0|0|0|0|0|0|0|0|0|0|0|26322385|26635080|10000|10000|||99.99|99.99|0.03|-0.01|98575|145489|10000|10000|||99.96|100.47|0.03|1.61|00001CE6|0|1|00||01|07|07|0.216|C1B7|e2c97358f0e671b3
264|2025-12-13T16:45:38.5970000+08:00|10530A8D|0007|00001CE6|0||||1.613|40001ABC|a5257a162c23073e
21|2025-12-13T16:45:38.9550000+08:00|10530A8D|小祥客服|4977|人之印|10530A8D|小祥客服|D00000E|1F08000|0|0|0|0|0|0|0|0|0|0|0|0|0|0|98575|145489|10000|10000|||99.96|100.47|0.03|1.61|98575|145489|10000|10000|||99.96|100.47|0.03|1.61|00001CE7|0|1|00||01|4977|4977|0.350|C1B7|8eefdc16260fc846
264|2025-12-13T16:45:38.9550000+08:00|10530A8D|4977|00001CE7|0||||1.613|10530A8D|df6d5b6ffec29c3f
38|2025-12-13T16:45:38.9550000+08:00|10530A8D|小祥客服|0064641E|98575|145489|10000|10000|0||99.96|100.47|0.03|1.61|0|0|0|01F1|416049BC|10530A8D|0D01F0|40B049B8|10530A8D|0|0|0|0|0|0|0|0|0|0|0|0|0|0|0|0|0|0|0|0|0|0|0|0|0|0|0|0|0|0|0|0|0|0|0|0|0|0|0|0|0|0|0|0|0|0|0|0|0|0|0|0|0|0|0|0|0|0|0|0|0|0|0|0|0|0|0|0|0|0|0|0|0|0|0|0|0|0|0|0|0|0|0|0|0|0|0|0F0A|41B84380|10530A8D|0|0|0|0407A2|41C96A70|10530A8D|58473e7ad14877ff
26|2025-12-13T16:45:38.9550000+08:00|1F0|结印|5.51|10530A8D|小祥客服|10530A8D|小祥客服|0D|145489|145489|211b299418ab2704
261|2025-12-13T16:45:38.5280000+08:00|Change|40001AD6|ModelStatus|8388608|4759b0693cd1ce0b
270|2025-12-13T16:45:39.0440000+08:00|40001ABC|-2.2480|0000|005A|100.0092|100.0092|0.1831|d4c6762b294012ca
37|2025-12-13T16:45:39.1330000+08:00|40001ABC|高贝扎|00001CE6|26317850||||||99.99|99.99|0.03|-0.80|2b7037a699b71112
267|2025-12-13T16:45:39.1330000+08:00|40001ABC|80034E79|304D|8F66|4000|0|2|0|0|7de96dd3e1cf922a
00|2025-12-13T16:45:38.0000000+08:00|0044|高贝扎|这里就是你的葬身之地！|8d8af2691ecb5b58
20|2025-12-13T16:45:39.2230000+08:00|40001ABC|高贝扎|8463|迟缓地暴|40001ABC|高贝扎|2.700|99.99|99.99|0.03|-0.80|48a5ce66a6a39254
261|2025-12-13T16:45:38.7670000+08:00|Change|40001ABC|CastBuffID|33891|CastDurationCurrent|0.0173|CastDurationMax|2.7000|CastTargetID|40001ABC|Heading|-1.3016|IsCasting1|1|IsCasting2|1|PosX|99.9923|PosY|99.9923|PosZ|0.0300|bedad7cd764971e7
263|2025-12-13T16:45:39.2230000+08:00|40001ABC|8463|100.009|100.009|0.183|3.141|df6cb05e00b439da
270|2025-12-13T16:45:39.3570000+08:00|40001ABC|3.1415|0000|005A|100.0092|100.0092|0.1831|82a3c146bc24095b
39|2025-12-13T16:45:39.4460000+08:00|40001AD6|分身|145078|145078|10000|10000|||99.82|100.39|0.03|3.10|2f8b112f0c858178
21|2025-12-13T16:45:39.4910000+08:00|10530A8D|小祥客服|406C|冰晶乱流之术|40001ABC|高贝扎|254003|F3114001|0|0|0|0|0|0|0|0|0|0|0|0|0|0|26317850|26635080|10000|10000|||99.99|99.99|0.03|-1.77|98575|145489|10000|10000|||99.96|100.47|0.03|1.61|00001CE8|0|1|00||01|406C|406C|0.600|FDAB|ac9b318c8fa624eb
264|2025-12-13T16:45:39.4910000+08:00|10530A8D|406C|00001CE8|0||||3.084|40001ABC|d9c316bdfced599b
38|2025-12-13T16:45:39.4910000+08:00|10530A8D|小祥客服|0064641E|98575|145489|10000|10000|0||99.96|100.47|0.03|1.61|0|0|0|0|0|0|0|0|0|0|0|0|0|0|0|0|0|0|0|0|0|0|0|0|0|0|0|0|0|0|0|0|0|0|0|0|0|0|0|0|0|0|0|0|0|0|0|0|0|0|0|0|0|0|0|0|0|0|0|0|0|0|0|0|0|0|0|0|0|0|0|0|0|0|0|0|0|0|0|0|0|0|0|0|0|0|0|0|0|0|0|0|0|0|0|0|0F0A|41B3F9C4|10530A8D|0|0|0|0407A2|41C520B4|10530A8D|ee7c515a88ba4068
30|2025-12-13T16:45:39.4910000+08:00|1F1|生杀予夺|0.00|10530A8D|小祥客服|10530A8D|小祥客服|00|145489|145489|89091d67bad18163
30|2025-12-13T16:45:39.4910000+08:00|1F0|结印|0.00|10530A8D|小祥客服|10530A8D|小祥客服|0D|145489|145489|9dd84bf9fb45b187
39|2025-12-13T16:45:39.5350000+08:00|10530A8D|小祥客服|100029|145489|10000|10000|||99.96|100.47|0.03|3.08|3ec5dcf56cd2ffaf
37|2025-12-13T16:45:40.1160000+08:00|40001ABC|高贝扎|00001CE8|26190089||||||99.99|99.99|0.03|3.14|d8486e4e0cc87eae
21|2025-12-13T16:45:40.1600000+08:00|10530A8D|小祥客服|1CEB|天地人|10530A8D|小祥客服|3960F|4A28000|F|F0B8000|0|0|0|0|0|0|0|0|0|0|0|0|100029|145489|10000|10000|||99.96|100.47|0.03|3.08|100029|145489|10000|10000|||99.96|100.47|0.03|3.08|00001CE9|0|1|00||01|1CEB|1CEB|0.600|FDAB|7c4eca98867bfbb5
264|2025-12-13T16:45:40.1600000+08:00|10530A8D|1CEB|00001CE9|0||||3.084|10530A8D|8332f45cd772cb25
38|2025-12-13T16:45:40.1600000+08:00|10530A8D|小祥客服|0064641E|100029|145489|10000|10000|0||99.96|100.47|0.03|3.08|0|0|0|0|0|0|0|0|0|0|0|0|0|0|0|0|0|0|0|0|0|0|0|0|0|0|0|0|0|0|0|0|0|0|0|0|0|0|0|0|0|0|0|0|0|0|0|0|0|0|0|0|0|0|0|0|0|0|0|0|0|0|0|0|0|0|0|0|0|0|0|0|0|0|0|0|0|0|0|0|0|0|0|0|0|0|0|0|0|0|0|0|0|04A2|C0C00000|10530A8D|0F0A|41AE9D99|10530A8D|0F0B|C1F00000|10530A8D|0407A2|41BFC489|10530A8D|d632c34fbd9cd787
26|2025-12-13T16:45:40.1600000+08:00|4A2|天地人|6.00|10530A8D|小祥客服|10530A8D|小祥客服|00|145489|145489|267ec0f57e4373c4
26|2025-12-13T16:45:40.1600000+08:00|F0B|天理人道预备|30.00|10530A8D|小祥客服|10530A8D|小祥客服|00|145489|145489|6be24fb8a7dd82fa
37|2025-12-13T16:45:40.5620000+08:00|10530A8D|小祥客服|00001CE9|100029|145489|10000|10000|0||100.02|101.01|0.03|0.90|1E00|0|0|02|1E0004A2|0|40C00000|10530A8D|20000F0B|0|41F00000|10530A8D|557c698cbc093bdc
38|2025-12-13T16:45:40.5620000+08:00|10530A8D|小祥客服|0064641E|100029|145489|10000|10000|0||100.02|101.01|0.03|0.90|0|0|0|0|0|0|0|0|0|0|0|0|0|0|0|0|0|0|0|0|0|0|0|0|0|0|0|0|0|0|0|0|0|0|0|0|0|0|0|0|0|0|0|0|0|0|0|0|0|0|0|0|0|0|0|0|0|0|0|0|0|0|0|0|0|0|0|0|0|0|0|0|0|0|0|0|0|0|0|0|0|0|0|0|0|0|0|0|0|0|0|0|0|04A2|40BE978D|10530A8D|0F0A|41AB6858|10530A8D|0F0B|41EFA5E3|10530A8D|0407A2|41BC8F48|10530A8D|8540401a2079ccba
21|2025-12-13T16:45:41.0530000+08:00|10530A8D|小祥客服|49B9|风魔手里剑|40001ABC|高贝扎|710003|70F00000|100000E|4A28000|0|0|0|0|0|0|0|0|0|0|0|0|26190089|26635080|10000|10000|||99.99|99.99|0.03|3.14|100029|145489|10000|10000|||100.02|101.01|0.03|-3.11|00001CEA|0|1|00||01|49B9|49B9|0.600|0149|137e465cc9c88da3
264|2025-12-13T16:45:41.0530000+08:00|10530A8D|49B9|00001CEA|0||||-3.110|40001ABC|4faf48d97292866b
38|2025-12-13T16:45:41.0530000+08:00|10530A8D|小祥客服|0064641E|100029|145489|10000|10000|0||100.02|101.01|0.03|-3.11|0|0|0|0|0|0|0|0|0|0|0|0|0|0|0|0|0|0|0|0|0|0|0|0|0|0|0|0|0|0|0|0|0|0|0|0|0|0|0|0|0|0|0|0|0|0|0|0|0|0|0|0|0|0|0|0|0|0|0|0|0|0|0|0|0|0|0|0|0|0|0|0|0|0|0|0|0|0|0|0|0|0|0|0|0|0|0|0|0|0|0|0|0|0104A2|40AEE145|10530A8D|0F0A|41A77AC5|10530A8D|0F0B|41EBB850|10530A8D|0407A2|41B8A1B5|10530A8D|b2a0ec7ff95081e7
26|2025-12-13T16:45:41.0530000+08:00|4A2|天地人|5.46|10530A8D|小祥客服|10530A8D|小祥客服|01|145489|145489|d5af7ebd5b7510fa
37|2025-12-13T16:45:41.9450000+08:00|40001ABC|高贝扎|00001CEA|26161177||||||99.99|99.99|0.03|3.14|95b578bc30c3ca89
37|2025-12-13T16:45:41.9450000+08:00|10530A8D|小祥客服|00001CEA|100029|145489|10000|10000|0||100.02|101.01|0.03|-3.11|1E00|0|0|01|1E0004A2|01|4093C6A1|10530A8D|b0973d12f9dcc8e8
261|2025-12-13T16:45:41.5330000+08:00|Change|40001ABC|CastDurationCurrent|2.6875|Heading|3.1416|PosX|99.9923|PosY|99.9923|PosZ|0.0300|43773e15d6eca826
21|2025-12-13T16:45:42.0790000+08:00|10530A8D|小祥客服|49BD|雷遁之术|40001ABC|高贝扎|550003|A7060000|900000E|4A28000|100000F|A828000|0|0|0|0|0|0|0|0|0|0|26161177|26635080|10000|10000|||99.99|99.99|0.03|3.14|100029|145489|10000|10000|||100.02|101.01|0.03|-3.11|00001CEB|0|1|00||01|49BD|49BD|0.600|0149|c645194711a46417
264|2025-12-13T16:45:42.0790000+08:00|10530A8D|49BD|00001CEB|0||||-3.110|40001ABC|823ea5fbae4530b2
38|2025-12-13T16:45:42.0790000+08:00|10530A8D|小祥客服|0064641E|100029|145489|10000|10000|0||100.02|101.01|0.03|-3.11|0|0|0|0|0|0|0|0|0|0|0|0|0|0|0|0|0|0|0|0|0|0|0|0|0|0|0|0|0|0|0|0|0|0|0|0|0|0|0|0|0|0|0|0|0|0|0|0|0|0|0|0|0|0|0|0|0|0|0|0|0|0|0|0|0|0|0|0|0|0|0|0|0|0|0|0|0|0|0|0|0|0|0|0|0|0|0|0|0|0|0|0|0|0904A2|408E0C42|10530A8D|0F0A|419F4582|10530A8D|0F0B|41E3830D|10530A8D|0407A2|41B06C72|10530A8D|010A82|C1F00000|10530A8D|348e59f57327eec9
26|2025-12-13T16:45:42.0790000+08:00|4A2|天地人|4.44|10530A8D|小祥客服|10530A8D|小祥客服|09|145489|145489|6087edfa9ef756a5
26|2025-12-13T16:45:42.0790000+08:00|A82|月影雷兽预备|30.00|10530A8D|小祥客服|10530A8D|小祥客服|01|145489|145489|0bde27c8c8ce7f94
21|2025-12-13T16:45:42.2120000+08:00|40001ABC|高贝扎|8463|迟缓地暴|40001ABC|高贝扎|1B|84638000|0|0|0|0|0|0|0|0|0|0|0|0|0|0|26161177|26635080|10000|10000|||99.99|99.99|0.03|3.14|26161177|26635080|10000|10000|||99.99|99.99|0.03|3.14|00001CEC|0|1|00||01|8463|8463|3.100|FFFF|a5cca4beee5d9165
264|2025-12-13T16:45:42.2120000+08:00|40001ABC|8463|00001CEC|0||||3.141|40001ABC|7e470b011c64b9f5
39|2025-12-13T16:45:42.4350000+08:00|40001AD6|分身|145078|145078|10000|10000|||99.82|100.39|0.03|3.10|84a3f12783bbe6a6
39|2025-12-13T16:45:42.5690000+08:00|10530A8D|小祥客服|101483|145489|10000|10000|||100.02|101.01|0.03|-3.11|77c14966d8e7b933
37|2025-12-13T16:45:42.7920000+08:00|40001ABC|高贝扎|00001CEB|26118419||||||99.99|99.99|0.03|3.14|51bd76cdbbcb0f53
37|2025-12-13T16:45:42.7920000+08:00|10530A8D|小祥客服|00001CEB|101483|145489|10000|10000|0||100.02|101.01|0.03|-3.11|1E00|0|0|02|1E0004A2|09|4071479A|10530A8D|22000A82|01|41F00000|10530A8D|e1cd6f5829ceafbc
38|2025-12-13T16:45:42.7920000+08:00|10530A8D|小祥客服|0064641E|101483|145489|10000|10000|0||100.02|101.01|0.03|-3.11|0|0|0|0|0|0|0|0|0|0|0|0|0|0|0|0|0|0|0|0|0|0|0|0|0|0|0|0|0|0|0|0|0|0|0|0|0|0|0|0|0|0|0|0|0|0|0|0|0|0|0|0|0|0|0|0|0|0|0|0|0|0|0|0|0|0|0|0|0|0|0|0|0|0|0|0|0|0|0|0|0|0|0|0|0|0|0|0|0|0|0|0|0|0904A2|406E76B5|10530A8D|0F0A|41999146|10530A8D|0F0B|41DDCED1|10530A8D|0407A2|41AAB836|10530A8D|010A82|41EFA5E3|10530A8D|fc78913f173c304e
21|2025-12-13T16:45:43.0600000+08:00|10530A8D|小祥客服|49C1|水遁之术|40001ABC|高贝扎|650003|86A50000|F|F088000|0|0|0|0|0|0|0|0|0|0|0|0|26118419|26635080|10000|10000|||99.99|99.99|0.03|3.14|101483|145489|10000|10000|||100.02|101.01|0.03|-3.11|00001CED|0|1|00||01|49C1|49C1|0.600|0149|7b713db744f6ab3e
264|2025-12-13T16:45:43.0600000+08:00|10530A8D|49C1|00001CED|0||||-3.110|40001ABC|45861af95f2c31e5
38|2025-12-13T16:45:43.0600000+08:00|10530A8D|小祥客服|0064641E|101483|145489|10000|10000|0||100.02|101.01|0.03|-3.11|0|0|0|0|0|0|0|0|0|0|0|0|0|0|0|0|0|0|0|0|0|0|0|0|0|0|0|0|0|0|0|0|0|0|0|0|0|0|0|0|0|0|0|0|0|0|0|0|0|0|0|0|0|0|0|0|0|0|0|0|0|0|0|0|0|0|0|0|0|0|0|0|0|0|0|0|0|0|0|0|0|0|0|0|0|0|0|0|0|0|0|0|0|0F08|C1A00000|10530A8D|0F0A|41976C68|10530A8D|0F0B|41DBA9F3|10530A8D|0407A2|41A89358|10530A8D|010A82|41ED8105|10530A8D|2cd61b0e3fb7cfb8
30|2025-12-13T16:45:43.0600000+08:00|4A2|天地人|0.00|10530A8D|小祥客服|10530A8D|小祥客服|09|145489|145489|09d443589fc47909
26|2025-12-13T16:45:43.0600000+08:00|F08|忍隐|20.00|10530A8D|小祥客服|10530A8D|小祥客服|00|145489|145489|eb2fa099a9b2caa8
271|2025-12-13T16:45:43.3270000+08:00|40001AD5|-2.3563|00|00|111.3137|111.3137|0.0000|c582f84d0a67f69f
261|2025-12-13T16:45:42.9700000+08:00|Change|40001AD5|Heading|-2.3563|PosX|111.3137|PosY|111.3137|PosZ|0.0300|a228a99ba58f06a7
257|2025-12-13T16:45:43.3270000+08:00|80034E79|00010004|0A|||22cd90df45822352
20|2025-12-13T16:45:43.3720000+08:00|40001AD5|高贝扎|8465|迟缓地暴|40001AD5|高贝扎|7.700|100.00|90.00|0.03|0.00|94801b58f46bdf55
263|2025-12-13T16:45:43.3720000+08:00|40001AD5|8465|111.301|111.301|0.000|-2.356|1699e51ad1ff6b2e
22|2025-12-13T16:45:43.7290000+08:00|10530A8D|小祥客服|DEE|梦幻三段|40001ABC|高贝扎|714003|379E0000|0|0|0|0|0|0|0|0|0|0|0|0|0|0|26118419|26635080|10000|10000|||99.99|99.99|0.03|3.14|101483|145489|10000|10000|||100.02|101.01|0.03|-3.11|00001CEE|0|3|00||01|DEE|DEE|0.600|0149|7f6d9c0ca648759d
22|2025-12-13T16:45:43.7290000+08:00|10530A8D|小祥客服|DEE|梦幻三段|40001ABC|高贝扎|710003|28DE0000|0|0|0|0|0|0|0|0|0|0|0|0|0|0|26118419|26635080|10000|10000|||99.99|99.99|0.03|3.14|101483|145489|10000|10000|||100.02|101.01|0.03|-3.11|00001CEE|1|3|00||01|DEE|DEE|0.600|0149|36bac1c57530cfaa
22|2025-12-13T16:45:43.7290000+08:00|10530A8D|小祥客服|DEE|梦幻三段|40001ABC|高贝扎|710003|28910000|0|0|0|0|0|0|0|0|0|0|0|0|0|0|26118419|26635080|10000|10000|||99.99|99.99|0.03|3.14|101483|145489|10000|10000|||100.02|101.01|0.03|-3.11|00001CEE|2|3|00||01|DEE|DEE|0.600|0149|3f6ce35334be2cbf
264|2025-12-13T16:45:43.7290000+08:00|10530A8D|0DEE|00001CEE|1|0.000|0.000|0.000|-3.110|40001ABC|a3e446a44fc0dfe9
21|2025-12-13T16:45:43.8630000+08:00|10530A8D|小祥客服|07|攻击|40001ABC|高贝扎|716003|212A0000|0|0|0|0|0|0|0|0|0|0|0|0|0|0|26118419|26635080|10000|10000|||99.99|99.99|0.03|3.14|101483|145489|10000|10000|||100.02|101.01|0.03|-3.11|00001CEF|0|1|00||01|07|07|0.466|0149|b124c754f1897dad
264|2025-12-13T16:45:43.8630000+08:00|10530A8D|0007|00001CEF|0||||-3.110|40001ABC|f58b96b1edc0198c
37|2025-12-13T16:45:44.0420000+08:00|40001ABC|高贝扎|00001CED|26083950||||||99.99|99.99|0.03|3.14|1d9849fbf2b63508
37|2025-12-13T16:45:44.0420000+08:00|10530A8D|小祥客服|00001CED|101483|145489|10000|10000|0||100.02|101.01|0.03|-3.11|1E00|0|0|01|1E000F08|0|41A00000|10530A8D|34c636d12535c87a
38|2025-12-13T16:45:44.0420000+08:00|10530A8D|小祥客服|0064641E|101483|145489|10000|10000|0||100.02|101.01|0.03|-3.11|0|0|0|0|0|0|0|0|0|0|0|0|0|0|0|0|0|0|0|0|0|0|0|0|0|0|0|0|0|0|0|0|0|0|0|0|0|0|0|0|0|0|0|0|0|0|0|0|0|0|0|0|0|0|0|0|0|0|0|0|0|0|0|0|0|0|0|0|0|0|0|0|0|0|0|0|0|0|0|0|0|0|0|0|0|0|0|0|0|0|0|0|0|0F08|419FA3D7|10530A8D|0F0A|418F9142|10530A8D|0F0B|41D3CECD|10530A8D|0407A2|41A0B832|10530A8D|010A82|41E5A5DF|10530A8D|e66dc41a412a69aa
261|2025-12-13T16:45:43.6040000+08:00|Change|40001ABC|CastBuffID|0|CastDurationCurrent|0.0000|CastDurationMax|0.0000|CastTargetID|E0000000|IsCasting1|0|IsCasting2|0|9d99fcdf1930ab2d
37|2025-12-13T16:45:44.3980000+08:00|40001ABC|高贝扎|00001CEF|26075460||||||99.99|99.99|0.03|3.14|3fe5f8306f0f8a00
37|2025-12-13T16:45:44.4430000+08:00|40001ABC|高贝扎|00001CEE|26061222||||||99.99|99.99|0.03|3.14|050b43acc9522db7
37|2025-12-13T16:45:44.5770000+08:00|40001ABC|高贝扎|00001CEE|26050760||||||99.99|99.99|0.03|3.14|fc3e8d9d2aee0282
21|2025-12-13T16:45:44.5770000+08:00|10530A8D|小祥客服|64B2|月影雷兽牙|40001ABC|高贝扎|550003|A4280000|53E|9F8000|0|0|0|0|0|0|0|0|0|0|0|0|26061222|26635080|10000|10000|||99.99|99.99|0.03|3.14|101483|145489|10000|10000|||100.02|101.01|0.03|-3.11|00001CF0|0|1|00||01|64B2|64B2|0.600|0149|fa66755fde9fa4cf
264|2025-12-13T16:45:44.5770000+08:00|10530A8D|64B2|00001CF0|0||||-3.110|40001ABC|45b41d3bbf884253
271|2025-12-13T16:45:44.5770000+08:00|40001AD6|-3.1101|00|00|100.0244|101.0085|0.0300|076de211b26a8d39
38|2025-12-13T16:45:44.5770000+08:00|10530A8D|小祥客服|0064641E|101483|145489|10000|10000|0||100.02|101.01|0.03|-3.11|0|0|0|0|0|0|0|0|0|0|0|0|0|0|0|0|0|0|0|0|0|0|0|0|0|0|0|0|0|0|0|0|0|0|0|0|0|0|0|0|0|0|0|0|0|0|0|0|0|0|0|0|0|0|0|0|0|0|0|0|0|0|0|0|0|0|0|0|0|0|0|0|0|0|0|0|0|0|0|0|0|0|0|0|0|0|0|0|0|0|0|0|0|0F08|419B5C27|10530A8D|0F0A|418B4992|10530A8D|0F0B|41CF871D|10530A8D|0307A2|419C7082|10530A8D|4127e55fd80cba01
26|2025-12-13T16:45:44.5770000+08:00|7A2|分身之术|19.55|10530A8D|小祥客服|10530A8D|小祥客服|03|145489|145489|9f0cf6b2e74d337f
30|2025-12-13T16:45:44.5770000+08:00|A82|月影雷兽预备|0.00|10530A8D|小祥客服|10530A8D|小祥客服|01|145489|145489|b1e64cd572a2ea18
31|2025-12-13T16:45:44.5770000+08:00|10530A8D|19001E|00|00|00|af39b721658e5c86
21|2025-12-13T16:45:44.6660000+08:00|40001AD6|分身|6517|月影雷兽牙|40001ABC|高贝扎|550003|24910000|53E|9F8000|1B|65178000|0|0|0|0|0|0|0|0|0|0|26050760|26635080|10000|10000|||99.99|99.99|0.03|3.14|145078|145078|10000|10000|||100.02|101.01|0.03|-3.11|00001CF1|0|1|10530A8D|小祥客服|01|6517|6517|2.366|0149|808e2a0000ea8ebc
264|2025-12-13T16:45:44.6660000+08:00|40001AD6|6517|00001CF1|0||||-3.110|40001ABC|4a68f62bdba39602
31|2025-12-13T16:45:44.6660000+08:00|10530A8D|1E001E|00|00|00|740e5090cea4c132
261|2025-12-13T16:45:44.2610000+08:00|Change|40001AD6|Heading|-3.1101|ModelStatus|0|PosX|100.0244|PosY|101.0085|1a2d8f45e85819d1
37|2025-12-13T16:45:44.7100000+08:00|40001ABC|高贝扎|00001CEE|26040375||||||99.99|99.99|0.03|3.14|11946ddfe3ac62f9
21|2025-12-13T16:45:45.2460000+08:00|10530A8D|小祥客服|9061|天理人道|40001ABC|高贝扎|750003|FA480000|0|0|0|0|0|0|0|0|0|0|0|0|0|0|26040375|26635080|10000|10000|||99.99|99.99|0.03|3.14|101483|145489|10000|10000|||100.02|101.01|0.03|-3.11|00001CF2|0|1|00||01|9061|9061|0.600|0149|77dc8d2907e9a3a2
264|2025-12-13T16:45:45.2460000+08:00|10530A8D|9061|00001CF2|0||||-3.110|40001ABC|2b66f1dcda423df5
38|2025-12-13T16:45:45.2460000+08:00|10530A8D|小祥客服|0064641E|101483|145489|10000|10000|0||100.02|101.01|0.03|-3.11|0|0|0|0|0|0|0|0|0|0|0|0|0|0|0|0|0|0|0|0|0|0|0|0|0|0|0|0|0|0|0|0|0|0|0|0|0|0|0|0|0|0|0|0|0|0|0|0|0|0|0|0|0|0|0|0|0|0|0|0|0|0|0|0|0|0|0|0|0|0|0|0|0|0|0|0|0|0|0|0|0|0|0|0|0|0|0|0|0|0|0|0|0|0F08|41960208|10530A8D|0F0A|4185EF73|10530A8D|0|0|0|0307A2|41971663|10530A8D|90577552f9f3eae4
30|2025-12-13T16:45:45.2460000+08:00|F0B|天理人道预备|0.00|10530A8D|小祥客服|10530A8D|小祥客服|00|145489|145489|911e8dc74628b36f
37|2025-12-13T16:45:45.3350000+08:00|40001ABC|高贝扎|00001CF0|25998351||||||99.99|99.99|0.03|3.14|899391728c60b350
37|2025-12-13T16:45:45.4240000+08:00|40001ABC|高贝扎|00001CF1|25988990||||||99.99|99.99|0.03|3.14|5946fc6b3e7a21fd
39|2025-12-13T16:45:45.4240000+08:00|40001AD6|分身|145078|145078|10000|10000|||100.02|101.01|0.03|-3.11|22096c243c7c382c
270|2025-12-13T16:45:45.4690000+08:00|40001ABC|0.8921|0000|005A|100.0092|100.0092|0.1831|2f97cb0abfd9838c
39|2025-12-13T16:45:45.5580000+08:00|10530A8D|小祥客服|102937|145489|10000|10000|||100.02|101.01|0.03|-3.11|008b8907c79b5466
37|2025-12-13T16:45:45.6020000+08:00|40001ABC|高贝扎|00001CF2|25924918||||||99.99|99.99|0.03|2.71|f191d751e34e1bdf
270|2025-12-13T16:45:45.7810000+08:00|40001ABC|0.0242|0000|005A|100.0092|100.0092|0.1831|04297b2b98a1a6e5
21|2025-12-13T16:45:46.0490000+08:00|10530A8D|小祥客服|07|攻击|40001ABC|高贝扎|714003|160D0000|0|0|0|0|0|0|0|0|0|0|0|0|0|0|25924918|26635080|10000|10000|||99.99|99.99|0.03|0.67|102937|145489|10000|10000|||100.02|101.01|0.03|-3.11|00001CF3|0|1|00||01|07|07|0.100|0149|861d24444ebd9358
264|2025-12-13T16:45:46.0490000+08:00|10530A8D|0007|00001CF3|0||||-3.110|40001ABC|b54e0a001b20bc16
21|2025-12-13T16:45:46.3160000+08:00|40001ABC|高贝扎|844B|unknown_844b|10530A8D|小祥客服|1|0|1B|8000|0|0|0|0|0|0|0|0|0|0|0|0|102937|145489|10000|10000|||100.02|101.01|0.03|-3.11|25924918|26635080|10000|10000|||99.99|99.99|0.03|0.05|00001CF4|0|1|00||01|844B|844B|0.100|80FC|de2b2f69e1262493
264|2025-12-13T16:45:46.3160000+08:00|40001ABC|844B|00001CF4|0||||0.024|10530A8D|2238de1dd29eac04
37|2025-12-13T16:45:46.5840000+08:00|40001ABC|高贝扎|00001CF3|25919273||||||99.99|99.99|0.03|0.02|a61faa6e41f57e47
21|2025-12-13T16:45:46.7180000+08:00|10530A8D|小祥客服|8D3|天之印|10530A8D|小祥客服|100000E|1F08000|0|0|0|0|0|0|0|0|0|0|0|0|0|0|102937|145489|10000|10000|||100.02|101.01|0.03|-3.11|102937|145489|10000|10000|||100.02|101.01|0.03|-3.11|00001CF5|0|1|00||01|8D3|8D3|0.350|0149|b5c9709d3e9bf6d4
264|2025-12-13T16:45:46.7180000+08:00|10530A8D|08D3|00001CF5|0||||-3.110|10530A8D|e86e31df82dcac94
38|2025-12-13T16:45:46.7180000+08:00|10530A8D|小祥客服|0064641E|102937|145489|10000|10000|0||100.02|101.01|0.03|-3.11|0|0|0|0101F0|40C00000|10530A8D|0|0|0|0|0|0|0|0|0|0|0|0|0|0|0|0|0|0|0|0|0|0|0|0|0|0|0|0|0|0|0|0|0|0|0|0|0|0|0|0|0|0|0|0|0|0|0|0|0|0|0|0|0|0|0|0|0|0|0|0|0|0|0|0|0|0|0|0|0|0|0|0|0|0|0|0|0|0|0|0|0|0|0|0|0|0|0|0F08|418A3B5B|10530A8D|0F0A|41745193|10530A8D|0|0|0|0307A2|418B4FB6|10530A8D|961a074b1d9874b7
26|2025-12-13T16:45:46.7180000+08:00|1F0|结印|6.00|10530A8D|小祥客服|10530A8D|小祥客服|01|145489|145489|2c76099d6dc17088
261|2025-12-13T16:45:46.4970000+08:00|Change|40001AD5|CastBuffID|33893|CastDurationCurrent|3.5591|CastDurationMax|7.7000|CastTargetID|40001AD5|IsCasting1|1|IsCasting2|1|259e6eed901c2941
21|2025-12-13T16:45:47.2090000+08:00|10530A8D|小祥客服|4976|地之印|10530A8D|小祥客服|900000E|1F08000|0|0|0|0|0|0|0|0|0|0|0|0|0|0|102937|145489|10000|10000|||100.02|101.01|0.03|-3.11|102937|145489|10000|10000|||100.02|101.01|0.03|-3.11|00001CF6|0|1|00||01|4976|4976|0.350|0149|b6f588453f3112ca
264|2025-12-13T16:45:47.2090000+08:00|10530A8D|4976|00001CF6|0||||-3.110|10530A8D|e89088383db9a14c
38|2025-12-13T16:45:47.2090000+08:00|10530A8D|小祥客服|0064641E|102937|145489|10000|10000|0||100.02|101.01|0.03|-3.11|0|0|0|0901F0|40B049B8|10530A8D|0|0|0|0|0|0|0|0|0|0|0|0|0|0|0|0|0|0|0|0|0|0|0|0|0|0|0|0|0|0|0|0|0|0|0|0|0|0|0|0|0|0|0|0|0|0|0|0|0|0|0|0|0|0|0|0|0|0|0|0|0|0|0|0|0|0|0|0|0|0|0|0|0|0|0|0|0|0|0|0|0|0|0|0|0|0|0|0F08|41864DC8|10530A8D|0F0A|416C7671|10530A8D|0|0|0|0307A2|41876223|10530A8D|06dcb8b9b9cfbef4
26|2025-12-13T16:45:47.2090000+08:00|1F0|结印|5.51|10530A8D|小祥客服|10530A8D|小祥客服|09|145489|145489|38c207f4d95beb63
261|2025-12-13T16:45:46.8030000+08:00|Change|40001AD6|ModelStatus|8388608|6a3631e90846654f
21|2025-12-13T16:45:47.7000000+08:00|10530A8D|小祥客服|8DB|雷遁之术|40001ABC|高贝扎|550003|B5140000|100000F|A828000|0|0|0|0|0|0|0|0|0|0|0|0|25919273|26635080|10000|10000|||99.99|99.99|0.03|0.02|102937|145489|10000|10000|||100.02|101.01|0.03|-3.11|00001CF7|0|1|00||01|8DB|8DB|0.600|0149|6c2fe5aa4273e11e
264|2025-12-13T16:45:47.7000000+08:00|10530A8D|08DB|00001CF7|0||||-3.110|40001ABC|a2b5871295b62dd1
38|2025-12-13T16:45:47.7000000+08:00|10530A8D|小祥客服|0064641E|102937|145489|10000|10000|0||100.02|101.01|0.03|-3.11|0|0|0|0|0|0|0|0|0|0|0|0|0|0|0|0|0|0|0|0|0|0|0|0|0|0|0|0|0|0|0|0|0|0|0|0|0|0|0|0|0|0|0|0|0|0|0|0|0|0|0|0|0|0|0|0|0|0|0|0|0|0|0|0|0|0|0|0|0|0|0|0|0|0|0|0|0|0|0|0|0|0|0|0|0|0|0|0|0|0|0|0|0|0F08|41826035|10530A8D|0F0A|41649B4F|10530A8D|010A82|C1F00000|10530A8D|0307A2|41837490|10530A8D|57864de54de9d52a
30|2025-12-13T16:45:47.7000000+08:00|1F0|结印|0.00|10530A8D|小祥客服|10530A8D|小祥客服|09|145489|145489|a81301bb06e1d75a
26|2025-12-13T16:45:47.7000000+08:00|A82|月影雷兽预备|30.00|10530A8D|小祥客服|10530A8D|小祥客服|01|145489|145489|e7cd80aec49e6267
21|2025-12-13T16:45:48.2360000+08:00|10530A8D|小祥客服|07|攻击|40001ABC|高贝扎|714003|17320000|0|0|0|0|0|0|0|0|0|0|0|0|0|0|25919273|26635080|10000|10000|||99.99|99.99|0.03|0.02|102937|145489|10000|10000|||99.57|100.95|0.03|-2.19|00001CF8|0|1|00||01|07|07|0.100|021A|873df4c151ece988
264|2025-12-13T16:45:48.2360000+08:00|10530A8D|0007|00001CF8|0||||-3.090|40001ABC|e36492085419b53b
37|2025-12-13T16:45:48.4150000+08:00|40001ABC|高贝扎|00001CF7|25872917||||||99.99|99.99|0.03|0.02|e29c170c6ac4c77b
37|2025-12-13T16:45:48.4150000+08:00|10530A8D|小祥客服|00001CF7|102937|145489|10000|10000|0||98.81|100.89|0.03|-1.63|1E00|0|0|01|20000A82|01|41F00000|10530A8D|097ca384983051bb
21|2025-12-13T16:45:48.4150000+08:00|10530A8D|小祥客服|4069|命水|10530A8D|小祥客服|323E|9F8000|F|A818000|0|0|0|0|0|0|0|0|0|0|0|0|102937|145489|10000|10000|||98.81|100.89|0.03|-1.63|102937|145489|10000|10000|||98.81|100.89|0.03|-1.63|00001CF9|0|1|00||01|4069|4069|0.600|3D1F|e617af91206917f2
264|2025-12-13T16:45:48.4150000+08:00|10530A8D|4069|00001CF9|0||||-1.641|10530A8D|68bbeee02c9d4cd4
38|2025-12-13T16:45:48.4150000+08:00|10530A8D|小祥客服|0064641E|102937|145489|10000|10000|0||98.81|100.89|0.03|-1.63|0|0|0|0|0|0|0|0|0|0|0|0|0|0|0|0|0|0|0|0|0|0|0|0|0|0|0|0|0|0|0|0|0|0|0|0|0|0|0|0|0|0|0|0|0|0|0|0|0|0|0|0|0|0|0|0|0|0|0|0|0|0|0|0|0|0|0|0|0|0|0|0|0|0|0|0|0|0|0|0|0|0|0|0|0|0|0|0|0|0|0|0|0|0A81|C1F00000|10530A8D|0F0A|41592AAC|10530A8D|010A82|41EFA3D7|10530A8D|0307A2|417B787A|10530A8D|c70a8f30594a10ca
30|2025-12-13T16:45:48.4150000+08:00|F08|忍隐|0.00|10530A8D|小祥客服|10530A8D|小祥客服|00|145489|145489|cb9eb0a41c792913
26|2025-12-13T16:45:48.4150000+08:00|A81|命水|30.00|10530A8D|小祥客服|10530A8D|小祥客服|00|145489|145489|84ad16189a20fdc8
31|2025-12-13T16:45:48.4150000+08:00|10530A8D|50001E|00|00|00|3f8957880f77230f
39|2025-12-13T16:45:48.4590000+08:00|40001AD6|分身|145078|145078|10000|10000|||100.02|101.01|0.03|-3.11|5da4c6b9e4e01f01
270|2025-12-13T16:45:48.5490000+08:00|40001ABC|-1.0946|0000|005A|100.0092|100.0092|0.1831|43da92156b60c6df
39|2025-12-13T16:45:48.5490000+08:00|10530A8D|小祥客服|104391|145489|10000|10000|||97.40|100.78|0.03|-1.78|037c1344536b6563
261|2025-12-13T16:45:48.1160000+08:00|Change|40001ABC|Heading|-0.0259|PosX|99.9923|PosY|99.9923|PosZ|0.0300|fe01a849449234d3
37|2025-12-13T16:45:48.7720000+08:00|40001ABC|高贝扎|00001CF8|25866979||||||99.99|99.99|0.03|-0.51|dde5951b2aac7410
37|2025-12-13T16:45:48.7720000+08:00|10530A8D|小祥客服|00001CF8|104391|145489|10000|10000|0||96.33|99.98|0.03|-2.52|1E00|0|0|01|1E000A81|0|C1F00000|10530A8D|d467f8c47fd7abdf
270|2025-12-13T16:45:48.8610000+08:00|40001ABC|-1.5946|0000|005A|100.0092|100.0092|0.1831|a3a1b609a6a2e62c
261|2025-12-13T16:45:48.4970000+08:00|Change|10530A8D|Heading|-2.3211|PosX|94.8520|PosY|99.7087|PosZ|0.0300|e337cad691fd433e
37|2025-12-13T16:45:49.0400000+08:00|10530A8D|小祥客服|00001CF9|104391|145489|10000|10000|0||95.02|99.86|0.03|-1.89|1E00|0|0|01|1E000A81|0|41F00000|10530A8D|b2ca4570a2112924
38|2025-12-13T16:45:49.0400000+08:00|10530A8D|小祥客服|0064641E|104391|145489|10000|10000|0||95.02|99.86|0.03|-1.89|0|0|0|0|0|0|0|0|0|0|0|0|0|0|0|0|0|0|0|0|0|0|0|0|0|0|0|0|0|0|0|0|0|0|0|0|0|0|0|0|0|0|0|0|0|0|0|0|0|0|0|0|0|0|0|0|0|0|0|0|0|0|0|0|0|0|0|0|0|0|0|0|0|0|0|0|0|0|0|0|0|0|0|0|0|0|0|0|0|0|0|0|0|0A81|41EFA3D7|10530A8D|0F0A|414F2AAD|10530A8D|010A82|41EAA3D5|10530A8D|0307A2|4171787B|10530A8D|9f5f2a813e5748f7
270|2025-12-13T16:45:49.1740000+08:00|40001ABC|-1.7514|0000|005A|100.0092|100.0092|0.1831|80ad7283778158d7
21|2025-12-13T16:45:49.2630000+08:00|10530A8D|小祥客服|64B2|月影雷兽牙|40001ABC|高贝扎|550003|9EB10000|53E|9F8000|0|0|0|0|0|0|0|0|0|0|0|0|25866979|26635080|10000|10000|||99.99|99.99|0.03|-1.38|104391|145489|10000|10000|||94.79|98.71|0.03|1.34|00001CFA|0|1|00||01|64B2|64B2|0.600|B7D5|218a509da89be892
264|2025-12-13T16:45:49.2630000+08:00|10530A8D|64B2|00001CFA|0||||1.370|40001ABC|85946a6ae3247ae5
271|2025-12-13T16:45:49.2630000+08:00|40001AD6|1.3703|00|00|94.8074|98.9393|0.0300|5f255e7574f78447
38|2025-12-13T16:45:49.2630000+08:00|10530A8D|小祥客服|0064641E|104391|145489|10000|10000|0||94.79|98.71|0.03|1.34|0|0|0|0|0|0|0|0|0|0|0|0|0|0|0|0|0|0|0|0|0|0|0|0|0|0|0|0|0|0|0|0|0|0|0|0|0|0|0|0|0|0|0|0|0|0|0|0|0|0|0|0|0|0|0|0|0|0|0|0|0|0|0|0|0|0|0|0|0|0|0|0|0|0|0|0|0|0|0|0|0|0|0|0|0|0|0|0|0|0|0|0|0|0A81|41EDDB22|10530A8D|0F0A|414B9945|10530A8D|0|0|0|0207A2|416DE713|10530A8D|a09e4f1966ce46e2
30|2025-12-13T16:45:49.2630000+08:00|A82|月影雷兽预备|0.00|10530A8D|小祥客服|10530A8D|小祥客服|01|145489|145489|efcf751689f12579
26|2025-12-13T16:45:49.2630000+08:00|7A2|分身之术|14.87|10530A8D|小祥客服|10530A8D|小祥客服|02|145489|145489|cf3b3b000701220e
31|2025-12-13T16:45:49.2630000+08:00|10530A8D|55001E|00|00|00|c545c7e47caf9e02
261|2025-12-13T16:45:48.7420000+08:00|Change|40001AD6|Heading|1.3704|PosX|94.8074|PosY|98.9393|PosZ|0.0300|585b8e00b05d68d2
21|2025-12-13T16:45:49.3530000+08:00|40001AD6|分身|6517|月影雷兽牙|40001ABC|高贝扎|550003|23A40000|53E|9F8000|1B|65178000|0|0|0|0|0|0|0|0|0|0|25866979|26635080|10000|10000|||99.99|99.99|0.03|-1.48|145078|145078|10000|10000|||94.81|98.94|0.03|1.37|00001CFB|0|1|10530A8D|小祥客服|01|6517|6517|2.366|B7D5|e9af736a518bbedb
264|2025-12-13T16:45:49.3530000+08:00|40001AD6|6517|00001CFB|0||||1.370|40001ABC|2675e2bbafd35a83
21|2025-12-13T16:45:49.3530000+08:00|40001ABC|高贝扎|844B|unknown_844b|10530A8D|小祥客服|750003|5A5B0000|1B|844B8000|0|0|0|0|0|0|0|0|0|0|0|0|104391|145489|10000|10000|||94.79|98.71|0.03|1.34|25866979|26635080|10000|10000|||99.99|99.99|0.03|-1.48|00001CFC|0|1|00||01|844B|844B|0.100|3624|afb38e96cbce9325
264|2025-12-13T16:45:49.3530000+08:00|40001ABC|844B|00001CFC|0||||-1.813|10530A8D|ae3e890c68dc6d24
31|2025-12-13T16:45:49.3530000+08:00|10530A8D|5A001E|00|00|00|d490ee5262736849
270|2025-12-13T16:45:49.4860000+08:00|40001ABC|-1.8128|0000|005A|100.0092|100.0092|0.1831|e9965978ded90e72
21|2025-12-13T16:45:49.9330000+08:00|10530A8D|小祥客服|9060|是生灭法|40001ABC|高贝扎|754003|1274001|0|0|0|0|0|0|0|0|0|0|0|0|0|0|25866979|26635080|10000|10000|||99.99|99.99|0.03|-1.81|104391|145489|10000|10000|||94.79|98.71|0.03|1.34|00001CFD|0|1|00||01|9060|9060|0.600|B62E|42a2f911f9dc726a
264|2025-12-13T16:45:49.9330000+08:00|10530A8D|9060|00001CFD|0||||1.330|40001ABC|d4f6262367236757
38|2025-12-13T16:45:49.9330000+08:00|10530A8D|小祥客服|0064641E|104391|145489|10000|10000|0||94.79|98.71|0.03|1.34|0|0|0|0|0|0|0|0|0|0|0|0|0|0|0|0|0|0|0|0|0|0|0|0|0|0|0|0|0|0|0|0|0|0|0|0|0|0|0|0|0|0|0|0|0|0|0|0|0|0|0|0|0|0|0|0|0|0|0|0|0|0|0|0|0|0|0|0|0|0|0|0|0|0|0|0|0|0|0|0|0|0|0|0|0|0|0|0|0|0|0|0|0|0|0|0|0|0|0|0|0|0|0207A2|41632EC2|10530A8D|70e98620d0b8264e
30|2025-12-13T16:45:49.9330000+08:00|A81|命水|0.00|10530A8D|小祥客服|10530A8D|小祥客服|00|145489|145489|aaa09a834fee5ee8
30|2025-12-13T16:45:49.9330000+08:00|F0A|秘技预备|0.00|10530A8D|小祥客服|10530A8D|小祥客服|00|145489|145489|fe7ff0074eaa2ba5
31|2025-12-13T16:45:49.9330000+08:00|10530A8D|28001E|00|00|00|acb7b5fc801853d6
37|2025-12-13T16:45:50.0220000+08:00|40001ABC|高贝扎|00001CFA|25826354||||||99.99|99.99|0.03|-1.81|2555b2f6ed4bf1ec
37|2025-12-13T16:45:50.1110000+08:00|40001ABC|高贝扎|00001CFB|25817230||||||99.99|99.99|0.03|-1.81|10e1aa9cfe1df75d
21|2025-12-13T16:45:50.4240000+08:00|10530A8D|小祥客服|07|攻击|40001ABC|高贝扎|710003|12770000|0|0|0|0|0|0|0|0|0|0|0|0|0|0|25817230|26635080|10000|10000|||99.99|99.99|0.03|-1.81|104391|145489|10000|10000|||96.28|96.88|0.03|1.97|00001CFE|0|1|00||01|07|07|0.109|E57E|bf987ef2ceb4f6f6
264|2025-12-13T16:45:50.4240000+08:00|10530A8D|0007|00001CFE|0||||2.491|40001ABC|14d183d998a2ab60
270|2025-12-13T16:45:50.4680000+08:00|40001ABC|-2.1144|0000|005A|100.0092|100.0092|0.1831|8d135dd5838c263b
37|2025-12-13T16:45:50.5130000+08:00|10530A8D|小祥客服|00001CFC|81260||||||96.94|96.81|0.03|1.72|eeadaf9debccf961
261|2025-12-13T16:45:50.3170000+08:00|Change|10530A8D|Heading|1.8712|PosX|98.7110|PosY|96.3437|PosZ|0.0300|548e06c3e3432099
270|2025-12-13T16:45:50.7800000+08:00|40001ABC|-2.5367|0000|005A|100.0092|100.0092|0.1831|6df8189bd2202161
37|2025-12-13T16:45:50.9590000+08:00|40001ABC|高贝扎|00001CFE|25812503||||||99.99|99.99|0.03|-2.19|845b2cc3d692c272
37|2025-12-13T16:45:50.9590000+08:00|40001ABC|高贝扎|00001CFD|25746672||||||99.99|99.99|0.03|-2.19|5fa2e6f32df42390
270|2025-12-13T16:45:51.0930000+08:00|40001ABC|-3.0845|0000|005A|100.0092|100.0092|0.1831|ba6b741388a278ff
38|2025-12-13T16:45:51.1820000+08:00|40001ABC|高贝扎|005A5A00|25746672|26635080|10000|10000|0||99.99|99.99|0.03|-2.46|0|0|0|0F09|3F4E54B8|10530A8D|cca3fd7e98e91bae
30|2025-12-13T16:45:51.1820000+08:00|F42|百雷铳|0.00|10530A8D|小祥客服|40001ABC|高贝扎|00|26635080|145489|d7410b75603d58e8
21|2025-12-13T16:45:51.3610000+08:00|10530A8D|小祥客服|DEB|强甲破点突|40001ABC|高贝扎|2D710003|5E750000|23E|1478000|A3E|9F8000|53E|9F8000|11B|DEB8000|0|0|0|0|0|0|25746672|26635080|10000|10000|||99.99|99.99|0.03|-2.81|81260|145489|10000|10000|||102.45|96.63|0.03|-0.16|00001CFF|0|1|00||01|DEB|DEB|0.600|6D62|7a0b0ee416c9c152
264|2025-12-13T16:45:51.3610000+08:00|10530A8D|0DEB|00001CFF|0||||-0.457|40001ABC|58456bc9173e112a
271|2025-12-13T16:45:51.3610000+08:00|40001AD6|-0.4569|00|00|101.9358|96.3015|0.0300|a93d806c48feda70
21|2025-12-13T16:45:51.3610000+08:00|40001AD5|高贝扎|8465|迟缓地暴|E0000000||0|0|0|0|0|0|0|0|0|0|0|0|0|0|0|0|||||||||||44|44|0|10000|||111.31|111.31|0.03|-2.36|00001D00|0|0|00||01|8465|8465|1.100|1FFF|c2e44de4165a7c94
264|2025-12-13T16:45:51.3610000+08:00|40001AD5|8465|00001D00|1|0.000|0.000|0.000|-2.356|40001AD5|0b6372ddebda62c3
38|2025-12-13T16:45:51.3610000+08:00|10530A8D|小祥客服|0064641E|81260|145489|10000|10000|0||102.45|96.63|0.03|-0.16|0|0|0|0|0|0|0|0|0|0|0|0|0|0|0|0|0|0|0|0|0|0|0|0|0|0|0|0|0|0|0|0|0|0|0|0|0|0|0|0|0|0|0|0|0|0|0|0|0|0|0|0|0|0|0|0|0|0|0|0|0|0|0|0|0|0|0|0|0|0|0|0|0|0|0|0|0|0|0|0|0|0|0|0|0|0|0|0|0|0|0|0|0|0|0|0|0|0|0|0|0|0|0107A2|414C55AE|10530A8D|ed6aee4e168166a7
26|2025-12-13T16:45:51.3610000+08:00|7A2|分身之术|12.77|10530A8D|小祥客服|10530A8D|小祥客服|01|145489|145489|513c3c25df69871c
31|2025-12-13T16:45:51.3610000+08:00|10530A8D|37001E|02|00|00|eb706c6e1694091b
261|2025-12-13T16:45:50.9340000+08:00|Change|40001AD6|Heading|-0.4569|ModelStatus|0|PosX|101.9358|PosY|96.3015|PosZ|0.0300|703a07956d1b8549
261|2025-12-13T16:45:50.9340000+08:00|Change|40001AD5|CastBuffID|0|CastDurationCurrent|0.0000|CastDurationMax|0.0000|CastTargetID|E0000000|IsCasting1|0|IsCasting2|0|fb443ff0b246e02c
270|2025-12-13T16:45:51.4060000+08:00|40001ABC|-3.1156|0000|005A|100.0092|100.0092|0.1831|ee6f2cb47495da6a
267|2025-12-13T16:45:51.4060000+08:00|40001ABC|80034E79|304D|8F5E|4000|0|2|0|0|1734adf276472954
00|2025-12-13T16:45:51.0000000+08:00|0044|高贝扎|我要拯救这个世界！|97c8b6df2b4499e1
21|2025-12-13T16:45:51.4500000+08:00|40001AD6|分身|4409|强甲破点突|40001ABC|高贝扎|710003|200B0000|53E|9F8000|1B|44098000|0|0|0|0|0|0|0|0|0|0|25746672|26635080|10000|10000|||99.99|99.99|0.03|-2.94|145078|145078|10000|10000|||101.94|96.30|0.03|-0.46|00001D01|0|1|10530A8D|小祥客服|01|4409|4409|2.233|6D62|a4b7ac7c70564a63
264|2025-12-13T16:45:51.4500000+08:00|40001AD6|4409|00001D01|0||||-0.457|40001ABC|69eec9443dde7341
39|2025-12-13T16:45:51.4500000+08:00|40001AD6|分身|145078|145078|10000|10000|||101.94|96.30|0.03|-0.46|d963e4dd661ec5fe
31|2025-12-13T16:45:51.4500000+08:00|10530A8D|3C001E|02|00|00|c3a5830d19eb735a
20|2025-12-13T16:45:51.4950000+08:00|40001ABC|高贝扎|846B|弦月剑|40001ABC|高贝扎|4.700|99.99|99.99|0.03|-2.94|f664a08e425f97a2
263|2025-12-13T16:45:51.4950000+08:00|40001ABC|846B|100.009|100.009|0.183|-3.116|a775f45390193e6f
39|2025-12-13T16:45:51.5400000+08:00|10530A8D|小祥客服|82714|145489|10000|10000|||102.51|96.94|0.03|-0.09|e91e92cca2a547fb
261|2025-12-13T16:45:51.1340000+08:00|Change|40001ABC|CastBuffID|33899|CastDurationCurrent|0.0129|CastDurationMax|4.7000|CastTargetID|40001ABC|Heading|-2.9784|IsCasting1|1|IsCasting2|1|0f222a8f8a501604
37|2025-12-13T16:45:51.9860000+08:00|40001ABC|高贝扎|00001CFF|25722491||||||99.99|99.99|0.03|-3.11|6e419fbe06225bdb
21|2025-12-13T16:45:52.0310000+08:00|10530A8D|小祥客服|1CEA|六道轮回|40001ABC|高贝扎|754003|61730000|0|0|0|0|0|0|0|0|0|0|0|0|0|0|25722491|26635080|10000|10000|||99.99|99.99|0.03|-3.12|82714|145489|10000|10000|||100.57|97.33|0.03|-0.38|00001D02|0|1|00||01|1CEA|1CEA|0.600|7248|16d168f217224ab2
264|2025-12-13T16:45:52.0310000+08:00|10530A8D|1CEA|00001D02|0||||-0.337|40001ABC|02f2365717212861
38|2025-12-13T16:45:52.0310000+08:00|40001ABC|高贝扎|005A5A00|25722491|26635080|10000|10000|0||99.99|99.99|0.03|-3.12|0|0|0|18297ad4f6dcf18d
30|2025-12-13T16:45:52.0310000+08:00|F09|介毒之术|0.00|10530A8D|小祥客服|40001ABC|高贝扎|00|26635080|145489|abe2aed53a4264be
31|2025-12-13T16:45:52.0310000+08:00|10530A8D|A001E|02|00|00|3eeec37b23c5719e
37|2025-12-13T16:45:52.0750000+08:00|40001ABC|高贝扎|00001D01|25714288||||||99.99|99.99|0.03|-3.12|d52b812d69071ef7
21|2025-12-13T16:45:52.6110000+08:00|10530A8D|小祥客服|07|攻击|40001ABC|高贝扎|710003|10210000|0|0|0|0|0|0|0|0|0|0|0|0|0|0|25714288|26635080|10000|10000|||99.99|99.99|0.03|-3.12|82714|145489|10000|10000|||97.41|98.66|0.03|-0.55|00001D03|0|1|00||01|07|07|0.100|4DD5|bc88a7473a080098
264|2025-12-13T16:45:52.6110000+08:00|10530A8D|0007|00001D03|0||||-1.231|40001ABC|37434e6a350edd91
37|2025-12-13T16:45:52.6550000+08:00|40001ABC|高贝扎|00001D02|25689341||||||99.99|99.99|0.03|-3.12|e0dfa4168558d4ed
37|2025-12-13T16:45:53.1460000+08:00|40001ABC|高贝扎|00001D03|25685212||||||99.99|99.99|0.03|-3.12|3f209575aeb10e88
21|2025-12-13T16:45:53.4590000+08:00|10530A8D|小祥客服|8C0|双刃旋|40001ABC|高贝扎|714003|4D2C0000|53E|9F8000|1B|8C08000|0|0|0|0|0|0|0|0|0|0|25685212|26635080|10000|10000|||99.99|99.99|0.03|-3.12|82714|145489|10000|10000|||96.73|99.65|0.03|1.47|00001D04|0|1|00||01|8C0|8C0|0.600|BBC5|d7c95a444153fecc
264|2025-12-13T16:45:53.4590000+08:00|10530A8D|08C0|00001D04|0||||1.467|40001ABC|40b16d57103f71c6
271|2025-12-13T16:45:53.4590000+08:00|40001AD6|1.4670|00|00|96.7320|99.6530|0.0300|395dd2b071db69b5
38|2025-12-13T16:45:53.4590000+08:00|10530A8D|小祥客服|0064641E|82714|145489|10000|10000|0||96.73|99.65|0.03|1.47|0|0|0|59272dcd9fdd8d1e
30|2025-12-13T16:45:53.4590000+08:00|7A2|分身之术|0.00|10530A8D|小祥客服|10530A8D|小祥客服|01|145489|145489|82990078f7b96b07
31|2025-12-13T16:45:53.4590000+08:00|10530A8D|F001E|02|00|00|3edd304ad3826256
261|2025-12-13T16:45:53.0170000+08:00|Change|40001AD6|Heading|1.4670|PosX|96.7320|PosY|99.6530|PosZ|0.0300|20eb3917a6ea903f
21|2025-12-13T16:45:53.5480000+08:00|40001AD6|分身|4405|双刃旋|40001ABC|高贝扎|710003|20950000|53E|9F8000|1B|44058000|0|0|0|0|0|0|0|0|0|0|25685212|26635080|10000|10000|||99.99|99.99|0.03|-3.12|145078|145078|10000|10000|||96.73|99.65|0.03|1.47|00001D05|0|1|10530A8D|小祥客服|01|4405|4405|1.966|BBC5|4e5863dcb515450a
264|2025-12-13T16:45:53.5480000+08:00|40001AD6|4405|00001D05|0||||1.467|40001ABC|fff2636ecb65d909
31|2025-12-13T16:45:53.5480000+08:00|10530A8D|14001E|02|00|00|1e12fcfa99de0d2e
37|2025-12-13T16:45:53.8600000+08:00|40001ABC|高贝扎|00001D04|25665456||||||99.99|99.99|0.03|-3.12|f78298db06a477a5
261|2025-12-13T16:45:53.4450000+08:00|Change|10530A8D|Heading|-0.2279|PosX|96.4751|PosY|101.0429|PosZ|0.0300|2c72c59fff0298a9
37|2025-12-13T16:45:53.9490000+08:00|40001ABC|高贝扎|00001D05|25657115||||||99.99|99.99|0.03|-3.12|0134527f7ff8abfe
21|2025-12-13T16:45:54.1280000+08:00|10530A8D|小祥客服|1D75|内丹|10530A8D|小祥客服|4|7A920000|0|0|0|0|0|0|0|0|0|0|0|0|0|0|82714|145489|10000|10000|||96.21|102.01|0.03|-0.30|82714|145489|10000|10000|||96.21|102.01|0.03|-0.30|00001D06|0|1|00||01|1D75|1D75|0.600|745B|24baf90b0a694490
264|2025-12-13T16:45:54.1280000+08:00|10530A8D|1D75|00001D06|0||||-0.286|10530A8D|15aa4fb3e7e646db
39|2025-12-13T16:45:54.4400000+08:00|40001AD6|分身|145078|145078|10000|10000|||96.73|99.65|0.03|1.47|f2e7c01bcb57596c
39|2025-12-13T16:45:54.5740000+08:00|10530A8D|小祥客服|84168|145489|10000|10000|||97.20|104.55|0.03|0.78|479d3496bb385a4e
37|2025-12-13T16:45:54.7530000+08:00|10530A8D|小祥客服|00001D06|115546||||||98.38|105.36|0.03|1.04|b45573b036d940d4
261|2025-12-13T16:45:54.3810000+08:00|Change|10530A8D|Heading|1.0984|PosX|98.7679|PosY|105.5743|PosZ|0.0300|59b25418df3a7462
21|2025-12-13T16:45:54.7970000+08:00|10530A8D|小祥客服|07|攻击|40001ABC|高贝扎|714003|12D50000|0|0|0|0|0|0|0|0|0|0|0|0|0|0|25657115|26635080|10000|10000|||99.99|99.99|0.03|-3.12|84168|145489|10000|10000|||98.38|105.36|0.03|1.04|00001D07|0|1|00||01|07|07|0.100|A734|77b598cd52a31074
264|2025-12-13T16:45:54.7970000+08:00|10530A8D|0007|00001D07|0||||0.962|40001ABC|b54c74ee26604f32
37|2025-12-13T16:45:55.3330000+08:00|40001ABC|高贝扎|00001D07|25652294||||||99.99|99.99|0.03|-3.12|d9d2711a268be6e1
261|2025-12-13T16:45:54.9880000+08:00|Change|10530A8D|Heading|2.9257|PosX|98.7679|PosY|105.5743|PosZ|0.0300|cb6313f4a18316df
21|2025-12-13T16:45:55.5560000+08:00|10530A8D|小祥客服|8C2|绝风|40001ABC|高贝扎|28712003|78B40000|53E|9F8000|11B|8C28000|0|0|0|0|0|0|0|0|0|0|25652294|26635080|10000|10000|||99.99|99.99|0.03|-3.12|115546|145489|10000|10000|||98.77|105.57|0.03|2.93|00001D08|0|1|00||01|8C2|8C2|0.600|F732|074c58ba5c2ce8fc
264|2025-12-13T16:45:55.5560000+08:00|10530A8D|08C2|00001D08|0||||2.925|40001ABC|9ffcb787f28bb11b
31|2025-12-13T16:45:55.5560000+08:00|10530A8D|1619001E|02|00|00|1c8a4bc77d379e3f
31|2025-12-13T16:45:55.6010000+08:00|10530A8D|19001E|02|00|00|5a128a8b855aec14
261|2025-12-13T16:45:55.2070000+08:00|Change|40001AD6|ModelStatus|8388608|cb51f33682d5995a
04|2025-12-13T16:45:55.4120000+08:00|40001AD6|分身|00|64|10530A8D|00||8313|10897|145078|145078|10000|10000|||96.73|99.65|0.03|1.47|10ce18cfda473d84
261|2025-12-13T16:45:55.4120000+08:00|Remove|40001AD6|7219193e77e3b719
37|2025-12-13T16:45:55.9580000+08:00|40001ABC|高贝扎|00001D08|25621394||||||99.99|99.99|0.03|-3.12|a05f3eb73f48167f
21|2025-12-13T16:45:56.4930000+08:00|40001ABC|高贝扎|846B|弦月剑|E0000000||0|0|0|0|0|0|0|0|0|0|0|0|0|0|0|0|||||||||||25621394|26635080|10000|10000|||99.99|99.99|0.03|-3.12|00001D09|0|0|00||01|846B|846B|3.500|010F|9af99cbab099091b
264|2025-12-13T16:45:56.4930000+08:00|40001ABC|846B|00001D09|1|0.000|0.000|0.000|-3.116|40001ABC|e35190b5548992c6
261|2025-12-13T16:45:55.9100000+08:00|Change|40001ABC|CastBuffID|0|CastDurationCurrent|0.0000|CastDurationMax|0.0000|CastTargetID|E0000000|Heading|-3.1156|IsCasting1|0|IsCasting2|0|c5b0e2caa907c64d
21|2025-12-13T16:45:56.9840000+08:00|10530A8D|小祥客服|07|攻击|40001ABC|高贝扎|710003|F2D0000|0|0|0|0|0|0|0|0|0|0|0|0|0|0|25621394|26635080|10000|10000|||99.99|99.99|0.03|-3.12|115546|145489|10000|10000|||98.78|105.49|0.03|2.98|00001D0A|0|1|00||01|07|07|0.100|F796|3996cccb38bd9252
264|2025-12-13T16:45:56.9840000+08:00|10530A8D|0007|00001D0A|0||||2.935|40001ABC|19d8a2d7a2780860
37|2025-12-13T16:45:57.5200000+08:00|40001ABC|高贝扎|00001D0A|25617509||||||99.99|99.99|0.03|-3.12|a2c1532703be8ab2
39|2025-12-13T16:45:57.5650000+08:00|10530A8D|小祥客服|117000|145489|10000|10000|||99.31|104.49|0.03|1.52|643ac8a9c64248fe
21|2025-12-13T16:45:57.7440000+08:00|10530A8D|小祥客服|8CF|旋风刃|40001ABC|高贝扎|2A710003|70A40000|A3E|9F8000|53E|9F8000|11B|8CF8000|0|0|0|0|0|0|0|0|25617509|26635080|10000|10000|||99.99|99.99|0.03|-3.12|117000|145489|10000|10000|||99.31|104.49|0.03|2.99|00001D0B|0|1|00||01|8CF|8CF|0.600|F9E0|adb2fb98bac9ebdc
264|2025-12-13T16:45:57.7440000+08:00|10530A8D|08CF|00001D0B|0||||2.991|40001ABC|28b1f20060aabcc6
31|2025-12-13T16:45:57.7440000+08:00|10530A8D|28001E|01|00|00|e9686fd8ecb77881
37|2025-12-13T16:45:58.2780000+08:00|40001ABC|高贝扎|00001D0B|25588673||||||99.99|99.99|0.03|-3.12|80bf6424bcbfc386
261|2025-12-13T16:45:58.5860000+08:00|Change|10530A8D|Heading|2.3446|PosX|102.1567|PosY|101.8805|PosZ|0.0300|c2fda4237e0cd188
21|2025-12-13T16:45:59.1720000+08:00|10530A8D|小祥客服|07|攻击|40001ABC|高贝扎|710003|FF10000|0|0|0|0|0|0|0|0|0|0|0|0|0|0|25588673|26635080|10000|10000|||99.99|99.99|0.03|-3.12|117000|145489|10000|10000|||101.93|102.10|0.03|2.34|00001D0C|0|1|00||01|07|07|0.100|DF18|938df7a37ca4b652
264|2025-12-13T16:45:59.1720000+08:00|10530A8D|0007|00001D0C|0||||2.334|40001ABC|5c47dcd49e9c863b
37|2025-12-13T16:45:59.7070000+08:00|40001ABC|高贝扎|00001D0C|25584592||||||99.99|99.99|0.03|-3.12|41e84959415fc642
21|2025-12-13T16:45:59.8410000+08:00|10530A8D|小祥客服|8C0|双刃旋|40001ABC|高贝扎|710003|3AAD0000|53E|9F8000|1B|8C08000|0|0|0|0|0|0|0|0|0|0|25584592|26635080|10000|10000|||99.99|99.99|0.03|-3.12|117000|145489|10000|10000|||104.43|101.67|0.03|-1.93|00001D0D|0|1|00||01|8C0|8C0|0.600|3147|eaa85fbbdfec9605
264|2025-12-13T16:45:59.8410000+08:00|10530A8D|08C0|00001D0D|0||||-1.932|40001ABC|d87ae9054a4f3a2b
31|2025-12-13T16:45:59.8410000+08:00|10530A8D|2D001E|01|00|00|56ec89535582b617
270|2025-12-13T16:46:00.1980000+08:00|40001ABC|1.2104|0000|005A|100.0092|100.0092|0.1831|b94f5584f886e4f5
261|2025-12-13T16:45:59.6730000+08:00|Change|40001ABC|Heading|3.0903|PosX|99.9923|PosY|99.9923|PosZ|0.0300|1809bc4373f4a111
37|2025-12-13T16:46:00.2430000+08:00|40001ABC|高贝扎|00001D0D|25569571||||||99.99|99.99|0.03|2.70|d6e69c308d3a2876
21|2025-12-13T16:46:00.5110000+08:00|40001ABC|高贝扎|844B|unknown_844b|10530A8D|小祥客服|750003|57740000|1B|844B8000|0|0|0|0|0|0|0|0|0|0|0|0|117000|145489|10000|10000|||104.43|101.67|0.03|-1.93|25569571|26635080|10000|10000|||99.99|99.99|0.03|1.80|00001D0E|0|1|00||01|844B|844B|0.100|B151|29e250c50453dc13
264|2025-12-13T16:46:00.5110000+08:00|40001ABC|844B|00001D0E|0||||1.210|10530A8D|a38425b0ab0e637c
39|2025-12-13T16:46:00.5560000+08:00|10530A8D|小祥客服|118454|145489|10000|10000|||104.43|101.67|0.03|-1.93|1621e680669df6f9
21|2025-12-13T16:46:01.3590000+08:00|10530A8D|小祥客服|07|攻击|40001ABC|高贝扎|710003|FFD0000|0|0|0|0|0|0|0|0|0|0|0|0|0|0|25569571|26635080|10000|10000|||99.99|99.99|0.03|1.21|118454|145489|10000|10000|||105.86|102.19|0.03|1.36|00001D0F|0|1|00||01|07|07|0.100|3058|eba88d6dc69e91ed
264|2025-12-13T16:46:01.3590000+08:00|10530A8D|0007|00001D0F|0||||-1.955|40001ABC|f2d050d22b01bccb
270|2025-12-13T16:46:01.6270000+08:00|40001ABC|1.3201|0000|005A|100.0092|100.0092|0.1831|35efc1a7c2f39960
37|2025-12-13T16:46:01.6720000+08:00|10530A8D|小祥客服|00001D0E|96066||||||106.73|101.72|0.03|2.11|dce6f21be232a3e2
37|2025-12-13T16:46:01.8960000+08:00|40001ABC|高贝扎|00001D0F|25565478||||||99.99|99.99|0.03|1.26|14d7cae198c70c09
21|2025-12-13T16:46:01.9410000+08:00|10530A8D|小祥客服|8C2|绝风|40001ABC|高贝扎|28714003|67910000|53E|9F8000|11B|8C28000|0|0|0|0|0|0|0|0|0|0|25565478|26635080|10000|10000|||99.99|99.99|0.03|1.29|96066|145489|10000|10000|||106.73|101.72|0.03|-1.82|00001D10|0|1|00||01|8C2|8C2|0.600|35C0|8e0b4475a29e3f51
264|2025-12-13T16:46:01.9410000+08:00|10530A8D|08C2|00001D10|0||||-1.822|40001ABC|46134063b122485f
31|2025-12-13T16:46:01.9410000+08:00|10530A8D|32001E|01|00|00|9d7a219ae134aada
37|2025-12-13T16:46:02.3420000+08:00|40001ABC|高贝扎|00001D10|25538965||||||99.99|99.99|0.03|1.32|aaca0d5ac01fa49a
261|2025-12-13T16:46:01.9270000+08:00|Change|10530A8D|Heading|0.2957|PosX|107.2011|PosY|102.6191|PosZ|0.0300|16e2dd5b98ba2166
270|2025-12-13T16:46:02.8330000+08:00|40001ABC|1.1176|0000|005A|100.0092|100.0092|0.1831|866b1b7132fd960a
21|2025-12-13T16:46:03.1450000+08:00|40001ABC|高贝扎|84B8|unknown_84b8|E0000000||0|0|0|0|0|0|0|0|0|0|0|0|0|0|0|0|||||||||||25538965|26635080|10000|10000|||99.99|99.99|0.03|1.18|00001D11|0|0|00||01|84B8|84B8|2.100|ADBF|ab164fa749ee9f16
264|2025-12-13T16:46:03.1450000+08:00|40001ABC|84B8|00001D11|1|100.009|100.009|0.000|1.123|E0000000|e5ac3aa9eadf045c
21|2025-12-13T16:46:03.2800000+08:00|10530A8D|小祥客服|1CEA|六道轮回|40001ABC|高贝扎|750003|50350000|0|0|0|0|0|0|0|0|0|0|0|0|0|0|25538965|26635080|10000|10000|||99.99|99.99|0.03|1.14|96066|145489|10000|10000|||105.82|103.28|0.03|-2.06|00001D12|0|1|00||01|1CEA|1CEA|0.600|2B6E|f52c70ee6bfb5da9
264|2025-12-13T16:46:03.2800000+08:00|10530A8D|1CEA|00001D12|0||||-2.076|40001ABC|407d47f713bc7b46
31|2025-12-13T16:46:03.2800000+08:00|10530A8D|1E|01|00|00|b84e48068240de1a
39|2025-12-13T16:46:03.5480000+08:00|10530A8D|小祥客服|97520|145489|10000|10000|||103.85|102.66|0.44|-1.35|8afd501b0b28afab
21|2025-12-13T16:46:03.5480000+08:00|10530A8D|小祥客服|07|攻击|40001ABC|高贝扎|714003|136D0000|0|0|0|0|0|0|0|0|0|0|0|0|0|0|25538965|26635080|10000|10000|||99.99|99.99|0.03|1.12|96066|145489|10000|10000|||103.85|102.66|0.44|-1.35|00001D13|0|1|00||01|07|07|0.332|3497|fd3cadedc02c8540
264|2025-12-13T16:46:03.5480000+08:00|10530A8D|0007|00001D13|0||||-1.851|40001ABC|0dfdc022ec005604
261|2025-12-13T16:46:03.2820000+08:00|Change|10530A8D|Heading|-1.4154|PosX|102.4545|PosY|102.0323|PosZ|1.7533|937e4f5a92ccd9b5
37|2025-12-13T16:46:03.9050000+08:00|40001ABC|高贝扎|00001D12|25518432||||||99.99|99.99|0.03|1.12|7f9e4639d534eb5f
21|2025-12-13T16:46:04.0390000+08:00|10530A8D|小祥客服|DEB|强甲破点突|40001ABC|高贝扎|2D710003|5B0C0000|23E|1478000|A3E|9F8000|53E|9F8000|11B|DEB8000|0|0|0|0|0|0|25518432|26635080|10000|10000|||99.99|99.99|0.03|1.12|97520|145489|10000|10000|||101.25|101.49|1.59|-2.30|00001D14|0|1|00||01|DEB|DEB|0.600|1FB7|7bb542fd59140ab8
264|2025-12-13T16:46:04.0390000+08:00|10530A8D|0DEB|00001D14|0||||-2.363|40001ABC|8e1d155d27407f53
31|2025-12-13T16:46:04.0390000+08:00|10530A8D|F001E|03|00|00|67f2b84f34bf7797
37|2025-12-13T16:46:04.0840000+08:00|40001ABC|高贝扎|00001D13|25513459||||||99.99|99.99|0.03|1.12|f62587fb9c5f36da
270|2025-12-13T16:46:04.1730000+08:00|40001ABC|1.1228|0000|005A|100.0092|100.0092|0.1831|58c5900df879ba31
37|2025-12-13T16:46:04.6640000+08:00|40001ABC|高贝扎|00001D14|25490151||||||99.99|99.99|0.03|1.12|194849bf86c8731c
261|2025-12-13T16:46:04.5960000+08:00|Change|10530A8D|Heading|0.2266|PosX|101.3369|PosY|106.9879|PosZ|1.2261|9aca03eb7cee7e0e
270|2025-12-13T16:46:05.3780000+08:00|40001ABC|3.1415|0000|005A|100.0092|100.0092|0.1831|974ae5583cca8759
267|2025-12-13T16:46:05.3780000+08:00|40001ABC|80034E79|304D|8F64|4000|0|2|0|0|b2b6b63a17b140aa
00|2025-12-13T16:46:04.0000000+08:00|0044|高贝扎|寒光尖锐！|55092696235ab12b
20|2025-12-13T16:46:05.4680000+08:00|40001ABC|高贝扎|845E|极寒突袭|40001ABC|高贝扎|2.700|99.99|99.99|0.03|1.69|3f5c432f6d41c96c
263|2025-12-13T16:46:05.4680000+08:00|40001ABC|845E|100.009|100.009|0.183|3.141|82efbfc5fc293243
257|2025-12-13T16:46:05.4680000+08:00|80034E79|00020001|06|||1dcf3c6df9eab9ad
271|2025-12-13T16:46:05.4680000+08:00|40001AD5|-3.1416|00|00|92.5000|100.0000|0.0000|60847649546ec238
271|2025-12-13T16:46:05.4680000+08:00|40001AD4|-0.0001|00|00|107.5000|100.0000|0.0000|760e0972beaa5594
20|2025-12-13T16:46:05.5120000+08:00|40001AD4|高贝扎|8460|极寒突袭|40001AD4|高贝扎|3.700|100.00|90.00|0.03|0.00|17b1a676fa2194e0
263|2025-12-13T16:46:05.5120000+08:00|40001AD4|8460|107.517|100.009|0.000|0.000|35463954504b7813
261|2025-12-13T16:46:05.0170000+08:00|Change|40001ABC|CastBuffID|33886|CastDurationCurrent|0.0166|CastDurationMax|2.7000|CastTargetID|40001ABC|Heading|1.9237|IsCasting1|1|IsCasting2|1|effe86d71a7b8b65
20|2025-12-13T16:46:05.5120000+08:00|40001AD5|高贝扎|8460|极寒突袭|40001AD5|高贝扎|3.700|111.31|111.31|0.03|-2.36|dca99678eeefe15e
263|2025-12-13T16:46:05.5120000+08:00|40001AD5|8460|92.502|100.009|0.000|-3.142|03154a459e67b4ff
261|2025-12-13T16:46:05.0170000+08:00|Change|40001AD5|CastBuffID|33888|CastDurationCurrent|0.0166|CastDurationMax|3.7000|CastTargetID|40001AD5|Heading|-3.1416|IsCasting1|1|IsCasting2|1|PosX|92.5000|PosY|100.0000|PosZ|0.0300|5a16065d54ca24f1
261|2025-12-13T16:46:05.0170000+08:00|Change|40001AD4|CastBuffID|33888|CastDurationCurrent|0.0166|CastDurationMax|3.7000|CastTargetID|40001AD4|Heading|0.0000|IsCasting1|1|IsCasting2|1|PosX|107.5000|PosY|100.0000|PosZ|0.0300|025dbbc0ffd05c57
257|2025-12-13T16:46:05.4680000+08:00|80034E79|00020001|03|||c35b03b222554252
261|2025-12-13T16:46:05.3760000+08:00|Change|10530A8D|Heading|-0.1253|PosX|101.1410|PosY|111.8643|PosZ|0.0300|a80d3493b3c41d6f
39|2025-12-13T16:46:06.5390000+08:00|10530A8D|小祥客服|98974|145489|10000|10000|||100.89|113.65|0.03|-0.23|df64e6cbd937e69e
261|2025-12-13T16:46:06.5000000+08:00|Change|10530A8D|Heading|0.0737|PosX|100.9717|PosY|116.9346|PosZ|-1.0487|0c84c57857f454f7
31|2025-12-13T16:46:07.0750000+08:00|10530A8D|1E|00|00|00|15bacf36d3dfb8ee
38|2025-12-13T16:46:07.0750000+08:00|10530A8D|小祥客服|0064641E|0|145489|0|10000|0||101.00|117.18|-1.49|0.07|0|0|0|9b75990c50a7d59d
261|2025-12-13T16:46:06.8230000+08:00|Change|40001ABC|CastDurationCurrent|1.7043|Heading|3.1416|PosX|99.9923|PosY|99.9923|PosZ|0.0300|fad954d26263c2ee
261|2025-12-13T16:46:06.9350000+08:00|Change|10530A8D|CurrentMP|0|Heading|0.0737|PosX|101.1568|PosY|118.7632|PosZ|-6.1135|41898f8aaa5c98bc
261|2025-12-13T16:46:07.0610000+08:00|Change|10530A8D|PCTargetID|0|PosX|101.2412|PosY|119.5957|PosZ|-9.7970|ca487614546641cd
261|2025-12-13T16:46:07.3890000+08:00|Change|10530A8D|Heading|0.0737|PosX|101.3756|PosY|120.9224|PosZ|-16.5428|6e545440e109632d
261|2025-12-13T16:46:07.5720000+08:00|Change|10530A8D|Heading|0.0737|PosX|101.4976|PosY|122.1273|PosZ|-22.6817|291b4970cbb3e043
33|2025-12-13T16:46:08.1000000+08:00|80034E79|40000005|00|00|00|00|dbf7217708efe32c
260|2025-12-13T16:46:07.6980000+08:00|1|0|0|1|76ce82e3eca25f33
21|2025-12-13T16:46:08.4570000+08:00|40001ABC|高贝扎|845E|极寒突袭|40001ABC|高贝扎|1B|845E8000|0|0|0|0|0|0|0|0|0|0|0|0|0|0|25490151|26635080|10000|10000|||99.99|99.99|0.03|3.14|25490151|26635080|10000|10000|||99.99|99.99|0.03|3.14|00001D15|0|1|00||01|845E|845E|3.100|FFFF|7b7cbad3c7915e68
264|2025-12-13T16:46:08.4570000+08:00|40001ABC|845E|00001D15|0||||3.141|40001ABC|dcbcada981135c86
25|2025-12-13T16:46:09.0820000+08:00|10530A8D|小祥客服|E0000000||4c478d0925ed9135
261|2025-12-13T16:46:08.9210000+08:00|Change|10530A8D|Heading|0.0737|PosX|102.1350|PosY|128.4196|PosZ|-54.8164|e9b6ac8a28b97eb0
21|2025-12-13T16:46:09.4840000+08:00|40001AD4|高贝扎|8460|极寒突袭|E0000000||0|0|0|0|0|0|0|0|0|0|0|0|0|0|0|0|||||||||||44|44|0|10000|||107.50|100.00|0.03|0.00|00001D16|0|0|00||01|8460|8460|1.100|7FFF|855957f6e5c279f5
264|2025-12-13T16:46:09.4840000+08:00|40001AD4|8460|00001D16|1|0.000|0.000|0.000|0.000|40001AD4|ca7feb9a86b2f784
21|2025-12-13T16:46:09.4840000+08:00|40001AD5|高贝扎|8460|极寒突袭|E0000000||0|0|0|0|0|0|0|0|0|0|0|0|0|0|0|0|||||||||||44|44|0|10000|||92.50|100.00|0.03|-3.14|00001D17|0|0|00||01|8460|8460|1.100|0000|497185ad6cf9ac9b
264|2025-12-13T16:46:09.4840000+08:00|40001AD5|8460|00001D17|1|0.000|0.000|0.000|-3.142|40001AD5|6a476c638c42e225
257|2025-12-13T16:46:09.5740000+08:00|80034E79|00080004|06|||2cd68c6ce0059032
257|2025-12-13T16:46:09.5740000+08:00|80034E79|00080004|03|||064dfc14ec393838
271|2025-12-13T16:46:09.5740000+08:00|10530A8D|-3.1416|19|02|100.6450|112.5060|0.0300|dffee2e12c4c72a0
261|2025-12-13T16:46:10.1680000+08:00|Change|10530A8D|Heading|-3.1416|PosX|100.6450|PosY|112.5060|PosZ|0.0300|6babbba2832af798
261|2025-12-13T16:46:10.4390000+08:00|Change|40001ABC|CastBuffID|0|CastDurationCurrent|0.0000|CastDurationMax|0.0000|CastTargetID|E0000000|IsCasting1|0|IsCasting2|0|NPCTargetID|E0000000|PCTargetID|0|1fe2f9100c19e9f0
261|2025-12-13T16:46:10.7260000+08:00|Change|40001AD5|CastBuffID|0|CastDurationCurrent|0.0000|CastDurationMax|0.0000|CastTargetID|E0000000|IsCasting1|0|IsCasting2|0|49622ac0bdd41d7a
261|2025-12-13T16:46:10.7260000+08:00|Change|40001AD4|CastBuffID|0|CastDurationCurrent|0.0000|CastDurationMax|0.0000|CastTargetID|E0000000|IsCasting1|0|IsCasting2|0|eab728a7564e7d00
33|2025-12-13T16:46:11.1830000+08:00|80034E79|8000000D|00|00|00|00|b53d4000acbb8d52
33|2025-12-13T16:46:11.1830000+08:00|80034E79|80000029|00|00|00|00|99025dd60dfb76bb
33|2025-12-13T16:46:11.1830000+08:00|80034E79|40000013|00|00|00|00|c25d7c0a766c2c78
04|2025-12-13T16:46:10.8370000+08:00|40001ABA|高贝扎的幻影|00|5A|0000|00||12366|16218|69200|69200|10000|10000|||100.00|100.00|0.03|-3.14|4a164df4bb7f3b25
04|2025-12-13T16:46:10.8370000+08:00|40001AB4|风球|00|5A|0000|00||12368|16214|69200|69200|10000|10000|||100.00|100.00|0.03|-3.14|ffa885e5e9d982aa
04|2025-12-13T16:46:10.8370000+08:00|40001AAE|风球|00|5A|0000|00||12368|16214|69200|69200|10000|10000|||100.00|100.00|0.03|-3.14|32c7aeee14ba8a7c
04|2025-12-13T16:46:10.8370000+08:00|40001AB8|高贝扎的幻影|00|5A|0000|00||12366|16218|69200|69200|10000|10000|||100.00|100.00|0.03|-3.14|6736dc6e4d2b5bc6
04|2025-12-13T16:46:10.8370000+08:00|40001AAD|风球|00|5A|0000|00||12368|16214|69200|69200|10000|10000|||100.00|100.00|0.03|-3.14|d36651ac78ec6df5
04|2025-12-13T16:46:10.8370000+08:00|40001AAC|风球|00|5A|0000|00||12368|16214|69200|69200|10000|10000|||100.00|100.00|0.03|-3.14|05382668166648e7
04|2025-12-13T16:46:10.8370000+08:00|40001AB9|高贝扎的幻影|00|5A|0000|00||12366|16218|69200|69200|10000|10000|||100.00|100.00|0.03|-3.14|df754c0fa3ca5587
04|2025-12-13T16:46:10.8370000+08:00|40001AA7|风球|00|5A|0000|00||12368|16214|69200|69200|10000|10000|||100.00|100.00|0.03|-3.14|e59b022c95d2e0ad
04|2025-12-13T16:46:10.8370000+08:00|40001AAB|风球|00|5A|0000|00||12368|16214|69200|69200|10000|10000|||100.00|100.00|0.03|-3.14|d839cf5f9ee6d60d
04|2025-12-13T16:46:10.8370000+08:00|40001ABB|黑龙|00|5A|0000|00||12367|16213|69200|69200|10000|10000|||100.00|100.00|0.03|0.00|05bb971261cd3921
04|2025-12-13T16:46:10.8370000+08:00|40001AAA|风球|00|5A|0000|00||12368|16214|69200|69200|10000|10000|||100.00|100.00|0.03|-3.14|2a0e61376698bc24
04|2025-12-13T16:46:10.8370000+08:00|40001AB6|风球|00|5A|0000|00||12368|16214|69200|69200|10000|10000|||100.00|100.00|0.03|-3.14|c6b9e3044a788294
04|2025-12-13T16:46:10.8370000+08:00|40001AB7|高贝扎的幻影|00|5A|0000|00||12366|16218|69200|69200|10000|10000|||100.00|100.00|0.03|-3.14|60893472cff2fece
04|2025-12-13T16:46:10.8370000+08:00|40001AA9|风球|00|5A|0000|00||12368|16214|69200|69200|10000|10000|||100.00|100.00|0.03|-3.14|ec90e73b3e4c2c9c
04|2025-12-13T16:46:10.8370000+08:00|40001AA8|风球|00|5A|0000|00||12368|16214|69200|69200|10000|10000|||100.00|100.00|0.03|-3.14|9a8ea5fea8d9548c
04|2025-12-13T16:46:10.8370000+08:00|40001AAF|风球|00|5A|0000|00||12368|16214|69200|69200|10000|10000|||100.00|100.00|0.03|-3.14|a78238f1aa89dbb3
04|2025-12-13T16:46:10.8370000+08:00|40001AB0|风球|00|5A|0000|00||12368|16214|69200|69200|10000|10000|||100.00|100.00|0.03|-3.14|80677b04bded24be
04|2025-12-13T16:46:10.8370000+08:00|40001AB1|风球|00|5A|0000|00||12368|16214|69200|69200|10000|10000|||100.00|100.00|0.03|-3.14|e7067a550a5e5848
04|2025-12-13T16:46:10.8370000+08:00|40001AB2|风球|00|5A|0000|00||12368|16214|69200|69200|10000|10000|||100.00|100.00|0.03|-3.14|25c221b43465a182
04|2025-12-13T16:46:10.8370000+08:00|40001AB3|风球|00|5A|0000|00||12368|16214|69200|69200|10000|10000|||100.00|100.00|0.03|-3.14|d7508f64d4a60cf3
04|2025-12-13T16:46:10.8370000+08:00|40001AB5|风球|00|5A|0000|00||12368|16214|69200|69200|10000|10000|||100.00|100.00|0.03|-3.14|6bc00a80db62307c
04|2025-12-13T16:46:10.8370000+08:00|40001AC4|高贝扎|00|1|0000|00||12365|9020|44|44|0|10000|||100.00|90.00|0.03|0.00|0d93519a1010f098
04|2025-12-13T16:46:10.8370000+08:00|40001AC3|高贝扎|00|1|0000|00||12365|9020|44|44|0|10000|||100.00|90.00|0.03|0.00|0cf5e17f83f46931
04|2025-12-13T16:46:10.8370000+08:00|40001AC6|高贝扎|00|1|0000|00||12365|9020|44|44|0|10000|||100.00|90.00|0.03|0.00|7dfe447499ad5622
04|2025-12-13T16:46:10.8370000+08:00|40001ABF|高贝扎|00|1|0000|00||12365|9020|44|44|0|10000|||100.00|90.00|0.03|0.00|d5a7a14b92b932ce
04|2025-12-13T16:46:10.8370000+08:00|40001ACB|高贝扎|00|1|0000|00||12365|9020|44|44|0|10000|||100.00|90.00|0.03|0.00|e712892e4c8ea258
04|2025-12-13T16:46:10.8370000+08:00|40001ACA|高贝扎|00|1|0000|00||12365|9020|44|44|0|10000|||100.00|90.00|0.03|0.00|dffae86245d90a6c
04|2025-12-13T16:46:10.8370000+08:00|40001AC8|高贝扎|00|1|0000|00||12365|9020|44|44|0|10000|||100.00|90.00|0.03|0.00|e7b90a82864f8f7a
04|2025-12-13T16:46:10.8370000+08:00|40001AC9|高贝扎|00|1|0000|00||12365|9020|44|44|0|10000|||100.00|90.00|0.03|0.00|25662ee71b007845
04|2025-12-13T16:46:10.8370000+08:00|40001AD5|高贝扎|00|1|0000|00||12365|9020|44|44|0|10000|||92.50|100.00|0.03|-3.14|bb398f790a79b4d4
04|2025-12-13T16:46:10.8370000+08:00|40001ABD|高贝扎|00|1|0000|00||12365|9020|44|44|0|10000|||100.00|90.00|0.03|0.00|02f92ed76c460185
04|2025-12-13T16:46:10.8370000+08:00|40001AC2|高贝扎|00|1|0000|00||12365|9020|44|44|0|10000|||100.00|90.00|0.03|0.00|7e3c039995d69d81
04|2025-12-13T16:46:10.8370000+08:00|40001AC5|高贝扎|00|1|0000|00||12365|9020|44|44|0|10000|||100.00|90.00|0.03|0.00|8d116caaf41a96c4
04|2025-12-13T16:46:10.8370000+08:00|40001AC0|高贝扎|00|1|0000|00||12365|9020|44|44|0|10000|||100.00|90.00|0.03|0.00|582b24c8c0a12a7d
04|2025-12-13T16:46:10.8370000+08:00|40001AD0|高贝扎|00|1|0000|00||12365|9020|44|44|0|10000|||100.00|90.00|0.03|0.00|9b7b59a7e896ef62
04|2025-12-13T16:46:10.8370000+08:00|40001AD1|高贝扎|00|1|0000|00||12365|9020|44|44|0|10000|||100.00|90.00|0.03|0.00|71c55c29973c1082
04|2025-12-13T16:46:10.8370000+08:00|40001ABE|高贝扎|00|1|0000|00||12365|9020|44|44|0|10000|||100.00|90.00|0.03|0.00|b1a60038ef2ee8ec
04|2025-12-13T16:46:10.8370000+08:00|40001AD3|高贝扎|00|1|0000|00||12365|9020|44|44|0|10000|||100.00|90.00|0.03|0.00|80f5596032428e37
04|2025-12-13T16:46:10.8370000+08:00|40001AD2|高贝扎|00|1|0000|00||12365|9020|44|44|0|10000|||100.00|90.00|0.03|0.00|7d9f3c2bece15e68
04|2025-12-13T16:46:10.8370000+08:00|40001ACF|高贝扎|00|1|0000|00||12365|9020|44|44|0|10000|||100.00|90.00|0.03|0.00|e0cb2ac8c3b94ece
04|2025-12-13T16:46:10.8370000+08:00|40001ACC|高贝扎|00|1|0000|00||12365|9020|44|44|0|10000|||100.00|90.00|0.03|0.00|057b204f4f1ba56a
04|2025-12-13T16:46:10.8370000+08:00|40001AC7|高贝扎|00|1|0000|00||12365|9020|44|44|0|10000|||100.00|90.00|0.03|0.00|9224c260e9204f99
04|2025-12-13T16:46:10.8370000+08:00|40001ACD|高贝扎|00|1|0000|00||12365|9020|44|44|0|10000|||100.00|90.00|0.03|0.00|43c28b673dec857f
04|2025-12-13T16:46:10.8370000+08:00|40001AD4|高贝扎|00|1|0000|00||12365|9020|44|44|0|10000|||107.50|100.00|0.03|0.00|dea6a6080e30f0e0
04|2025-12-13T16:46:10.8370000+08:00|40001AC1|高贝扎|00|1|0000|00||12365|9020|44|44|0|10000|||100.00|90.00|0.03|0.00|4ffa2faba881d1cb
04|2025-12-13T16:46:10.8370000+08:00|40001ACE|高贝扎|00|1|0000|00||12365|9020|44|44|0|10000|||100.00|90.00|0.03|0.00|959c636a8c095f11
04|2025-12-13T16:46:10.8370000+08:00|40001ABC|高贝扎|00|5A|0000|00||12365|16212|25490151|26635080|10000|10000|||99.99|99.99|0.03|3.14|50289f4f5bfa83a1
261|2025-12-13T16:46:10.8370000+08:00|Remove|40001AA7|76a8c1c94aed1e37
261|2025-12-13T16:46:10.8370000+08:00|Remove|40001AA8|ebb4b8998c60e722
261|2025-12-13T16:46:10.8370000+08:00|Remove|40001AA9|e113de8c00f0a846
261|2025-12-13T16:46:10.8370000+08:00|Remove|40001AAA|d5b4e917384c2a4a
261|2025-12-13T16:46:10.8370000+08:00|Remove|40001AAB|7d98ea6fe48ccbc8
261|2025-12-13T16:46:10.8370000+08:00|Remove|40001AAC|45a9d4688b959201
261|2025-12-13T16:46:10.8370000+08:00|Remove|40001AAD|1810b7f55144bce4
261|2025-12-13T16:46:10.8370000+08:00|Remove|40001AAE|a733337e39ebc030
261|2025-12-13T16:46:10.8370000+08:00|Remove|40001AAF|52ce21844c3c227b
261|2025-12-13T16:46:10.8370000+08:00|Remove|40001AB0|830a58c37070ba7d
261|2025-12-13T16:46:10.8370000+08:00|Remove|40001AB1|a42aba3fc17899b9
261|2025-12-13T16:46:10.8370000+08:00|Remove|40001AB2|4e989509dd297459
261|2025-12-13T16:46:10.8370000+08:00|Remove|40001AB3|caa96fc7f43cb944
261|2025-12-13T16:46:10.8370000+08:00|Remove|40001AB4|1eae603476683b8d
261|2025-12-13T16:46:10.8370000+08:00|Remove|40001AB5|9b14c27c9d6a8940
261|2025-12-13T16:46:10.8370000+08:00|Remove|40001AB6|5ce270c6fb8e0615
261|2025-12-13T16:46:10.8370000+08:00|Remove|40001AB7|0f615bdbf0515a7e
261|2025-12-13T16:46:10.8370000+08:00|Remove|40001AB8|ed818bdd9c7bcaeb
261|2025-12-13T16:46:10.8370000+08:00|Remove|40001AB9|fef69d0c4363d6a2
261|2025-12-13T16:46:10.8370000+08:00|Remove|40001ABA|249872afe86daf9c
261|2025-12-13T16:46:10.8370000+08:00|Remove|40001ABB|27e2e9c89fb1b0d2
261|2025-12-13T16:46:10.8370000+08:00|Remove|40001ABC|5e47e6b900f4d09d
261|2025-12-13T16:46:10.8370000+08:00|Remove|40001ABD|41ccbbdb5c8fedfd
261|2025-12-13T16:46:10.8370000+08:00|Remove|40001ABE|bbf629d1f8307c2a
261|2025-12-13T16:46:10.8370000+08:00|Remove|40001ABF|0b7aab42594e99f9
261|2025-12-13T16:46:10.8370000+08:00|Remove|40001AC0|6c92137635c51018
261|2025-12-13T16:46:10.8370000+08:00|Remove|40001AC1|e2f7b844328f221b
261|2025-12-13T16:46:10.8370000+08:00|Remove|40001AC2|b93a4807479f5172
261|2025-12-13T16:46:10.8370000+08:00|Remove|40001AC3|c3031d9222fac76a
261|2025-12-13T16:46:10.8370000+08:00|Remove|40001AC4|e6af7655584a4ed1
261|2025-12-13T16:46:10.8370000+08:00|Remove|40001AC5|8e2763c65e07002e
261|2025-12-13T16:46:10.8370000+08:00|Remove|40001AC6|d05e393cbf1c1c6a
261|2025-12-13T16:46:10.8370000+08:00|Remove|40001AC7|b66fd768cbed63a2
261|2025-12-13T16:46:10.8370000+08:00|Remove|40001AC8|40a6bbfcc70d4d28
261|2025-12-13T16:46:10.8370000+08:00|Remove|40001AC9|2963defa7bd0511a
261|2025-12-13T16:46:10.8370000+08:00|Remove|40001ACA|54c66dc97cee7ff3
261|2025-12-13T16:46:10.8370000+08:00|Remove|40001ACB|19104e8548c08e5b
261|2025-12-13T16:46:10.8370000+08:00|Remove|40001ACC|b4226a4f25986a4b
261|2025-12-13T16:46:10.8370000+08:00|Remove|40001ACD|13e529ad9bb43154
261|2025-12-13T16:46:10.8370000+08:00|Remove|40001ACE|7f80253d1d42c93a
261|2025-12-13T16:46:10.8370000+08:00|Remove|40001ACF|17f087803cc85fa9
261|2025-12-13T16:46:10.8370000+08:00|Remove|40001AD0|8c9787cf4015afd8
261|2025-12-13T16:46:10.8370000+08:00|Remove|40001AD1|a8e1f61ae9e85784
261|2025-12-13T16:46:10.8370000+08:00|Remove|40001AD2|e31903fbc2e112ec
261|2025-12-13T16:46:10.8370000+08:00|Remove|40001AD3|267cdc43f1907423
261|2025-12-13T16:46:10.8370000+08:00|Remove|40001AD4|2c88515054652ed9
261|2025-12-13T16:46:10.8370000+08:00|Remove|40001AD5|52c183420d3e9a2f
33|2025-12-13T16:46:11.3140000+08:00|80034E79|8000000D|01|00|00|00|4fb354d8beb921ab
257|2025-12-13T16:46:11.3140000+08:00|80034E79|00040004|00|||ba4900e19ea42600
257|2025-12-13T16:46:11.3140000+08:00|80034E79|00040004|02|||5770ddcb9abeda73
257|2025-12-13T16:46:11.3140000+08:00|80034E79|00040004|03|||7c5fa9cd54e7943a
257|2025-12-13T16:46:11.3140000+08:00|80034E79|00040004|04|||f200b565ad98fbe0
257|2025-12-13T16:46:11.3140000+08:00|80034E79|00040004|05|||21167dee633992a7
257|2025-12-13T16:46:11.3140000+08:00|80034E79|00040004|06|||7c1c647140e5a280
257|2025-12-13T16:46:11.3140000+08:00|80034E79|00040004|01|||dd10620350d9ea1d
257|2025-12-13T16:46:11.3140000+08:00|80034E79|00040004|08|||33f2b05ff242cb36
257|2025-12-13T16:46:11.3140000+08:00|80034E79|00040004|09|||4bf303223b78e819
257|2025-12-13T16:46:11.3140000+08:00|80034E79|00040004|07|||57fae7b48fefdaf2
257|2025-12-13T16:46:11.3140000+08:00|80034E79|00040004|0B|||becf52fe7e2b5108
257|2025-12-13T16:46:11.3140000+08:00|80034E79|00040004|0D|||b23186aca0182ecb
257|2025-12-13T16:46:11.3140000+08:00|80034E79|00040004|0C|||e5fc0026fbd3ff24
31|2025-12-13T16:46:11.3140000+08:00|10530A8D|1E|00|00|00|0f8d9e798daccac0
33|2025-12-13T16:46:11.3140000+08:00|80034E79|4000000F|DE0|00|00|00|825e9b2af3476473
257|2025-12-13T16:46:11.3140000+08:00|80034E79|00040004|0A|||d92e8563499f3736
260|2025-12-13T16:46:10.9600000+08:00|0|0|1|0|ebe98577ce2c8483
272|2025-12-13T16:46:11.5810000+08:00|40001B00|E0000000|0000|00|ca1e40daf9059a35
272|2025-12-13T16:46:11.5810000+08:00|40001B01|E0000000|0000|00|c45802e7bc5e1862
261|2025-12-13T16:46:11.0860000+08:00|Add|40001B00|BNpcID|233C|BNpcNameID|304D|CastTargetID|E0000000|CurrentWorldID|65535|Heading|0.0000|Level|1|MaxHP|44|ModelStatus|2048|Name|高贝扎|NPCTargetID|E0000000|PosX|100.0000|PosY|90.0000|PosZ|0.0300|Radius|0.5000|Type|2|WorldID|65535|c635760fcc49c172
261|2025-12-13T16:46:11.0860000+08:00|Add|40001B01|BNpcID|233C|BNpcNameID|304D|CastTargetID|E0000000|CurrentWorldID|65535|Heading|0.0000|Level|1|MaxHP|44|ModelStatus|2048|Name|高贝扎|NPCTargetID|E0000000|PosX|100.0000|PosY|90.0000|PosZ|0.0300|Radius|0.5000|Type|2|WorldID|65535|4a3409c6b5e77f94
272|2025-12-13T16:46:11.5810000+08:00|40001B05|E0000000|0000|00|1ca94ee90b75fb85
272|2025-12-13T16:46:11.5810000+08:00|40001B02|E0000000|0000|00|c725e5f501fa1c8e
261|2025-12-13T16:46:11.0860000+08:00|Add|40001B02|BNpcID|233C|BNpcNameID|304D|CastTargetID|E0000000|CurrentWorldID|65535|Heading|0.0000|Level|1|MaxHP|44|ModelStatus|2048|Name|高贝扎|NPCTargetID|E0000000|PosX|100.0000|PosY|90.0000|PosZ|0.0300|Radius|0.5000|Type|2|WorldID|65535|fc8b7f6ef1da2451
272|2025-12-13T16:46:11.5810000+08:00|40001B07|E0000000|0000|00|f846adc1a758685c
272|2025-12-13T16:46:11.5810000+08:00|40001B06|E0000000|0000|00|8a5d1becf9d15e00
272|2025-12-13T16:46:11.5810000+08:00|40001ADA|E0000000|0000|00|1dd7cbdef5d14887
272|2025-12-13T16:46:11.5810000+08:00|40001ADC|E0000000|0000|00|493a976d8ea0e684
272|2025-12-13T16:46:11.5810000+08:00|40001ADD|E0000000|0000|00|36ed67776445a769
272|2025-12-13T16:46:11.5810000+08:00|40001B03|E0000000|0000|00|fc330dbc194c2e0f
272|2025-12-13T16:46:11.5810000+08:00|40001ADF|E0000000|0000|00|2ff90309bb80712d
272|2025-12-13T16:46:11.5810000+08:00|40001AE0|E0000000|0000|00|0bf9e9c89de7be6f
272|2025-12-13T16:46:11.5810000+08:00|40001AE1|E0000000|0000|00|e9543b73b863b166
272|2025-12-13T16:46:11.5810000+08:00|40001ADE|E0000000|0000|00|104a2c7b9c09fc4d
272|2025-12-13T16:46:11.5810000+08:00|40001AE2|E0000000|0000|00|ed6d46fd4080223f
272|2025-12-13T16:46:11.5810000+08:00|40001AD9|E0000000|0000|00|8df6d4345cca2d68
272|2025-12-13T16:46:11.5810000+08:00|40001AE3|E0000000|0000|00|10b6ef54c800c5c3
272|2025-12-13T16:46:11.5810000+08:00|40001AE4|E0000000|0000|00|d5325b1a89281984
272|2025-12-13T16:46:11.5810000+08:00|40001AE5|E0000000|0000|00|93c12016210d5fa2
272|2025-12-13T16:46:11.5810000+08:00|40001AE6|E0000000|0000|00|eb970c163121ff35
272|2025-12-13T16:46:11.5810000+08:00|40001AE7|E0000000|0000|00|ffeb8b0dd675c38e
272|2025-12-13T16:46:11.5810000+08:00|40001ADB|E0000000|0000|00|d52c2f8db4318e49
03|2025-12-13T16:46:11.0860000+08:00|40001B01|高贝扎|00|1|0000|00||12365|9020|44|44|0|10000|||100.00|90.00|0.03|0.00|0235ea86ddd24cd4
272|2025-12-13T16:46:11.5810000+08:00|40001B04|E0000000|0000|00|53e42853fee27e56
03|2025-12-13T16:46:11.0860000+08:00|40001B02|高贝扎|00|1|0000|00||12365|9020|44|44|0|10000|||100.00|90.00|0.03|0.00|10903caec97ebf5d
03|2025-12-13T16:46:11.0860000+08:00|40001B00|高贝扎|00|1|0000|00||12365|9020|44|44|0|10000|||100.00|90.00|0.03|0.00|4216d3df62081170
03|2025-12-13T16:46:11.1780000+08:00|40001B05|高贝扎|00|1|0000|00||12365|9020|44|44|0|10000|||100.00|90.00|0.03|0.00|4fb5bb29a5f9ba42
03|2025-12-13T16:46:11.1780000+08:00|40001B04|高贝扎|00|1|0000|00||12365|9020|44|44|0|10000|||100.00|90.00|0.03|0.00|73bbf7066048e8b7
03|2025-12-13T16:46:11.1780000+08:00|40001B03|高贝扎|00|1|0000|00||12365|9020|44|44|0|10000|||100.00|90.00|0.03|0.00|8a1294c51baeec98
261|2025-12-13T16:46:11.1780000+08:00|Add|40001B05|BNpcID|233C|BNpcNameID|304D|CastTargetID|E0000000|CurrentWorldID|65535|Heading|0.0000|Level|1|MaxHP|44|ModelStatus|2048|Name|高贝扎|NPCTargetID|E0000000|PosX|100.0000|PosY|90.0000|PosZ|0.0300|Radius|0.5000|Type|2|WorldID|65535|443d9655965361fd
261|2025-12-13T16:46:11.1780000+08:00|Add|40001B04|BNpcID|233C|BNpcNameID|304D|CastTargetID|E0000000|CurrentWorldID|65535|Heading|0.0000|Level|1|MaxHP|44|ModelStatus|2048|Name|高贝扎|NPCTargetID|E0000000|PosX|100.0000|PosY|90.0000|PosZ|0.0300|Radius|0.5000|Type|2|WorldID|65535|bbc4df7ffa597887
261|2025-12-13T16:46:11.1780000+08:00|Add|40001B03|BNpcID|233C|BNpcNameID|304D|CastTargetID|E0000000|CurrentWorldID|65535|Heading|0.0000|Level|1|MaxHP|44|ModelStatus|2048|Name|高贝扎|NPCTargetID|E0000000|PosX|100.0000|PosY|90.0000|PosZ|0.0300|Radius|0.5000|Type|2|WorldID|65535|2a45fea144689baa
03|2025-12-13T16:46:11.1780000+08:00|40001AD9|风球|00|5A|0000|00||12368|16214|69200|69200|10000|10000|||100.00|100.00|0.03|-3.14|885f9d702c316865
03|2025-12-13T16:46:11.1780000+08:00|40001B07|高贝扎|00|1|0000|00||12365|9020|44|44|0|10000|||100.00|90.00|0.03|0.00|45e0ef98cf6b4bcf
03|2025-12-13T16:46:11.1780000+08:00|40001B06|高贝扎|00|1|0000|00||12365|9020|44|44|0|10000|||100.00|90.00|0.03|0.00|93c5bab3a88e46df
272|2025-12-13T16:46:11.6260000+08:00|40001AE8|E0000000|0000|00|5a319af885edf306
272|2025-12-13T16:46:11.6260000+08:00|40001AE9|E0000000|0000|00|9f4af2492a0b92aa
272|2025-12-13T16:46:11.6260000+08:00|40001AEA|E0000000|0000|00|8f169e3c65e46265
272|2025-12-13T16:46:11.6260000+08:00|40001AEC|E0000000|0000|00|bb5df46bc0cbb71a
272|2025-12-13T16:46:11.6260000+08:00|40001AED|E0000000|0000|00|d455f4ac181637be
272|2025-12-13T16:46:11.6260000+08:00|40001AEE|E0000000|0000|00|9dd1ca2afa045a8f
272|2025-12-13T16:46:11.6260000+08:00|40001AEF|E0000000|0000|00|f904ff54ea55cf82
03|2025-12-13T16:46:11.1780000+08:00|40001ADC|风球|00|5A|0000|00||12368|16214|69200|69200|10000|10000|||100.00|100.00|0.03|-3.14|18ba7037e61b5b68
03|2025-12-13T16:46:11.1780000+08:00|40001ADB|风球|00|5A|0000|00||12368|16214|69200|69200|10000|10000|||100.00|100.00|0.03|-3.14|d5a625a1028d5ea0
03|2025-12-13T16:46:11.1780000+08:00|40001ADA|风球|00|5A|0000|00||12368|16214|69200|69200|10000|10000|||100.00|100.00|0.03|-3.14|20da661643d09a76
272|2025-12-13T16:46:11.6260000+08:00|40001AF1|E0000000|0000|00|0f2323db427dc2d6
272|2025-12-13T16:46:11.6260000+08:00|40001AEB|E0000000|0000|00|0671e85bc39d111a
272|2025-12-13T16:46:11.6260000+08:00|40001AF4|E0000000|0000|00|9fa971a6096a2222
272|2025-12-13T16:46:11.6260000+08:00|40001AF6|E0000000|0000|00|2eb11b0b2244b23f
272|2025-12-13T16:46:11.6260000+08:00|40001AF8|E0000000|0000|00|4c90620073a60c9a
272|2025-12-13T16:46:11.6260000+08:00|40001AF2|E0000000|0000|00|11687c8322ecaf6f
272|2025-12-13T16:46:11.6260000+08:00|40001AFA|E0000000|0000|00|c6f249f003fa2a47
272|2025-12-13T16:46:11.6260000+08:00|40001AF3|E0000000|0000|00|06e689d6716111b6
272|2025-12-13T16:46:11.6260000+08:00|40001AFB|E0000000|0000|00|d5a5a07b2d947256
272|2025-12-13T16:46:11.6260000+08:00|40001AF7|E0000000|0000|00|108962dbfce72936
272|2025-12-13T16:46:11.6260000+08:00|40001AFD|E0000000|0000|00|eda18c7f87d839fa
272|2025-12-13T16:46:11.6260000+08:00|40001AFC|E0000000|0000|00|e86447857e0a08f1
261|2025-12-13T16:46:11.1780000+08:00|Add|40001ADC|BNpcID|3F56|BNpcNameID|3050|CastTargetID|E0000000|CurrentMP|10000|CurrentWorldID|65535|Heading|-3.1416|Level|90|MaxHP|69200|MaxMP|10000|ModelStatus|18432|Name|风球|NPCTargetID|E0000000|PosX|100.0000|PosY|100.0000|PosZ|0.0300|Radius|1.0000|Type|2|WorldID|65535|b9885968ee4ab443
272|2025-12-13T16:46:11.6260000+08:00|40001AFE|E0000000|0000|00|5586825d25207596
261|2025-12-13T16:46:11.1780000+08:00|Add|40001ADB|BNpcID|3F56|BNpcNameID|3050|CastTargetID|E0000000|CurrentMP|10000|CurrentWorldID|65535|Heading|-3.1416|Level|90|MaxHP|69200|MaxMP|10000|ModelStatus|18432|Name|风球|NPCTargetID|E0000000|PosX|100.0000|PosY|100.0000|PosZ|0.0300|Radius|1.0000|Type|2|WorldID|65535|e122e764c1f71f6d
261|2025-12-13T16:46:11.1780000+08:00|Add|40001ADD|BNpcID|3F56|BNpcNameID|3050|CastTargetID|E0000000|CurrentMP|10000|CurrentWorldID|65535|Heading|-3.1416|Level|90|MaxHP|69200|MaxMP|10000|ModelStatus|18432|Name|风球|NPCTargetID|E0000000|PosX|100.0000|PosY|100.0000|PosZ|0.0300|Radius|1.0000|Type|2|WorldID|65535|62c6751559b5c4e2
261|2025-12-13T16:46:11.1780000+08:00|Add|40001ADA|BNpcID|3F56|BNpcNameID|3050|CastTargetID|E0000000|CurrentMP|10000|CurrentWorldID|65535|Heading|-3.1416|Level|90|MaxHP|69200|MaxMP|10000|ModelStatus|18432|Name|风球|NPCTargetID|E0000000|PosX|100.0000|PosY|100.0000|PosZ|0.0300|Radius|1.0000|Type|2|WorldID|65535|74e68bfa3fbef21e
261|2025-12-13T16:46:11.1780000+08:00|Add|40001AD9|BNpcID|3F56|BNpcNameID|3050|CastTargetID|E0000000|CurrentMP|10000|CurrentWorldID|65535|Heading|-3.1416|Level|90|MaxHP|69200|MaxMP|10000|ModelStatus|18432|Name|风球|NPCTargetID|E0000000|PosX|100.0000|PosY|100.0000|PosZ|0.0300|Radius|1.0000|Type|2|WorldID|65535|773c5a6611729745
261|2025-12-13T16:46:11.1780000+08:00|Add|40001ADF|BNpcID|3F56|BNpcNameID|3050|CastTargetID|E0000000|CurrentMP|10000|CurrentWorldID|65535|Heading|-3.1416|Level|90|MaxHP|69200|MaxMP|10000|ModelStatus|18432|Name|风球|NPCTargetID|E0000000|PosX|100.0000|PosY|100.0000|PosZ|0.0300|Radius|1.0000|Type|2|WorldID|65535|2120276ba510a2ef
261|2025-12-13T16:46:11.1780000+08:00|Add|40001ADE|BNpcID|3F56|BNpcNameID|3050|CastTargetID|E0000000|CurrentMP|10000|CurrentWorldID|65535|Heading|-3.1416|Level|90|MaxHP|69200|MaxMP|10000|ModelStatus|18432|Name|风球|NPCTargetID|E0000000|PosX|100.0000|PosY|100.0000|PosZ|0.0300|Radius|1.0000|Type|2|WorldID|65535|c8f4cff7ba21456c
261|2025-12-13T16:46:11.1780000+08:00|Add|40001B07|BNpcID|233C|BNpcNameID|304D|CastTargetID|E0000000|CurrentWorldID|65535|Heading|0.0000|Level|1|MaxHP|44|Name|高贝扎|NPCTargetID|E0000000|PosX|100.0000|PosY|90.0000|PosZ|0.0300|Radius|0.5000|Type|2|WorldID|65535|e44720f941690fdb
261|2025-12-13T16:46:11.1780000+08:00|Add|40001B06|BNpcID|233C|BNpcNameID|304D|CastTargetID|E0000000|CurrentWorldID|65535|Heading|0.0000|Level|1|MaxHP|44|Name|高贝扎|NPCTargetID|E0000000|PosX|100.0000|PosY|90.0000|PosZ|0.0300|Radius|0.5000|Type|2|WorldID|65535|4f5aa4ce15ea1d90
272|2025-12-13T16:46:11.6260000+08:00|40001AF0|E0000000|0000|00|860143431d9eb1c5
272|2025-12-13T16:46:11.6260000+08:00|40001AF5|E0000000|0000|00|13036394cdf589eb
272|2025-12-13T16:46:11.6260000+08:00|40001AF9|E0000000|0000|00|0e17430b69d933ae
03|2025-12-13T16:46:11.1780000+08:00|40001ADD|风球|00|5A|0000|00||12368|16214|69200|69200|10000|10000|||100.00|100.00|0.03|-3.14|0bdc00890ec33d17
03|2025-12-13T16:46:11.1780000+08:00|40001ADF|风球|00|5A|0000|00||12368|16214|69200|69200|10000|10000|||100.00|100.00|0.03|-3.14|c489619582f3f7f3
03|2025-12-13T16:46:11.1780000+08:00|40001ADE|风球|00|5A|0000|00||12368|16214|69200|69200|10000|10000|||100.00|100.00|0.03|-3.14|65280d78ae894dbe
03|2025-12-13T16:46:11.1780000+08:00|40001AE2|风球|00|5A|0000|00||12368|16214|69200|69200|10000|10000|||100.00|100.00|0.03|-3.14|20fd44b459ec40f9
03|2025-12-13T16:46:11.1780000+08:00|40001AE0|风球|00|5A|0000|00||12368|16214|69200|69200|10000|10000|||100.00|100.00|0.03|-3.14|dd187e3569c28974
03|2025-12-13T16:46:11.1780000+08:00|40001AE1|风球|00|5A|0000|00||12368|16214|69200|69200|10000|10000|||100.00|100.00|0.03|-3.14|a7a4c610aa6ecaa9
261|2025-12-13T16:46:11.1780000+08:00|Add|40001AE2|BNpcID|3F56|BNpcNameID|3050|CastTargetID|E0000000|CurrentMP|10000|CurrentWorldID|65535|Heading|-3.1416|Level|90|MaxHP|69200|MaxMP|10000|ModelStatus|18432|Name|风球|NPCTargetID|E0000000|PosX|100.0000|PosY|100.0000|PosZ|0.0300|Radius|1.0000|Type|2|WorldID|65535|3c3de4d47a759e83
261|2025-12-13T16:46:11.1780000+08:00|Add|40001AE0|BNpcID|3F56|BNpcNameID|3050|CastTargetID|E0000000|CurrentMP|10000|CurrentWorldID|65535|Heading|-3.1416|Level|90|MaxHP|69200|MaxMP|10000|ModelStatus|18432|Name|风球|NPCTargetID|E0000000|PosX|100.0000|PosY|100.0000|PosZ|0.0300|Radius|1.0000|Type|2|WorldID|65535|4592831e9452235d
261|2025-12-13T16:46:11.1780000+08:00|Add|40001AE1|BNpcID|3F56|BNpcNameID|3050|CastTargetID|E0000000|CurrentMP|10000|CurrentWorldID|65535|Heading|-3.1416|Level|90|MaxHP|69200|MaxMP|10000|ModelStatus|18432|Name|风球|NPCTargetID|E0000000|PosX|100.0000|PosY|100.0000|PosZ|0.0300|Radius|1.0000|Type|2|WorldID|65535|246c162364d62194
272|2025-12-13T16:46:11.6700000+08:00|40001AFF|E0000000|0000|00|70eb92194e5a267f
261|2025-12-13T16:46:11.1780000+08:00|Add|40001AD7|BNpcID|1E850B|BNpcNameID|9187E984|CastBuffID|256|CastDurationMax|0.0000|CastGroundTargetX|32206.0400|CastGroundTargetY|0.0000|CastGroundTargetZ|175192200000000.0000|CastTargetID|42121A02|Heading|0.0000|Level|109|MaxMP|1795162112|ModelStatus|2304|Name|退出点|NPCTargetID|36000000|PCTargetID|18FA8813|PosX|100.0000|PosY|89.0000|Radius|0.5000|Type|7|WeaponId|3|0f19af2425a1c7cf
261|2025-12-13T16:46:11.1780000+08:00|Add|40001AD8|BNpcID|1E8536|CastBuffID|3101949968|CastGroundTargetX|0.0000|CastGroundTargetY|0.0000|CastTargetID|88E89FBB|CurrentWorldID|256|Heading|0.0000|IsCasting2|2|Level|43|MaxMP|687865857|NPCTargetID|4AFA1527|PosX|100.0000|PosY|112.0000|Radius|2.0000|Type|7|f4cc2838d06848b1
03|2025-12-13T16:46:11.1780000+08:00|40001AE4|风球|00|5A|0000|00||12368|16214|69200|69200|10000|10000|||100.00|100.00|0.03|-3.14|8d0f7a6c66f8a057
03|2025-12-13T16:46:11.1780000+08:00|40001AE3|风球|00|5A|0000|00||12368|16214|69200|69200|10000|10000|||100.00|100.00|0.03|-3.14|c98da7c435484538
03|2025-12-13T16:46:11.1780000+08:00|40001AE5|风球|00|5A|0000|00||12368|16214|69200|69200|10000|10000|||100.00|100.00|0.03|-3.14|592d141699d00ae6
03|2025-12-13T16:46:11.1780000+08:00|40001AE8|风球|00|5A|0000|00||12368|16214|69200|69200|10000|10000|||100.00|100.00|0.03|-3.14|3174b106d4d1da4e
03|2025-12-13T16:46:11.1780000+08:00|40001AE6|风球|00|5A|0000|00||12368|16214|69200|69200|10000|10000|||100.00|100.00|0.03|-3.14|6894f927ced35682
03|2025-12-13T16:46:11.1780000+08:00|40001AE7|风球|00|5A|0000|00||12368|16214|69200|69200|10000|10000|||100.00|100.00|0.03|-3.14|37c2495ef837d226
261|2025-12-13T16:46:11.1780000+08:00|Add|40001AE4|BNpcID|3F56|BNpcNameID|3050|CastTargetID|E0000000|CurrentMP|10000|CurrentWorldID|65535|Heading|-3.1416|Level|90|MaxHP|69200|MaxMP|10000|ModelStatus|18432|Name|风球|NPCTargetID|E0000000|PosX|100.0000|PosY|100.0000|PosZ|0.0300|Radius|1.0000|Type|2|WorldID|65535|48d09570ecfe9d17
261|2025-12-13T16:46:11.1780000+08:00|Add|40001AE3|BNpcID|3F56|BNpcNameID|3050|CastTargetID|E0000000|CurrentMP|10000|CurrentWorldID|65535|Heading|-3.1416|Level|90|MaxHP|69200|MaxMP|10000|ModelStatus|18432|Name|风球|NPCTargetID|E0000000|PosX|100.0000|PosY|100.0000|PosZ|0.0300|Radius|1.0000|Type|2|WorldID|65535|845e0b75425ce8d7
261|2025-12-13T16:46:11.1780000+08:00|Add|40001AE8|BNpcID|3F56|BNpcNameID|3050|CastTargetID|E0000000|CurrentMP|10000|CurrentWorldID|65535|Heading|-3.1416|Level|90|MaxHP|69200|MaxMP|10000|ModelStatus|18432|Name|风球|NPCTargetID|E0000000|PosX|100.0000|PosY|100.0000|PosZ|0.0300|Radius|1.0000|Type|2|WorldID|65535|1937a6615a4f048a
261|2025-12-13T16:46:11.1780000+08:00|Add|40001AE6|BNpcID|3F56|BNpcNameID|3050|CastTargetID|E0000000|CurrentMP|10000|CurrentWorldID|65535|Heading|-3.1416|Level|90|MaxHP|69200|MaxMP|10000|ModelStatus|18432|Name|风球|NPCTargetID|E0000000|PosX|100.0000|PosY|100.0000|PosZ|0.0300|Radius|1.0000|Type|2|WorldID|65535|fcd11ba424279635
261|2025-12-13T16:46:11.1780000+08:00|Add|40001AE5|BNpcID|3F56|BNpcNameID|3050|CastTargetID|E0000000|CurrentMP|10000|CurrentWorldID|65535|Heading|-3.1416|Level|90|MaxHP|69200|MaxMP|10000|ModelStatus|18432|Name|风球|NPCTargetID|E0000000|PosX|100.0000|PosY|100.0000|PosZ|0.0300|Radius|1.0000|Type|2|WorldID|65535|aad677d57780ffad
261|2025-12-13T16:46:11.1780000+08:00|Add|40001AE7|BNpcID|3F56|BNpcNameID|3050|CastTargetID|E0000000|CurrentMP|10000|CurrentWorldID|65535|Heading|-3.1416|Level|90|MaxHP|69200|MaxMP|10000|ModelStatus|18432|Name|风球|NPCTargetID|E0000000|PosX|100.0000|PosY|100.0000|PosZ|0.0300|Radius|1.0000|Type|2|WorldID|65535|5984c90229d884be
261|2025-12-13T16:46:11.1780000+08:00|Remove|40001AA5|a72bc679674bfd27
261|2025-12-13T16:46:11.1780000+08:00|Remove|40001AA6|e3709287146dc5e0
03|2025-12-13T16:46:11.2830000+08:00|40001AEA|高贝扎的幻影|00|5A|0000|00||12366|16218|69200|69200|10000|10000|||100.00|100.00|0.03|-3.14|c1c9b2530fd4cf30
03|2025-12-13T16:46:11.2830000+08:00|40001AE9|高贝扎的幻影|00|5A|0000|00||12366|16218|69200|69200|10000|10000|||100.00|100.00|0.03|-3.14|6789df6b09911bfc
03|2025-12-13T16:46:11.2830000+08:00|40001AEB|高贝扎的幻影|00|5A|0000|00||12366|16218|69200|69200|10000|10000|||100.00|100.00|0.03|-3.14|0cc23502a4eaf799
03|2025-12-13T16:46:11.2830000+08:00|40001AEC|高贝扎的幻影|00|5A|0000|00||12366|16218|69200|69200|10000|10000|||100.00|100.00|0.03|-3.14|29d916e4524e8328
03|2025-12-13T16:46:11.2830000+08:00|40001AED|黑龙|00|5A|0000|00||12367|16213|69200|69200|10000|10000|||100.00|100.00|0.03|0.00|bb805fec2f414409
03|2025-12-13T16:46:11.2830000+08:00|40001AEE|高贝扎|00|5A|0000|00||12365|16212|26635080|26635080|10000|10000|||100.00|90.00|0.03|0.00|754fedb8ad3049ad
261|2025-12-13T16:46:11.2830000+08:00|Add|40001AEC|BNpcID|3F5A|BNpcNameID|304E|CastTargetID|E0000000|CurrentMP|10000|CurrentWorldID|65535|Heading|-3.1416|Level|90|MaxHP|69200|MaxMP|10000|ModelStatus|18432|Name|高贝扎的幻影|NPCTargetID|E0000000|PosX|100.0000|PosY|100.0000|PosZ|0.0300|Radius|7.5000|Type|2|WorldID|65535|4bfe4c61e99f3185
261|2025-12-13T16:46:11.2830000+08:00|Add|40001AEA|BNpcID|3F5A|BNpcNameID|304E|CastTargetID|E0000000|CurrentMP|10000|CurrentWorldID|65535|Heading|-3.1416|Level|90|MaxHP|69200|MaxMP|10000|ModelStatus|18432|Name|高贝扎的幻影|NPCTargetID|E0000000|PosX|100.0000|PosY|100.0000|PosZ|0.0300|Radius|7.5000|Type|2|WorldID|65535|d24189d3dd443e06
261|2025-12-13T16:46:11.2830000+08:00|Add|40001AE9|BNpcID|3F5A|BNpcNameID|304E|CastTargetID|E0000000|CurrentMP|10000|CurrentWorldID|65535|Heading|-3.1416|Level|90|MaxHP|69200|MaxMP|10000|ModelStatus|18432|Name|高贝扎的幻影|NPCTargetID|E0000000|PosX|100.0000|PosY|100.0000|PosZ|0.0300|Radius|7.5000|Type|2|WorldID|65535|ae9a54589aadbd16
261|2025-12-13T16:46:11.2830000+08:00|Add|40001AEB|BNpcID|3F5A|BNpcNameID|304E|CastTargetID|E0000000|CurrentMP|10000|CurrentWorldID|65535|Heading|-3.1416|Level|90|MaxHP|69200|MaxMP|10000|ModelStatus|18432|Name|高贝扎的幻影|NPCTargetID|E0000000|PosX|100.0000|PosY|100.0000|PosZ|0.0300|Radius|7.5000|Type|2|WorldID|65535|161491b25dedcb58
261|2025-12-13T16:46:11.2830000+08:00|Add|40001AED|BNpcID|3F55|BNpcNameID|304F|CastTargetID|E0000000|CurrentMP|10000|CurrentWorldID|65535|Heading|0.0000|Level|90|MaxHP|69200|MaxMP|10000|ModelStatus|18432|Name|黑龙|NPCTargetID|E0000000|PosX|100.0000|PosY|100.0000|PosZ|0.0300|Radius|7.0000|Type|2|WorldID|65535|ddc53e9d5b86a3af
261|2025-12-13T16:46:11.2830000+08:00|Add|40001AEE|BNpcID|3F54|BNpcNameID|304D|CastTargetID|E0000000|CurrentMP|10000|CurrentWorldID|65535|Heading|0.0000|Level|90|MaxHP|26635080|MaxMP|10000|ModelStatus|2048|Name|高贝扎|NPCTargetID|E0000000|PosX|100.0000|PosY|90.0000|PosZ|0.0300|Radius|6.0000|Type|2|WorldID|65535|5216c96f36a263ba
03|2025-12-13T16:46:11.2830000+08:00|40001AF0|高贝扎|00|1|0000|00||12365|9020|44|44|0|10000|||100.00|90.00|0.03|0.00|7ae07f8b54209f0f
03|2025-12-13T16:46:11.2830000+08:00|40001AF1|高贝扎|00|1|0000|00||12365|9020|44|44|0|10000|||100.00|90.00|0.03|0.00|0a74335d94e5c3f5
03|2025-12-13T16:46:11.2830000+08:00|40001AEF|高贝扎|00|1|0000|00||12365|9020|44|44|0|10000|||100.00|90.00|0.03|0.00|22f2a81373eb0a84
03|2025-12-13T16:46:11.2830000+08:00|40001AF2|高贝扎|00|1|0000|00||12365|9020|44|44|0|10000|||100.00|90.00|0.03|0.00|9761a6be5e2fd2f9
03|2025-12-13T16:46:11.2830000+08:00|40001AF3|高贝扎|00|1|0000|00||12365|9020|44|44|0|10000|||100.00|90.00|0.03|0.00|4a426b139d21c9a4
03|2025-12-13T16:46:11.2830000+08:00|40001AF4|高贝扎|00|1|0000|00||12365|9020|44|44|0|10000|||100.00|90.00|0.03|0.00|a539a8ae4c5fb095
261|2025-12-13T16:46:11.2830000+08:00|Add|40001AF0|BNpcID|233C|BNpcNameID|304D|CastTargetID|E0000000|CurrentWorldID|65535|Heading|0.0000|Level|1|MaxHP|44|Name|高贝扎|NPCTargetID|E0000000|PosX|100.0000|PosY|90.0000|PosZ|0.0300|Radius|0.5000|Type|2|WorldID|65535|de69d940c56ee84d
261|2025-12-13T16:46:11.2830000+08:00|Add|40001AF1|BNpcID|233C|BNpcNameID|304D|CastTargetID|E0000000|CurrentWorldID|65535|Heading|0.0000|Level|1|MaxHP|44|Name|高贝扎|NPCTargetID|E0000000|PosX|100.0000|PosY|90.0000|PosZ|0.0300|Radius|0.5000|Type|2|WorldID|65535|0b68cad7c0fbd480
261|2025-12-13T16:46:11.2830000+08:00|Add|40001AF2|BNpcID|233C|BNpcNameID|304D|CastTargetID|E0000000|CurrentWorldID|65535|Heading|0.0000|Level|1|MaxHP|44|ModelStatus|2048|Name|高贝扎|NPCTargetID|E0000000|PosX|100.0000|PosY|90.0000|PosZ|0.0300|Radius|0.5000|Type|2|WorldID|65535|1d02c3af7761d162
261|2025-12-13T16:46:11.2830000+08:00|Add|40001AF3|BNpcID|233C|BNpcNameID|304D|CastTargetID|E0000000|CurrentWorldID|65535|Heading|0.0000|Level|1|MaxHP|44|ModelStatus|2048|Name|高贝扎|NPCTargetID|E0000000|PosX|100.0000|PosY|90.0000|PosZ|0.0300|Radius|0.5000|Type|2|WorldID|65535|8869c954684fab62
261|2025-12-13T16:46:11.2830000+08:00|Add|40001AF4|BNpcID|233C|BNpcNameID|304D|CastTargetID|E0000000|CurrentWorldID|65535|Heading|0.0000|Level|1|MaxHP|44|ModelStatus|2048|Name|高贝扎|NPCTargetID|E0000000|PosX|100.0000|PosY|90.0000|PosZ|0.0300|Radius|0.5000|Type|2|WorldID|65535|5cadda350c53f903
261|2025-12-13T16:46:11.2830000+08:00|Add|40001AEF|BNpcID|233C|BNpcNameID|304D|CastTargetID|E0000000|CurrentWorldID|65535|Heading|0.0000|Level|1|MaxHP|44|Name|高贝扎|NPCTargetID|E0000000|PosX|100.0000|PosY|90.0000|PosZ|0.0300|Radius|0.5000|Type|2|WorldID|65535|118fb98a99cafbcd
03|2025-12-13T16:46:11.2830000+08:00|40001AF7|高贝扎|00|1|0000|00||12365|9020|44|44|0|10000|||100.00|90.00|0.03|0.00|1ab34a75fff547e7
03|2025-12-13T16:46:11.2830000+08:00|40001AF6|高贝扎|00|1|0000|00||12365|9020|44|44|0|10000|||100.00|90.00|0.03|0.00|70aba7b0999017c0
03|2025-12-13T16:46:11.2830000+08:00|40001AF5|高贝扎|00|1|0000|00||12365|9020|44|44|0|10000|||100.00|90.00|0.03|0.00|28ca0b3737dbd24a
03|2025-12-13T16:46:11.2830000+08:00|40001AFA|高贝扎|00|1|0000|00||12365|9020|44|44|0|10000|||100.00|90.00|0.03|0.00|28e32f7748f1033c
261|2025-12-13T16:46:11.2830000+08:00|Add|40001AF7|BNpcID|233C|BNpcNameID|304D|CastTargetID|E0000000|CurrentWorldID|65535|Heading|0.0000|Level|1|MaxHP|44|Name|高贝扎|NPCTargetID|E0000000|PosX|100.0000|PosY|90.0000|PosZ|0.0300|Radius|0.5000|Type|2|WorldID|65535|62f6e8180c393434
03|2025-12-13T16:46:11.2830000+08:00|40001AF9|高贝扎|00|1|0000|00||12365|9020|44|44|0|10000|||100.00|90.00|0.03|0.00|d8868825821facde
261|2025-12-13T16:46:11.2830000+08:00|Add|40001AFA|BNpcID|233C|BNpcNameID|304D|CastTargetID|E0000000|CurrentWorldID|65535|Heading|0.0000|Level|1|MaxHP|44|ModelStatus|2048|Name|高贝扎|NPCTargetID|E0000000|PosX|100.0000|PosY|90.0000|PosZ|0.0300|Radius|0.5000|Type|2|WorldID|65535|101f6f7818cd3cdd
261|2025-12-13T16:46:11.2830000+08:00|Add|40001AF9|BNpcID|233C|BNpcNameID|304D|CastTargetID|E0000000|CurrentWorldID|65535|Heading|0.0000|Level|1|MaxHP|44|ModelStatus|2048|Name|高贝扎|NPCTargetID|E0000000|PosX|100.0000|PosY|90.0000|PosZ|0.0300|Radius|0.5000|Type|2|WorldID|65535|0ce7a6c753e5b3f3
261|2025-12-13T16:46:11.2830000+08:00|Add|40001AF6|BNpcID|233C|BNpcNameID|304D|CastTargetID|E0000000|CurrentWorldID|65535|Heading|0.0000|Level|1|MaxHP|44|Name|高贝扎|NPCTargetID|E0000000|PosX|100.0000|PosY|90.0000|PosZ|0.0300|Radius|0.5000|Type|2|WorldID|65535|3e2787db228f5f94
261|2025-12-13T16:46:11.2830000+08:00|Add|40001AF8|BNpcID|233C|BNpcNameID|304D|CastTargetID|E0000000|CurrentWorldID|65535|Heading|0.0000|Level|1|MaxHP|44|ModelStatus|2048|Name|高贝扎|NPCTargetID|E0000000|PosX|100.0000|PosY|90.0000|PosZ|0.0300|Radius|0.5000|Type|2|WorldID|65535|b902d22bb01c0878
261|2025-12-13T16:46:11.2830000+08:00|Add|40001AF5|BNpcID|233C|BNpcNameID|304D|CastTargetID|E0000000|CurrentWorldID|65535|Heading|0.0000|Level|1|MaxHP|44|Name|高贝扎|NPCTargetID|E0000000|PosX|100.0000|PosY|90.0000|PosZ|0.0300|Radius|0.5000|Type|2|WorldID|65535|f76fe6a8891ec4cf
03|2025-12-13T16:46:11.2830000+08:00|40001AF8|高贝扎|00|1|0000|00||12365|9020|44|44|0|10000|||100.00|90.00|0.03|0.00|ecec3b71084d9ea0
03|2025-12-13T16:46:11.3730000+08:00|40001AFB|高贝扎|00|1|0000|00||12365|9020|44|44|0|10000|||100.00|90.00|0.03|0.00|89da6da5cda3a222
03|2025-12-13T16:46:11.3730000+08:00|40001AFC|高贝扎|00|1|0000|00||12365|9020|44|44|0|10000|||100.00|90.00|0.03|0.00|a7e8862c42720d20
03|2025-12-13T16:46:11.3730000+08:00|40001AFD|高贝扎|00|1|0000|00||12365|9020|44|44|0|10000|||100.00|90.00|0.03|0.00|c2338c49646bce51
03|2025-12-13T16:46:11.3730000+08:00|40001AFE|高贝扎|00|1|0000|00||12365|9020|44|44|0|10000|||100.00|90.00|0.03|0.00|a0f3afee923063b0
03|2025-12-13T16:46:11.3730000+08:00|40001AFF|高贝扎|00|1|0000|00||12365|9020|44|44|0|10000|||100.00|90.00|0.03|0.00|d0b386177268d86c
261|2025-12-13T16:46:11.3730000+08:00|Add|40001AFE|BNpcID|233C|BNpcNameID|304D|CastTargetID|E0000000|CurrentWorldID|65535|Heading|0.0000|Level|1|MaxHP|44|ModelStatus|2048|Name|高贝扎|NPCTargetID|E0000000|PosX|100.0000|PosY|90.0000|PosZ|0.0300|Radius|0.5000|Type|2|WorldID|65535|b4b514049337385d
261|2025-12-13T16:46:11.3730000+08:00|Add|40001AFB|BNpcID|233C|BNpcNameID|304D|CastTargetID|E0000000|CurrentWorldID|65535|Heading|0.0000|Level|1|MaxHP|44|Name|高贝扎|NPCTargetID|E0000000|PosX|100.0000|PosY|90.0000|PosZ|0.0300|Radius|0.5000|Type|2|WorldID|65535|b684a5217457156e
261|2025-12-13T16:46:11.3730000+08:00|Add|40001AFF|BNpcID|233C|BNpcNameID|304D|CastTargetID|E0000000|CurrentWorldID|65535|Heading|0.0000|Level|1|MaxHP|44|ModelStatus|2048|Name|高贝扎|NPCTargetID|E0000000|PosX|100.0000|PosY|90.0000|PosZ|0.0300|Radius|0.5000|Type|2|WorldID|65535|da8491b47e42b6fd
261|2025-12-13T16:46:11.3730000+08:00|Add|40001AFC|BNpcID|233C|BNpcNameID|304D|CastTargetID|E0000000|CurrentWorldID|65535|Heading|0.0000|Level|1|MaxHP|44|Name|高贝扎|NPCTargetID|E0000000|PosX|100.0000|PosY|90.0000|PosZ|0.0300|Radius|0.5000|Type|2|WorldID|65535|79121cd590f45f0d
261|2025-12-13T16:46:11.3730000+08:00|Add|40001AFD|BNpcID|233C|BNpcNameID|304D|CastTargetID|E0000000|CurrentWorldID|65535|Heading|0.0000|Level|1|MaxHP|44|Name|高贝扎|NPCTargetID|E0000000|PosX|100.0000|PosY|90.0000|PosZ|0.0300|Radius|0.5000|Type|2|WorldID|65535|4353e8ca86f0be0d
261|2025-12-13T16:46:12.0290000+08:00|Change|40001B05|ModelStatus|0|e5966d1c8278a1ac
261|2025-12-13T16:46:12.0290000+08:00|Change|40001B04|ModelStatus|0|5853f1f25a452b51
261|2025-12-13T16:46:12.0290000+08:00|Change|40001B03|ModelStatus|0|5c80ac3d71b3f3cd
261|2025-12-13T16:46:12.1200000+08:00|Change|40001ADC|ModelStatus|16384|77ab321ec9d8535e
261|2025-12-13T16:46:12.1200000+08:00|Change|40001ADB|ModelStatus|16384|4dbd5fdc46a2ba45
261|2025-12-13T16:46:12.1200000+08:00|Change|40001ADD|ModelStatus|16384|8000e9a537eeec7d
261|2025-12-13T16:46:12.1200000+08:00|Change|40001ADA|ModelStatus|16384|8f44ae85afb3d9bb
261|2025-12-13T16:46:12.1200000+08:00|Change|40001AD9|ModelStatus|16384|9222acbf1817204a
261|2025-12-13T16:46:12.1200000+08:00|Change|40001ADF|ModelStatus|16384|a5962472882cdaca
261|2025-12-13T16:46:12.1200000+08:00|Change|40001ADE|ModelStatus|16384|460de29b662832d1
261|2025-12-13T16:46:12.1200000+08:00|Change|40001AE2|ModelStatus|16384|5c2b474134b28fa4
261|2025-12-13T16:46:12.1200000+08:00|Change|40001AE0|ModelStatus|16384|ab132f13b66577f6
261|2025-12-13T16:46:12.1200000+08:00|Change|40001AE1|ModelStatus|16384|b4e7ffd65cf651b8
261|2025-12-13T16:46:12.1200000+08:00|Change|40001AE4|ModelStatus|16384|1a9be5c602a0c0eb
261|2025-12-13T16:46:12.1200000+08:00|Change|40001AE3|ModelStatus|16384|8d0f668a0a6571a1
261|2025-12-13T16:46:12.1200000+08:00|Change|40001AE8|ModelStatus|16384|7f1a74b607fd9bc6
261|2025-12-13T16:46:12.1200000+08:00|Change|40001AE6|ModelStatus|16384|d32e690060cc2e42
261|2025-12-13T16:46:12.1200000+08:00|Change|40001AE5|ModelStatus|16384|6dc854290906d313
261|2025-12-13T16:46:12.1200000+08:00|Change|40001AE7|ModelStatus|16384|78584882051df13f
261|2025-12-13T16:46:12.2110000+08:00|Change|40001AEC|ModelStatus|16384|600e8278476018f0
261|2025-12-13T16:46:12.2110000+08:00|Change|40001AEA|ModelStatus|16384|64605a7378e54910
261|2025-12-13T16:46:12.2110000+08:00|Change|40001AE9|ModelStatus|16384|726e951ba072de37
261|2025-12-13T16:46:12.2110000+08:00|Change|40001AEB|ModelStatus|16384|cfc1ce92c93e717c
261|2025-12-13T16:46:12.2110000+08:00|Change|40001AED|ModelStatus|16384|1b7133916b5b8c16
261|2025-12-13T16:46:12.2110000+08:00|Change|40001AEE|ModelStatus|0|69c2f2b07fad0e57
261|2025-12-13T16:46:12.2110000+08:00|Change|40001AF2|ModelStatus|0|d0ac53509f7de806
261|2025-12-13T16:46:12.2110000+08:00|Change|40001AF3|ModelStatus|0|8508ed87043ad8ae
261|2025-12-13T16:46:12.2110000+08:00|Change|40001AF4|ModelStatus|0|206f1273d7187984
261|2025-12-13T16:46:12.2110000+08:00|Change|40001AFA|ModelStatus|0|68b546149cbeaddd
261|2025-12-13T16:46:12.2110000+08:00|Change|40001AF9|ModelStatus|0|2b619e79e7359d83
261|2025-12-13T16:46:12.2110000+08:00|Change|40001AF8|ModelStatus|0|e71d861a2450264a
261|2025-12-13T16:46:12.3010000+08:00|Change|40001AFE|ModelStatus|0|7c33ad82c82cb69a
261|2025-12-13T16:46:12.3010000+08:00|Change|40001AFF|ModelStatus|0|f7a4919b8204910e
33|2025-12-13T16:46:12.9180000+08:00|80034E79|40000011|00|00|00|00|2348fedb7ed4a146
261|2025-12-13T16:46:12.3010000+08:00|Change|10530A8D|ModelStatus|512|5bc9e41ab2365680
271|2025-12-13T16:46:12.9630000+08:00|10530A8D|-3.1416|19|02|99.8770|111.3550|0.0300|3d05221119b1dc90
38|2025-12-13T16:46:12.9630000+08:00|10530A8D|小祥客服|0064641E|145489|145489|10000|10000|0||100.65|112.51|0.03|-3.14|0|0|0|a23ba2f530f2f431
261|2025-12-13T16:46:13.4090000+08:00|Change|10530A8D|CurrentMP|10000|ModelStatus|0|PosX|99.8770|PosY|111.3550|PosZ|0.0300|0c6488848ee1cd8c
261|2025-12-13T16:46:14.6780000+08:00|Change|40001B01|ModelStatus|0|dc3e7a2993972d82
261|2025-12-13T16:46:14.6780000+08:00|Change|40001B02|ModelStatus|0|d12c93b36d848f8d
261|2025-12-13T16:46:14.6780000+08:00|Change|40001B00|ModelStatus|0|ac911fd54019b607
33|2025-12-13T16:46:18.3500000+08:00|80034E79|40000006|DE0|00|00|00|c0d3f01b4898410a
261|2025-12-13T16:46:17.7630000+08:00|Change|40001AD8|ModelStatus|256|dbe0302dee1cbd62
253|2025-12-13T16:51:33.8339543+08:00|FFXIV_ACT_Plugin Version: 2.7.4.6 (50BCD605C50A749F)|fc0ca05726300fcf
251|2025-12-13T16:51:33.8339543+08:00|Process ffxiv_dx11 (9084) 最终幻想XIV started on 2025/12/13 16:43:07 Found, Verifying.|09772400df8d9bdf
251|2025-12-13T16:51:33.8339543+08:00|Found possible FFXIV process 9084 with version file C:\WeGameApps\rail_apps\ffxiv(2000340)\game\ffxivgame.ver.|f4ab90aaa861c5a9
251|2025-12-13T16:51:33.8339543+08:00|Process ffxiv_dx11 (9084) Verified.|3855eea644009577
249|2025-12-13T16:51:33.8339543+08:00|Selected Language ID: Chinese, Disable Damage Shield: False, Disable Combine Pets: False, Parse Filter: Party, DoTCrits: False, RealDoTs: False|0d65616eec473e02
249|2025-12-13T16:51:33.8339543+08:00|Selected Process ID: 0, Dump All Network Data: False, Disable Combat Log: False|8fa2981e8f316765
251|2025-12-13T16:51:33.8339543+08:00|Process ffxiv_dx11 (9084) 最终幻想XIV started on 2025/12/13 16:43:07 Found, Verifying.|510b0cc010c83702
251|2025-12-13T16:51:33.8339543+08:00|Found possible FFXIV process 9084 with version file C:\WeGameApps\rail_apps\ffxiv(2000340)\game\ffxivgame.ver.|489aa3b6974ec56b
251|2025-12-13T16:51:33.8339543+08:00|Process ffxiv_dx11 (9084) Verified.|5f7fd7f9e5ccf896
256|2025-12-13T16:51:35.6831753+08:00|256|OverlayPlugin|RegisterLogLine|1|97a7e6c207c59eed
256|2025-12-13T16:51:35.7187340+08:00|257|OverlayPlugin|MapEffect|1|df28a2702b3c8fb8
256|2025-12-13T16:51:35.7402867+08:00|258|OverlayPlugin|FateDirector|1|6ca01754c96a1c2a
256|2025-12-13T16:51:35.7432978+08:00|259|OverlayPlugin|CEDirector|1|db1982db9b7e99c8
251|2025-12-13T16:51:35.7432978+08:00|Found Signature [PartyList] at offset [027356E0]|2f2d7752e48969c2
251|2025-12-13T16:51:35.7432978+08:00|Found Signature [MobArray] at offset [0272FD30]|637940bdc7dc4547
251|2025-12-13T16:51:35.7432978+08:00|Found Signature [ChatLog] at offset [02060D40]|5ddc9590fc15f27b
251|2025-12-13T16:51:35.7432978+08:00|Found Signature [Player] at offset [0294C758]|405e66b5b616411b
251|2025-12-13T16:51:35.7432978+08:00|Found Signature [ServerTime] at offset [0277C080]|60da7e15b29a9faf
251|2025-12-13T16:51:35.7432978+08:00|Found Signature [MapID] at offset [027354F4]|94026f5396a01382
251|2025-12-13T16:51:35.7432978+08:00|Found Signature [ZoneID] at offset [0291D4D8]|69e9450e149d6bf3
256|2025-12-13T16:51:36.3710390+08:00|260|OverlayPlugin|InCombat|1|e920ccfee977272c
256|2025-12-13T16:51:37.0333424+08:00|261|OverlayPlugin|CombatantMemory|1|6f2068ef4e5fbcac
256|2025-12-13T16:51:37.0363431+08:00|262|OverlayPlugin|RSVData|1|758486e8c22c79c4
256|2025-12-13T16:51:37.0363431+08:00|263|OverlayPlugin|ActorCastExtra|1|75f652102d18db12
256|2025-12-13T16:51:37.0373425+08:00|264|OverlayPlugin|AbilityExtra|1|493aac57e3abd69f
261|2025-12-13T16:51:37.0373425+08:00|Add|10530A8D|CastTargetID|E0000000|CurrentMP|10000|CurrentWorldID|1076|Heading|-1.2264|Job|30|Level|100|MaxHP|145489|MaxMP|10000|Name|小祥客服|NPCTargetID|E0000000|PosX|35.7202|PosY|34.3326|PosZ|1.6298|Radius|0.5000|Type|1|WorldID|1076|b09930f04e419e89
261|2025-12-13T16:51:37.0373425+08:00|Add|10531CBB|CastTargetID|E0000000|CurrentWorldID|1076|Heading|2.3737|Job|18|Level|100|MaxHP|42919|Name|尘世頌|NPCTargetID|E0000000|PosX|25.5269|PosY|37.5578|PosZ|1.7000|Radius|0.5000|Type|1|WorldID|1076|4c6e7ca7278137f9
261|2025-12-13T16:51:37.0373425+08:00|Add|104E1D04|CastTargetID|E0000000|CurrentMP|5400|CurrentWorldID|1076|Heading|-2.0236|Job|5|Level|53|MaxHP|2319|MaxMP|10000|Name|姜姜时|NPCTargetID|E0000000|PosX|-16.8905|PosY|43.9340|PosZ|-3.2500|Radius|0.5000|Type|1|WorldID|1076|546d2a56d5699f9a
261|2025-12-13T16:51:37.0373425+08:00|Add|105319FE|CastTargetID|E0000000|CurrentWorldID|1076|Heading|1.7046|Job|18|Level|100|MaxHP|42949|ModelStatus|1024|Name|蜜瓜面包|NPCTargetID|E0000000|PosX|25.3454|PosY|32.0004|PosZ|1.2000|Radius|0.5000|Type|1|WorldID|1076|8b3bed2a0a25aeb8
261|2025-12-13T16:51:37.0373425+08:00|Add|10531F76|CastTargetID|E0000000|CurrentMP|10000|CurrentWorldID|1076|Heading|1.9431|Job|19|Level|100|MaxHP|247948|MaxMP|10000|Name|也郝|NPCTargetID|E0000000|PosX|31.5708|PosY|27.9392|PosZ|2.2000|Radius|0.5000|Type|1|WorldID|1081|51c4db57431523f6
261|2025-12-13T16:51:37.0373425+08:00|Add|104C5CA8|CastTargetID|E0000000|CurrentMP|10000|CurrentWorldID|1076|Heading|1.1605|Job|21|Level|86|MaxHP|27979|MaxMP|10000|Name|覌止|NPCTargetID|E0000000|PosX|-4.5320|PosY|20.7065|PosZ|-3.0062|Radius|0.5000|Type|1|WorldID|1076|25314007562c5fe1
251|2025-12-13T16:51:37.0373425+08:00|Found VTable for [ChatLog] at address [1E1865201A0]|d749cd40bf111f43
261|2025-12-13T16:51:37.0373425+08:00|Change|105319FE|Heading|1.7045|ModelStatus|0|PosX|25.3452|PosY|31.9981|PosZ|1.2000|5f3280fa7f2fdfb0
256|2025-12-13T16:51:38.2817702+08:00|265|OverlayPlugin|ContentFinderSettings|1|da8c494efee8f711
256|2025-12-13T16:51:38.2837673+08:00|266|OverlayPlugin|NpcYell|1|4b4860847e470cbb
256|2025-12-13T16:51:38.2857677+08:00|267|OverlayPlugin|BattleTalk2|1|fa87ba473d97319a
256|2025-12-13T16:51:38.2877675+08:00|268|OverlayPlugin|Countdown|1|5f221c4229eca183
256|2025-12-13T16:51:38.2897669+08:00|269|OverlayPlugin|CountdownCancel|1|404b00415b111968
256|2025-12-13T16:51:38.2912872+08:00|270|OverlayPlugin|ActorMove|1|491bb03327e67c0a
256|2025-12-13T16:51:38.2938011+08:00|271|OverlayPlugin|ActorSetPos|1|93c3755fd9bcbd7b
256|2025-12-13T16:51:38.2958104+08:00|272|OverlayPlugin|NpcSpawnExtra|1|6628fda13e58e452
256|2025-12-13T16:51:38.2958104+08:00|273|OverlayPlugin|ActorControlExtra|1|4f80545f50a8c64a
256|2025-12-13T16:51:38.2958104+08:00|274|OverlayPlugin|ActorControlSelfExtra|1|61bc273e17876ec2
251|2025-12-13T16:51:38.2958104+08:00|DeucalionInjector: Successfully injected Deucalion dll into process id 9084.|1ad209cbb2237df3
251|2025-12-13T16:51:38.2958104+08:00|DeucalionClient: Debug Channel 9000 Opcode Debug message: SERVER HELLO. VERSION: 1.4.0. HOOK STATUS: RECV ON. SEND ON. SEND_LOBBY ON. CREATE_TARGET ON.|86275c1f1f350247
250|2025-12-13T16:51:38.2958104+08:00|Detected Process ID: 9084, Client Mode: FFXIV_64, IsAdmin: True, Game Version: 2025.10.23.0000.0000|7cdd9c8c5f307bd3
251|2025-12-13T16:51:38.2958104+08:00|DeucalionClient: Debug Channel Lobby Opcode Debug message: Packet filters set: 0b00010010|b3eed6787f8da406
251|2025-12-13T16:51:38.2958104+08:00|DeucalionClient: Debug Channel 9000 Opcode Debug message: CHANGED NICKNAME: FFXIV_ACT_Plugin (subscriber 0)|21e6cf351c1e3b08
01|2025-12-13T16:51:40.8940000+08:00|84|格里达尼亚新街|86ea3e26d6572e5a
40|2025-12-13T16:51:40.8940000+08:00|2|黑衣森林|格里达尼亚新街||9dfdd1525db3ace8
265|2025-12-13T16:51:38.8092673+08:00|84|格里达尼亚新街|False|0|0|0|0|0|c209b9c8747f99c7
02|2025-12-13T16:51:40.8940000+08:00|10530A8D|小祥客服|b35b8a4134ef39ba
03|2025-12-13T16:51:40.8940000+08:00|10530A8D|小祥客服|1E|64|0000|434|BaiJinHuanXiang|0|0|145489|145489|10000|10000|||35.72|34.33|1.63|-1.23|8470ce8d062f1346
03|2025-12-13T16:51:40.8940000+08:00|10531CBB|尘世頌|12|64|0000|434|BaiJinHuanXiang|0|0|42919|42919|0|10000|||25.53|37.56|1.70|2.37|d69ae42db5a88746
03|2025-12-13T16:51:40.8940000+08:00|104E1D04|姜姜时|05|35|0000|434|BaiJinHuanXiang|0|0|1867|2319|5400|10000|||-16.89|43.93|-3.25|-2.02|cef2d77c75660586
03|2025-12-13T16:51:40.8940000+08:00|105319FE|蜜瓜面包|12|64|0000|434|BaiJinHuanXiang|0|0|42949|42949|0|10000|||25.40|31.97|1.17|1.70|abf827ab08516cfe
03|2025-12-13T16:51:40.8940000+08:00|10531F76|也郝|13|64|0000|439|ShenYiZhiDi|0|0|247948|247948|10000|10000|||31.57|27.94|2.20|1.94|b0e87c4ad61cfe29
03|2025-12-13T16:51:40.8940000+08:00|104C5CA8|覌止|15|56|0000|434|BaiJinHuanXiang|0|0|27979|27979|10000|10000|||-4.53|20.71|-3.01|1.16|2c2d85bc7aa45d08
265|2025-12-13T16:51:38.2958104+08:00|0084|高贝扎歼灭战|False|0|0|0|0|0|a390d19b25806cae
12|2025-12-13T16:51:40.8940000+08:00|30|377|4907|5130|286|328|440|4907|2171|1967|286|328|2247|592|420|420|40000BE01CDF89|883aced2060e9bd4
39|2025-12-13T16:51:41.5540000+08:00|104C5CA8|覌止|27979|27979|10000|10000|||-4.53|20.71|-3.01|1.16|efb00d29a55aa01b
261|2025-12-13T16:51:41.5430000+08:00|Remove|104E1D04|517d3c2c78271139
261|2025-12-13T16:51:41.5430000+08:00|Remove|104C5CA8|fa6548b727fa20f7
261|2025-12-13T16:51:41.5430000+08:00|Remove|10530A8D|8e9e9c34ee0e76b2
261|2025-12-13T16:51:41.5430000+08:00|Remove|10531F76|203a85b57feb0d46
261|2025-12-13T16:51:41.5430000+08:00|Remove|10531CBB|c9191c865419a452
261|2025-12-13T16:51:41.5430000+08:00|Remove|105319FE|2c1fadfaf735ffca
39|2025-12-13T16:51:42.5860000+08:00|104E1D04|姜姜时|2098|2319|6000|10000|||-16.89|43.93|-3.25|-2.02|c2b338018239c56d
261|2025-12-13T16:51:42.2310000+08:00|Add|10530A8D|CastTargetID|E0000000|CurrentMP|10000|CurrentWorldID|1076|Heading|-1.2264|Job|30|Level|100|MaxHP|145489|MaxMP|10000|Name|小祥客服|NPCTargetID|E0000000|PosX|35.7202|PosY|34.3326|PosZ|1.6298|Radius|0.5000|Type|1|WorldID|1076|838a126cc03ed465
261|2025-12-13T16:51:42.2310000+08:00|Add|10531CBB|CastTargetID|E0000000|CurrentWorldID|1076|Heading|2.3737|Job|18|Level|100|MaxHP|42919|Name|尘世頌|NPCTargetID|E0000000|PosX|25.5269|PosY|37.5578|PosZ|1.7000|Radius|0.5000|Type|1|WorldID|1076|d1fdf40398254d9f
261|2025-12-13T16:51:42.2310000+08:00|Add|104E1D04|CastTargetID|E0000000|CurrentMP|6000|CurrentWorldID|1076|Heading|-2.0236|Job|5|Level|53|MaxHP|2319|MaxMP|10000|Name|姜姜时|NPCTargetID|E0000000|PosX|-16.8905|PosY|43.9340|PosZ|-3.2500|Radius|0.5000|Type|1|WorldID|1076|760ee34902eb9801
261|2025-12-13T16:51:42.2310000+08:00|Add|105319FE|CastTargetID|E0000000|CurrentWorldID|1076|Heading|1.8603|Job|18|Level|100|MaxHP|42949|Name|蜜瓜面包|NPCTargetID|E0000000|PosX|29.7148|PosY|31.4127|PosZ|2.1709|Radius|0.5000|Type|1|WorldID|1076|cb374027757759c8
261|2025-12-13T16:51:42.2310000+08:00|Add|10531F76|CastTargetID|E0000000|CurrentMP|10000|CurrentWorldID|1076|Heading|2.1650|Job|19|Level|100|MaxHP|247948|MaxMP|10000|Name|也郝|NPCTargetID|E0000000|PosX|33.9694|PosY|26.3514|PosZ|2.0806|Radius|0.5000|Type|1|WorldID|1081|1d3a632486bc74b7
261|2025-12-13T16:51:42.2310000+08:00|Add|104C5CA8|CastTargetID|E0000000|CurrentMP|10000|CurrentWorldID|1076|Heading|1.1605|Job|21|Level|86|MaxHP|27979|MaxMP|10000|Name|覌止|NPCTargetID|E0000000|PosX|-4.5320|PosY|20.7065|PosZ|-3.0062|Radius|0.5000|Type|1|WorldID|1076|87cd2fee1d80e6b5
260|2025-12-13T16:51:43.5430000+08:00|0|0|1|1|b584952d471bd289
39|2025-12-13T16:51:44.5530000+08:00|104C5CA8|覌止|27979|27979|10000|10000|||-4.53|20.71|-3.01|1.16|fa3f982a00e6a045
03|2025-12-13T16:51:44.7100000+08:00|105319A6|惡徒|23|38|0000|434|BaiJinHuanXiang|0|0|5851|5851|10000|10000|||28.17|23.38|1.20|0.47|5c0f8ac40b929348
261|2025-12-13T16:51:44.7100000+08:00|Add|105319A6|CastTargetID|E0000000|CurrentMP|10000|CurrentWorldID|1076|Heading|0.4720|Job|35|Level|56|MaxHP|5851|MaxMP|10000|ModelStatus|3072|Name|惡徒|NPCTargetID|E0000000|PosX|28.1723|PosY|23.3842|PosZ|1.2000|Radius|0.5000|Type|1|WorldID|1076|2b310c1d3443e83d
39|2025-12-13T16:51:45.5770000+08:00|104E1D04|姜姜时|2319|2319|6600|10000|||-16.89|43.93|-3.25|-2.02|049c7675c449999e
261|2025-12-13T16:51:45.0590000+08:00|Change|104E1D04|CurrentMP|6600|50edecfea6e3a3f1
38|2025-12-13T16:51:45.8010000+08:00|104E1D04|姜姜时|00353517|2319|2518|6600|10000|0||-16.89|43.93|-3.25|-2.02|0|0|0|642367720c5621d5
03|2025-12-13T16:51:45.5390000+08:00|104E1D04|姜姜时|17|35|0000|434|BaiJinHuanXiang|0|0|2319|2518|6600|10000|||-16.89|43.93|-3.25|-2.02|9ccb42bbb0017237
261|2025-12-13T16:51:45.7120000+08:00|Change|105319A6|ModelStatus|1024|7a97a5fc6f9bb43f
261|2025-12-13T16:51:45.8830000+08:00|Change|105319FE|Heading|-1.9489|PosX|18.3973|PosY|21.1651|PosZ|1.2231|e5ee04e1c8430594
21|2025-12-13T16:51:46.3830000+08:00|105319FE|蜜瓜面包|03|冲刺|105319FE|蜜瓜面包|1E00000E|320000|0|0|0|0|0|0|0|0|0|0|0|0|0|0|42949|42949|0|10000|||18.40|21.17|1.22|-1.95|42949|42949|0|10000|||18.40|21.17|1.22|-1.95|00015830|0|1|00||01|03|03|0.600|3097|671c28566116c163
264|2025-12-13T16:51:46.3830000+08:00|105319FE|0003|00015830|0||||-1.949|105319FE|2e3bc6875216d3e6
37|2025-12-13T16:51:46.5160000+08:00|105319FE|蜜瓜面包|00015830|42949|42949|884|10000|0||16.53|20.41|1.03|-1.95|1200|0|0|01|32|1E|41A00000|105319FE|6d3ae538358c91d4
26|2025-12-13T16:51:46.5160000+08:00|32|冲刺|20.00|105319FE|蜜瓜面包|105319FE|蜜瓜面包|1E|42949|42949|bc0cd9ce824a1235
261|2025-12-13T16:51:46.8770000+08:00|Change|105319A6|ModelStatus|0|PosX|28.1528|PosY|23.3615|c71fc5eef72d2ef3
39|2025-12-13T16:51:47.5460000+08:00|104C5CA8|覌止|27979|27979|10000|10000|||-4.53|20.71|-3.01|1.16|e49896ed25e34dac
261|2025-12-13T16:51:48.0130000+08:00|Change|105319FE|Heading|-1.8978|PosX|4.0674|PosY|15.5224|PosZ|-1.6799|0accd254cbe27a47
39|2025-12-13T16:51:48.5770000+08:00|104E1D04|姜姜时|2518|2518|7200|10000|||-16.89|43.93|-3.25|-2.02|65b7345d7494e8cc
261|2025-12-13T16:51:48.3360000+08:00|Change|10531F76|Heading|-1.8177|PosX|23.7219|PosY|16.3430|PosZ|-2.8173|e0d306af4bf1a00b
38|2025-12-13T16:51:49.2490000+08:00|10531F76|也郝|00646413|247948|247948|10000|10000|0||22.34|16.00|-2.81|-1.81|0|0|0|cd464dba1abdca61
261|2025-12-13T16:51:49.9520000+08:00|Change|105319FE|Heading|-1.7299|PosX|-11.2028|PosY|12.5944|PosZ|-2.6707|4b00189cf165b11d
39|2025-12-13T16:51:50.5390000+08:00|104C5CA8|覌止|27979|27979|10000|10000|||-4.53|20.70|-3.01|1.16|edec8c498a0eccef
39|2025-12-13T16:51:51.5650000+08:00|104E1D04|姜姜时|2518|2518|7800|10000|||-16.89|43.93|-3.25|-2.02|6d397b567163a95b
261|2025-12-13T16:51:51.2680000+08:00|Change|104E1D04|CurrentMP|7800|Job|23|MaxHP|2518|45fab35900825b3a
261|2025-12-13T16:51:51.5710000+08:00|Add|10310BEC|CastTargetID|E0000000|CurrentMP|10000|CurrentWorldID|1076|Heading|0.8000|Job|35|Level|100|MaxHP|154399|MaxMP|10000|ModelStatus|3072|Name|Ryla|NPCTargetID|E0000000|PosX|28.4672|PosY|93.5306|PosZ|-8.0000|Radius|0.5000|Type|1|WorldID|1076|1cb1071d163eba2f
03|2025-12-13T16:51:51.5710000+08:00|10310BEC|Ryla|23|64|0000|434|BaiJinHuanXiang|0|0|154399|154399|10000|10000|||28.47|93.53|-8.00|0.80|dfb1bead4c1528d2
261|2025-12-13T16:51:52.4340000+08:00|Change|105319FE|Heading|-1.6180|PosX|-26.6747|PosY|11.4635|PosZ|-3.8677|c5858d1cba2d81a6
38|2025-12-13T16:51:53.2590000+08:00|104E1D04|姜姜时|00353517|2518|3337|7800|10000|0||-16.89|43.93|-3.25|-2.02|0|0|0|699b6b5c58ddb000
39|2025-12-13T16:51:53.5270000+08:00|104C5CA8|覌止|27979|27979|10000|10000|||8.68|20.22|-1.34|1.22|4bbf08b8e72178db
261|2025-12-13T16:51:53.5610000+08:00|Change|104C5CA8|Heading|1.2475|PosX|10.5174|PosY|20.6592|PosZ|-0.6171|bdb0cc4cf25ae924
39|2025-12-13T16:51:54.5560000+08:00|104E1D04|姜姜时|2851|3337|8400|10000|||-16.89|43.93|-3.25|-2.02|e668b6aaf245114e
261|2025-12-13T16:51:54.3810000+08:00|Change|105319FE|Heading|-1.4987|PosX|-42.1203|PosY|11.0031|PosZ|-4.2694|b7d2e60643b41048
261|2025-12-13T16:51:55.1830000+08:00|Change|10310BEC|Heading|0.7999|ModelStatus|0|PosX|28.4580|PosY|93.5225|2292fca3a6035768
261|2025-12-13T16:51:55.9620000+08:00|Change|10531F76|Heading|1.9881|PosX|36.3014|PosY|23.9617|PosZ|1.1954|03a43f70aff479ab
261|2025-12-13T16:51:56.1340000+08:00|Change|104C5CA8|Heading|0.4207|PosX|24.4614|PosY|26.7987|PosZ|1.2000|64885effc43bd300
39|2025-12-13T16:51:56.5560000+08:00|104C5CA8|覌止|27979|27979|10000|10000|||24.46|26.80|1.20|0.42|e45affae7e11b033
261|2025-12-13T16:51:56.5880000+08:00|Change|105319FE|Heading|-2.1851|PosX|-57.1680|PosY|9.8155|PosZ|-1.6402|6340e3bb63ab4be2
39|2025-12-13T16:51:57.5760000+08:00|104E1D04|姜姜时|3184|3337|9000|10000|||-16.89|43.93|-3.25|-2.02|5a29f19fe53576db
261|2025-12-13T16:51:57.2270000+08:00|Change|104E1D04|CurrentMP|9000|MaxHP|3337|f8774cc9c3ffbb0c
261|2025-12-13T16:51:57.3780000+08:00|Change|10310BEC|NPCTargetID|116715|PCTargetID|116715|fb5d7dc68e119e1e
261|2025-12-13T16:51:58.7990000+08:00|Change|105319FE|Heading|-2.6774|PosX|-65.4986|PosY|-3.0438|PosZ|-0.5036|f069fdd6489d2b3b
39|2025-12-13T16:51:59.5290000+08:00|104C5CA8|覌止|27979|27979|10000|10000|||33.65|33.32|2.99|2.00|187ec72a09945faa
39|2025-12-13T16:52:00.5490000+08:00|104E1D04|姜姜时|3337|3337|9600|10000|||-16.89|43.93|-3.25|-2.02|d0087ce230d739f9
261|2025-12-13T16:52:00.5840000+08:00|Change|104C5CA8|Heading|0.4516|PosX|36.4149|PosY|36.2904|PosZ|1.3168|e2b452efea1b4dee
261|2025-12-13T16:52:01.0980000+08:00|Change|10310BEC|Heading|-0.7258|ModelStatus|512|PosX|27.3594|PosY|95.9028|PosZ|-8.0000|0c98cf3378d00d65
04|2025-12-13T16:52:01.5700000+08:00|10310BEC|Ryla|23|64|0000|434|BaiJinHuanXiang|0|0|154399|154399|10000|10000|||27.36|95.90|-8.00|-0.73|0517d2f9bd3e556e
261|2025-12-13T16:52:01.5700000+08:00|Remove|10310BEC|62f43bcd250db28e
39|2025-12-13T16:52:02.5550000+08:00|104C5CA8|覌止|27979|27979|10000|10000|||38.57|44.57|2.87|-0.19|8692e5389c8fcf8a
261|2025-12-13T16:52:02.5380000+08:00|Change|105319FE|Heading|-2.4086|ModelStatus|2048|NPCTargetID|3CA771|PosX|-68.3452|PosY|-8.6824|PosZ|-0.5015|220e04800b37e11a
39|2025-12-13T16:52:03.5870000+08:00|104E1D04|姜姜时|3337|3337|10000|10000|||-16.89|43.93|-3.25|-2.02|181521407a3c210b
261|2025-12-13T16:52:03.2220000+08:00|Change|104E1D04|CurrentMP|10000|73c739992a0365d2
261|2025-12-13T16:52:04.4650000+08:00|Change|104C5CA8|Heading|-0.1767|NPCTargetID|8140AF|PCTargetID|8140AF|PosX|37.2472|PosY|53.1776|PosZ|-2.6502|50fe842a40faa0a0
39|2025-12-13T16:52:05.5600000+08:00|104C5CA8|覌止|27979|27979|10000|10000|||37.25|53.18|-2.65|-0.18|76240530c240db8b
38|2025-12-13T16:52:06.5030000+08:00|105319FE|蜜瓜面包|00646412|42949|42949|884|884|0||-68.35|-8.68|-0.50|-2.41|0|0|0|141071|0|105319FE|0|0|0|02F9|0|105319FE|c0e4ebd847c36932
30|2025-12-13T16:52:06.5030000+08:00|32|冲刺|0.00|105319FE|蜜瓜面包|105319FE|蜜瓜面包|1E|42949|42949|d5cb2047127dc953
26|2025-12-13T16:52:06.5030000+08:00|1071|慢跑|9999.00|105319FE|蜜瓜面包|105319FE|蜜瓜面包|14|42949|42949|b75ea2c17f972976
26|2025-12-13T16:52:06.5030000+08:00|2F9|钓组|9999.00|105319FE|蜜瓜面包|105319FE|蜜瓜面包|00|42949|42949|c6707f3ecabd354c
38|2025-12-13T16:52:06.5030000+08:00|105319FE|蜜瓜面包|00646412|42949|42949|884|884|0||-68.35|-8.68|-0.50|-2.41|0|0|0|141071|0|105319FE|0|0|0|02F9|0|105319FE|297c9b505ac50fa4
39|2025-12-13T16:52:08.5190000+08:00|104C5CA8|覌止|27979|27979|10000|10000|||37.25|53.18|-2.65|-0.18|7d6aff2945b1e121
20|2025-12-13T16:52:10.1810000+08:00|104E1D04|姜姜时|7313|unknown_7313|104E1D04|姜姜时|2.000|-16.89|43.93|-3.25|-2.02|8761537ddebeb483
263|2025-12-13T16:52:10.1810000+08:00|104E1D04|7313|-16.877|43.947|-3.235|-2.024|3c79c91984fb139b
261|2025-12-13T16:52:09.6970000+08:00|Change|104E1D04|CastBuffID|40500|CastDurationCurrent|0.0809|CastDurationMax|2.0000|CastTargetID|104E1D04|IsCasting1|1|IsCasting2|2|e407f6950024bc0e
39|2025-12-13T16:52:11.5250000+08:00|104C5CA8|覌止|27979|27979|10000|10000|||37.25|53.18|-2.65|-0.18|2c3418f03a44eef4
21|2025-12-13T16:52:11.6610000+08:00|104E1D04|姜姜时|2009E34|item_9e34|104E1D04|姜姜时|23D|0|0|0|0|0|0|0|0|0|0|0|0|0|0|0|3337|3337|10000|10000|||-16.89|43.93|-3.25|-2.02|3337|3337|10000|10000|||-16.89|43.93|-3.25|-2.02|00015831|0|1|00||02|9E34|7313|2.100|2D8D|18e075ec28279d5c
264|2025-12-13T16:52:11.6610000+08:00|104E1D04|9E34|00015831|0||||-2.024|104E1D04|975d4d977989fb67
39|2025-12-13T16:52:14.5280000+08:00|104C5CA8|覌止|27979|27979|10000|10000|||37.25|53.18|-2.65|-0.18|d19b6583be899c70
20|2025-12-13T16:52:15.2020000+08:00|104E1D04|姜姜时|52A|unknown_52a|104E1D04|姜姜时|1.000|-16.89|43.93|-3.25|-2.02|536e94bb8c8f428b
263|2025-12-13T16:52:15.2020000+08:00|104E1D04|052A|-16.877|43.947|-3.235|-2.024|3771d4c91990d5c8
21|2025-12-13T16:52:15.6950000+08:00|104E1D04|姜姜时|2001771|item_1771|104E1D04|姜姜时|193D|10000|0|0|0|0|0|0|0|0|0|0|0|0|0|0|3337|3337|10000|10000|||-16.89|43.93|-3.25|-2.02|3337|3337|10000|10000|||-16.89|43.93|-3.25|-2.02|00015832|0|1|00||02|1771|52A|2.100|2D8D|304a434699e13d47
264|2025-12-13T16:52:15.6950000+08:00|104E1D04|1771|00015832|0||||-2.024|104E1D04|04a7904aaf62bb3b
261|2025-12-13T16:52:15.1430000+08:00|Change|104E1D04|CastBuffID|0|CastDurationCurrent|0.0000|CastDurationMax|0.0000|CastTargetID|E0000000|IsCasting1|0|IsCasting2|0|4ee0ae50c9829146
39|2025-12-13T16:52:17.5330000+08:00|104C5CA8|覌止|27979|27979|10000|10000|||37.25|53.18|-2.65|-0.18|093b9c28080b4d2a
39|2025-12-13T16:52:20.5400000+08:00|104C5CA8|覌止|27979|27979|10000|10000|||37.25|53.18|-2.65|-0.18|895cd49cf2474fd3
39|2025-12-13T16:52:23.5460000+08:00|104C5CA8|覌止|27979|27979|10000|10000|||37.25|53.18|-2.65|-0.18|0756f33bb2e25690
20|2025-12-13T16:52:24.0850000+08:00|104E1D04|姜姜时|3F5|unknown_3f5|104E1D04|姜姜时|2.000|-16.89|43.93|-3.25|-2.02|34ece329effa0743
263|2025-12-13T16:52:24.0850000+08:00|104E1D04|03F5|-16.877|43.947|-3.235|-2.024|83b3e7e49b7ee4ea
261|2025-12-13T16:52:23.6500000+08:00|Change|104E1D04|CastBuffID|44496|CastDurationCurrent|0.0804|CastDurationMax|2.0000|CastTargetID|104E1D04|IsCasting1|1|IsCasting2|2|a43ed078fdf64490
21|2025-12-13T16:52:25.5640000+08:00|104E1D04|姜姜时|200ADD0|item_add0|104E1D04|姜姜时|73D|650000|0|0|0|0|0|0|0|0|0|0|0|0|0|0|3337|3337|10000|10000|||-16.89|43.93|-3.25|-2.02|3337|3337|10000|10000|||-16.89|43.93|-3.25|-2.02|00015833|0|1|00||02|ADD0|3F5|0.100|2D8D|c129be7ad23052b7
264|2025-12-13T16:52:25.5640000+08:00|104E1D04|ADD0|00015833|0||||-2.024|104E1D04|044895403370a599
39|2025-12-13T16:52:26.5470000+08:00|104C5CA8|覌止|27979|27979|10000|10000|||37.25|53.18|-2.65|-0.18|e259379038fe620e
03|2025-12-13T16:52:28.2730000+08:00|10310BEC|Ryla|23|64|0000|434|BaiJinHuanXiang|0|0|154399|154399|10000|10000|||28.37|93.06|-8.00|0.80|a85f180427d45a72
261|2025-12-13T16:52:28.2730000+08:00|Add|10310BEC|CastTargetID|E0000000|CurrentMP|10000|CurrentWorldID|1076|Heading|0.8000|Job|35|Level|100|MaxHP|154399|MaxMP|10000|ModelStatus|3072|Name|Ryla|NPCTargetID|E0000000|PosX|28.3702|PosY|93.0596|PosZ|-8.0000|Radius|0.5000|Type|1|WorldID|1076|12d3f174d013eea7
39|2025-12-13T16:52:29.5480000+08:00|104C5CA8|覌止|27979|27979|10000|10000|||37.25|53.18|-2.65|-0.18|9702796d21911124
261|2025-12-13T16:52:29.3350000+08:00|Change|10310BEC|ModelStatus|1024|24fe2a1cc51ae6f8
261|2025-12-13T16:52:30.3220000+08:00|Change|10310BEC|Heading|0.7999|ModelStatus|0|PosX|28.3665|PosY|93.0342|PosZ|-8.0000|913922d872efd6ab
261|2025-12-13T16:52:31.2680000+08:00|Change|104E1D04|CastBuffID|0|CastDurationCurrent|0.0000|CastDurationMax|0.0000|CastTargetID|E0000000|IsCasting1|0|IsCasting2|0|3c3003d5b08193eb
39|2025-12-13T16:52:32.5420000+08:00|104C5CA8|覌止|27979|27979|10000|10000|||37.25|53.18|-2.65|-0.18|087db63868a35546
21|2025-12-13T16:52:33.1210000+08:00|10310BEC|Ryla|03|冲刺|10310BEC|Ryla|1E00000E|320000|0|0|0|0|0|0|0|0|0|0|0|0|0|0|154399|154399|10000|10000|||32.86|98.84|-8.01|1.16|154399|154399|10000|10000|||32.86|98.84|-8.01|1.16|00015834|0|1|00||01|03|03|0.600|B644|608ef4e478fc169a
264|2025-12-13T16:52:33.1210000+08:00|10310BEC|0003|00015834|0||||1.332|10310BEC|429b86a9dbe15b7d
37|2025-12-13T16:52:33.2540000+08:00|10310BEC|Ryla|00015834|154399|154399|10000|10000|0||33.11|99.06|-8.01|1.33|2300|0|0|01|32|1E|41A00000|10310BEC|f54caa7a41ad3b71
26|2025-12-13T16:52:33.2540000+08:00|32|冲刺|20.00|10310BEC|Ryla|10310BEC|Ryla|1E|154399|154399|2400601284ae77b3
261|2025-12-13T16:52:34.0810000+08:00|Change|10310BEC|Heading|1.3319|PosX|41.1419|PosY|101.2495|PosZ|-8.0086|8b230ba7708aa659
39|2025-12-13T16:52:35.5350000+08:00|104C5CA8|覌止|27979|27979|10000|10000|||37.25|53.18|-2.65|-0.18|feaa20d1b8bf1ec5
261|2025-12-13T16:52:36.4090000+08:00|Change|10310BEC|Heading|2.4384|PosX|55.5073|PosY|96.4844|PosZ|-8.0077|e92c00d952c05759
261|2025-12-13T16:52:37.6950000+08:00|Change|10310BEC|Heading|2.7863|PosX|64.1572|PosY|85.1146|PosZ|-2.7069|487718bdbd1c4ecb
39|2025-12-13T16:52:38.5390000+08:00|104C5CA8|覌止|27979|27979|10000|10000|||37.25|53.18|-2.65|-0.18|3d97a6086faacea2
261|2025-12-13T16:52:38.3690000+08:00|Change|104E1D04|NPCTargetID|271DC4|PCTargetID|271DC4|bf1c19c385b6bd40
261|2025-12-13T16:52:39.6750000+08:00|Change|10310BEC|Heading|-2.5732|PosX|58.9197|PosY|70.9446|PosZ|-0.5740|9aa3f672fdad9f0c
39|2025-12-13T16:52:41.5280000+08:00|104C5CA8|覌止|27979|27979|10000|10000|||37.25|53.18|-2.65|-0.18|67bc4b90510d6afb
261|2025-12-13T16:52:41.7440000+08:00|Change|10310BEC|Heading|3.0891|PosX|56.7626|PosY|55.3327|PosZ|-1.0750|77e8e6bfa5c87bd5
261|2025-12-13T16:52:42.7040000+08:00|Change|10310BEC|Heading|2.8637|NPCTargetID|4A48CB|PCTargetID|4A48CB|PosX|56.9617|PosY|51.5614|PosZ|-1.0221|7895551ab9ccbdbb
39|2025-12-13T16:52:44.5420000+08:00|104C5CA8|覌止|27979|27979|10000|10000|||37.25|53.18|-2.65|-0.18|fbbe2f6c303cbf69
39|2025-12-13T16:52:47.5430000+08:00|104C5CA8|覌止|27979|27979|10000|10000|||37.25|53.18|-2.65|-0.18|320d122f2f53775c
261|2025-12-13T16:52:47.7970000+08:00|Change|10310BEC|NPCTargetID|E0000000|PCTargetID|0|PosX|56.9618|PosY|51.5602|PosZ|-1.0000|e317297d41611736
39|2025-12-13T16:52:50.5380000+08:00|104C5CA8|覌止|27979|27979|10000|10000|||37.25|53.18|-2.65|-0.18|8433e07ebf82a9d8
38|2025-12-13T16:52:53.2190000+08:00|10310BEC|Ryla|00646423|154399|154399|10000|10000|0||46.83|52.60|-1.51|-1.47|0|0|0|141071|0|10310BEC|f8b9bc15071a7962
30|2025-12-13T16:52:53.2190000+08:00|32|冲刺|0.00|10310BEC|Ryla|10310BEC|Ryla|1E|154399|154399|087e36d747464d01
26|2025-12-13T16:52:53.2190000+08:00|1071|慢跑|9999.00|10310BEC|Ryla|10310BEC|Ryla|14|154399|154399|fb48af5c0bda0b51
38|2025-12-13T16:52:53.2190000+08:00|10310BEC|Ryla|00646423|154399|154399|10000|10000|0||46.83|52.60|-1.54|-1.47|0|0|0|141071|0|10310BEC|560822039a903fda
39|2025-12-13T16:52:53.5310000+08:00|104C5CA8|覌止|27979|27979|10000|10000|||37.25|53.18|-2.65|-0.18|4ef96f4275d6a7ae
39|2025-12-13T16:52:56.5330000+08:00|104C5CA8|覌止|27979|27979|10000|10000|||37.25|53.18|-2.65|-0.18|f99c917affe56006
39|2025-12-13T16:52:59.5360000+08:00|104C5CA8|覌止|27979|27979|10000|10000|||37.25|53.18|-2.65|-0.18|8cf3bc86a807fb42
261|2025-12-13T16:53:00.2370000+08:00|Change|104E1D04|NPCTargetID|E0000000|PCTargetID|0|f7a2a269906e5044
39|2025-12-13T16:53:02.5390000+08:00|104C5CA8|覌止|27979|27979|10000|10000|||37.25|53.18|-2.65|-0.18|6f2c99bdbab2aa69
39|2025-12-13T16:53:05.5420000+08:00|104C5CA8|覌止|27979|27979|10000|10000|||37.25|53.18|-2.65|-0.18|00d43e7f7e30b9d4
261|2025-12-13T16:53:06.5380000+08:00|Change|104C5CA8|Heading|-0.2879|NPCTargetID|E0000000|PCTargetID|0|PosX|36.3432|PosY|54.2909|PosZ|-1.8653|c0d08691f9ce1780
39|2025-12-13T16:53:08.5370000+08:00|104C5CA8|覌止|27979|27979|10000|10000|||35.39|56.81|-1.64|-0.31|99330f91f7f610fc
39|2025-12-13T16:53:11.5390000+08:00|104C5CA8|覌止|27979|27979|10000|10000|||35.39|56.81|-1.64|-0.31|c49eaaf0a2275a63
261|2025-12-13T16:53:11.3170000+08:00|Change|105319A6|Heading|2.2574|PosX|41.0662|PosY|31.0221|PosZ|1.1749|969bd7619a251c55
00|2025-12-13T16:53:13.0000000+08:00|0039||成功发送了参加申请。|be6e939922f16060
271|2025-12-13T16:53:14.4050000+08:00|105319A6|-1.4255|13|01|43.5390|28.5840|1.7000|040875cbe9a16688
39|2025-12-13T16:53:14.5390000+08:00|104C5CA8|覌止|27979|27979|10000|10000|||35.39|56.81|-1.64|-0.31|bd5e76e84113226c
261|2025-12-13T16:53:14.8170000+08:00|Change|10530A8D|Heading|0.9308|ModelStatus|512|PosX|35.9709|PosY|34.5193|PosZ|1.4903|b8cc0c2d7c213991
261|2025-12-13T16:53:15.2630000+08:00|Change|105319FE|ModelStatus|0|NPCTargetID|3CA772|809541ecee9b1e8b
261|2025-12-13T16:53:16.0740000+08:00|Remove|104E1D04|dc2a12d1ec577612
261|2025-12-13T16:53:16.0740000+08:00|Remove|105319A6|de52280734c01352
261|2025-12-13T16:53:16.0740000+08:00|Remove|104C5CA8|6e5608fc0ab3bd30
261|2025-12-13T16:53:16.0740000+08:00|Remove|10310BEC|a2a4d564ba174a2f
261|2025-12-13T16:53:16.0740000+08:00|Remove|10530A8D|ef60348d9230a35e
261|2025-12-13T16:53:16.0740000+08:00|Remove|10531F76|12c527b326859a8d
261|2025-12-13T16:53:16.0740000+08:00|Remove|10531CBB|a2c9972522c899d3
261|2025-12-13T16:53:16.0740000+08:00|Remove|105319FE|f0e096f42531cb74
31|2025-12-13T16:53:16.4640000+08:00|10530A8D|1E|00|00|00|33c251e52534c7cd
31|2025-12-13T16:53:16.4640000+08:00|10530A8D|1E|00|00|00|66140136de61e89f
261|2025-12-13T16:53:16.6620000+08:00|Add|40001580|BNpcID|3F5A|BNpcNameID|304E|CastTargetID|E0000000|CurrentMP|10000|CurrentWorldID|65535|Heading|-3.1416|Level|90|MaxHP|69200|MaxMP|10000|ModelStatus|18688|Name|高贝扎的幻影|NPCTargetID|E0000000|PosX|100.0000|PosY|100.0000|Radius|0.5000|Type|2|WorldID|65535|8a064d944957bd39
261|2025-12-13T16:53:16.6620000+08:00|Add|40001581|BNpcID|3F5A|BNpcNameID|304E|CastTargetID|E0000000|CurrentMP|10000|CurrentWorldID|65535|Heading|-3.1416|Level|90|MaxHP|69200|MaxMP|10000|ModelStatus|18688|Name|高贝扎的幻影|NPCTargetID|E0000000|PosX|100.0000|PosY|100.0000|Radius|7.5000|Type|2|WorldID|65535|92be9fbf9a2991d0
261|2025-12-13T16:53:16.6620000+08:00|Add|40001582|BNpcID|3F55|BNpcNameID|304F|CastTargetID|E0000000|CurrentMP|10000|CurrentWorldID|65535|Heading|0.0000|Level|90|MaxHP|69200|MaxMP|10000|ModelStatus|18688|Name|黑龙|NPCTargetID|E0000000|PosX|100.0000|PosY|100.0000|Radius|7.0000|Type|2|WorldID|65535|f08ef91e4c4aee12
272|2025-12-13T16:53:17.0400000+08:00|40001588|E0000000|0000|00|3a75ddf0972fa814
272|2025-12-13T16:53:17.0400000+08:00|40001580|E0000000|0000|00|2747db8de2393731
272|2025-12-13T16:53:17.0400000+08:00|4000158A|E0000000|0000|00|ee0eb593773d1b8a
272|2025-12-13T16:53:17.0400000+08:00|40001583|E0000000|0000|00|7464c9779d73e770
272|2025-12-13T16:53:17.0400000+08:00|4000158B|E0000000|0000|00|14aff4d3389d6ed5
272|2025-12-13T16:53:17.0400000+08:00|40001589|E0000000|0000|00|718f757b9d3401c1
272|2025-12-13T16:53:17.0400000+08:00|4000158D|E0000000|0000|00|7b6378aadf0395a2
272|2025-12-13T16:53:17.0400000+08:00|4000158C|E0000000|0000|00|84de191a5b6fe196
272|2025-12-13T16:53:17.0400000+08:00|4000158F|E0000000|0000|00|4d87fe57d937b9c2
272|2025-12-13T16:53:17.0400000+08:00|40001592|E0000000|0000|00|196dcde215438be9
272|2025-12-13T16:53:17.0400000+08:00|40001593|E0000000|0000|00|125b73feb30eabeb
272|2025-12-13T16:53:17.0400000+08:00|40001595|E0000000|0000|00|098eef911e009f8f
272|2025-12-13T16:53:17.0400000+08:00|40001596|E0000000|0000|00|a3c542209d652bf1
272|2025-12-13T16:53:17.0400000+08:00|40001582|E0000000|0000|00|571bb26a001e5189
272|2025-12-13T16:53:17.0400000+08:00|4000158E|E0000000|0000|00|f0bcd764167791d0
272|2025-12-13T16:53:17.0400000+08:00|40001590|E0000000|0000|00|b7e1607623ffac78
272|2025-12-13T16:53:17.0400000+08:00|40001591|E0000000|0000|00|065c05c904fa523e
272|2025-12-13T16:53:17.0400000+08:00|40001587|E0000000|0000|00|fa55b7823da83fc1
272|2025-12-13T16:53:17.0400000+08:00|40001581|E0000000|0000|00|5ed3eaa02c5d3e92
272|2025-12-13T16:53:17.0400000+08:00|40001586|E0000000|0000|00|aa8eb2be87253ac7
272|2025-12-13T16:53:17.0400000+08:00|40001584|E0000000|0000|00|65306cf04f4c9cc4
272|2025-12-13T16:53:17.0400000+08:00|40001585|E0000000|0000|00|7007ce9481a212fb
261|2025-12-13T16:53:16.6620000+08:00|Add|10530A8D|CastTargetID|E0000000|CurrentMP|10000|CurrentWorldID|1076|Heading|-3.1416|Job|30|Level|100|MaxHP|145489|MaxMP|10000|ModelStatus|3328|Name|小祥客服|NPCTargetID|E0000000|PosX|100.6450|PosY|112.5060|Radius|0.5000|Type|1|WorldID|1076|58a0e87eb1dae579
261|2025-12-13T16:53:16.7880000+08:00|Add|40001585|BNpcID|233C|BNpcNameID|304D|CastTargetID|E0000000|CurrentWorldID|65535|Heading|0.0000|Level|1|MaxHP|44|ModelStatus|2304|Name|高贝扎|NPCTargetID|E0000000|PosX|100.0000|PosY|90.0000|Radius|0.5000|Type|2|WorldID|65535|d9c67a833130ade4
261|2025-12-13T16:53:16.7880000+08:00|Add|40001586|BNpcID|233C|BNpcNameID|304D|CastTargetID|E0000000|CurrentWorldID|65535|Heading|0.0000|Level|1|MaxHP|44|ModelStatus|2304|Name|高贝扎|NPCTargetID|E0000000|PosX|100.0000|PosY|90.0000|Radius|0.5000|Type|2|WorldID|65535|189c8397fbacbfc5
261|2025-12-13T16:53:16.7880000+08:00|Add|40001588|BNpcID|233C|BNpcNameID|304D|CastTargetID|E0000000|CurrentWorldID|65535|Heading|0.0000|Level|1|MaxHP|44|ModelStatus|2304|Name|高贝扎|NPCTargetID|E0000000|PosX|100.0000|PosY|90.0000|Radius|0.5000|Type|2|WorldID|65535|3fac9196dfcf43ec
261|2025-12-13T16:53:16.7880000+08:00|Add|40001584|BNpcID|233C|BNpcNameID|304D|CastTargetID|E0000000|CurrentWorldID|65535|Heading|0.0000|Level|1|MaxHP|44|ModelStatus|2304|Name|高贝扎|NPCTargetID|E0000000|PosX|100.0000|PosY|90.0000|Radius|0.5000|Type|2|WorldID|65535|61d6e2f596713f35
261|2025-12-13T16:53:16.7880000+08:00|Add|40001587|BNpcID|233C|BNpcNameID|304D|CastTargetID|E0000000|CurrentWorldID|65535|Heading|0.0000|Level|1|MaxHP|44|ModelStatus|2304|Name|高贝扎|NPCTargetID|E0000000|PosX|100.0000|PosY|90.0000|Radius|0.5000|Type|2|WorldID|65535|6ec12af165a717e3
261|2025-12-13T16:53:16.7880000+08:00|Add|40001583|BNpcID|3F54|BNpcNameID|304D|CastTargetID|E0000000|CurrentMP|10000|CurrentWorldID|65535|Heading|0.0000|Level|90|MaxHP|26635080|MaxMP|10000|ModelStatus|2304|Name|高贝扎|NPCTargetID|E0000000|PosX|100.0000|PosY|90.0000|Radius|6.0000|Type|2|WorldID|65535|edc3b761eed6454a
272|2025-12-13T16:53:17.0850000+08:00|40001597|E0000000|0000|00|c2ec7b282fdb262e
272|2025-12-13T16:53:17.0850000+08:00|40001598|E0000000|0000|00|081074a18a68ef03
272|2025-12-13T16:53:17.0850000+08:00|40001599|E0000000|0000|00|d7bad66e7149cfd1
272|2025-12-13T16:53:17.0850000+08:00|4000159A|E0000000|0000|00|41496caef782e2f5
272|2025-12-13T16:53:17.0850000+08:00|4000159C|E0000000|0000|00|1356e5c9ea94557d
272|2025-12-13T16:53:17.0850000+08:00|40001594|E0000000|0000|00|6d0af7c9768eed44
272|2025-12-13T16:53:17.0850000+08:00|4000156F|E0000000|0000|00|ef9bc9538ce6c14b
272|2025-12-13T16:53:17.0850000+08:00|40001570|E0000000|0000|00|fada20335cce869f
272|2025-12-13T16:53:17.0850000+08:00|40001571|E0000000|0000|00|5571aea32f746641
272|2025-12-13T16:53:17.0850000+08:00|40001572|E0000000|0000|00|66e2f347372d1b26
272|2025-12-13T16:53:17.0850000+08:00|40001573|E0000000|0000|00|ea1358d86035f7e0
272|2025-12-13T16:53:17.0850000+08:00|40001574|E0000000|0000|00|e49af16194223125
272|2025-12-13T16:53:17.0850000+08:00|40001575|E0000000|0000|00|0aea9e5f6c7a7f21
272|2025-12-13T16:53:17.0850000+08:00|40001576|E0000000|0000|00|c81affc172c540f6
272|2025-12-13T16:53:17.0850000+08:00|40001577|E0000000|0000|00|9617f8266446277d
272|2025-12-13T16:53:17.0850000+08:00|4000156E|E0000000|0000|00|15a04727ed7a4390
272|2025-12-13T16:53:17.0850000+08:00|40001579|E0000000|0000|00|67166fc439e4375d
272|2025-12-13T16:53:17.0850000+08:00|4000157A|E0000000|0000|00|0db2dc978bacdc1e
272|2025-12-13T16:53:17.0850000+08:00|4000157B|E0000000|0000|00|bac57a54bd9c43d8
272|2025-12-13T16:53:17.0850000+08:00|4000157C|E0000000|0000|00|3cd75812716afc26
272|2025-12-13T16:53:17.0850000+08:00|4000157D|E0000000|0000|00|a966247b91b2de94
272|2025-12-13T16:53:17.0850000+08:00|40001578|E0000000|0000|00|844c8e4796e6b81e
272|2025-12-13T16:53:17.0850000+08:00|4000159B|E0000000|0000|00|e6795c6b1bd9abed
261|2025-12-13T16:53:16.7880000+08:00|Add|4000158C|BNpcID|233C|BNpcNameID|304D|CastTargetID|E0000000|CurrentWorldID|65535|Heading|0.0000|Level|1|MaxHP|44|ModelStatus|2304|Name|高贝扎|NPCTargetID|E0000000|PosX|100.0000|PosY|90.0000|Radius|0.5000|Type|2|WorldID|65535|5175edfa589400d2
261|2025-12-13T16:53:16.7880000+08:00|Add|4000158B|BNpcID|233C|BNpcNameID|304D|CastTargetID|E0000000|CurrentWorldID|65535|Heading|0.0000|Level|1|MaxHP|44|ModelStatus|2304|Name|高贝扎|NPCTargetID|E0000000|PosX|100.0000|PosY|90.0000|Radius|0.5000|Type|2|WorldID|65535|1be52e1cb139c31c
261|2025-12-13T16:53:16.7880000+08:00|Add|40001589|BNpcID|233C|BNpcNameID|304D|CastTargetID|E0000000|CurrentWorldID|65535|Heading|0.0000|Level|1|MaxHP|44|ModelStatus|2304|Name|高贝扎|NPCTargetID|E0000000|PosX|100.0000|PosY|90.0000|Radius|0.5000|Type|2|WorldID|65535|b85a3a24c1bd9fd0
261|2025-12-13T16:53:16.7880000+08:00|Add|4000158A|BNpcID|233C|BNpcNameID|304D|CastTargetID|E0000000|CurrentWorldID|65535|Heading|0.0000|Level|1|MaxHP|44|ModelStatus|2304|Name|高贝扎|NPCTargetID|E0000000|PosX|100.0000|PosY|90.0000|Radius|0.5000|Type|2|WorldID|65535|d12c2010f5416a9b
261|2025-12-13T16:53:16.7880000+08:00|Add|4000158D|BNpcID|233C|BNpcNameID|304D|CastTargetID|E0000000|CurrentWorldID|65535|Heading|0.0000|Level|1|MaxHP|44|ModelStatus|2304|Name|高贝扎|NPCTargetID|E0000000|PosX|100.0000|PosY|90.0000|Radius|0.5000|Type|2|WorldID|65535|b61a8f92ff25fa66
261|2025-12-13T16:53:16.7880000+08:00|Add|4000158E|BNpcID|233C|BNpcNameID|304D|CastTargetID|E0000000|CurrentWorldID|65535|Heading|0.0000|Level|1|MaxHP|44|ModelStatus|2304|Name|高贝扎|NPCTargetID|E0000000|PosX|100.0000|PosY|90.0000|Radius|0.5000|Type|2|WorldID|65535|422b8020a37daa7c
272|2025-12-13T16:53:17.1290000+08:00|4000157E|E0000000|0000|00|1de6a1a7f00f938c
272|2025-12-13T16:53:17.1290000+08:00|4000157F|E0000000|0000|00|4bef703cc6629866
31|2025-12-13T16:53:17.1290000+08:00|10530A8D|1E|00|00|00|fb311554d4e70073
261|2025-12-13T16:53:16.7880000+08:00|Add|4000156C|BNpcID|1E850B|BNpcNameID|9187E984|CastBuffID|256|CastDurationMax|0.0000|CastGroundTargetX|32206.0400|CastGroundTargetY|0.0000|CastGroundTargetZ|175192200000000.0000|CastTargetID|42121A02|Heading|0.0000|Level|109|MaxMP|1795162112|ModelStatus|2304|Name|退出点|NPCTargetID|36000000|PCTargetID|18FA8813|PosX|100.0000|PosY|89.0000|Radius|0.5000|Type|7|WeaponId|3|fa27f4ec83377d2a
261|2025-12-13T16:53:16.7880000+08:00|Add|4000156D|BNpcID|1E8536|CastBuffID|3101949968|CastGroundTargetX|0.0000|CastGroundTargetY|0.0000|CastTargetID|88E89FBB|CurrentWorldID|256|Heading|0.0000|IsCasting2|2|Level|43|MaxMP|687865857|NPCTargetID|4AFA1527|PosX|100.0000|PosY|112.0000|Radius|2.0000|Type|7|c7ea525c986ad96d
261|2025-12-13T16:53:16.7880000+08:00|Add|40001590|BNpcID|233C|BNpcNameID|304D|CastTargetID|E0000000|CurrentWorldID|65535|Heading|0.0000|Level|1|MaxHP|44|ModelStatus|2304|Name|高贝扎|NPCTargetID|E0000000|PosX|100.0000|PosY|90.0000|Radius|0.5000|Type|2|WorldID|65535|038b0923d70d6dc8
261|2025-12-13T16:53:16.7880000+08:00|Add|40001595|BNpcID|233C|BNpcNameID|304D|CastTargetID|E0000000|CurrentWorldID|65535|Heading|0.0000|Level|1|MaxHP|44|ModelStatus|2304|Name|高贝扎|NPCTargetID|E0000000|PosX|100.0000|PosY|90.0000|Radius|0.5000|Type|2|WorldID|65535|01cf51921e20c4e8
261|2025-12-13T16:53:16.7880000+08:00|Add|4000158F|BNpcID|233C|BNpcNameID|304D|CastTargetID|E0000000|CurrentWorldID|65535|Heading|0.0000|Level|1|MaxHP|44|ModelStatus|2304|Name|高贝扎|NPCTargetID|E0000000|PosX|100.0000|PosY|90.0000|Radius|0.5000|Type|2|WorldID|65535|2eade06bba08b594
261|2025-12-13T16:53:16.7880000+08:00|Add|40001592|BNpcID|233C|BNpcNameID|304D|CastTargetID|E0000000|CurrentWorldID|65535|Heading|0.0000|Level|1|MaxHP|44|ModelStatus|2304|Name|高贝扎|NPCTargetID|E0000000|PosX|100.0000|PosY|90.0000|Radius|0.5000|Type|2|WorldID|65535|3af33c7b0ff80271
261|2025-12-13T16:53:16.7880000+08:00|Add|40001593|BNpcID|233C|BNpcNameID|304D|CastTargetID|E0000000|CurrentWorldID|65535|Heading|0.0000|Level|1|MaxHP|44|ModelStatus|2304|Name|高贝扎|NPCTargetID|E0000000|PosX|100.0000|PosY|90.0000|Radius|0.5000|Type|2|WorldID|65535|72fd8fe275b3c543
261|2025-12-13T16:53:16.7880000+08:00|Add|40001591|BNpcID|233C|BNpcNameID|304D|CastTargetID|E0000000|CurrentWorldID|65535|Heading|0.0000|Level|1|MaxHP|44|ModelStatus|2304|Name|高贝扎|NPCTargetID|E0000000|PosX|100.0000|PosY|90.0000|Radius|0.5000|Type|2|WorldID|65535|87f46fc2782a24f5
261|2025-12-13T16:53:16.9010000+08:00|Add|40001597|BNpcID|233C|BNpcNameID|304D|CastTargetID|E0000000|CurrentWorldID|65535|Heading|0.0000|Level|1|MaxHP|44|ModelStatus|2304|Name|高贝扎|NPCTargetID|E0000000|PosX|100.0000|PosY|90.0000|Radius|0.5000|Type|2|WorldID|65535|4ab9e8faf142cc04
261|2025-12-13T16:53:16.9010000+08:00|Add|40001598|BNpcID|233C|BNpcNameID|304D|CastTargetID|E0000000|CurrentWorldID|65535|Heading|0.0000|Level|1|MaxHP|44|ModelStatus|2304|Name|高贝扎|NPCTargetID|E0000000|PosX|100.0000|PosY|90.0000|Radius|0.5000|Type|2|WorldID|65535|0f423ad52c09c068
261|2025-12-13T16:53:16.9010000+08:00|Add|40001599|BNpcID|233C|BNpcNameID|304D|CastTargetID|E0000000|CurrentWorldID|65535|Heading|0.0000|Level|1|MaxHP|44|ModelStatus|2304|Name|高贝扎|NPCTargetID|E0000000|PosX|100.0000|PosY|90.0000|Radius|0.5000|Type|2|WorldID|65535|6ee3eb7b7def2d77
261|2025-12-13T16:53:16.9010000+08:00|Add|4000159B|BNpcID|233C|BNpcNameID|304D|CastTargetID|E0000000|CurrentWorldID|65535|Heading|0.0000|Level|1|MaxHP|44|ModelStatus|2304|Name|高贝扎|NPCTargetID|E0000000|PosX|100.0000|PosY|90.0000|Radius|0.5000|Type|2|WorldID|65535|4041fe1ba12a564f
261|2025-12-13T16:53:16.9010000+08:00|Add|4000159A|BNpcID|233C|BNpcNameID|304D|CastTargetID|E0000000|CurrentWorldID|65535|Heading|0.0000|Level|1|MaxHP|44|ModelStatus|2304|Name|高贝扎|NPCTargetID|E0000000|PosX|100.0000|PosY|90.0000|Radius|0.5000|Type|2|WorldID|65535|146ce0458522b349
261|2025-12-13T16:53:16.9010000+08:00|Add|40001596|BNpcID|233C|BNpcNameID|304D|CastTargetID|E0000000|CurrentWorldID|65535|Heading|0.0000|Level|1|MaxHP|44|ModelStatus|2304|Name|高贝扎|NPCTargetID|E0000000|PosX|100.0000|PosY|90.0000|Radius|0.5000|Type|2|WorldID|65535|fc74ab76e2303f9b
261|2025-12-13T16:53:16.9010000+08:00|Add|4000156E|BNpcID|3F56|BNpcNameID|3050|CastTargetID|E0000000|CurrentMP|10000|CurrentWorldID|65535|Heading|-3.1416|Level|90|MaxHP|69200|MaxMP|10000|ModelStatus|18688|Name|风球|NPCTargetID|E0000000|PosX|100.0000|PosY|100.0000|Radius|1.0000|Type|2|WorldID|65535|58f1bf67e5841bf0
261|2025-12-13T16:53:16.9010000+08:00|Add|40001570|BNpcID|3F56|BNpcNameID|3050|CastTargetID|E0000000|CurrentMP|10000|CurrentWorldID|65535|Heading|-3.1416|Level|90|MaxHP|69200|MaxMP|10000|ModelStatus|18688|Name|风球|NPCTargetID|E0000000|PosX|100.0000|PosY|100.0000|Radius|1.0000|Type|2|WorldID|65535|4ba33afb632622e1
261|2025-12-13T16:53:16.9010000+08:00|Add|40001571|BNpcID|3F56|BNpcNameID|3050|CastTargetID|E0000000|CurrentMP|10000|CurrentWorldID|65535|Heading|-3.1416|Level|90|MaxHP|69200|MaxMP|10000|ModelStatus|18688|Name|风球|NPCTargetID|E0000000|PosX|100.0000|PosY|100.0000|Radius|1.0000|Type|2|WorldID|65535|ebafe0c69eb71007
261|2025-12-13T16:53:16.9010000+08:00|Add|4000156F|BNpcID|3F56|BNpcNameID|3050|CastTargetID|E0000000|CurrentMP|10000|CurrentWorldID|65535|Heading|-3.1416|Level|90|MaxHP|69200|MaxMP|10000|ModelStatus|18688|Name|风球|NPCTargetID|E0000000|PosX|100.0000|PosY|100.0000|Radius|1.0000|Type|2|WorldID|65535|1a0611d67cc4573f
261|2025-12-13T16:53:16.9010000+08:00|Add|4000159C|BNpcID|233C|BNpcNameID|304D|CastTargetID|E0000000|CurrentWorldID|65535|Heading|0.0000|Level|1|MaxHP|44|ModelStatus|2304|Name|高贝扎|NPCTargetID|E0000000|PosX|100.0000|PosY|90.0000|Radius|0.5000|Type|2|WorldID|65535|b4c50231efd9c3a5
261|2025-12-13T16:53:16.9010000+08:00|Add|40001594|BNpcID|233C|BNpcNameID|304D|CastTargetID|E0000000|CurrentWorldID|65535|Heading|0.0000|Level|1|MaxHP|44|ModelStatus|2304|Name|高贝扎|NPCTargetID|E0000000|PosX|100.0000|PosY|90.0000|Radius|0.5000|Type|2|WorldID|65535|807167724937fa5d
261|2025-12-13T16:53:16.9010000+08:00|Add|40001574|BNpcID|3F56|BNpcNameID|3050|CastTargetID|E0000000|CurrentMP|10000|CurrentWorldID|65535|Heading|-3.1416|Level|90|MaxHP|69200|MaxMP|10000|ModelStatus|18688|Name|风球|NPCTargetID|E0000000|PosX|100.0000|PosY|100.0000|Radius|1.0000|Type|2|WorldID|65535|282ff143da2fb6fa
261|2025-12-13T16:53:16.9010000+08:00|Add|40001573|BNpcID|3F56|BNpcNameID|3050|CastTargetID|E0000000|CurrentMP|10000|CurrentWorldID|65535|Heading|-3.1416|Level|90|MaxHP|69200|MaxMP|10000|ModelStatus|18688|Name|风球|NPCTargetID|E0000000|PosX|100.0000|PosY|100.0000|Radius|1.0000|Type|2|WorldID|65535|9ca457fff8393b39
261|2025-12-13T16:53:16.9010000+08:00|Add|40001572|BNpcID|3F56|BNpcNameID|3050|CastTargetID|E0000000|CurrentMP|10000|CurrentWorldID|65535|Heading|-3.1416|Level|90|MaxHP|69200|MaxMP|10000|ModelStatus|18688|Name|风球|NPCTargetID|E0000000|PosX|100.0000|PosY|100.0000|Radius|1.0000|Type|2|WorldID|65535|c24c2bd3124b3953
261|2025-12-13T16:53:16.9010000+08:00|Add|40001579|BNpcID|3F56|BNpcNameID|3050|CastTargetID|E0000000|CurrentMP|10000|CurrentWorldID|65535|Heading|-3.1416|Level|90|MaxHP|69200|MaxMP|10000|ModelStatus|18688|Name|风球|NPCTargetID|E0000000|PosX|100.0000|PosY|100.0000|Radius|1.0000|Type|2|WorldID|65535|a21e4add2ca89c82
261|2025-12-13T16:53:16.9010000+08:00|Add|40001575|BNpcID|3F56|BNpcNameID|3050|CastTargetID|E0000000|CurrentMP|10000|CurrentWorldID|65535|Heading|-3.1416|Level|90|MaxHP|69200|MaxMP|10000|ModelStatus|18688|Name|风球|NPCTargetID|E0000000|PosX|100.0000|PosY|100.0000|Radius|1.0000|Type|2|WorldID|65535|55ba45871d402968
261|2025-12-13T16:53:16.9010000+08:00|Add|4000157A|BNpcID|3F56|BNpcNameID|3050|CastTargetID|E0000000|CurrentMP|10000|CurrentWorldID|65535|Heading|-3.1416|Level|90|MaxHP|69200|MaxMP|10000|ModelStatus|18688|Name|风球|NPCTargetID|E0000000|PosX|100.0000|PosY|100.0000|Radius|1.0000|Type|2|WorldID|65535|5ac3137ea1397565
261|2025-12-13T16:53:16.9010000+08:00|Add|40001578|BNpcID|3F56|BNpcNameID|3050|CastTargetID|E0000000|CurrentMP|10000|CurrentWorldID|65535|Heading|-3.1416|Level|90|MaxHP|69200|MaxMP|10000|ModelStatus|18688|Name|风球|NPCTargetID|E0000000|PosX|100.0000|PosY|100.0000|Radius|1.0000|Type|2|WorldID|65535|c069c72661084e99
261|2025-12-13T16:53:16.9010000+08:00|Add|40001576|BNpcID|3F56|BNpcNameID|3050|CastTargetID|E0000000|CurrentMP|10000|CurrentWorldID|65535|Heading|-3.1416|Level|90|MaxHP|69200|MaxMP|10000|ModelStatus|18688|Name|风球|NPCTargetID|E0000000|PosX|100.0000|PosY|100.0000|Radius|1.0000|Type|2|WorldID|65535|7c284db289458cc3
261|2025-12-13T16:53:16.9010000+08:00|Add|40001577|BNpcID|3F56|BNpcNameID|3050|CastTargetID|E0000000|CurrentMP|10000|CurrentWorldID|65535|Heading|-3.1416|Level|90|MaxHP|69200|MaxMP|10000|ModelStatus|18688|Name|风球|NPCTargetID|E0000000|PosX|100.0000|PosY|100.0000|Radius|1.0000|Type|2|WorldID|65535|4cd458a3bea7689c
261|2025-12-13T16:53:17.0260000+08:00|Add|4000157C|BNpcID|3F56|BNpcNameID|3050|CastTargetID|E0000000|CurrentMP|10000|CurrentWorldID|65535|Heading|-3.1416|Level|90|MaxHP|69200|MaxMP|10000|ModelStatus|18688|Name|风球|NPCTargetID|E0000000|PosX|100.0000|PosY|100.0000|Radius|1.0000|Type|2|WorldID|65535|ed7aadcd427e1fc4
261|2025-12-13T16:53:17.0260000+08:00|Add|4000157B|BNpcID|3F56|BNpcNameID|3050|CastTargetID|E0000000|CurrentMP|10000|CurrentWorldID|65535|Heading|-3.1416|Level|90|MaxHP|69200|MaxMP|10000|ModelStatus|18688|Name|风球|NPCTargetID|E0000000|PosX|100.0000|PosY|100.0000|Radius|1.0000|Type|2|WorldID|65535|f0cc017da5bd6ce9
261|2025-12-13T16:53:17.0260000+08:00|Add|4000157E|BNpcID|3F5A|BNpcNameID|304E|CastTargetID|E0000000|CurrentMP|10000|CurrentWorldID|65535|Heading|-3.1416|Level|90|MaxHP|69200|MaxMP|10000|ModelStatus|18688|Name|高贝扎的幻影|NPCTargetID|E0000000|PosX|100.0000|PosY|100.0000|Radius|7.5000|Type|2|WorldID|65535|03d8ec867f7e5fa6
261|2025-12-13T16:53:17.0260000+08:00|Add|4000157D|BNpcID|3F56|BNpcNameID|3050|CastTargetID|E0000000|CurrentMP|10000|CurrentWorldID|65535|Heading|-3.1416|Level|90|MaxHP|69200|MaxMP|10000|ModelStatus|18688|Name|风球|NPCTargetID|E0000000|PosX|100.0000|PosY|100.0000|Radius|1.0000|Type|2|WorldID|65535|cbe3e52d3795dec2
261|2025-12-13T16:53:17.0260000+08:00|Add|4000157F|BNpcID|3F5A|BNpcNameID|304E|CastTargetID|E0000000|CurrentMP|10000|CurrentWorldID|65535|Heading|-3.1416|Level|90|MaxHP|69200|MaxMP|10000|ModelStatus|18688|Name|高贝扎的幻影|NPCTargetID|E0000000|PosX|100.0000|PosY|100.0000|Radius|7.5000|Type|2|WorldID|65535|15d2798be0156f8f
01|2025-12-13T16:53:17.0260000+08:00|474|高贝扎歼灭战|d6492d89de6d5147
40|2025-12-13T16:53:17.0260000+08:00|830|？？？？|立方魔法阵||93a2cf6795ff7a39
265|2025-12-13T16:53:14.6860959+08:00|474|高贝扎歼灭战|True|1|0|0|0|0|ab3791a01057a736
02|2025-12-13T16:53:17.0260000+08:00|10530A8D|小祥客服|f544f39422b70a9c
03|2025-12-13T16:53:17.0260000+08:00|10530A8D|小祥客服|1E|64|0000|434|BaiJinHuanXiang|0|0|145489|145489|10000|10000|||100.65|112.51|0.00|-3.14|5357929613088bc4
03|2025-12-13T16:53:17.0260000+08:00|40001581|高贝扎的幻影|00|5A|0000|00||12366|16218|69200|69200|10000|10000|||100.00|100.00|0.00|-3.14|111b2aa6478c118c
03|2025-12-13T16:53:17.0260000+08:00|4000156E|风球|00|5A|0000|00||12368|16214|69200|69200|10000|10000|||100.00|100.00|0.00|-3.14|da90ff016550c658
03|2025-12-13T16:53:17.0260000+08:00|40001574|风球|00|5A|0000|00||12368|16214|69200|69200|10000|10000|||100.00|100.00|0.00|-3.14|66348acc0114d0c6
03|2025-12-13T16:53:17.0260000+08:00|40001579|风球|00|5A|0000|00||12368|16214|69200|69200|10000|10000|||100.00|100.00|0.00|-3.14|aa4debf57900da5a
03|2025-12-13T16:53:17.0260000+08:00|40001570|风球|00|5A|0000|00||12368|16214|69200|69200|10000|10000|||100.00|100.00|0.00|-3.14|18298e9d097ae392
03|2025-12-13T16:53:17.0260000+08:00|40001571|风球|00|5A|0000|00||12368|16214|69200|69200|10000|10000|||100.00|100.00|0.00|-3.14|3703795e2c140fa5
03|2025-12-13T16:53:17.0260000+08:00|4000157C|风球|00|5A|0000|00||12368|16214|69200|69200|10000|10000|||100.00|100.00|0.00|-3.14|131f4b7251b45b78
03|2025-12-13T16:53:17.0260000+08:00|4000157B|风球|00|5A|0000|00||12368|16214|69200|69200|10000|10000|||100.00|100.00|0.00|-3.14|8b756724c0fcaa7a
03|2025-12-13T16:53:17.0260000+08:00|40001575|风球|00|5A|0000|00||12368|16214|69200|69200|10000|10000|||100.00|100.00|0.00|-3.14|4ab5f03746969402
03|2025-12-13T16:53:17.0260000+08:00|40001580|高贝扎的幻影|00|5A|0000|00||12366|16218|69200|69200|10000|10000|||100.00|100.00|0.00|-3.14|82ae2d5642adf0c5
03|2025-12-13T16:53:17.0260000+08:00|4000157E|高贝扎的幻影|00|5A|0000|00||12366|16218|69200|69200|10000|10000|||100.00|100.00|0.00|-3.14|7efe0add1527612c
03|2025-12-13T16:53:17.0260000+08:00|4000156F|风球|00|5A|0000|00||12368|16214|69200|69200|10000|10000|||100.00|100.00|0.00|-3.14|8cd6794db47e18b3
03|2025-12-13T16:53:17.0260000+08:00|4000157A|风球|00|5A|0000|00||12368|16214|69200|69200|10000|10000|||100.00|100.00|0.00|-3.14|3f4104184415a0a9
03|2025-12-13T16:53:17.0260000+08:00|40001573|风球|00|5A|0000|00||12368|16214|69200|69200|10000|10000|||100.00|100.00|0.00|-3.14|78e1089c2397ead4
03|2025-12-13T16:53:17.0260000+08:00|40001578|风球|00|5A|0000|00||12368|16214|69200|69200|10000|10000|||100.00|100.00|0.00|-3.14|13295399afc6d173
03|2025-12-13T16:53:17.0260000+08:00|40001576|风球|00|5A|0000|00||12368|16214|69200|69200|10000|10000|||100.00|100.00|0.00|-3.14|f0b62f5a74d0689d
03|2025-12-13T16:53:17.0260000+08:00|40001582|黑龙|00|5A|0000|00||12367|16213|69200|69200|10000|10000|||100.00|100.00|0.00|0.00|402ef3ea350c2b46
03|2025-12-13T16:53:17.0260000+08:00|40001577|风球|00|5A|0000|00||12368|16214|69200|69200|10000|10000|||100.00|100.00|0.00|-3.14|ab0e57c3fb081571
03|2025-12-13T16:53:17.0260000+08:00|4000157D|风球|00|5A|0000|00||12368|16214|69200|69200|10000|10000|||100.00|100.00|0.00|-3.14|019c43db6ef7432f
03|2025-12-13T16:53:17.0260000+08:00|4000157F|高贝扎的幻影|00|5A|0000|00||12366|16218|69200|69200|10000|10000|||100.00|100.00|0.00|-3.14|9abfbab76aeb9b64
03|2025-12-13T16:53:17.0260000+08:00|40001572|风球|00|5A|0000|00||12368|16214|69200|69200|10000|10000|||100.00|100.00|0.00|-3.14|9133edcbd930783a
03|2025-12-13T16:53:17.0260000+08:00|40001585|高贝扎|00|1|0000|00||12365|9020|44|44|0|10000|||100.00|90.00|0.00|0.00|387f1d4bac701e31
03|2025-12-13T16:53:17.0260000+08:00|40001586|高贝扎|00|1|0000|00||12365|9020|44|44|0|10000|||100.00|90.00|0.00|0.00|88f61082ffb54f97
03|2025-12-13T16:53:17.0260000+08:00|4000159C|高贝扎|00|1|0000|00||12365|9020|44|44|0|10000|||100.00|90.00|0.00|0.00|c9f2e61ba255e731
03|2025-12-13T16:53:17.0260000+08:00|40001590|高贝扎|00|1|0000|00||12365|9020|44|44|0|10000|||100.00|90.00|0.00|0.00|fff0027d89c3e899
03|2025-12-13T16:53:17.0260000+08:00|4000158C|高贝扎|00|1|0000|00||12365|9020|44|44|0|10000|||100.00|90.00|0.00|0.00|4a03526c438afc1f
03|2025-12-13T16:53:17.0260000+08:00|4000158B|高贝扎|00|1|0000|00||12365|9020|44|44|0|10000|||100.00|90.00|0.00|0.00|8d74baa578c2cc2d
03|2025-12-13T16:53:17.0260000+08:00|40001589|高贝扎|00|1|0000|00||12365|9020|44|44|0|10000|||100.00|90.00|0.00|0.00|0c0c4303670a8639
03|2025-12-13T16:53:17.0260000+08:00|4000158A|高贝扎|00|1|0000|00||12365|9020|44|44|0|10000|||100.00|90.00|0.00|0.00|025aab35b1428f31
03|2025-12-13T16:53:17.0260000+08:00|4000158D|高贝扎|00|1|0000|00||12365|9020|44|44|0|10000|||100.00|90.00|0.00|0.00|fb5ef2a99e830c98
03|2025-12-13T16:53:17.0260000+08:00|40001588|高贝扎|00|1|0000|00||12365|9020|44|44|0|10000|||100.00|90.00|0.00|0.00|4540221996b74813
03|2025-12-13T16:53:17.0260000+08:00|40001597|高贝扎|00|1|0000|00||12365|9020|44|44|0|10000|||100.00|90.00|0.00|0.00|8c41a0b713f60354
03|2025-12-13T16:53:17.0260000+08:00|4000158E|高贝扎|00|1|0000|00||12365|9020|44|44|0|10000|||100.00|90.00|0.00|0.00|0d30cb627b83ed59
03|2025-12-13T16:53:17.0260000+08:00|40001584|高贝扎|00|1|0000|00||12365|9020|44|44|0|10000|||100.00|90.00|0.00|0.00|1083d4e521df8f99
03|2025-12-13T16:53:17.0260000+08:00|40001587|高贝扎|00|1|0000|00||12365|9020|44|44|0|10000|||100.00|90.00|0.00|0.00|dee02c88042adecd
03|2025-12-13T16:53:17.0260000+08:00|40001595|高贝扎|00|1|0000|00||12365|9020|44|44|0|10000|||100.00|90.00|0.00|0.00|8cc5006375c211a8
03|2025-12-13T16:53:17.0260000+08:00|40001598|高贝扎|00|1|0000|00||12365|9020|44|44|0|10000|||100.00|90.00|0.00|0.00|3509d123e7dd4fe3
03|2025-12-13T16:53:17.0260000+08:00|40001599|高贝扎|00|1|0000|00||12365|9020|44|44|0|10000|||100.00|90.00|0.00|0.00|a4ad3e4688f5a72a
03|2025-12-13T16:53:17.0260000+08:00|4000159B|高贝扎|00|1|0000|00||12365|9020|44|44|0|10000|||100.00|90.00|0.00|0.00|1d6fc72f3a8161ff
03|2025-12-13T16:53:17.0260000+08:00|4000159A|高贝扎|00|1|0000|00||12365|9020|44|44|0|10000|||100.00|90.00|0.00|0.00|59e898682284304b
03|2025-12-13T16:53:17.0260000+08:00|4000158F|高贝扎|00|1|0000|00||12365|9020|44|44|0|10000|||100.00|90.00|0.00|0.00|e2a53115ed194472
03|2025-12-13T16:53:17.0260000+08:00|40001592|高贝扎|00|1|0000|00||12365|9020|44|44|0|10000|||100.00|90.00|0.00|0.00|513145c19e1052c9
03|2025-12-13T16:53:17.0260000+08:00|40001593|高贝扎|00|1|0000|00||12365|9020|44|44|0|10000|||100.00|90.00|0.00|0.00|045644f3a36a4b84
03|2025-12-13T16:53:17.0260000+08:00|40001594|高贝扎|00|1|0000|00||12365|9020|44|44|0|10000|||100.00|90.00|0.00|0.00|b91033bae877bd2d
03|2025-12-13T16:53:17.0260000+08:00|40001596|高贝扎|00|1|0000|00||12365|9020|44|44|0|10000|||100.00|90.00|0.00|0.00|f31d569f635660ff
03|2025-12-13T16:53:17.0260000+08:00|40001591|高贝扎|00|1|0000|00||12365|9020|44|44|0|10000|||100.00|90.00|0.00|0.00|84c2539bffb62283
03|2025-12-13T16:53:17.0260000+08:00|40001583|高贝扎|00|5A|0000|00||12365|16212|26635080|26635080|10000|10000|||100.00|90.00|0.00|0.00|8ec8d5b7a6e94307
00|2025-12-13T16:53:16.0000000+08:00|0039||离开了休息区。|5d99064a3c3d2c48
261|2025-12-13T16:53:17.7580000+08:00|Change|10530A8D|ModelStatus|0|PosZ|0.0300|Status|1|2b8c94646b663b3f
261|2025-12-13T16:53:17.7580000+08:00|Change|40001585|ModelStatus|0|PosZ|0.0300|d706aceab5337d66
261|2025-12-13T16:53:17.7580000+08:00|Change|40001586|ModelStatus|0|PosZ|0.0300|04e9f5a2d30e90c5
261|2025-12-13T16:53:17.7580000+08:00|Change|40001588|ModelStatus|0|PosZ|0.0300|5659d449579e6d44
261|2025-12-13T16:53:17.7580000+08:00|Change|40001584|ModelStatus|0|PosZ|0.0300|cd3c6d9c179f2ba1
261|2025-12-13T16:53:17.7580000+08:00|Change|40001587|ModelStatus|0|PosZ|0.0300|43f45123d6676dda
261|2025-12-13T16:53:17.7580000+08:00|Change|40001583|ModelStatus|0|PosZ|0.0300|bf45050719d63bdb
261|2025-12-13T16:53:17.7580000+08:00|Change|4000158C|ModelStatus|0|PosZ|0.0300|f9d756aaaffdd00b
261|2025-12-13T16:53:17.7580000+08:00|Change|4000158B|ModelStatus|0|PosZ|0.0300|d5881ede409a0ffc
261|2025-12-13T16:53:17.7580000+08:00|Change|40001589|ModelStatus|0|PosZ|0.0300|02d288a8e0ed1c03
261|2025-12-13T16:53:17.7580000+08:00|Change|4000158A|ModelStatus|0|PosZ|0.0300|504800423ca2d836
261|2025-12-13T16:53:17.7580000+08:00|Change|4000158D|ModelStatus|0|PosZ|0.0300|a5838334621cdaf6
261|2025-12-13T16:53:17.7580000+08:00|Change|4000158E|ModelStatus|0|PosZ|0.0300|54038c4b8a37a8e2
261|2025-12-13T16:53:17.7580000+08:00|Change|40001590|ModelStatus|0|PosZ|0.0300|0be5d418245a53ac
261|2025-12-13T16:53:17.7580000+08:00|Change|40001595|ModelStatus|0|PosZ|0.0300|221f82625ebd6924
261|2025-12-13T16:53:17.7580000+08:00|Change|4000158F|ModelStatus|0|PosZ|0.0300|33888455c4efb8c1
261|2025-12-13T16:53:17.7580000+08:00|Change|40001592|ModelStatus|0|PosZ|0.0300|56310892d5388e78
261|2025-12-13T16:53:17.7580000+08:00|Change|40001593|ModelStatus|0|PosZ|0.0300|b1ee45d2bf491727
261|2025-12-13T16:53:17.7580000+08:00|Change|40001591|ModelStatus|0|PosZ|0.0300|27075f0ec342a427
261|2025-12-13T16:53:17.8620000+08:00|Change|40001597|ModelStatus|0|PosZ|0.0300|84806876beb91d9e
261|2025-12-13T16:53:17.8620000+08:00|Change|40001598|ModelStatus|0|PosZ|0.0300|97bd80e8d81761ec
261|2025-12-13T16:53:17.8620000+08:00|Change|40001599|ModelStatus|0|PosZ|0.0300|801039e2d0b6fd71
261|2025-12-13T16:53:17.8620000+08:00|Change|4000159B|ModelStatus|0|PosZ|0.0300|092f6f1e9c8c9d7c
261|2025-12-13T16:53:17.8620000+08:00|Change|4000159A|ModelStatus|0|PosZ|0.0300|9119296a251ffb83
261|2025-12-13T16:53:17.8620000+08:00|Change|40001596|ModelStatus|0|PosZ|0.0300|6f90abca0c93bd93
261|2025-12-13T16:53:17.8620000+08:00|Change|4000156E|ModelStatus|16384|PosZ|0.0300|2ca2ed5b6c348b80
261|2025-12-13T16:53:17.8620000+08:00|Change|40001570|ModelStatus|16384|PosZ|0.0300|f53f1b4eecae98b2
261|2025-12-13T16:53:17.8620000+08:00|Change|40001571|ModelStatus|16384|PosZ|0.0300|0107b5e75cfd76c0
261|2025-12-13T16:53:17.8620000+08:00|Change|4000156F|ModelStatus|16384|PosZ|0.0300|468343c0fe4cc5be
261|2025-12-13T16:53:17.8620000+08:00|Change|4000159C|ModelStatus|0|PosZ|0.0300|9db5b9272bc2c883
261|2025-12-13T16:53:17.8620000+08:00|Change|40001594|ModelStatus|0|PosZ|0.0300|8d42d2a12e1aeb26
261|2025-12-13T16:53:17.8620000+08:00|Change|40001574|ModelStatus|16384|PosZ|0.0300|c747f49b0eafa321
261|2025-12-13T16:53:17.8620000+08:00|Change|40001573|ModelStatus|16384|PosZ|0.0300|8a4ef8045d7daadd
261|2025-12-13T16:53:17.8620000+08:00|Change|40001572|ModelStatus|16384|PosZ|0.0300|f530cd61f72c0571
261|2025-12-13T16:53:17.8620000+08:00|Change|40001579|ModelStatus|16384|PosZ|0.0300|e2f3339061619e61
261|2025-12-13T16:53:17.8620000+08:00|Change|40001575|ModelStatus|16384|PosZ|0.0300|4561ed85be9af077
261|2025-12-13T16:53:17.8620000+08:00|Change|4000157A|ModelStatus|16384|PosZ|0.0300|cabd4bc17c3b4683
261|2025-12-13T16:53:17.8620000+08:00|Change|40001578|ModelStatus|16384|PosZ|0.0300|4f7927e007562a4b
261|2025-12-13T16:53:17.8620000+08:00|Change|40001576|ModelStatus|16384|PosZ|0.0300|df2fe9fc6e6bb73c
261|2025-12-13T16:53:17.8620000+08:00|Change|40001577|ModelStatus|16384|PosZ|0.0300|b2889941c5ed378f
261|2025-12-13T16:53:17.9650000+08:00|Change|4000157C|ModelStatus|16384|PosZ|0.0300|d14a84f52fb08443
261|2025-12-13T16:53:17.9650000+08:00|Change|4000157B|ModelStatus|16384|PosZ|0.0300|ff311169163e3026
261|2025-12-13T16:53:17.9650000+08:00|Change|4000157E|ModelStatus|16384|PosZ|0.0300|5783f896091cb81f
261|2025-12-13T16:53:17.9650000+08:00|Change|4000157D|ModelStatus|16384|PosZ|0.0300|c466c73f79f1c5a6
261|2025-12-13T16:53:17.9650000+08:00|Change|4000157F|ModelStatus|16384|PosZ|0.0300|32a1575a7afdac7a
261|2025-12-13T16:53:20.2090000+08:00|Change|40001581|ModelStatus|16384|PosZ|0.0300|9b3bde122608c9f8
261|2025-12-13T16:53:20.2090000+08:00|Change|40001580|ModelStatus|16384|PosZ|0.0300|Radius|7.5000|31e68e3fc477dc21
261|2025-12-13T16:53:20.2090000+08:00|Change|40001582|ModelStatus|16384|PosZ|0.0300|e001ec0415d314b7
33|2025-12-13T16:53:22.5980000+08:00|80034E79|40000007|01|01|00|00|bce4af0860e01f52
33|2025-12-13T16:53:22.5980000+08:00|80034E79|40000001|E10|00|00|00|b7cef7496a9d4b96
261|2025-12-13T16:53:21.9440000+08:00|Change|4000156D|ModelStatus|256|f345f8d94c2e7af6
00|2025-12-13T16:53:21.0000000+08:00|0839||“高贝扎歼灭战”任务开始。|bec26c56cb5022fd
33|2025-12-13T16:53:22.6430000+08:00|80034E79|80000004|E0F|00|00|00|447cd79db3004842
261|2025-12-13T16:53:22.1780000+08:00|Change|10530A8D|Heading|1.6229|PCTargetID|40001583|PosX|100.6029|PosY|109.8993|PosZ|0.0300|Status|0|ace17337ad371f2b
21|2025-12-13T16:53:23.5320000+08:00|10530A8D|小祥客服|8D3|天之印|10530A8D|小祥客服|100000E|1F08000|0|0|0|0|0|0|0|0|0|0|0|0|0|0|145489|145489|10000|10000|||100.59|109.53|0.03|-3.12|145489|145489|10000|10000|||100.59|109.53|0.03|-3.12|000001A7|0|1|00||01|8D3|8D3|0.350|004B|4291d7e8ea92e36c
264|2025-12-13T16:53:23.5320000+08:00|10530A8D|08D3|000001A7|0||||-3.134|10530A8D|1f68b8129af675f0
38|2025-12-13T16:53:23.5320000+08:00|10530A8D|小祥客服|0064641E|145489|145489|10000|10000|0||100.59|109.53|0.03|-3.12|0|0|0|0101F0|40C00000|10530A8D|45782e4ed4655b0d
26|2025-12-13T16:53:23.5320000+08:00|1F0|结印|6.00|10530A8D|小祥客服|10530A8D|小祥客服|01|145489|145489|ef6f3f27748b6f84
21|2025-12-13T16:53:24.0220000+08:00|10530A8D|小祥客服|4976|地之印|10530A8D|小祥客服|900000E|1F08000|0|0|0|0|0|0|0|0|0|0|0|0|0|0|145489|145489|10000|10000|||100.59|109.53|0.03|-3.12|145489|145489|10000|10000|||100.59|109.53|0.03|-3.12|000001A8|0|1|00||01|4976|4976|0.350|0103|7dd7206c0de65e6f
264|2025-12-13T16:53:24.0220000+08:00|10530A8D|4976|000001A8|0||||-3.117|10530A8D|267ebebfd6688c71
38|2025-12-13T16:53:24.0220000+08:00|10530A8D|小祥客服|0064641E|145489|145489|10000|10000|0||100.59|109.53|0.03|-3.12|0|0|0|0901F0|40B05A1A|10530A8D|46a3e5cca7713e8f
26|2025-12-13T16:53:24.0220000+08:00|1F0|结印|5.51|10530A8D|小祥客服|10530A8D|小祥客服|09|145489|145489|d7e4af1eecc880f8
21|2025-12-13T16:53:24.5110000+08:00|10530A8D|小祥客服|4977|人之印|10530A8D|小祥客服|3900000E|1F08000|0|0|0|0|0|0|0|0|0|0|0|0|0|0|145489|145489|10000|10000|||100.59|109.53|0.03|-3.12|145489|145489|10000|10000|||100.59|109.53|0.03|-3.12|000001A9|0|1|00||01|4977|4977|0.350|0103|d254ef5ea3bdfcb6
264|2025-12-13T16:53:24.5110000+08:00|10530A8D|4977|000001A9|0||||-3.117|10530A8D|a1f54de32b1b4f77
38|2025-12-13T16:53:24.5110000+08:00|10530A8D|小祥客服|0064641E|145489|145489|10000|10000|0||100.59|109.53|0.03|-3.12|0|0|0|3901F0|40A0B434|10530A8D|ac5ab033dbd41b50
26|2025-12-13T16:53:24.5110000+08:00|1F0|结印|5.02|10530A8D|小祥客服|10530A8D|小祥客服|39|145489|145489|4c31c89e654612b5
00|2025-12-13T16:53:24.0000000+08:00|0839||选用“解除限制”参加任务， 打倒怪物之后将不会获得经验值或掉落道具以及精炼度。|fb05dd58214fdf46
00|2025-12-13T16:53:24.0000000+08:00|0839||当前任务会随着每次挑战失败而逐渐对队员进行强化。|e3619d3b2c1ec982
21|2025-12-13T16:53:25.0440000+08:00|10530A8D|小祥客服|8DF|水遁之术|40001583|高贝扎|650003|727D0000|F|F088000|0|0|0|0|0|0|0|0|0|0|0|0|26635080|26635080|10000|10000|||100.00|90.00|0.03|0.00|145489|145489|10000|10000|||100.59|109.53|0.03|-3.12|000001AA|0|1|00||01|8DF|8DF|0.600|013B|9a4381158ff11227
264|2025-12-13T16:53:25.0440000+08:00|10530A8D|08DF|000001AA|0||||-3.111|40001583|e91c47fd3587a838
38|2025-12-13T16:53:25.0440000+08:00|10530A8D|小祥客服|0064641E|145489|145489|10000|10000|0||100.59|109.53|0.03|-3.12|0|0|0|0|0|0|0|0|0|0|0|0|0|0|0|0|0|0|0|0|0|0|0|0|0|0|0|0|0|0|0|0|0|0|0|0|0|0|0|0|0|0|0|0|0|0|0|0|0|0|0|0|0|0|0|0|0|0|0|0|0|0|0|0|0|0|0|0|0|0|0|0|0|0|0|0|0|0|0|0|0|0|0|0|0|0|0|0|0|0|0|0|0|0F08|C1A00000|10530A8D|48e776761b3af9bf
30|2025-12-13T16:53:25.0440000+08:00|1F0|结印|0.00|10530A8D|小祥客服|10530A8D|小祥客服|39|145489|145489|30cd74ac8a718a3f
26|2025-12-13T16:53:25.0440000+08:00|F08|忍隐|20.00|10530A8D|小祥客服|10530A8D|小祥客服|00|145489|145489|256ccf75a960c940
260|2025-12-13T16:53:24.6730000+08:00|1|0|1|0|de6e59bd98c22227
37|2025-12-13T16:53:26.0230000+08:00|40001583|高贝扎|000001AA|26605771||||||100.00|90.00|0.03|0.00|adaf383cbf6fef14
37|2025-12-13T16:53:26.0230000+08:00|10530A8D|小祥客服|000001AA|145489|145489|10000|10000|0||100.49|105.28|0.03|-3.12|1E00|0|0|01|1E000F08|0|41A00000|10530A8D|cbeae92e6f152f41
261|2025-12-13T16:53:25.6330000+08:00|Change|40001583|Heading|0.0011|NPCTargetID|10530A8D|PosX|99.9923|PosY|89.9824|PosZ|0.0300|26253e2a32b8ef60
260|2025-12-13T16:53:25.7460000+08:00|1|1|0|1|a767cb29f29b7c85
00|2025-12-13T16:53:25.0000000+08:00|0044|高贝扎|你无法阻止伟大的圣战！|60cbe5c1a08a5da9
261|2025-12-13T16:53:25.7460000+08:00|Change|10530A8D|Heading|-3.1167|PosX|100.4549|PosY|103.9481|PosZ|0.0300|53b8971fe3fd18b9
38|2025-12-13T16:53:26.0240000+08:00|10530A8D|小祥客服|0064641E|145489|145489|10000|10000|0||100.47|104.62|0.03|-3.12|0|0|0|0|0|0|0|0|0|0|0|0|0|0|0|0|0|0|0|0|0|0|0|0|0|0|0|0|0|0|0|0|0|0|0|0|0|0|0|0|0|0|0|0|0|0|0|0|0|0|0|0|0|0|0|0|0|0|0|0|0|0|0|0|0|0|0|0|0|0|0|0|0|0|0|0|0|0|0|0|0|0|0|0|0|0|0|0|0|0|0|0|0|0F08|419FA5E3|10530A8D|33e06a674e69b4e3
270|2025-12-13T16:53:26.0670000+08:00|40001583|0.0320|0000|005A|100.0092|89.9991|0.0000|af546ed950aa58ff
267|2025-12-13T16:53:26.0670000+08:00|40001583|80034E79|304D|8F5C|4000|0|2|0|0|a6fe7886ba82ca90
270|2025-12-13T16:53:26.3790000+08:00|40001583|0.0320|0000|005A|100.0702|92.0133|0.0305|1fdd0c72bcd02024
270|2025-12-13T16:53:26.6900000+08:00|40001583|0.0330|0000|005A|100.1312|94.1191|0.0610|426f769e9fe31d36
21|2025-12-13T16:53:26.8240000+08:00|10530A8D|小祥客服|8C0|双刃旋|40001583|高贝扎|714003|4A260000|53E|9F8000|1B|8C08000|0|0|0|0|0|0|0|0|0|0|26605771|26635080|10000|10000|||100.06|92.16|0.03|0.03|145489|145489|10000|10000|||100.33|100.66|0.03|-3.11|000001AB|0|1|00||01|8C0|8C0|0.600|0147|edeff033362232e5
264|2025-12-13T16:53:26.8240000+08:00|10530A8D|08C0|000001AB|0||||-3.110|40001583|984cfce9d1acb722
31|2025-12-13T16:53:26.8240000+08:00|10530A8D|5001E|00|00|00|ddc3fb5915c0720f
21|2025-12-13T16:53:27.0920000+08:00|10530A8D|小祥客服|07|攻击|40001583|高贝扎|714003|13170000|0|0|0|0|0|0|0|0|0|0|0|0|0|0|26605771|26635080|10000|10000|||100.09|93.42|0.03|0.03|145489|145489|10000|10000|||100.33|100.66|0.03|-3.11|000001AC|0|1|00||01|07|07|0.333|0147|9f64d91cc92c1236
264|2025-12-13T16:53:27.0920000+08:00|10530A8D|0007|000001AC|0||||-3.110|40001583|2c593b42ecc5b313
37|2025-12-13T16:53:27.2250000+08:00|40001583|高贝扎|000001AB|26586789||||||100.11|93.95|0.03|0.03|c2563868ca1ef9ee
37|2025-12-13T16:53:27.6260000+08:00|40001583|高贝扎|000001AC|26581902||||||100.11|94.10|0.03|0.03|5813ae727aa89bab
21|2025-12-13T16:53:28.9180000+08:00|10530A8D|小祥客服|8C2|绝风|40001583|高贝扎|28710003|52EB0000|53E|9F8000|11B|8C28000|0|0|0|0|0|0|0|0|0|0|26581902|26635080|10000|10000|||100.11|94.10|0.03|0.03|145489|145489|10000|10000|||100.39|101.95|0.03|-3.11|000001AD|0|1|00||01|8C2|8C2|0.600|0171|38ed446f7840b11e
31|2025-12-13T16:53:28.9180000+08:00|10530A8D|A001E|00|00|00|9be86ec6e26931ec
264|2025-12-13T16:53:28.9180000+08:00|10530A8D|08C2|000001AD|0||||-3.106|40001583|0cbd662c94c43152
21|2025-12-13T16:53:29.0510000+08:00|40001583|高贝扎|844B|unknown_844b|10530A8D|小祥客服|1|0|0|0|0|0|0|0|0|0|0|0|0|0|0|0|145489|145489|10000|10000|||100.39|101.95|0.03|-3.11|26581902|26635080|10000|10000|||100.11|94.10|0.03|0.03|000001AE|0|1|00||01|844B|844B|0.100|815A|895a551485a21fd5
264|2025-12-13T16:53:29.0510000+08:00|40001583|844B|000001AE|0||||0.033|10530A8D|8721c3516b48c47f
21|2025-12-13T16:53:29.2740000+08:00|10530A8D|小祥客服|07|攻击|40001583|高贝扎|714003|13900000|0|0|0|0|0|0|0|0|0|0|0|0|0|0|26581902|26635080|10000|10000|||100.11|94.10|0.03|0.03|145489|145489|10000|10000|||100.39|101.95|0.03|-3.11|000001AF|0|1|00||01|07|07|0.243|0171|73eec237571d7545
264|2025-12-13T16:53:29.2740000+08:00|10530A8D|0007|000001AF|0||||-3.106|40001583|c41e4a634d041223
37|2025-12-13T16:53:29.3180000+08:00|40001583|高贝扎|000001AD|26560675||||||100.11|94.10|0.03|0.03|f09c115bdb9f01b0
37|2025-12-13T16:53:29.8080000+08:00|40001583|高贝扎|000001AF|26555667||||||100.11|94.10|0.03|0.03|255396c9ca611935
21|2025-12-13T16:53:30.1200000+08:00|10530A8D|小祥客服|905D|介毒之术|40001583|高贝扎|712003|7DCB0000|5050E|F090000|3D|0|283E|9F8000|F|F0A8000|0|0|0|0|0|0|26555667|26635080|10000|10000|||100.11|94.10|0.03|0.03|145489|145489|10000|10000|||100.39|101.95|0.03|-3.11|000001B0|0|1|00||01|905D|905D|0.600|0171|43b5f116f0eccfb3
264|2025-12-13T16:53:30.1200000+08:00|10530A8D|905D|000001B0|0||||-3.106|40001583|6443b3c63877e87c
38|2025-12-13T16:53:30.1200000+08:00|40001583|高贝扎|005A5A00|26555667|26635080|10000|10000|0||100.11|94.10|0.03|0.03|0|0|0|0F09|C1A00000|10530A8D|412d4eee69b23c12
26|2025-12-13T16:53:30.1200000+08:00|F09|介毒之术|20.00|10530A8D|小祥客服|40001583|高贝扎|00|26635080|145489|f4af96d12ea41b52
38|2025-12-13T16:53:30.1200000+08:00|10530A8D|小祥客服|0064641E|145489|145489|10000|10000|0||100.39|101.95|0.03|-3.11|0|0|0|0|0|0|0|0|0|0|0|0|0|0|0|0|0|0|0|0|0|0|0|0|0|0|0|0|0|0|0|0|0|0|0|0|0|0|0|0|0|0|0|0|0|0|0|0|0|0|0|0|0|0|0|0|0|0|0|0|0|0|0|0|0|0|0|0|0|0|0|0|0|0|0|0|0|0|0|0|0|0|0|0|0|0|0|0|0|0|0|0|0|0F08|417DBA41|10530A8D|0F0A|C1F00000|10530A8D|143c981435efa6d6
26|2025-12-13T16:53:30.1200000+08:00|F0A|秘技预备|30.00|10530A8D|小祥客服|10530A8D|小祥客服|00|145489|145489|add23877c54a2bb3
31|2025-12-13T16:53:30.1200000+08:00|10530A8D|32001E|00|00|00|5f4a55c0ef791341
37|2025-12-13T16:53:30.2090000+08:00|10530A8D|小祥客服|000001AE|145489|145489|10000|10000|0||100.39|101.95|0.03|-3.11|1E00|0|0|01|1F000F0A|0|C1F00000|10530A8D|5dfc0b8c22ef2f08
37|2025-12-13T16:53:30.2090000+08:00|40001583|高贝扎|000001AE|26555667|26635080|10000|10000|0||100.11|94.10|0.03|0.03|0|0|0|01|0F09|0|C1A00000|10530A8D|0b0b6e1c68f390ae
21|2025-12-13T16:53:31.0120000+08:00|10530A8D|小祥客服|8D3|天之印|10530A8D|小祥客服|100000E|1F08000|0|0|0|0|0|0|0|0|0|0|0|0|0|0|145489|145489|10000|10000|||100.39|101.95|0.03|-3.11|145489|145489|10000|10000|||100.39|101.95|0.03|-3.11|000001B1|0|1|00||01|8D3|8D3|0.350|0171|9a5c8b2a06caa256
264|2025-12-13T16:53:31.0120000+08:00|10530A8D|08D3|000001B1|0||||-3.106|10530A8D|3a89996c367b9b57
38|2025-12-13T16:53:31.0120000+08:00|10530A8D|小祥客服|0064641E|145489|145489|10000|10000|0||100.39|101.95|0.03|-3.11|0|0|0|0101F0|40C00000|10530A8D|0|0|0|0|0|0|0|0|0|0|0|0|0|0|0|0|0|0|0|0|0|0|0|0|0|0|0|0|0|0|0|0|0|0|0|0|0|0|0|0|0|0|0|0|0|0|0|0|0|0|0|0|0|0|0|0|0|0|0|0|0|0|0|0|0|0|0|0|0|0|0|0|0|0|0|0|0|0|0|0|0|0|0|0|0|0|0|0F08|416F78BA|10530A8D|0F0A|C1F00000|10530A8D|338bb527b1b0c412
26|2025-12-13T16:53:31.0120000+08:00|1F0|结印|6.00|10530A8D|小祥客服|10530A8D|小祥客服|01|145489|145489|d8cb17913dd7e3fe
267|2025-12-13T16:53:31.1010000+08:00|40001583|80034E79|304D|8F5D|4000|0|2|0|0|7c3138a3b884e767
00|2025-12-13T16:53:30.0000000+08:00|0044|高贝扎|我会跨过你的尸体，完成最终的救赎！|5be25104be99407c
37|2025-12-13T16:53:31.1450000+08:00|10530A8D|小祥客服|000001B1|145489|145489|10000|10000|0||100.39|101.95|0.03|-3.11|1E00|0|0|01|1F000F0A|0|C1F00000|10530A8D|b4ff843fa3c3782d
37|2025-12-13T16:53:31.1900000+08:00|40001583|高贝扎|000001B0|26523464|26635080|10000|10000|0||100.11|94.10|0.03|0.03|0|0|0|01|0F09|0|41A00000|10530A8D|d3292b7ad1a6b4be
37|2025-12-13T16:53:31.1900000+08:00|10530A8D|小祥客服|000001B0|145489|145489|10000|10000|0||100.39|101.95|0.03|-3.11|1E00|0|0|01|1F000F0A|0|41F00000|10530A8D|a59e5e34d2aa7e53
38|2025-12-13T16:53:31.1900000+08:00|40001583|高贝扎|005A5A00|26523464|26635080|10000|10000|0||100.11|94.10|0.03|0.03|0|0|0|0F09|419FA5E3|10530A8D|48640dde70131549
38|2025-12-13T16:53:31.1900000+08:00|10530A8D|小祥客服|0064641E|145489|145489|10000|10000|0||100.39|101.95|0.03|-3.11|0|0|0|0101F0|40BA4DD2|10530A8D|0|0|0|0|0|0|0|0|0|0|0|0|0|0|0|0|0|0|0|0|0|0|0|0|0|0|0|0|0|0|0|0|0|0|0|0|0|0|0|0|0|0|0|0|0|0|0|0|0|0|0|0|0|0|0|0|0|0|0|0|0|0|0|0|0|0|0|0|0|0|0|0|0|0|0|0|0|0|0|0|0|0|0|0|0|0|0|0F08|416C9FA4|10530A8D|0F0A|41EFA5E3|10530A8D|faeaf9ee18e8d34e
21|2025-12-13T16:53:31.4570000+08:00|10530A8D|小祥客服|07|攻击|40001583|高贝扎|710003|110C0000|0|0|0|0|0|0|0|0|0|0|0|0|0|0|26523464|26635080|10000|10000|||100.11|94.10|0.03|0.03|145489|145489|10000|10000|||100.39|101.95|0.03|-3.11|000001B2|0|1|00||01|07|07|0.100|0171|2ff5024345247237
264|2025-12-13T16:53:31.4570000+08:00|10530A8D|0007|000001B2|0||||-3.106|40001583|2a48e837e1840a84
21|2025-12-13T16:53:31.5020000+08:00|10530A8D|小祥客服|4976|地之印|10530A8D|小祥客服|900000E|1F08000|0|0|0|0|0|0|0|0|0|0|0|0|0|0|145489|145489|10000|10000|||100.39|101.95|0.03|-3.11|145489|145489|10000|10000|||100.39|101.95|0.03|-3.11|000001B3|0|1|00||01|4976|4976|0.350|0171|45552eb98639f844
264|2025-12-13T16:53:31.5020000+08:00|10530A8D|4976|000001B3|0||||-3.106|10530A8D|33bf6505e293dafa
38|2025-12-13T16:53:31.5020000+08:00|10530A8D|小祥客服|0064641E|145489|145489|10000|10000|0||100.39|101.95|0.03|-3.11|0|0|0|0901F0|40B051E9|10530A8D|0|0|0|0|0|0|0|0|0|0|0|0|0|0|0|0|0|0|0|0|0|0|0|0|0|0|0|0|0|0|0|0|0|0|0|0|0|0|0|0|0|0|0|0|0|0|0|0|0|0|0|0|0|0|0|0|0|0|0|0|0|0|0|0|0|0|0|0|0|0|0|0|0|0|0|0|0|0|0|0|0|0|0|0|0|0|0|0F08|4167A1B1|10530A8D|0F0A|41ED26E8|10530A8D|d5f85ab616ccc786
26|2025-12-13T16:53:31.5020000+08:00|1F0|结印|5.51|10530A8D|小祥客服|10530A8D|小祥客服|09|145489|145489|195b88d800853f51
37|2025-12-13T16:53:31.9920000+08:00|40001583|高贝扎|000001B2|26519100||||||100.11|94.10|0.03|0.03|652baa39df2e04f1
21|2025-12-13T16:53:32.0370000+08:00|10530A8D|小祥客服|8DB|雷遁之术|40001583|高贝扎|550003|968C0000|100000F|A828000|0|0|0|0|0|0|0|0|0|0|0|0|26519100|26635080|10000|10000|||100.11|94.10|0.03|0.03|145489|145489|10000|10000|||100.39|101.95|0.03|-3.11|000001B4|0|1|00||01|8DB|8DB|0.600|0171|dc33f2c79571c07d
264|2025-12-13T16:53:32.0370000+08:00|10530A8D|08DB|000001B4|0||||-3.106|40001583|7320292bdd8d822c
38|2025-12-13T16:53:32.0370000+08:00|10530A8D|小祥客服|0064641E|145489|145489|10000|10000|0||100.39|101.95|0.03|-3.11|0|0|0|0|0|0|0|0|0|0|0|0|0|0|0|0|0|0|0|0|0|0|0|0|0|0|0|0|0|0|0|0|0|0|0|0|0|0|0|0|0|0|0|0|0|0|0|0|0|0|0|0|0|0|0|0|0|0|0|0|0|0|0|0|0|0|0|0|0|0|0|0|0|0|0|0|0|0|0|0|0|0|0|0|0|0|0|0|0|0|0|0|0|0F08|415F1256|10530A8D|0F0A|41E8DF38|10530A8D|010A82|C1F00000|10530A8D|d28fddafb5a07031
30|2025-12-13T16:53:32.0370000+08:00|1F0|结印|0.00|10530A8D|小祥客服|10530A8D|小祥客服|09|145489|145489|89deb14681b0e423
26|2025-12-13T16:53:32.0370000+08:00|A82|月影雷兽预备|30.00|10530A8D|小祥客服|10530A8D|小祥客服|01|145489|145489|3f74aa7a99a74a10
21|2025-12-13T16:53:32.0810000+08:00|40001583|高贝扎|844B|unknown_844b|10530A8D|小祥客服|750003|5CD20000|1B|844B8000|0|0|0|0|0|0|0|0|0|0|0|0|145489|145489|10000|10000|||100.39|101.95|0.03|-3.11|26519100|26635080|10000|10000|||100.11|94.10|0.03|0.03|000001B5|0|1|00||01|844B|844B|0.100|815A|4da22059f4f7b069
264|2025-12-13T16:53:32.0810000+08:00|40001583|844B|000001B5|0||||0.033|10530A8D|d291486a638801ed
37|2025-12-13T16:53:32.7500000+08:00|40001583|高贝扎|000001B4|26480560||||||100.11|94.10|0.03|0.03|620adc4b888d893f
37|2025-12-13T16:53:32.7500000+08:00|10530A8D|小祥客服|000001B4|145489|145489|10000|10000|0||100.39|101.95|0.03|-3.11|1E00|0|0|01|20000A82|01|41F00000|10530A8D|e7ee05a58e7e3983
21|2025-12-13T16:53:32.7500000+08:00|10530A8D|小祥客服|406D|分身之术|10530A8D|小祥客服|3E|9D8000|500000F|7A28000|F|AA38000|0|0|0|0|0|0|0|0|0|0|145489|145489|10000|10000|||100.39|101.95|0.03|-3.11|145489|145489|10000|10000|||100.39|101.95|0.03|-3.11|000001B6|0|1|00||01|406D|406D|0.600|0171|fc2a133888aed12f
264|2025-12-13T16:53:32.7500000+08:00|10530A8D|406D|000001B6|0||||-3.106|10530A8D|0d1b13b1e4b49bba
38|2025-12-13T16:53:32.7500000+08:00|10530A8D|小祥客服|0064641E|145489|145489|10000|10000|0||100.39|101.95|0.03|-3.11|0|0|0|0|0|0|0|0|0|0|0|0|0|0|0|0|0|0|0|0|0|0|0|0|0|0|0|0|0|0|0|0|0|0|0|0|0|0|0|0|0|0|0|0|0|0|0|0|0|0|0|0|0|0|0|0|0|0|0|0|0|0|0|0|0|0|0|0|0|0|0|0|0|0|0|0|0|0|0|0|0|0|0|0|0|0|0|0|0|0|0|0|0|0F08|4153A9E5|10530A8D|0F0A|41E32AFC|10530A8D|010A82|41EFA5E3|10530A8D|0507A2|C1F00000|10530A8D|0AA3|C2340000|10530A8D|b91dd69b5f5d4cee
26|2025-12-13T16:53:32.7500000+08:00|7A2|分身之术|30.00|10530A8D|小祥客服|10530A8D|小祥客服|05|145489|145489|297a3ab479e8617f
26|2025-12-13T16:53:32.7500000+08:00|AA3|残影镰鼬预备|45.00|10530A8D|小祥客服|10530A8D|小祥客服|00|145489|145489|9e1ee163df57da93
31|2025-12-13T16:53:32.7500000+08:00|10530A8D|1E|00|00|00|e9cf3901d9049e69
38|2025-12-13T16:53:32.7940000+08:00|4000159D||00646400|145078|145078|10000|10000|0||||||0|0|0|2edb5df431e2c5cd
38|2025-12-13T16:53:32.8840000+08:00|10530A8D|小祥客服|0064641E|145489|145489|10000|10000|0||100.39|101.95|0.03|-3.11|0|0|0|0|0|0|0|0|0|0|0|0|0|0|0|0|0|0|0|0|0|0|0|0|0|0|0|0|0|0|0|0|0|0|0|0|0|0|0|0|0|0|0|0|0|0|0|0|0|0|0|0|0|0|0|0|0|0|0|0|0|0|0|0|0|0|0|0|0|0|0|0|0|0|0|0|0|0|0|0|0|0|0|0|0|0|0|0|0|0|0|0|0|0F08|41518508|10530A8D|0F0A|41E2188D|10530A8D|010A82|41EE9374|10530A8D|0507A2|C1F00000|10530A8D|0AA3|C2340000|10530A8D|262ae11fffead7b0
272|2025-12-13T16:53:33.0620000+08:00|4000159D|E0000000|0000|00|0412abadfc359e84
261|2025-12-13T16:53:32.7600000+08:00|Add|4000159D|BNpcID|2A91|BNpcNameID|2079|CastTargetID|E0000000|CurrentMP|10000|CurrentWorldID|65535|Heading|0.0354|Level|100|MaxHP|145078|MaxMP|10000|ModelStatus|3072|Name|分身|NPCTargetID|E0000000|OwnerID|10530A8D|PosX|100.3296|PosY|100.1553|PosZ|0.0300|Radius|0.5000|Type|2|WorldID|65535|3fdf19dfa7dc99db
03|2025-12-13T16:53:32.7600000+08:00|4000159D|分身|00|64|10530A8D|00||8313|10897|145078|145078|10000|10000|||100.33|100.16|0.03|0.04|feffcd06b8e89a06
37|2025-12-13T16:53:33.2400000+08:00|10530A8D|小祥客服|000001B5|121727|145489|10000|10000|0||100.39|101.95|0.03|-3.11|1E00|0|0|02|210007A2|05|C1F00000|10530A8D|22000AA3|0|C2340000|10530A8D|02a40ddcd68a7625
37|2025-12-13T16:53:33.5070000+08:00|10530A8D|小祥客服|000001B6|121727|145489|10000|10000|0||100.39|101.95|0.03|-3.11|1E00|0|0|02|210007A2|05|41F00000|10530A8D|22000AA3|0|42340000|10530A8D|d816a7ea1ec21a5f
38|2025-12-13T16:53:33.5070000+08:00|10530A8D|小祥客服|0064641E|121727|145489|10000|10000|0||100.39|101.95|0.03|-3.11|0|0|0|0|0|0|0|0|0|0|0|0|0|0|0|0|0|0|0|0|0|0|0|0|0|0|0|0|0|0|0|0|0|0|0|0|0|0|0|0|0|0|0|0|0|0|0|0|0|0|0|0|0|0|0|0|0|0|0|0|0|0|0|0|0|0|0|0|0|0|0|0|0|0|0|0|0|0|0|0|0|0|0|0|0|0|0|0|0|0|0|0|0|0F08|41478922|10530A8D|0F0A|41DD1A97|10530A8D|010A82|41E9957E|10530A8D|0507A2|41EFA3D7|10530A8D|0AA3|4233D1EC|10530A8D|77e090bf179bae4b
21|2025-12-13T16:53:33.5520000+08:00|10530A8D|小祥客服|64AE|残影镰鼬|40001583|高贝扎|53E|9F8000|0|0|0|0|0|0|0|0|0|0|0|0|0|0|26480560|26635080|10000|10000|||100.11|94.10|0.03|0.03|121727|145489|10000|10000|||100.39|101.95|0.03|-3.11|000001B7|0|1|00||01|64AE|64AE|0.600|0171|c9037d9c28aeb649
264|2025-12-13T16:53:33.5520000+08:00|10530A8D|64AE|000001B7|0||||-3.106|40001583|79183af5925a8aa9
38|2025-12-13T16:53:33.5520000+08:00|10530A8D|小祥客服|0064641E|121727|145489|10000|10000|0||100.39|101.95|0.03|-3.11|0|0|0|0|0|0|0|0|0|0|0|0|0|0|0|0|0|0|0|0|0|0|0|0|0|0|0|0|0|0|0|0|0|0|0|0|0|0|0|0|0|0|0|0|0|0|0|0|0|0|0|0|0|0|0|0|0|0|0|0|0|0|0|0|0|0|0|0|0|0|0|0|0|0|0|0|0|0|0|0|0|0|0|0|0|0|0|0|0|0|0|0|0|0F08|4146D4E9|10530A8D|0F0A|41DCC07A|10530A8D|010A82|41E93B61|10530A8D|0507A2|41EF49BA|10530A8D|f1de079672ee9a2f
30|2025-12-13T16:53:33.5520000+08:00|AA3|残影镰鼬预备|0.00|10530A8D|小祥客服|10530A8D|小祥客服|00|145489|145489|60c25b20ace9f032
31|2025-12-13T16:53:33.5520000+08:00|10530A8D|5001E|00|00|00|5f995341a9b6ab1f
271|2025-12-13T16:53:33.5520000+08:00|4000159D|-3.1062|00|00|100.3935|101.9542|0.0300|795853c818ff9407
21|2025-12-13T16:53:33.6420000+08:00|4000159D|分身|64AF|残影镰鼬|40001583|高贝扎|354003|B9480000|53E|9F8000|1B|64AF8000|0|0|0|0|0|0|0|0|0|0|26480560|26635080|10000|10000|||100.11|94.10|0.03|0.03|145078|145078|10000|10000|||100.39|101.95|0.03|-3.11|000001B8|0|1|10530A8D|小祥客服|01|64AF|64AF|2.433|015B|8eea3d9ad3f90b80
264|2025-12-13T16:53:33.6420000+08:00|4000159D|64AF|000001B8|0||||-3.108|40001583|05d0d2cd91e2505a
21|2025-12-13T16:53:33.6420000+08:00|10530A8D|小祥客服|07|攻击|40001583|高贝扎|710003|FBE0000|0|0|0|0|0|0|0|0|0|0|0|0|0|0|26480560|26635080|10000|10000|||100.11|94.10|0.03|0.03|121727|145489|10000|10000|||100.39|101.95|0.03|-3.11|000001B9|0|1|00||01|07|07|0.511|0171|7c6910bce6c26f60
264|2025-12-13T16:53:33.6420000+08:00|10530A8D|0007|000001B9|0||||-3.106|40001583|76f09ba0bc4d35a8
31|2025-12-13T16:53:33.6420000+08:00|10530A8D|A001E|00|00|00|cc14b46d4de2cb92
270|2025-12-13T16:53:34.0870000+08:00|4000159D|-3.1083|0000|0000|100.3449|100.6195|0.1831|37d5958f6bee0351
261|2025-12-13T16:53:33.8080000+08:00|Change|4000159D|Heading|-3.1083|ModelStatus|0|NPCTargetID|40001583|PCTargetID|40001583|PosX|100.3453|PosY|100.5982|PosZ|0.0299|8d141ee3de6df810
37|2025-12-13T16:53:34.1760000+08:00|40001583|高贝扎|000001B9|26476530||||||100.11|94.10|0.03|0.03|5254dbca43e042d4
21|2025-12-13T16:53:34.2660000+08:00|10530A8D|小祥客服|905E|百雷铳|40001583|高贝扎|710003|976B0000|A0E|F420000|0|0|0|0|0|0|0|0|0|0|0|0|26476530|26635080|10000|10000|||100.11|94.10|0.03|0.03|121727|145489|10000|10000|||100.39|101.95|0.03|-3.11|000001BA|0|1|00||01|905E|905E|0.600|0171|bea840d3062f9ecc
264|2025-12-13T16:53:34.2660000+08:00|10530A8D|905E|000001BA|0||||-3.106|40001583|8f8b8fcd0924572a
38|2025-12-13T16:53:34.2660000+08:00|40001583|高贝扎|005A5A00|26476530|26635080|10000|10000|0||100.11|94.10|0.03|0.03|0|0|0|0F09|41870A32|10530A8D|0F42|C1700000|10530A8D|bb88e0f1324f9fdd
26|2025-12-13T16:53:34.2660000+08:00|F42|百雷铳|15.00|10530A8D|小祥客服|40001583|高贝扎|00|26635080|145489|16cf252397047076
38|2025-12-13T16:53:34.2660000+08:00|10530A8D|小祥客服|0064641E|121727|145489|10000|10000|0||100.39|101.95|0.03|-3.11|0|0|0|0|0|0|0|0|0|0|0|0|0|0|0|0|0|0|0|0|0|0|0|0|0|0|0|0|0|0|0|0|0|0|0|0|0|0|0|0|0|0|0|0|0|0|0|0|0|0|0|0|0|0|0|0|0|0|0|0|0|0|0|0|0|0|0|0|0|0|0|0|0|0|0|0|0|0|0|0|0|0|0|0|0|0|0|0|0|0|0|0|0|0|0|0|0F0A|41D70A32|10530A8D|010A82|41E38519|10530A8D|0507A2|41E99372|10530A8D|7c2abf70bf781f68
30|2025-12-13T16:53:34.2660000+08:00|F08|忍隐|0.00|10530A8D|小祥客服|10530A8D|小祥客服|00|145489|145489|61f36d0c06ae41ed
39|2025-12-13T16:53:34.3990000+08:00|10530A8D|小祥客服|123181|145489|10000|10000|||100.39|101.83|0.03|-3.08|b05d6f6ed639061d
38|2025-12-13T16:53:34.4440000+08:00|40001583|高贝扎|005A5A00|26476530|26635080|10000|10000|0||100.11|94.10|0.03|0.03|0|0|0|0F09|41859DA6|10530A8D|0F42|C1700000|10530A8D|56675ee1bce45264
21|2025-12-13T16:53:35.1120000+08:00|40001583|高贝扎|844B|unknown_844b|10530A8D|小祥客服|750003|5ADF0000|1B|844B8000|0|0|0|0|0|0|0|0|0|0|0|0|123181|145489|10000|10000|||100.39|101.83|0.03|-3.08|26476530|26635080|10000|10000|||100.11|94.10|0.03|0.03|000001BB|0|1|00||01|844B|844B|0.100|8156|fe001ffd5e3d8040
264|2025-12-13T16:53:35.1120000+08:00|40001583|844B|000001BB|0||||0.033|10530A8D|c742bb1cc8e44128
37|2025-12-13T16:53:35.2010000+08:00|40001583|高贝扎|000001B8|26429098|26635080|10000|10000|0||100.11|94.10|0.03|0.03|0|0|0|01|01000F42|0|C1700000|10530A8D|4f3e4501972a19b6
37|2025-12-13T16:53:35.5580000+08:00|40001583|高贝扎|000001BA|26390335|26635080|10000|10000|0||100.11|94.10|0.03|0.03|0|0|0|01|01000F42|0|41700000|10530A8D|f5d278ea75c86d6f
38|2025-12-13T16:53:35.5580000+08:00|40001583|高贝扎|005A5A00|26390335|26635080|10000|10000|0||100.11|94.10|0.03|0.03|0|0|0|0F09|41796857|10530A8D|0F42|416F4BC7|10530A8D|7b67b3f7d9b37f1e
21|2025-12-13T16:53:35.6470000+08:00|10530A8D|小祥客服|64B2|月影雷兽牙|40001583|高贝扎|550003|A44C0000|53E|9F8000|0|0|0|0|0|0|0|0|0|0|0|0|26390335|26635080|10000|10000|||100.11|94.10|0.03|0.03|123181|145489|10000|10000|||100.39|101.83|0.03|-3.11|000001BC|0|1|00||01|64B2|64B2|0.600|016E|e8daab4e9732fb1c
264|2025-12-13T16:53:35.6470000+08:00|10530A8D|64B2|000001BC|0||||-3.107|40001583|c0653df9417a238e
271|2025-12-13T16:53:35.6470000+08:00|4000159D|-3.1065|00|00|100.3857|101.8297|0.0300|682486d92124f5d1
38|2025-12-13T16:53:35.6470000+08:00|10530A8D|小祥客服|0064641E|123181|145489|10000|10000|0||100.39|101.83|0.03|-3.11|0|0|0|0|0|0|0|0|0|0|0|0|0|0|0|0|0|0|0|0|0|0|0|0|0|0|0|0|0|0|0|0|0|0|0|0|0|0|0|0|0|0|0|0|0|0|0|0|0|0|0|0|0|0|0|0|0|0|0|0|0|0|0|0|0|0|0|0|0|0|0|0|0|0|0|0|0|0|0|0|0|0|0|0|0|0|0|0|0|0|0|0|0|0|0|0|0F0A|41CBFBD7|10530A8D|0|0|0|0407A2|41DE8517|10530A8D|cc7adfff6dae8cd6
30|2025-12-13T16:53:35.6470000+08:00|A82|月影雷兽预备|0.00|10530A8D|小祥客服|10530A8D|小祥客服|01|145489|145489|1165eb8ca6dba033
26|2025-12-13T16:53:35.6470000+08:00|7A2|分身之术|27.81|10530A8D|小祥客服|10530A8D|小祥客服|04|145489|145489|e71e8e3577b9d2a7
31|2025-12-13T16:53:35.6470000+08:00|10530A8D|F001E|00|00|00|9de328c91f621190
21|2025-12-13T16:53:35.7370000+08:00|4000159D|分身|6517|月影雷兽牙|40001583|高贝扎|554003|2B8F0000|53E|9F8000|1B|65178000|0|0|0|0|0|0|0|0|0|0|26390335|26635080|10000|10000|||100.11|94.10|0.03|0.03|145078|145078|10000|10000|||100.39|101.83|0.03|-3.11|000001BD|0|1|10530A8D|小祥客服|01|6517|6517|2.366|016E|1ebe2772de9e920c
264|2025-12-13T16:53:35.7370000+08:00|4000159D|6517|000001BD|0||||-3.107|40001583|9fdb885fd790b9f7
31|2025-12-13T16:53:35.7370000+08:00|10530A8D|14001E|00|00|00|9b592935ef40f8a2
21|2025-12-13T16:53:35.8260000+08:00|10530A8D|小祥客服|07|攻击|40001583|高贝扎|710003|12FF0000|0|0|0|0|0|0|0|0|0|0|0|0|0|0|26390335|26635080|10000|10000|||100.11|94.10|0.03|0.03|123181|145489|10000|10000|||100.39|101.89|0.03|2.81|000001BE|0|1|00||01|07|07|0.421|F99A|2bf8cace7adf86c8
264|2025-12-13T16:53:35.8260000+08:00|10530A8D|0007|000001BE|0||||2.985|40001583|0c36f2b7d5daa811
37|2025-12-13T16:53:36.2720000+08:00|10530A8D|小祥客服|000001BB|99918||||||100.39|101.89|0.03|0.06|7b5cd89b4e57c84f
21|2025-12-13T16:53:36.2720000+08:00|40001583|高贝扎|84B8|unknown_84b8|E0000000||0|0|0|0|0|0|0|0|0|0|0|0|0|0|0|0|||||||||||26390335|26635080|10000|10000|||100.11|94.10|0.03|0.03|000001BF|0|0|00||01|84B8|84B8|2.100|7F15|c1ebd2b6415f4eb7
264|2025-12-13T16:53:36.2720000+08:00|40001583|84B8|000001BF|1|100.009|100.009|0.000|-0.023|E0000000|1a9be1a448a39633
37|2025-12-13T16:53:36.3620000+08:00|40001583|高贝扎|000001BE|26385472||||||100.11|94.10|0.03|0.03|d431893fcb08fb5e
270|2025-12-13T16:53:36.3620000+08:00|40001583|-0.0225|0000|005A|100.1312|94.1191|0.0610|7989117517c1613a
21|2025-12-13T16:53:36.3620000+08:00|10530A8D|小祥客服|8D8|生杀予夺|10530A8D|小祥客服|1E0E|1F10000|0|0|0|0|0|0|0|0|0|0|0|0|0|0|99918|145489|10000|10000|||100.39|101.89|0.03|0.06|99918|145489|10000|10000|||100.39|101.89|0.03|0.06|000001C0|0|1|00||01|8D8|8D8|0.600|828B|52fad311b8932ed2
264|2025-12-13T16:53:36.3620000+08:00|10530A8D|08D8|000001C0|0||||0.062|10530A8D|7052ae5bffb64987
38|2025-12-13T16:53:36.3620000+08:00|10530A8D|小祥客服|0064641E|99918|145489|10000|10000|0||100.39|101.89|0.03|0.06|0|0|0|01F1|C1700000|10530A8D|0|0|0|0|0|0|0|0|0|0|0|0|0|0|0|0|0|0|0|0|0|0|0|0|0|0|0|0|0|0|0|0|0|0|0|0|0|0|0|0|0|0|0|0|0|0|0|0|0|0|0|0|0|0|0|0|0|0|0|0|0|0|0|0|0|0|0|0|0|0|0|0|0|0|0|0|0|0|0|0|0|0|0|0|0|0|0|0|0|0|0F0A|41C6458F|10530A8D|0|0|0|0407A2|41D8CECF|10530A8D|58c345b82592fa5e
26|2025-12-13T16:53:36.3620000+08:00|1F1|生杀予夺|15.00|10530A8D|小祥客服|10530A8D|小祥客服|00|145489|145489|82df86ae4a7a3ad6
37|2025-12-13T16:53:36.4060000+08:00|40001583|高贝扎|000001BC|26343412||||||100.11|94.10|0.03|0.02|2659aaba7083fa37
37|2025-12-13T16:53:36.4060000+08:00|10530A8D|小祥客服|000001BC|99918|145489|10000|10000|0||100.39|101.89|0.03|0.06|1E00|0|0|01|01F1|0|C1700000|10530A8D|2a1386846100a29a
37|2025-12-13T16:53:36.4950000+08:00|40001583|高贝扎|000001BD|26332261||||||100.11|94.10|0.03|0.02|25a9b41e5ae6fd9d
261|2025-12-13T16:53:36.7320000+08:00|Change|40001583|Heading|-0.0225|PCTargetID|10530A8D|PosX|100.0879|PosY|95.3781|PosZ|0.0299|f908fa3af3e853e3
270|2025-12-13T16:53:37.2970000+08:00|40001583|-0.0225|0000|005A|100.0092|100.0092|0.1831|74eecb402411ae69
37|2025-12-13T16:53:37.3420000+08:00|10530A8D|小祥客服|000001C0|99918|145489|10000|10000|0||100.39|101.89|0.03|0.06|1E00|0|0|01|01F1|0|41700000|10530A8D|a25bb803b02c1e3b
38|2025-12-13T16:53:37.3420000+08:00|10530A8D|小祥客服|0064641E|99918|145489|10000|10000|0||100.39|101.89|0.03|0.06|0|0|0|01F1|416F4BC7|10530A8D|0|0|0|0|0|0|0|0|0|0|0|0|0|0|0|0|0|0|0|0|0|0|0|0|0|0|0|0|0|0|0|0|0|0|0|0|0|0|0|0|0|0|0|0|0|0|0|0|0|0|0|0|0|0|0|0|0|0|0|0|0|0|0|0|0|0|0|0|0|0|0|0|0|0|0|0|0|0|0|0|0|0|0|0|0|0|0|0|0|0|0F0A|41BE6E81|10530A8D|0|0|0|0407A2|41D0F7C1|10530A8D|8a91613ba103f040
39|2025-12-13T16:53:37.3870000+08:00|10530A8D|小祥客服|101372|145489|10000|10000|||100.39|101.89|0.03|0.06|c31e6d1f43c8336e
21|2025-12-13T16:53:37.7430000+08:00|10530A8D|小祥客服|4975|天之印|10530A8D|小祥客服|100000E|1F08000|0|0|0|0|0|0|0|0|0|0|0|0|0|0|101372|145489|10000|10000|||100.39|101.89|0.03|0.06|101372|145489|10000|10000|||100.39|101.89|0.03|0.06|000001C1|0|1|00||01|4975|4975|0.350|828B|afdd43a5ca69e9ec
264|2025-12-13T16:53:37.7430000+08:00|10530A8D|4975|000001C1|0||||0.062|10530A8D|16a3fc22355434c7
38|2025-12-13T16:53:37.7430000+08:00|10530A8D|小祥客服|0064641E|101372|145489|10000|10000|0||100.39|101.89|0.03|0.06|0|0|0|01F1|4168DD30|10530A8D|0101F0|40C00000|10530A8D|0|0|0|0|0|0|0|0|0|0|0|0|0|0|0|0|0|0|0|0|0|0|0|0|0|0|0|0|0|0|0|0|0|0|0|0|0|0|0|0|0|0|0|0|0|0|0|0|0|0|0|0|0|0|0|0|0|0|0|0|0|0|0|0|0|0|0|0|0|0|0|0|0|0|0|0|0|0|0|0|0|0|0|0|0|0|0|0F0A|41BB3734|10530A8D|0|0|0|0407A2|41CDC074|10530A8D|de39957a9abf7669
26|2025-12-13T16:53:37.7430000+08:00|1F0|结印|6.00|10530A8D|小祥客服|10530A8D|小祥客服|01|145489|145489|0b81a4052926c374
21|2025-12-13T16:53:38.0110000+08:00|10530A8D|小祥客服|07|攻击|40001583|高贝扎|710003|12C80000|0|0|0|0|0|0|0|0|0|0|0|0|0|0|26332261|26635080|10000|10000|||99.99|99.99|0.03|-0.02|101372|145489|10000|10000|||100.39|101.89|0.03|0.06|000001C2|0|1|00||01|07|07|0.100|828B|cd3f3c0e876e40cb
264|2025-12-13T16:53:38.0110000+08:00|10530A8D|0007|000001C2|0||||0.062|40001583|3d3a3d46db5f58f0
261|2025-12-13T16:53:37.6260000+08:00|Change|4000159D|Heading|-3.1065|ModelStatus|8388608|PosX|100.3857|PosY|101.8297|PosZ|0.0300|ed327060a5ecd91d
21|2025-12-13T16:53:38.2340000+08:00|10530A8D|小祥客服|4977|人之印|10530A8D|小祥客服|D00000E|1F08000|0|0|0|0|0|0|0|0|0|0|0|0|0|0|101372|145489|10000|10000|||100.39|101.89|0.03|0.06|101372|145489|10000|10000|||100.39|101.89|0.03|0.06|000001C3|0|1|00||01|4977|4977|0.350|828B|e548279854b8cdc5
264|2025-12-13T16:53:38.2340000+08:00|10530A8D|4977|000001C3|0||||0.062|10530A8D|bb426ff2351d7a7d
38|2025-12-13T16:53:38.2340000+08:00|10530A8D|小祥客服|0064641E|101372|145489|10000|10000|0||100.39|101.89|0.03|0.06|0|0|0|01F1|41610627|10530A8D|0D01F0|40B051E9|10530A8D|0|0|0|0|0|0|0|0|0|0|0|0|0|0|0|0|0|0|0|0|0|0|0|0|0|0|0|0|0|0|0|0|0|0|0|0|0|0|0|0|0|0|0|0|0|0|0|0|0|0|0|0|0|0|0|0|0|0|0|0|0|0|0|0|0|0|0|0|0|0|0|0|0|0|0|0|0|0|0|0|0|0|0|0|0|0|0|0F0A|41B74BAD|10530A8D|0|0|0|0407A2|41C9D4ED|10530A8D|a886360c2d330c19
26|2025-12-13T16:53:38.2340000+08:00|1F0|结印|5.51|10530A8D|小祥客服|10530A8D|小祥客服|0D|145489|145489|62ed5a316822d4e2
270|2025-12-13T16:53:38.5010000+08:00|40001583|-2.2719|0000|005A|100.0092|100.0092|0.1831|6d97df6d8040a6c6
37|2025-12-13T16:53:38.5460000+08:00|40001583|高贝扎|000001C2|26327453||||||99.99|99.99|0.03|-0.12|27c2e0fb3d8ae62c
267|2025-12-13T16:53:38.5900000+08:00|40001583|80034E79|304D|8F66|4000|0|2|0|0|7f605f86993ac5bc
00|2025-12-13T16:53:38.0000000+08:00|0044|高贝扎|这里就是你的葬身之地！|65a55cf7d51a3549
20|2025-12-13T16:53:38.6790000+08:00|40001583|高贝扎|8463|迟缓地暴|40001583|高贝扎|2.700|99.99|99.99|0.03|-0.72|f47653155b219008
263|2025-12-13T16:53:38.6790000+08:00|40001583|8463|100.009|100.009|0.183|3.141|8367a624d53d5f6d
261|2025-12-13T16:53:38.2860000+08:00|Change|40001583|CastBuffID|33891|CastDurationCurrent|0.0364|CastDurationMax|2.7000|CastTargetID|40001583|Heading|-0.9991|IsCasting1|1|IsCasting2|1|PosX|99.9923|PosY|99.9923|PosZ|0.0300|e1523ab9372f464a
39|2025-12-13T16:53:38.7690000+08:00|4000159D|分身|145078|145078|10000|10000|||100.39|101.83|0.03|-3.11|7e47ca5237875b4d
21|2025-12-13T16:53:38.7690000+08:00|10530A8D|小祥客服|406C|冰晶乱流之术|40001583|高贝扎|250003|8D014001|0|0|0|0|0|0|0|0|0|0|0|0|0|0|26327453|26635080|10000|10000|||99.99|99.99|0.03|-1.25|101372|145489|10000|10000|||100.39|101.89|0.03|-2.93|000001C4|0|1|00||01|406C|406C|0.600|086A|63187c5381ee26eb
264|2025-12-13T16:53:38.7690000+08:00|10530A8D|406C|000001C4|0||||-2.935|40001583|5a81649871ad91b5
38|2025-12-13T16:53:38.7690000+08:00|10530A8D|小祥客服|0064641E|101372|145489|10000|10000|0||100.39|101.89|0.03|-2.93|0|0|0|0|0|0|0|0|0|0|0|0|0|0|0|0|0|0|0|0|0|0|0|0|0|0|0|0|0|0|0|0|0|0|0|0|0|0|0|0|0|0|0|0|0|0|0|0|0|0|0|0|0|0|0|0|0|0|0|0|0|0|0|0|0|0|0|0|0|0|0|0|0|0|0|0|0|0|0|0|0|0|0|0|0|0|0|0|0|0|0|0|0|0|0|0|0F0A|41B303FD|10530A8D|0|0|0|0407A2|41C58D3D|10530A8D|92a9033f5c16f3c2
30|2025-12-13T16:53:38.7690000+08:00|1F1|生杀予夺|0.00|10530A8D|小祥客服|10530A8D|小祥客服|00|145489|145489|71e2637f8809659e
30|2025-12-13T16:53:38.7690000+08:00|1F0|结印|0.00|10530A8D|小祥客服|10530A8D|小祥客服|0D|145489|145489|acdc28d19b963321
270|2025-12-13T16:53:38.8130000+08:00|40001583|3.1415|0000|005A|100.0092|100.0092|0.1831|147e6a5b91a15a5f
37|2025-12-13T16:53:39.3930000+08:00|40001583|高贝扎|000001C4|26225820||||||99.99|99.99|0.03|3.14|6b2188a935dd1056
21|2025-12-13T16:53:39.4820000+08:00|10530A8D|小祥客服|1CEB|天地人|10530A8D|小祥客服|3960F|4A28000|F|F0B8000|0|0|0|0|0|0|0|0|0|0|0|0|101372|145489|10000|10000|||100.39|101.94|0.03|-2.83|101372|145489|10000|10000|||100.39|101.94|0.03|-2.83|000001C5|0|1|00||01|1CEB|1CEB|0.600|0949|4f7e3f5ba07601da
264|2025-12-13T16:53:39.4820000+08:00|10530A8D|1CEB|000001C5|0||||-2.914|10530A8D|f8ef7f2890a20027
38|2025-12-13T16:53:39.4820000+08:00|10530A8D|小祥客服|0064641E|101372|145489|10000|10000|0||100.39|101.94|0.03|-2.83|0|0|0|0|0|0|0|0|0|0|0|0|0|0|0|0|0|0|0|0|0|0|0|0|0|0|0|0|0|0|0|0|0|0|0|0|0|0|0|0|0|0|0|0|0|0|0|0|0|0|0|0|0|0|0|0|0|0|0|0|0|0|0|0|0|0|0|0|0|0|0|0|0|0|0|0|0|0|0|0|0|0|0|0|0|0|0|0|0|0|0|0|0|04A2|C0C00000|10530A8D|0F0A|41AD4DB5|10530A8D|0F0B|C1F00000|10530A8D|0407A2|41BFD6F5|10530A8D|0aba0bf290e83765
26|2025-12-13T16:53:39.4820000+08:00|4A2|天地人|6.00|10530A8D|小祥客服|10530A8D|小祥客服|00|145489|145489|0923863edd363752
26|2025-12-13T16:53:39.4820000+08:00|F0B|天理人道预备|30.00|10530A8D|小祥客服|10530A8D|小祥客服|00|145489|145489|3d084dff2b029787
37|2025-12-13T16:53:39.8840000+08:00|10530A8D|小祥客服|000001C5|101372|145489|10000|10000|0||100.49|103.08|0.03|0.09|1E00|0|0|02|1E0004A2|0|40C00000|10530A8D|20000F0B|0|41F00000|10530A8D|fb4aceb6100bacc0
38|2025-12-13T16:53:39.8840000+08:00|10530A8D|小祥客服|0064641E|101372|145489|10000|10000|0||100.49|103.08|0.03|0.09|0|0|0|0|0|0|0|0|0|0|0|0|0|0|0|0|0|0|0|0|0|0|0|0|0|0|0|0|0|0|0|0|0|0|0|0|0|0|0|0|0|0|0|0|0|0|0|0|0|0|0|0|0|0|0|0|0|0|0|0|0|0|0|0|0|0|0|0|0|0|0|0|0|0|0|0|0|0|0|0|0|0|0|0|0|0|0|0|0|0|0|0|0|04A2|40BE8F5C|10530A8D|0F0A|41AA1874|10530A8D|0F0B|41EFA3D7|10530A8D|0407A2|41BCA1B4|10530A8D|7021d239b53455c8
21|2025-12-13T16:53:40.3300000+08:00|10530A8D|小祥客服|49B9|风魔手里剑|40001583|高贝扎|710003|73DC0000|100000E|4A28000|0|0|0|0|0|0|0|0|0|0|0|0|26225820|26635080|10000|10000|||99.99|99.99|0.03|3.14|101372|145489|10000|10000|||100.49|103.08|0.03|0.09|000001C6|0|1|00||01|49B9|49B9|0.600|068F|ca0199fca127cf1f
264|2025-12-13T16:53:40.3300000+08:00|10530A8D|49B9|000001C6|0||||-2.981|40001583|b55b6d95eddd8462
38|2025-12-13T16:53:40.3300000+08:00|10530A8D|小祥客服|0064641E|101372|145489|10000|10000|0||100.49|103.08|0.03|0.09|0|0|0|0|0|0|0|0|0|0|0|0|0|0|0|0|0|0|0|0|0|0|0|0|0|0|0|0|0|0|0|0|0|0|0|0|0|0|0|0|0|0|0|0|0|0|0|0|0|0|0|0|0|0|0|0|0|0|0|0|0|0|0|0|0|0|0|0|0|0|0|0|0|0|0|0|0|0|0|0|0|0|0|0|0|0|0|0|0|0|0|0|0|0104A2|40B049B8|10530A8D|0F0A|41A6870A|10530A8D|0F0B|41EC126D|10530A8D|0407A2|41B9104A|10530A8D|b673bbcfd744ed55
26|2025-12-13T16:53:40.3300000+08:00|4A2|天地人|5.51|10530A8D|小祥客服|10530A8D|小祥客服|01|145489|145489|e5752e4b0e62a907
39|2025-12-13T16:53:40.3740000+08:00|10530A8D|小祥客服|102826|145489|10000|10000|||100.49|103.08|0.03|-2.98|e3873d15f5cb2235
37|2025-12-13T16:53:41.2210000+08:00|40001583|高贝扎|000001C6|26196160||||||99.99|99.99|0.03|3.14|05f58e0d3e669368
37|2025-12-13T16:53:41.2210000+08:00|10530A8D|小祥客服|000001C6|102826|145489|10000|10000|0||100.49|103.08|0.03|-2.98|1E00|0|0|01|1E0004A2|01|40952F14|10530A8D|260c9916e63e1dbe
261|2025-12-13T16:53:40.8620000+08:00|Change|40001583|CastDurationCurrent|2.5723|Heading|3.1416|PosX|99.9923|PosY|99.9923|PosZ|0.0300|0fabdd4bf0aa5c4e
21|2025-12-13T16:53:41.3550000+08:00|10530A8D|小祥客服|49BD|雷遁之术|40001583|高贝扎|550003|B0640000|900000E|4A28000|100000F|A828000|0|0|0|0|0|0|0|0|0|0|26196160|26635080|10000|10000|||99.99|99.99|0.03|3.14|102826|145489|10000|10000|||100.49|103.08|0.03|-2.98|000001C7|0|1|00||01|49BD|49BD|0.600|068F|4d556e8a93b39b1d
264|2025-12-13T16:53:41.3550000+08:00|10530A8D|49BD|000001C7|0||||-2.981|40001583|bc71843fffa265ce
38|2025-12-13T16:53:41.3550000+08:00|10530A8D|小祥客服|0064641E|102826|145489|10000|10000|0||100.49|103.08|0.03|-2.98|0|0|0|0|0|0|0|0|0|0|0|0|0|0|0|0|0|0|0|0|0|0|0|0|0|0|0|0|0|0|0|0|0|0|0|0|0|0|0|0|0|0|0|0|0|0|0|0|0|0|0|0|0|0|0|0|0|0|0|0|0|0|0|0|0|0|0|0|0|0|0|0|0|0|0|0|0|0|0|0|0|0|0|0|0|0|0|0|0|0|0|0|0|0904A2|408F7CE6|10530A8D|0F0A|419E53D3|10530A8D|0F0B|41E3DF36|10530A8D|0407A2|41B0DD13|10530A8D|010A82|C1F00000|10530A8D|cf56ad8505052916
26|2025-12-13T16:53:41.3550000+08:00|4A2|天地人|4.48|10530A8D|小祥客服|10530A8D|小祥客服|09|145489|145489|c41d724cd2b185f0
26|2025-12-13T16:53:41.3550000+08:00|A82|月影雷兽预备|30.00|10530A8D|小祥客服|10530A8D|小祥客服|01|145489|145489|31e9199b95827a11
21|2025-12-13T16:53:41.6670000+08:00|40001583|高贝扎|8463|迟缓地暴|40001583|高贝扎|1B|84638000|0|0|0|0|0|0|0|0|0|0|0|0|0|0|26196160|26635080|10000|10000|||99.99|99.99|0.03|3.14|26196160|26635080|10000|10000|||99.99|99.99|0.03|3.14|000001C8|0|1|00||01|8463|8463|3.100|FFFF|2e5e497d6f8647ea
264|2025-12-13T16:53:41.6670000+08:00|40001583|8463|000001C8|0||||3.141|40001583|69099a603b646f58
39|2025-12-13T16:53:41.7560000+08:00|4000159D|分身|145078|145078|10000|10000|||100.39|101.83|0.03|-3.11|643af641038736ae
38|2025-12-13T16:53:41.8900000+08:00|10530A8D|小祥客服|0064641E|102826|145489|10000|10000|0||100.49|103.08|0.03|-2.98|0|0|0|0|0|0|0|0|0|0|0|0|0|0|0|0|0|0|0|0|0|0|0|0|0|0|0|0|0|0|0|0|0|0|0|0|0|0|0|0|0|0|0|0|0|0|0|0|0|0|0|0|0|0|0|0|0|0|0|0|0|0|0|0|0|0|0|0|0|0|0|0|0|0|0|0|0|0|0|0|0|0|0|0|0|0|0|0|0|0|0|0|0|0904A2|407CBC57|10530A8D|0F0A|419A0C23|10530A8D|0F0B|41DF9786|10530A8D|0407A2|41AC9563|10530A8D|010A82|C1F00000|10530A8D|a448bfb0c101ff69
37|2025-12-13T16:53:42.0680000+08:00|40001583|高贝扎|000001C7|26151004||||||99.99|99.99|0.03|3.14|6845f1adaabe938e
37|2025-12-13T16:53:42.0680000+08:00|10530A8D|小祥客服|000001C7|102826|145489|10000|10000|0||100.49|103.08|0.03|-2.98|1E00|0|0|02|1E0004A2|09|407428E2|10530A8D|22000A82|01|41F00000|10530A8D|d6da1d5b56754652
38|2025-12-13T16:53:42.0680000+08:00|10530A8D|小祥客服|0064641E|102826|145489|10000|10000|0||100.49|103.08|0.03|-2.98|0|0|0|0|0|0|0|0|0|0|0|0|0|0|0|0|0|0|0|0|0|0|0|0|0|0|0|0|0|0|0|0|0|0|0|0|0|0|0|0|0|0|0|0|0|0|0|0|0|0|0|0|0|0|0|0|0|0|0|0|0|0|0|0|0|0|0|0|0|0|0|0|0|0|0|0|0|0|0|0|0|0|0|0|0|0|0|0|0|0|0|0|0|0904A2|407157FD|10530A8D|0F0A|41989F97|10530A8D|0F0B|41DE2AFA|10530A8D|0407A2|41AB28D7|10530A8D|010A82|41EFA5E3|10530A8D|528a409b5e727a1f
21|2025-12-13T16:53:42.3360000+08:00|10530A8D|小祥客服|49C1|水遁之术|40001583|高贝扎|650003|8D500000|F|F088000|0|0|0|0|0|0|0|0|0|0|0|0|26151004|26635080|10000|10000|||99.99|99.99|0.03|3.14|102826|145489|10000|10000|||100.49|103.08|0.03|-2.98|000001C9|0|1|00||01|49C1|49C1|0.600|068F|4eb4c94e97e73597
264|2025-12-13T16:53:42.3360000+08:00|10530A8D|49C1|000001C9|0||||-2.981|40001583|2d77d53b0c0ff4a6
38|2025-12-13T16:53:42.3360000+08:00|10530A8D|小祥客服|0064641E|102826|145489|10000|10000|0||100.49|103.08|0.03|-2.98|0|0|0|0|0|0|0|0|0|0|0|0|0|0|0|0|0|0|0|0|0|0|0|0|0|0|0|0|0|0|0|0|0|0|0|0|0|0|0|0|0|0|0|0|0|0|0|0|0|0|0|0|0|0|0|0|0|0|0|0|0|0|0|0|0|0|0|0|0|0|0|0|0|0|0|0|0|0|0|0|0|0|0|0|0|0|0|0|0|0|0|0|0|0F08|C1A00000|10530A8D|0F0A|41967AB9|10530A8D|0F0B|41DC061C|10530A8D|0407A2|41A903F9|10530A8D|010A82|41ED8105|10530A8D|7cf15e19af4ceedc
30|2025-12-13T16:53:42.3360000+08:00|4A2|天地人|0.00|10530A8D|小祥客服|10530A8D|小祥客服|09|145489|145489|93902e989e6799e0
26|2025-12-13T16:53:42.3360000+08:00|F08|忍隐|20.00|10530A8D|小祥客服|10530A8D|小祥客服|00|145489|145489|a37bc2a1fdea0c8b
271|2025-12-13T16:53:42.7810000+08:00|4000159C|2.3561|00|00|88.6863|111.3137|0.0000|a92f9cf9772709f2
261|2025-12-13T16:53:42.4200000+08:00|Change|4000159C|Heading|2.3562|PosX|88.6863|PosY|111.3137|PosZ|0.0300|6ef988dfbdb4d2c4
257|2025-12-13T16:53:42.7810000+08:00|80034E79|00010004|0B|||e2880bfe7e668e01
20|2025-12-13T16:53:42.8260000+08:00|4000159C|高贝扎|8465|迟缓地暴|4000159C|高贝扎|7.700|88.69|111.31|0.03|2.36|061aeba4ccbd2996
263|2025-12-13T16:53:42.8260000+08:00|4000159C|8465|88.687|111.301|0.000|2.356|f6bca15c08a6cd2b
22|2025-12-13T16:53:43.0040000+08:00|10530A8D|小祥客服|DEE|梦幻三段|40001583|高贝扎|710003|29C70000|0|0|0|0|0|0|0|0|0|0|0|0|0|0|26151004|26635080|10000|10000|||99.99|99.99|0.03|3.14|102826|145489|10000|10000|||100.51|103.25|0.03|-2.91|000001CA|0|3|00||01|DEE|DEE|0.600|068F|10057c74711966c8
22|2025-12-13T16:53:43.0040000+08:00|10530A8D|小祥客服|DEE|梦幻三段|40001583|高贝扎|716003|4EDD0000|0|0|0|0|0|0|0|0|0|0|0|0|0|0|26151004|26635080|10000|10000|||99.99|99.99|0.03|3.14|102826|145489|10000|10000|||100.51|103.25|0.03|-2.91|000001CA|1|3|00||01|DEE|DEE|0.600|068F|4836577e8788af4f
22|2025-12-13T16:53:43.0040000+08:00|10530A8D|小祥客服|DEE|梦幻三段|40001583|高贝扎|710003|2BCA0000|0|0|0|0|0|0|0|0|0|0|0|0|0|0|26151004|26635080|10000|10000|||99.99|99.99|0.03|3.14|102826|145489|10000|10000|||100.51|103.25|0.03|-2.91|000001CA|2|3|00||01|DEE|DEE|0.600|068F|96c34a76db345241
264|2025-12-13T16:53:43.0040000+08:00|10530A8D|0DEE|000001CA|1|0.000|0.000|0.000|-2.981|40001583|7cecb19c76c79978
21|2025-12-13T16:53:43.2720000+08:00|10530A8D|小祥客服|07|攻击|40001583|高贝扎|710003|12320000|0|0|0|0|0|0|0|0|0|0|0|0|0|0|26151004|26635080|10000|10000|||99.99|99.99|0.03|3.14|102826|145489|10000|10000|||100.53|103.43|0.03|-0.86|000001CB|0|1|00||01|07|07|0.332|65FA|c179fba360c3f67f
264|2025-12-13T16:53:43.2720000+08:00|10530A8D|0007|000001CB|0||||-0.639|40001583|d96c3d07ad50aec5
37|2025-12-13T16:53:43.3170000+08:00|40001583|高贝扎|000001C9|26114828||||||99.99|99.99|0.03|3.14|37d07701146b4b45
37|2025-12-13T16:53:43.3170000+08:00|10530A8D|小祥客服|000001C9|102826|145489|10000|10000|0||100.53|103.43|0.03|-0.10|1E00|0|0|01|1E000F08|0|41A00000|10530A8D|024ee67a42ceb0b4
38|2025-12-13T16:53:43.3170000+08:00|10530A8D|小祥客服|0064641E|102826|145489|10000|10000|0||100.53|103.43|0.03|-0.10|0|0|0|0|0|0|0|0|0|0|0|0|0|0|0|0|0|0|0|0|0|0|0|0|0|0|0|0|0|0|0|0|0|0|0|0|0|0|0|0|0|0|0|0|0|0|0|0|0|0|0|0|0|0|0|0|0|0|0|0|0|0|0|0|0|0|0|0|0|0|0|0|0|0|0|0|0|0|0|0|0|0|0|0|0|0|0|0|0|0|0|0|0|0F08|419FA5E3|10530A8D|0F0A|418EA19F|10530A8D|0F0B|41D42D02|10530A8D|0407A2|41A12ADF|10530A8D|010A82|41E5A7EB|10530A8D|3517cd56719e921c
261|2025-12-13T16:53:42.9880000+08:00|Change|40001583|CastBuffID|0|CastDurationCurrent|0.0000|CastDurationMax|0.0000|CastTargetID|E0000000|IsCasting1|0|IsCasting2|0|e3f393433d15e05d
39|2025-12-13T16:53:43.4060000+08:00|10530A8D|小祥客服|104280|145489|10000|10000|||100.53|103.43|0.03|-0.10|c0256a5d96cbadef
37|2025-12-13T16:53:43.7180000+08:00|40001583|高贝扎|000001CA|26104133||||||99.99|99.99|0.03|3.14|8b7121278ebb4744
37|2025-12-13T16:53:43.8070000+08:00|40001583|高贝扎|000001CB|26099475||||||99.99|99.99|0.03|3.14|1414f26957395fce
37|2025-12-13T16:53:43.8520000+08:00|40001583|高贝扎|000001CA|26079286||||||99.99|99.99|0.03|3.14|b51b03da8b4577a3
21|2025-12-13T16:53:43.8520000+08:00|10530A8D|小祥客服|64B2|月影雷兽牙|40001583|高贝扎|554003|CC7B0000|53E|9F8000|0|0|0|0|0|0|0|0|0|0|0|0|26079286|26635080|10000|10000|||99.99|99.99|0.03|3.14|104280|145489|10000|10000|||100.53|103.43|0.03|-2.99|000001CC|0|1|00||01|64B2|64B2|0.600|0641|e3f55c3e1b7e064c
264|2025-12-13T16:53:43.8520000+08:00|10530A8D|64B2|000001CC|0||||-2.988|40001583|b55467411d62956c
271|2025-12-13T16:53:43.8520000+08:00|4000159D|-2.9881|00|00|100.5253|103.4340|0.0300|b979bc2925be371d
38|2025-12-13T16:53:43.8520000+08:00|10530A8D|小祥客服|0064641E|104280|145489|10000|10000|0||100.53|103.43|0.03|-2.99|0|0|0|0|0|0|0|0|0|0|0|0|0|0|0|0|0|0|0|0|0|0|0|0|0|0|0|0|0|0|0|0|0|0|0|0|0|0|0|0|0|0|0|0|0|0|0|0|0|0|0|0|0|0|0|0|0|0|0|0|0|0|0|0|0|0|0|0|0|0|0|0|0|0|0|0|0|0|0|0|0|0|0|0|0|0|0|0|0|0|0|0|0|0F08|419B5E33|10530A8D|0F0A|418A59EF|10530A8D|0F0B|41CFE552|10530A8D|0307A2|419CE32F|10530A8D|b05bf72aa8753b31
26|2025-12-13T16:53:43.8520000+08:00|7A2|分身之术|19.61|10530A8D|小祥客服|10530A8D|小祥客服|03|145489|145489|52ee50608af22f59
30|2025-12-13T16:53:43.8520000+08:00|A82|月影雷兽预备|0.00|10530A8D|小祥客服|10530A8D|小祥客服|01|145489|145489|93be4fb642e8015f
31|2025-12-13T16:53:43.8520000+08:00|10530A8D|19001E|00|00|00|95b1dbc4cada8273
21|2025-12-13T16:53:43.9410000+08:00|4000159D|分身|6517|月影雷兽牙|40001583|高贝扎|552003|358D0000|53E|9F8000|1B|65178000|0|0|0|0|0|0|0|0|0|0|26079286|26635080|10000|10000|||99.99|99.99|0.03|3.14|145078|145078|10000|10000|||100.53|103.43|0.03|-2.99|000001CD|0|1|10530A8D|小祥客服|01|6517|6517|2.366|0641|423c1f49b7fc7ce4
264|2025-12-13T16:53:43.9410000+08:00|4000159D|6517|000001CD|0||||-2.988|40001583|703a1b14706e6f58
31|2025-12-13T16:53:43.9410000+08:00|10530A8D|1E001E|00|00|00|b58bb0ebb9780a3d
261|2025-12-13T16:53:43.5900000+08:00|Change|4000159D|Heading|-2.9881|ModelStatus|0|PosX|100.5253|PosY|103.4340|8f9247269053f632
37|2025-12-13T16:53:43.9860000+08:00|40001583|高贝扎|000001CA|26068076||||||99.99|99.99|0.03|3.14|e60246797f367312
21|2025-12-13T16:53:44.5210000+08:00|10530A8D|小祥客服|9061|天理人道|40001583|高贝扎|750003|DEC4001|0|0|0|0|0|0|0|0|0|0|0|0|0|0|26068076|26635080|10000|10000|||99.99|99.99|0.03|3.14|104280|145489|10000|10000|||100.53|103.43|0.03|-2.99|000001CE|0|1|00||01|9061|9061|0.600|0641|840729b11e6394d4
264|2025-12-13T16:53:44.5210000+08:00|10530A8D|9061|000001CE|0||||-2.988|40001583|821ac5c2cc6976c6
38|2025-12-13T16:53:44.5210000+08:00|10530A8D|小祥客服|0064641E|104280|145489|10000|10000|0||100.53|103.43|0.03|-2.99|0|0|0|0|0|0|0|0|0|0|0|0|0|0|0|0|0|0|0|0|0|0|0|0|0|0|0|0|0|0|0|0|0|0|0|0|0|0|0|0|0|0|0|0|0|0|0|0|0|0|0|0|0|0|0|0|0|0|0|0|0|0|0|0|0|0|0|0|0|0|0|0|0|0|0|0|0|0|0|0|0|0|0|0|0|0|0|0|0|0|0|0|0|0F08|41960414|10530A8D|0F0A|4184FFD0|10530A8D|0|0|0|0307A2|41978910|10530A8D|016f6ead19422235
30|2025-12-13T16:53:44.5210000+08:00|F0B|天理人道预备|0.00|10530A8D|小祥客服|10530A8D|小祥客服|00|145489|145489|e1b0c410fc8a0f32
37|2025-12-13T16:53:44.6100000+08:00|40001583|高贝扎|000001CC|26015729||||||99.99|99.99|0.03|3.14|98dd63886b565f82
37|2025-12-13T16:53:44.6990000+08:00|40001583|高贝扎|000001CD|26002020||||||99.99|99.99|0.03|3.14|9c782b8cfe59a5a5
39|2025-12-13T16:53:44.7880000+08:00|4000159D|分身|145078|145078|10000|10000|||100.53|103.43|0.03|-2.99|79364a7fb94e6e49
37|2025-12-13T16:53:44.8780000+08:00|40001583|高贝扎|000001CE|25932920||||||99.99|99.99|0.03|3.14|f5851a03630ef8b3
270|2025-12-13T16:53:44.9220000+08:00|40001583|0.8921|0000|005A|100.0092|100.0092|0.1831|8bbbf2bdd8145026
270|2025-12-13T16:53:45.2340000+08:00|40001583|0.0654|0000|005A|100.0092|100.0092|0.1831|c295444a904cc7fa
21|2025-12-13T16:53:45.4570000+08:00|10530A8D|小祥客服|07|攻击|40001583|高贝扎|710003|12A00000|0|0|0|0|0|0|0|0|0|0|0|0|0|0|25932920|26635080|10000|10000|||99.99|99.99|0.03|1.10|104280|145489|10000|10000|||100.23|103.46|0.03|-1.48|000001CF|0|1|00||01|07|07|0.100|4389|fa9ab14e428565d8
264|2025-12-13T16:53:45.4570000+08:00|10530A8D|0007|000001CF|0||||-1.484|40001583|3a62e8c024d1f902
21|2025-12-13T16:53:45.7690000+08:00|40001583|高贝扎|844B|unknown_844b|10530A8D|小祥客服|1|0|1B|8000|0|0|0|0|0|0|0|0|0|0|0|0|104280|145489|10000|10000|||100.46|103.32|0.03|-2.08|25932920|26635080|10000|10000|||99.99|99.99|0.03|0.10|000001D0|0|1|00||01|844B|844B|0.100|82C7|2e6e2064db27f80d
264|2025-12-13T16:53:45.7690000+08:00|40001583|844B|000001D0|0||||0.068|10530A8D|f6a59e60b44265fd
37|2025-12-13T16:53:45.9920000+08:00|40001583|高贝扎|000001CF|25928152||||||99.99|99.99|0.03|0.07|2da1dafce978e240
270|2025-12-13T16:53:45.9920000+08:00|40001583|0.5623|0000|005A|100.0092|100.0092|0.1831|a5b0db8a7578aefd
21|2025-12-13T16:53:45.9920000+08:00|10530A8D|小祥客服|8D3|天之印|10530A8D|小祥客服|100000E|1F08000|0|0|0|0|0|0|0|0|0|0|0|0|0|0|104280|145489|10000|10000|||101.74|102.96|0.03|1.88|104280|145489|10000|10000|||101.74|102.96|0.03|1.88|000001D1|0|1|00||01|8D3|8D3|0.350|CC72|6a837439bba31776
264|2025-12-13T16:53:45.9920000+08:00|10530A8D|08D3|000001D1|0||||1.876|10530A8D|783bf486df3a2d65
38|2025-12-13T16:53:45.9920000+08:00|10530A8D|小祥客服|0064641E|104280|145489|10000|10000|0||101.74|102.96|0.03|1.88|0|0|0|0101F0|40C00000|10530A8D|0|0|0|0|0|0|0|0|0|0|0|0|0|0|0|0|0|0|0|0|0|0|0|0|0|0|0|0|0|0|0|0|0|0|0|0|0|0|0|0|0|0|0|0|0|0|0|0|0|0|0|0|0|0|0|0|0|0|0|0|0|0|0|0|0|0|0|0|0|0|0|0|0|0|0|0|0|0|0|0|0|0|0|0|0|0|0|0F08|418A3F73|10530A8D|0F0A|41727667|10530A8D|0|0|0|0307A2|418BC46F|10530A8D|dde74ba0903464a1
26|2025-12-13T16:53:45.9920000+08:00|1F0|结印|6.00|10530A8D|小祥客服|10530A8D|小祥客服|01|145489|145489|7ebbff5bc3933ea8
270|2025-12-13T16:53:46.3040000+08:00|40001583|0.5926|0000|005A|100.0092|100.0092|0.1831|5d0024d5889fdb6b
39|2025-12-13T16:53:46.3930000+08:00|10530A8D|小祥客服|105734|145489|10000|10000|||101.95|102.89|0.03|1.90|c9dcc149c6255dea
261|2025-12-13T16:53:45.9840000+08:00|Change|4000159C|CastBuffID|33893|CastDurationCurrent|3.5756|CastDurationMax|7.7000|CastTargetID|4000159C|IsCasting1|1|IsCasting2|1|e90a84275982cee7
21|2025-12-13T16:53:46.4820000+08:00|10530A8D|小祥客服|4976|地之印|10530A8D|小祥客服|900000E|1F08000|0|0|0|0|0|0|0|0|0|0|0|0|0|0|105734|145489|10000|10000|||101.95|102.89|0.03|1.90|105734|145489|10000|10000|||101.95|102.89|0.03|1.90|000001D2|0|1|00||01|4976|4976|0.350|CD62|80196aaf9c1d9c1a
264|2025-12-13T16:53:46.4820000+08:00|10530A8D|4976|000001D2|0||||1.899|10530A8D|a6df6a67587407fe
38|2025-12-13T16:53:46.4820000+08:00|10530A8D|小祥客服|0064641E|105734|145489|10000|10000|0||101.95|102.89|0.03|1.90|0|0|0|0901F0|40B049B8|10530A8D|0|0|0|0|0|0|0|0|0|0|0|0|0|0|0|0|0|0|0|0|0|0|0|0|0|0|0|0|0|0|0|0|0|0|0|0|0|0|0|0|0|0|0|0|0|0|0|0|0|0|0|0|0|0|0|0|0|0|0|0|0|0|0|0|0|0|0|0|0|0|0|0|0|0|0|0|0|0|0|0|0|0|0|0|0|0|0|0F08|418651E0|10530A8D|0F0A|416A9B45|10530A8D|0|0|0|0307A2|4187D6DC|10530A8D|9ebec64c56c51685
26|2025-12-13T16:53:46.4820000+08:00|1F0|结印|5.51|10530A8D|小祥客服|10530A8D|小祥客服|09|145489|145489|21e7865542a07981
261|2025-12-13T16:53:46.2020000+08:00|Change|4000159D|ModelStatus|8388608|f6f84748f3e6fe62
21|2025-12-13T16:53:46.9730000+08:00|10530A8D|小祥客服|8DB|雷遁之术|40001583|高贝扎|550003|B5800000|100000F|A828000|0|0|0|0|0|0|0|0|0|0|0|0|25928152|26635080|10000|10000|||99.99|99.99|0.03|0.59|105734|145489|10000|10000|||101.95|102.89|0.03|1.90|000001D3|0|1|00||01|8DB|8DB|0.600|182A|ea09e580e6b8b59e
264|2025-12-13T16:53:46.9730000+08:00|10530A8D|08DB|000001D3|0||||-2.549|40001583|24649e436c1899f9
38|2025-12-13T16:53:46.9730000+08:00|10530A8D|小祥客服|0064641E|105734|145489|10000|10000|0||101.95|102.89|0.03|1.90|0|0|0|0|0|0|0|0|0|0|0|0|0|0|0|0|0|0|0|0|0|0|0|0|0|0|0|0|0|0|0|0|0|0|0|0|0|0|0|0|0|0|0|0|0|0|0|0|0|0|0|0|0|0|0|0|0|0|0|0|0|0|0|0|0|0|0|0|0|0|0|0|0|0|0|0|0|0|0|0|0|0|0|0|0|0|0|0|0|0|0|0|0|0F08|41826659|10530A8D|0F0A|4162C43C|10530A8D|010A82|C1F00000|10530A8D|0307A2|4183EB55|10530A8D|5a8e304ee76b818d
30|2025-12-13T16:53:46.9730000+08:00|1F0|结印|0.00|10530A8D|小祥客服|10530A8D|小祥客服|09|145489|145489|9590507374a04277
26|2025-12-13T16:53:46.9730000+08:00|A82|月影雷兽预备|30.00|10530A8D|小祥客服|10530A8D|小祥客服|01|145489|145489|8df6efc58213611b
270|2025-12-13T16:53:47.5070000+08:00|40001583|0.9947|0000|005A|100.0092|100.0092|0.1831|6e265c5b09d66475
21|2025-12-13T16:53:47.6410000+08:00|10530A8D|小祥客服|07|攻击|40001583|高贝扎|714003|168F0000|0|0|0|0|0|0|0|0|0|0|0|0|0|0|25928152|26635080|10000|10000|||99.99|99.99|0.03|0.65|105734|145489|10000|10000|||103.88|101.46|0.03|2.59|000001D4|0|1|00||01|07|07|0.100|E47F|9429ff6233969ebd
264|2025-12-13T16:53:47.6410000+08:00|10530A8D|0007|000001D4|0||||2.467|40001583|2412cf332a23d7cc
261|2025-12-13T16:53:47.2130000+08:00|Change|10530A8D|Heading|2.6205|PosX|104.2135|PosY|100.6314|PosZ|0.0300|c05bffdf9a2928d5
37|2025-12-13T16:53:47.6860000+08:00|40001583|高贝扎|000001D3|25881688||||||99.99|99.99|0.03|0.75|5d0c25fe3fb9572f
37|2025-12-13T16:53:47.6860000+08:00|10530A8D|小祥客服|000001D3|105734|145489|10000|10000|0||104.26|100.86|0.03|2.56|1E00|0|0|01|20000A82|01|41F00000|10530A8D|1192738d18fd695f
38|2025-12-13T16:53:47.6860000+08:00|10530A8D|小祥客服|0064641E|105734|145489|10000|10000|0||104.26|100.86|0.03|2.56|0|0|0|0|0|0|0|0|0|0|0|0|0|0|0|0|0|0|0|0|0|0|0|0|0|0|0|0|0|0|0|0|0|0|0|0|0|0|0|0|0|0|0|0|0|0|0|0|0|0|0|0|0|0|0|0|0|0|0|0|0|0|0|0|0|0|0|0|0|0|0|0|0|0|0|0|0|0|0|0|0|0|0|0|0|0|0|0|0|0|0|0|0|0F08|4179643E|10530A8D|0F0A|41575BCB|10530A8D|010A82|41EFA3D7|10530A8D|0307A2|417C6E34|10530A8D|548ba9ac5d94c565
21|2025-12-13T16:53:47.7300000+08:00|10530A8D|小祥客服|4069|命水|10530A8D|小祥客服|323E|9F8000|F|A818000|0|0|0|0|0|0|0|0|0|0|0|0|105734|145489|10000|10000|||104.12|100.21|0.03|2.92|105734|145489|10000|10000|||104.12|100.21|0.03|2.92|000001D5|0|1|00||01|4069|4069|0.600|E91D|21cd7b022f1fda0c
264|2025-12-13T16:53:47.7300000+08:00|10530A8D|4069|000001D5|0||||2.580|10530A8D|df183eb1fb71994a
38|2025-12-13T16:53:47.7300000+08:00|10530A8D|小祥客服|0064641E|105734|145489|10000|10000|0||104.12|100.21|0.03|2.92|0|0|0|0|0|0|0|0|0|0|0|0|0|0|0|0|0|0|0|0|0|0|0|0|0|0|0|0|0|0|0|0|0|0|0|0|0|0|0|0|0|0|0|0|0|0|0|0|0|0|0|0|0|0|0|0|0|0|0|0|0|0|0|0|0|0|0|0|0|0|0|0|0|0|0|0|0|0|0|0|0|0|0|0|0|0|0|0|0|0|0|0|0|0A81|C1F00000|10530A8D|0F0A|4156A379|10530A8D|010A82|41EF47AE|10530A8D|0307A2|417BB5E2|10530A8D|c7dbf4319a9c67b9
30|2025-12-13T16:53:47.7300000+08:00|F08|忍隐|0.00|10530A8D|小祥客服|10530A8D|小祥客服|00|145489|145489|ccf970b149e184b3
26|2025-12-13T16:53:47.7300000+08:00|A81|命水|30.00|10530A8D|小祥客服|10530A8D|小祥客服|00|145489|145489|0c539bae693289ef
31|2025-12-13T16:53:47.7300000+08:00|10530A8D|50001E|00|00|00|46d1d00540ec4db8
39|2025-12-13T16:53:47.7750000+08:00|4000159D|分身|145078|145078|10000|10000|||100.53|103.43|0.03|-2.99|c22a7b472c34697d
270|2025-12-13T16:53:47.8190000+08:00|40001583|1.5192|0000|005A|100.0092|100.0092|0.1831|56e79f59c70296db
38|2025-12-13T16:53:47.9090000+08:00|10530A8D|小祥客服|0064641E|105734|145489|10000|10000|0||103.95|99.47|0.03|-2.94|0|0|0|0|0|0|0|0|0|0|0|0|0|0|0|0|0|0|0|0|0|0|0|0|0|0|0|0|0|0|0|0|0|0|0|0|0|0|0|0|0|0|0|0|0|0|0|0|0|0|0|0|0|0|0|0|0|0|0|0|0|0|0|0|0|0|0|0|0|0|0|0|0|0|0|0|0|0|0|0|0|0|0|0|0|0|0|0|0|0|0|0|0|0A81|C1F00000|10530A8D|0F0A|4153CA63|10530A8D|010A82|41EDDB22|10530A8D|0307A2|4178DCCC|10530A8D|7fd09e022f257072
270|2025-12-13T16:53:48.1310000+08:00|40001583|1.8472|0000|005A|100.0092|100.0092|0.1831|006fb698d3f8448a
37|2025-12-13T16:53:48.1760000+08:00|40001583|高贝扎|000001D4|25875913||||||99.99|99.99|0.03|1.36|383775ba457b2840
37|2025-12-13T16:53:48.1760000+08:00|10530A8D|小祥客服|000001D4|105734|145489|10000|10000|0||103.82|98.92|0.03|-2.86|1E00|0|0|01|1E000A81|0|C1F00000|10530A8D|312a7791ac7e90cd
37|2025-12-13T16:53:48.3540000+08:00|10530A8D|小祥客服|000001D5|105734|145489|10000|10000|0||103.82|98.92|0.03|-2.86|1E00|0|0|01|1E000A81|0|41F00000|10530A8D|ca398ab020ab83ed
38|2025-12-13T16:53:48.3540000+08:00|10530A8D|小祥客服|0064641E|105734|145489|10000|10000|0||103.82|98.92|0.03|-2.86|0|0|0|0|0|0|0|0|0|0|0|0|0|0|0|0|0|0|0|0|0|0|0|0|0|0|0|0|0|0|0|0|0|0|0|0|0|0|0|0|0|0|0|0|0|0|0|0|0|0|0|0|0|0|0|0|0|0|0|0|0|0|0|0|0|0|0|0|0|0|0|0|0|0|0|0|0|0|0|0|0|0|0|0|0|0|0|0|0|0|0|0|0|0A81|41EFA3D7|10530A8D|0F0A|414CA793|10530A8D|010A82|41EA49B8|10530A8D|0307A2|4171B9FC|10530A8D|1908f35a4ba307e5
21|2025-12-13T16:53:48.4880000+08:00|10530A8D|小祥客服|64B2|月影雷兽牙|40001583|高贝扎|550003|A37D0000|53E|9F8000|0|0|0|0|0|0|0|0|0|0|0|0|25875913|26635080|10000|10000|||99.99|99.99|0.03|1.65|105734|145489|10000|10000|||103.82|98.92|0.03|-2.86|000001D6|0|1|00||01|64B2|64B2|0.600|4B2B|c9d69c75a8c15103
264|2025-12-13T16:53:48.4880000+08:00|10530A8D|64B2|000001D6|0||||-1.297|40001583|cd0741db9159fe13
271|2025-12-13T16:53:48.4880000+08:00|4000159D|-1.2967|00|00|103.8152|98.9171|0.0300|d48c9c7854ddedb8
38|2025-12-13T16:53:48.4880000+08:00|10530A8D|小祥客服|0064641E|105734|145489|10000|10000|0||103.82|98.92|0.03|-2.86|0|0|0|0|0|0|0|0|0|0|0|0|0|0|0|0|0|0|0|0|0|0|0|0|0|0|0|0|0|0|0|0|0|0|0|0|0|0|0|0|0|0|0|0|0|0|0|0|0|0|0|0|0|0|0|0|0|0|0|0|0|0|0|0|0|0|0|0|0|0|0|0|0|0|0|0|0|0|0|0|0|0|0|0|0|0|0|0|0|0|0|0|0|0A81|41EE9374|10530A8D|0F0A|414A86CF|10530A8D|0|0|0|0207A2|416F9938|10530A8D|c4e200fdf6ee8bb4
30|2025-12-13T16:53:48.4880000+08:00|A82|月影雷兽预备|0.00|10530A8D|小祥客服|10530A8D|小祥客服|01|145489|145489|86e038802723380a
26|2025-12-13T16:53:48.4880000+08:00|7A2|分身之术|14.97|10530A8D|小祥客服|10530A8D|小祥客服|02|145489|145489|c8d4979dae5856ce
31|2025-12-13T16:53:48.4880000+08:00|10530A8D|55001E|00|00|00|7a999210571a0886
261|2025-12-13T16:53:47.9370000+08:00|Change|4000159D|Heading|-1.2967|PosX|103.8152|PosY|98.9171|PosZ|0.0300|9d9a80619083f427
21|2025-12-13T16:53:48.5780000+08:00|4000159D|分身|6517|月影雷兽牙|40001583|高贝扎|550003|235D0000|53E|9F8000|1B|65178000|0|0|0|0|0|0|0|0|0|0|25875913|26635080|10000|10000|||99.99|99.99|0.03|1.78|145078|145078|10000|10000|||103.82|98.92|0.03|-1.30|000001D7|0|1|10530A8D|小祥客服|01|6517|6517|2.366|4B2B|65488e8f39d07d0e
264|2025-12-13T16:53:48.5780000+08:00|4000159D|6517|000001D7|0||||-1.297|40001583|9eec0ba720a7d3ea
31|2025-12-13T16:53:48.5780000+08:00|10530A8D|5A001E|00|00|00|f2d9eb65af249eec
21|2025-12-13T16:53:48.8010000+08:00|40001583|高贝扎|844B|unknown_844b|10530A8D|小祥客服|750003|567A0000|1B|844B8000|0|0|0|0|0|0|0|0|0|0|0|0|105734|145489|10000|10000|||103.82|98.92|0.03|-1.30|25875913|26635080|10000|10000|||99.99|99.99|0.03|1.85|000001D8|0|1|00||01|844B|844B|0.100|CB43|c0bef73cb6a4fd11
264|2025-12-13T16:53:48.8010000+08:00|40001583|844B|000001D8|0||||1.847|10530A8D|91af945be10a494c
21|2025-12-13T16:53:49.2020000+08:00|10530A8D|小祥客服|9060|是生灭法|40001583|高贝扎|750003|C6000000|0|0|0|0|0|0|0|0|0|0|0|0|0|0|25875913|26635080|10000|10000|||99.99|99.99|0.03|1.85|105734|145489|10000|10000|||103.26|98.51|0.03|-1.45|000001D9|0|1|00||01|9060|9060|0.600|4CD0|65bba273658136a8
264|2025-12-13T16:53:49.2020000+08:00|10530A8D|9060|000001D9|0||||-1.256|40001583|823dad6faea0cb05
38|2025-12-13T16:53:49.2020000+08:00|10530A8D|小祥客服|0064641E|105734|145489|10000|10000|0||103.26|98.51|0.03|-1.45|0|0|0|0|0|0|0|0|0|0|0|0|0|0|0|0|0|0|0|0|0|0|0|0|0|0|0|0|0|0|0|0|0|0|0|0|0|0|0|0|0|0|0|0|0|0|0|0|0|0|0|0|0|0|0|0|0|0|0|0|0|0|0|0|0|0|0|0|0|0|0|0|0|0|0|0|0|0|0|0|0|0|0|0|0|0|0|0|0|0|0|0|0|0|0|0|0|0|0|0|0|0|0207A2|41642CAE|10530A8D|0dbf5cba6b6bdc66
30|2025-12-13T16:53:49.2020000+08:00|A81|命水|0.00|10530A8D|小祥客服|10530A8D|小祥客服|00|145489|145489|70a8f6a87afa7877
30|2025-12-13T16:53:49.2020000+08:00|F0A|秘技预备|0.00|10530A8D|小祥客服|10530A8D|小祥客服|00|145489|145489|24ca4682e6b8e120
31|2025-12-13T16:53:49.2020000+08:00|10530A8D|28001E|00|00|00|ac6eb65cfe467ff9
37|2025-12-13T16:53:49.2460000+08:00|40001583|高贝扎|000001D6|25834060||||||99.99|99.99|0.03|1.85|60d2f687301202df
37|2025-12-13T16:53:49.3360000+08:00|40001583|高贝扎|000001D7|25825007||||||99.99|99.99|0.03|1.85|b73fd7ed93e5b638
270|2025-12-13T16:53:49.3360000+08:00|40001583|1.8877|0000|005A|100.0092|100.0092|0.1831|f7575572bd00f5cb
39|2025-12-13T16:53:49.3800000+08:00|10530A8D|小祥客服|107188|145489|10000|10000|||102.02|97.83|0.03|-2.05|a2ff0a8b621a8b7d
261|2025-12-13T16:53:49.0870000+08:00|Change|10530A8D|Heading|-1.9548|PosX|100.5371|PosY|97.1460|PosZ|0.0300|dbb80f5704f4cd02
270|2025-12-13T16:53:49.6480000+08:00|40001583|2.2566|0000|005A|100.0092|100.0092|0.1831|9717b95e1db9ae5d
21|2025-12-13T16:53:49.8260000+08:00|10530A8D|小祥客服|07|攻击|40001583|高贝扎|710003|11860000|0|0|0|0|0|0|0|0|0|0|0|0|0|0|25825007|26635080|10000|10000|||99.99|99.99|0.03|1.95|107188|145489|10000|10000|||100.14|96.82|0.03|-2.37|000001DA|0|1|00||01|07|07|0.100|3070|e2bb4d7bbac531f8
264|2025-12-13T16:53:49.8260000+08:00|10530A8D|0007|000001DA|0||||-1.953|40001583|3b4cdd453214678b
37|2025-12-13T16:53:49.9600000+08:00|10530A8D|小祥客服|000001D8|85050||||||99.44|95.59|0.03|-2.52|59177dbd5e4d3213
270|2025-12-13T16:53:49.9600000+08:00|40001583|3.0040|0000|005A|100.0092|100.0092|0.1831|181df1b9e27408af
37|2025-12-13T16:53:50.2270000+08:00|40001583|高贝扎|000001D9|25774319||||||99.99|99.99|0.03|2.55|454cbc870bf8d116
270|2025-12-13T16:53:50.2720000+08:00|40001583|-2.9210|0000|005A|100.0092|100.0092|0.1831|7a51903b2d342d7f
37|2025-12-13T16:53:50.3610000+08:00|40001583|高贝扎|000001DA|25769833||||||99.99|99.99|0.03|2.91|f6580ee017c79fdf
38|2025-12-13T16:53:50.5390000+08:00|40001583|高贝扎|005A5A00|25769833|26635080|10000|10000|0||99.99|99.99|0.03|3.06|0|0|0|0F09|3F1B2170|10530A8D|4dc2873a07ff9ab9
30|2025-12-13T16:53:50.5390000+08:00|F42|百雷铳|0.00|10530A8D|小祥客服|40001583|高贝扎|00|26635080|145489|c7749b69edaa8162
270|2025-12-13T16:53:50.5840000+08:00|40001583|-2.2378|0000|005A|100.0092|100.0092|0.1831|e0307d8dccab5e33
21|2025-12-13T16:53:50.5840000+08:00|10530A8D|小祥客服|DEB|强甲破点突|40001583|高贝扎|2D714003|76180000|23E|1478000|A3E|9F8000|53E|9F8000|11B|DEB8000|0|0|0|0|0|0|25769833|26635080|10000|10000|||99.99|99.99|0.03|3.06|85050|145489|10000|10000|||96.38|96.77|0.03|-0.37|000001DB|0|1|00||01|DEB|DEB|0.600|A4D6|14fdf8d91a15c55f
264|2025-12-13T16:53:50.5840000+08:00|10530A8D|0DEB|000001DB|0||||0.904|40001583|5bb4865092013d1e
271|2025-12-13T16:53:50.5840000+08:00|4000159D|0.9041|00|00|96.2799|97.0715|0.0300|054b6eafffe64df4
38|2025-12-13T16:53:50.5840000+08:00|10530A8D|小祥客服|0064641E|85050|145489|10000|10000|0||96.38|96.77|0.03|-0.37|0|0|0|0|0|0|0|0|0|0|0|0|0|0|0|0|0|0|0|0|0|0|0|0|0|0|0|0|0|0|0|0|0|0|0|0|0|0|0|0|0|0|0|0|0|0|0|0|0|0|0|0|0|0|0|0|0|0|0|0|0|0|0|0|0|0|0|0|0|0|0|0|0|0|0|0|0|0|0|0|0|0|0|0|0|0|0|0|0|0|0|0|0|0|0|0|0|0|0|0|0|0|0107A2|414E1005|10530A8D|8213ed76eb242343
26|2025-12-13T16:53:50.5840000+08:00|7A2|分身之术|12.88|10530A8D|小祥客服|10530A8D|小祥客服|01|145489|145489|7acfeadf5bd310ee
31|2025-12-13T16:53:50.5840000+08:00|10530A8D|37001E|02|00|00|c7fb857fe8c6f3d5
261|2025-12-13T16:53:50.0070000+08:00|Change|4000159D|Heading|0.9042|ModelStatus|0|PosX|96.2799|PosY|97.0715|PosZ|0.0300|4d01ebb217aa3952
21|2025-12-13T16:53:50.6730000+08:00|4000159D|分身|4409|强甲破点突|40001583|高贝扎|710003|222A0000|53E|9F8000|1B|44098000|0|0|0|0|0|0|0|0|0|0|25769833|26635080|10000|10000|||99.99|99.99|0.03|-2.88|145078|145078|10000|10000|||96.28|97.07|0.03|0.90|000001DC|0|1|10530A8D|小祥客服|01|4409|4409|2.233|A4D6|f96690d7dfadda15
264|2025-12-13T16:53:50.6730000+08:00|4000159D|4409|000001DC|0||||0.904|40001583|49fdbe0ffb430a89
31|2025-12-13T16:53:50.6730000+08:00|10530A8D|3C001E|02|00|00|dbf9795feb3a3900
39|2025-12-13T16:53:50.7620000+08:00|4000159D|分身|145078|145078|10000|10000|||96.28|97.07|0.03|0.90|bd58a7495a84a5d3
21|2025-12-13T16:53:50.8070000+08:00|4000159C|高贝扎|8465|迟缓地暴|10530A8D|小祥客服|450003|D2910000|100140E|6FD0000|1B|84658000|0|0|0|0|0|0|0|0|0|0|85050|145489|10000|10000|||96.33|97.28|0.03|1.25|44|44|0|10000|||88.69|111.31|0.03|2.36|000001DD|0|1|00||01|8465|8465|1.100|DFFF|4526f780e609c65c
264|2025-12-13T16:53:50.8070000+08:00|4000159C|8465|000001DD|0||||2.356|4000159C|92f8675bfa2c567b
261|2025-12-13T16:53:50.3000000+08:00|Change|4000159C|CastBuffID|0|CastDurationCurrent|0.0000|CastDurationMax|0.0000|CastTargetID|E0000000|IsCasting1|0|IsCasting2|0|6671ed240cec2a44
267|2025-12-13T16:53:50.8520000+08:00|40001583|80034E79|304D|8F5E|4000|0|2|0|0|25ecda53b904b659
00|2025-12-13T16:53:50.0000000+08:00|0044|高贝扎|我要拯救这个世界！|3f166b3581925cc1
270|2025-12-13T16:53:50.8960000+08:00|40001583|-2.1703|0000|005A|100.0092|100.0092|0.1831|36d1e4008ee28638
20|2025-12-13T16:53:50.9410000+08:00|40001583|高贝扎|846B|弦月剑|40001583|高贝扎|4.700|99.99|99.99|0.03|-2.45|51c8da0a8a8ff2f7
263|2025-12-13T16:53:50.9410000+08:00|40001583|846B|100.009|100.009|0.183|-2.170|13d59f5cdf96f651
261|2025-12-13T16:53:50.3910000+08:00|Change|40001583|CastBuffID|33899|CastDurationCurrent|0.0170|CastDurationMax|4.7000|CastTargetID|40001583|Heading|-2.3710|IsCasting1|1|IsCasting2|1|316f27fc984fcfa9
37|2025-12-13T16:53:50.9850000+08:00|10530A8D|小祥客服|000001DD|31145|145489|10000|10000|0||96.77|96.22|0.03|3.04|1E00|0|0|01|06FD|01|42700000|4000159C|2c14b07da2524d19
26|2025-12-13T16:53:50.9850000+08:00|6FD|受伤加重|60.00|4000159C|高贝扎|10530A8D|小祥客服|01|145489|44|767b82cd633a357b
38|2025-12-13T16:53:51.1640000+08:00|40001583|高贝扎|005A5A00|25769833|26635080|10000|10000|0||99.99|99.99|0.03|-2.30|0|0|0|5681b33d64567dd0
30|2025-12-13T16:53:51.1640000+08:00|F09|介毒之术|0.00|10530A8D|小祥客服|40001583|高贝扎|00|26635080|145489|a1387594f686d8a9
37|2025-12-13T16:53:51.2080000+08:00|40001583|高贝扎|000001DB|25739601||||||99.99|99.99|0.03|-2.30|12eb1d8e88b9b312
37|2025-12-13T16:53:51.2980000+08:00|40001583|高贝扎|000001DC|25730855||||||99.99|99.99|0.03|-2.24|fcf8a66f505d531e
21|2025-12-13T16:53:52.0110000+08:00|10530A8D|小祥客服|07|攻击|40001583|高贝扎|714003|12D70000|0|0|0|0|0|0|0|0|0|0|0|0|0|0|25730855|26635080|10000|10000|||99.99|99.99|0.03|-2.17|31145|145489|10000|10000|||96.65|95.30|0.03|-2.47|000001DE|0|1|00||01|07|07|0.100|1B88|b0bceebc2c901c1b
264|2025-12-13T16:53:52.0110000+08:00|10530A8D|0007|000001DE|0||||-2.466|40001583|db3a0d0b5632b00f
39|2025-12-13T16:53:52.4110000+08:00|10530A8D|小祥客服|32599|145489|10000|10000|||96.65|95.30|0.03|-2.47|0a6e07f88ee2121c
37|2025-12-13T16:53:52.5450000+08:00|40001583|高贝扎|000001DE|25726032||||||99.99|99.99|0.03|-2.17|71d02ae4e76fbbb2
21|2025-12-13T16:53:52.7240000+08:00|10530A8D|小祥客服|8C0|双刃旋|40001583|高贝扎|710003|3CD70000|53E|9F8000|1B|8C08000|0|0|0|0|0|0|0|0|0|0|25726032|26635080|10000|10000|||99.99|99.99|0.03|-2.17|32599|145489|10000|10000|||96.65|95.30|0.03|0.62|000001DF|0|1|00||01|8C0|8C0|0.600|9941|df303bd516a604ec
264|2025-12-13T16:53:52.7240000+08:00|10530A8D|08C0|000001DF|0||||0.620|40001583|4e763dbd10c7dd5b
271|2025-12-13T16:53:52.7240000+08:00|4000159D|0.6198|00|00|96.6454|95.3047|0.0300|e3716817317e6074
38|2025-12-13T16:53:52.7240000+08:00|10530A8D|小祥客服|0064641E|32599|145489|10000|10000|0||96.65|95.30|0.03|0.62|0|0|0|0106FD|4268DE46|4000159C|039879839fa8a320
30|2025-12-13T16:53:52.7240000+08:00|7A2|分身之术|0.00|10530A8D|小祥客服|10530A8D|小祥客服|01|145489|145489|90e0a9507f429fd6
31|2025-12-13T16:53:52.7240000+08:00|10530A8D|41001E|02|00|00|50b1b505c374224a
21|2025-12-13T16:53:52.8130000+08:00|4000159D|分身|4405|双刃旋|40001583|高贝扎|710003|203B0000|53E|9F8000|1B|44058000|0|0|0|0|0|0|0|0|0|0|25726032|26635080|10000|10000|||99.99|99.99|0.03|-2.17|145078|145078|10000|10000|||96.65|95.30|0.03|0.62|000001E0|0|1|10530A8D|小祥客服|01|4405|4405|1.966|9941|23626761101bb4bc
264|2025-12-13T16:53:52.8130000+08:00|4000159D|4405|000001E0|0||||0.620|40001583|e99e451988de2e8c
31|2025-12-13T16:53:52.8130000+08:00|10530A8D|46001E|02|00|00|a6bafa0d6eacd80e
37|2025-12-13T16:53:53.1250000+08:00|40001583|高贝扎|000001DF|25710457||||||99.99|99.99|0.03|-2.17|d960c01a9c0684d4
37|2025-12-13T16:53:53.2140000+08:00|40001583|高贝扎|000001E0|25702206||||||99.99|99.99|0.03|-2.17|964b19f90e3db6f4
21|2025-12-13T16:53:53.4810000+08:00|10530A8D|小祥客服|1CEA|六道轮回|40001583|高贝扎|754003|68B80000|0|0|0|0|0|0|0|0|0|0|0|0|0|0|25702206|26635080|10000|10000|||99.99|99.99|0.03|-2.17|32599|145489|10000|10000|||97.69|95.70|0.03|0.80|000001E1|0|1|00||01|1CEA|1CEA|0.600|9782|0448db7510052c14
264|2025-12-13T16:53:53.4810000+08:00|10530A8D|1CEA|000001E1|0||||0.577|40001583|654dc5cfa1b20e52
31|2025-12-13T16:53:53.4810000+08:00|10530A8D|14001E|02|00|00|4d1260ab41c1d42f
39|2025-12-13T16:53:53.7930000+08:00|4000159D|分身|145078|145078|10000|10000|||96.65|95.30|0.03|0.62|8cd0189d98257e05
37|2025-12-13T16:53:54.1050000+08:00|40001583|高贝扎|000001E1|25675398||||||99.99|99.99|0.03|-2.17|91597721df61a979
21|2025-12-13T16:53:54.1940000+08:00|10530A8D|小祥客服|07|攻击|40001583|高贝扎|714003|13E40000|0|0|0|0|0|0|0|0|0|0|0|0|0|0|25675398|26635080|10000|10000|||99.99|99.99|0.03|-2.17|32599|145489|10000|10000|||98.95|95.73|0.03|1.68|000001E2|0|1|00||01|07|07|0.100|C493|9caee44d29d44328
264|2025-12-13T16:53:54.1940000+08:00|10530A8D|0007|000001E2|0||||1.683|40001583|4a5bf44722e578a4
37|2025-12-13T16:53:54.7290000+08:00|40001583|高贝扎|000001E2|25670306||||||99.99|99.99|0.03|-2.17|b9e45ebf8dbdd06c
261|2025-12-13T16:53:54.2790000+08:00|Change|4000159D|Heading|0.6199|ModelStatus|8388608|PosX|96.6454|PosY|95.3047|c1f0e5e1b6d7f076
21|2025-12-13T16:53:54.8180000+08:00|10530A8D|小祥客服|8C2|绝风|40001583|高贝扎|28714003|61C40000|53E|9F8000|11B|8C28000|0|0|0|0|0|0|0|0|0|0|25675398|26635080|10000|10000|||99.99|99.99|0.03|-2.17|32599|145489|10000|10000|||98.95|95.73|0.03|1.68|000001E3|0|1|00||01|8C2|8C2|0.600|89C2|b303940a3060b366
264|2025-12-13T16:53:54.8180000+08:00|10530A8D|08C2|000001E3|0||||0.239|40001583|3aa79ce959eae642
31|2025-12-13T16:53:54.8180000+08:00|10530A8D|1519001E|02|00|00|56501c4b24ea3775
31|2025-12-13T16:53:54.8630000+08:00|10530A8D|19001E|02|00|00|80bc7934cb3dd47c
04|2025-12-13T16:53:54.6560000+08:00|4000159D|分身|00|64|10530A8D|00||8313|10897|145078|145078|10000|10000|||96.65|95.30|0.03|0.62|74254612df38e927
261|2025-12-13T16:53:54.6560000+08:00|Remove|4000159D|fd5f64f4b5a62015
37|2025-12-13T16:53:55.2190000+08:00|40001583|高贝扎|000001E3|25645278||||||99.99|99.99|0.03|-2.17|5a40482ab23044e9
39|2025-12-13T16:53:55.3980000+08:00|10530A8D|小祥客服|34053|145489|10000|10000|||101.45|96.80|0.03|1.52|12a034c7f6e8dc5c
21|2025-12-13T16:53:55.9320000+08:00|40001583|高贝扎|846B|弦月剑|E0000000||0|0|0|0|0|0|0|0|0|0|0|0|0|0|0|0|||||||||||25645278|26635080|10000|10000|||99.99|99.99|0.03|-2.17|000001E4|0|0|00||01|846B|846B|3.500|2793|8c139c2d1eb93034
264|2025-12-13T16:53:55.9320000+08:00|40001583|846B|000001E4|1|0.000|0.000|0.000|-2.170|40001583|d4cf6554f886bd6c
261|2025-12-13T16:53:55.4640000+08:00|Change|40001583|CastBuffID|0|CastDurationCurrent|0.0000|CastDurationMax|0.0000|CastTargetID|E0000000|Heading|-2.1703|IsCasting1|0|IsCasting2|0|53bca7b66f64b384
21|2025-12-13T16:53:56.3780000+08:00|10530A8D|小祥客服|07|攻击|40001583|高贝扎|714003|14290000|0|0|0|0|0|0|0|0|0|0|0|0|0|0|25645278|26635080|10000|10000|||99.99|99.99|0.03|-2.17|34053|145489|10000|10000|||103.62|97.68|0.03|0.50|000001E5|0|1|00||01|07|07|0.100|AC69|b64ae71d24ed66fc
264|2025-12-13T16:53:56.3780000+08:00|10530A8D|0007|000001E5|0||||1.090|40001583|8e174334ea19f848
37|2025-12-13T16:53:56.9120000+08:00|40001583|高贝扎|000001E5|25640117||||||99.99|99.99|0.03|-2.17|4eae5abda5b4b7ba
21|2025-12-13T16:53:56.9570000+08:00|10530A8D|小祥客服|DEB|强甲破点突|40001583|高贝扎|34710003|63BD0000|23E|1478000|A3E|9F8000|53E|9F8000|11B|DEB8000|0|0|0|0|0|0|25645278|26635080|10000|10000|||99.99|99.99|0.03|-2.17|34053|145489|10000|10000|||102.62|97.81|0.03|-0.88|000001E6|0|1|00||01|DEB|DEB|0.600|5C42|521e7592ceb61cac
31|2025-12-13T16:53:56.9570000+08:00|10530A8D|28001E|04|00|00|1ce21f0560d19f30
264|2025-12-13T16:53:56.9570000+08:00|10530A8D|0DEB|000001E6|0||||-0.877|40001583|c2a04e1781d2bee5
37|2025-12-13T16:53:57.5810000+08:00|40001583|高贝扎|000001E6|25614584||||||99.99|99.99|0.03|-2.17|678f6a890439c0ee
21|2025-12-13T16:53:57.6700000+08:00|10530A8D|小祥客服|1D75|内丹|10530A8D|小祥客服|4|7F5A0000|0|0|0|0|0|0|0|0|0|0|0|0|0|0|34053|145489|10000|10000|||102.62|97.81|0.03|-0.88|34053|145489|10000|10000|||102.62|97.81|0.03|-0.88|000001E7|0|1|00||01|1D75|1D75|0.600|5C42|0158519afd521bf0
264|2025-12-13T16:53:57.6700000+08:00|10530A8D|1D75|000001E7|0||||-0.877|10530A8D|31a995283b35c748
37|2025-12-13T16:53:58.2930000+08:00|10530A8D|小祥客服|000001E7|66655||||||102.62|97.81|0.03|-0.88|41063233ceda9c5f
39|2025-12-13T16:53:58.3830000+08:00|10530A8D|小祥客服|68109|145489|10000|10000|||102.82|97.72|0.03|-0.41|5820524022be574f
21|2025-12-13T16:53:58.5610000+08:00|10530A8D|小祥客服|07|攻击|40001583|高贝扎|712003|16A10000|0|0|0|0|0|0|0|0|0|0|0|0|0|0|25614584|26635080|10000|10000|||99.99|99.99|0.03|-2.17|68109|145489|10000|10000|||102.88|96.65|0.03|2.12|000001E8|0|1|00||01|07|07|0.100|5D8F|f9492f4ca8db112a
264|2025-12-13T16:53:58.5610000+08:00|10530A8D|0007|000001E8|0||||-0.845|40001583|b4ccc13116e2f20c
21|2025-12-13T16:53:59.0510000+08:00|10530A8D|小祥客服|8C0|双刃旋|40001583|高贝扎|714003|49620000|53E|9F8000|1B|8C08000|0|0|0|0|0|0|0|0|0|0|25614584|26635080|10000|10000|||99.99|99.99|0.03|-2.17|68109|145489|10000|10000|||102.88|96.65|0.03|-2.87|000001E9|0|1|00||01|8C0|8C0|0.600|62FB|5fb4abe8c93440d6
264|2025-12-13T16:53:59.0510000+08:00|10530A8D|08C0|000001E9|0||||-0.712|40001583|a014e4c862607440
31|2025-12-13T16:53:59.0510000+08:00|10530A8D|2D001E|04|00|00|b1a409f13165726c
37|2025-12-13T16:53:59.0960000+08:00|40001583|高贝扎|000001E8|25608791||||||99.99|99.99|0.03|-2.17|4ad429d8e7c06059
37|2025-12-13T16:53:59.4520000+08:00|40001583|高贝扎|000001E9|25590005||||||99.99|99.99|0.03|-2.17|ba70c23f1fa8d931
270|2025-12-13T16:53:59.4520000+08:00|40001583|-2.7232|0000|005A|100.0092|100.0092|0.1831|7fc91f4fe9850c19
270|2025-12-13T16:53:59.7640000+08:00|40001583|2.4318|0000|005A|100.0092|100.0092|0.1831|2783561fdea92485
21|2025-12-13T16:53:59.9420000+08:00|40001583|高贝扎|844B|unknown_844b|10530A8D|小祥客服|1|0|0|0|0|0|0|0|0|0|0|0|0|0|0|0|68109|145489|10000|10000|||102.88|96.65|0.03|-0.71|25590005|26635080|10000|10000|||99.99|99.99|0.03|-2.96|000001EA|0|1|00||01|844B|844B|0.100|E315|f20f7c04fb77a8bf
264|2025-12-13T16:53:59.9420000+08:00|40001583|844B|000001EA|0||||2.432|10530A8D|30fb39d87d95d44c
261|2025-12-13T16:53:59.5490000+08:00|Change|40001583|Heading|2.4319|PosX|99.9923|PosY|99.9923|PosZ|0.0300|b1eeab42eb69d878
21|2025-12-13T16:54:00.7440000+08:00|10530A8D|小祥客服|07|攻击|40001583|高贝扎|712003|17010000|0|0|0|0|0|0|0|0|0|0|0|0|0|0|25590005|26635080|10000|10000|||99.99|99.99|0.03|2.43|68109|145489|10000|10000|||102.91|96.73|0.03|0.36|000001EB|0|1|00||01|07|07|0.100|8E93|a13ac56b0eb4ca57
264|2025-12-13T16:54:00.7440000+08:00|10530A8D|0007|000001EB|0||||0.358|40001583|9ce9f11cb3fefd50
21|2025-12-13T16:54:01.1450000+08:00|10530A8D|小祥客服|8C2|绝风|40001583|高贝扎|28714003|65E80000|53E|9F8000|11B|8C28000|0|0|0|0|0|0|0|0|0|0|25590005|26635080|10000|10000|||99.99|99.99|0.03|2.43|68109|145489|10000|10000|||102.91|96.73|0.03|-0.73|000001EC|0|1|00||01|8C2|8C2|0.600|624E|b3e07d2b0b0acf03
31|2025-12-13T16:54:01.1450000+08:00|10530A8D|32001E|04|00|00|54a3a1436ceea936
264|2025-12-13T16:54:01.1450000+08:00|10530A8D|08C2|000001EC|0||||-0.729|40001583|4f5e1fb320cc582a
37|2025-12-13T16:54:01.2790000+08:00|40001583|高贝扎|000001EB|25584116||||||99.99|99.99|0.03|2.43|385a1ae99481c4da
39|2025-12-13T16:54:01.4120000+08:00|10530A8D|小祥客服|69563|145489|10000|10000|||102.91|96.73|0.03|-0.73|cc290969762d03ff
37|2025-12-13T16:54:01.5460000+08:00|40001583|高贝扎|000001EC|25558028||||||99.99|99.99|0.03|2.43|bdb5b5a12d460961
21|2025-12-13T16:54:02.2160000+08:00|10530A8D|小祥客服|1CEA|六道轮回|40001583|高贝扎|754003|6B020000|0|0|0|0|0|0|0|0|0|0|0|0|0|0|25558028|26635080|10000|10000|||99.99|99.99|0.03|2.43|69563|145489|10000|10000|||101.74|97.80|0.03|-0.83|000001ED|0|1|00||01|1CEA|1CEA|0.600|64A3|8735fb1b66eddeb5
264|2025-12-13T16:54:02.2160000+08:00|10530A8D|1CEA|000001ED|0||||-0.672|40001583|c05ba9518255d5a0
31|2025-12-13T16:54:02.2160000+08:00|10530A8D|1E|04|00|00|212630c4f407c3c3
270|2025-12-13T16:54:02.3050000+08:00|40001583|2.4807|0000|005A|100.0092|100.0092|0.1831|7ea8b677becadfdf
21|2025-12-13T16:54:02.5730000+08:00|40001583|高贝扎|84B8|unknown_84b8|E0000000||0|0|0|0|0|0|0|0|0|0|0|0|0|0|0|0|||||||||||25558028|26635080|10000|10000|||99.99|99.99|0.03|2.46|000001EE|0|0|00||01|84B8|84B8|2.100|E513|6b0bc2558b334ad3
264|2025-12-13T16:54:02.5730000+08:00|40001583|84B8|000001EE|1|100.009|100.009|0.000|2.481|E0000000|26941609d675d98f
37|2025-12-13T16:54:02.8400000+08:00|40001583|高贝扎|000001ED|25530634||||||99.99|99.99|0.03|2.48|c7d6a9178d37e44a
21|2025-12-13T16:54:02.9300000+08:00|10530A8D|小祥客服|07|攻击|40001583|高贝扎|714003|138F0000|0|0|0|0|0|0|0|0|0|0|0|0|0|0|25530634|26635080|10000|10000|||99.99|99.99|0.03|2.48|69563|145489|10000|10000|||98.97|100.37|0.03|-0.74|000001EF|0|1|00||01|07|07|0.100|608D|576b82d3ea6c4e64
264|2025-12-13T16:54:02.9300000+08:00|10530A8D|0007|000001EF|0||||-0.772|40001583|97f528ff39ad74fa
21|2025-12-13T16:54:03.3310000+08:00|10530A8D|小祥客服|8CF|旋风刃|40001583|高贝扎|24712003|995A0000|A3E|9F8000|53E|9F8000|11B|8CF8000|0|0|0|0|0|0|0|0|25530634|26635080|10000|10000|||99.99|99.99|0.03|2.48|69563|145489|10000|10000|||97.88|100.32|0.03|1.38|000001F0|0|1|00||01|8CF|8CF|0.600|BDF3|dc9de75c3a56de91
264|2025-12-13T16:54:03.3310000+08:00|10530A8D|08CF|000001F0|0||||1.520|40001583|81af1511bcfda3a5
31|2025-12-13T16:54:03.3310000+08:00|10530A8D|F001E|03|00|00|1c97aab3aa07c260
37|2025-12-13T16:54:03.4650000+08:00|40001583|高贝扎|000001EF|25525627||||||99.99|99.99|0.03|2.48|822aa7983648647f
261|2025-12-13T16:54:03.0890000+08:00|Change|10530A8D|Heading|-0.1199|PosX|97.7166|PosY|101.4002|PosZ|0.0300|0037b1444d54aca9
270|2025-12-13T16:54:03.5980000+08:00|40001583|2.4807|0000|005A|100.0092|100.0092|0.1831|342ad4cf93ccf5b3
37|2025-12-13T16:54:03.8660000+08:00|40001583|高贝扎|000001F0|25486369||||||99.99|99.99|0.03|2.48|6084bc1ee0869476
39|2025-12-13T16:54:04.4010000+08:00|10530A8D|小祥客服|71017|145489|10000|10000|||97.02|102.11|0.03|-0.77|9834f9bed454a724
267|2025-12-13T16:54:04.7130000+08:00|40001583|80034E79|304D|8F64|4000|0|2|0|0|7b40e3520beaed30
00|2025-12-13T16:54:04.0000000+08:00|0044|高贝扎|寒光尖锐！|e671b606ec59612e
20|2025-12-13T16:54:04.8020000+08:00|40001583|高贝扎|845E|极寒突袭|40001583|高贝扎|2.700|99.99|99.99|0.03|2.48|a1e0facff2a53d33
263|2025-12-13T16:54:04.8020000+08:00|40001583|845E|100.009|100.009|0.183|3.141|b135edf482c78214
257|2025-12-13T16:54:04.8020000+08:00|80034E79|00020001|07|||a002ecfe759a13c0
271|2025-12-13T16:54:04.8020000+08:00|4000159C|-3.1416|00|00|107.5000|100.0000|0.0000|45e4730d7acfd397
271|2025-12-13T16:54:04.8020000+08:00|4000159B|-0.0001|00|00|92.5000|100.0000|0.0000|ee770eb88e7ff9f7
270|2025-12-13T16:54:04.8020000+08:00|40001583|3.1415|0000|005A|100.0092|100.0092|0.1831|e7d370fb976914c7
261|2025-12-13T16:54:04.3110000+08:00|Change|40001583|CastBuffID|33886|CastDurationCurrent|0.0150|CastDurationMax|2.7000|CastTargetID|40001583|Heading|2.5039|IsCasting1|1|IsCasting2|1|91b7dd34eac1127f
261|2025-12-13T16:54:04.3110000+08:00|Change|4000159C|Heading|-3.1416|PosX|107.5000|PosY|100.0000|PosZ|0.0300|403cb6d67f24fb4a
261|2025-12-13T16:54:04.3110000+08:00|Change|4000159B|Heading|0.0000|PosX|92.5000|PosY|100.0000|PosZ|0.0300|881508e49b796916
257|2025-12-13T16:54:04.8020000+08:00|80034E79|00020001|02|||f6a73c0f330fc1cc
20|2025-12-13T16:54:04.8470000+08:00|4000159B|高贝扎|8460|极寒突袭|4000159B|高贝扎|3.700|92.50|100.00|0.03|0.00|bca1da31341f74fa
263|2025-12-13T16:54:04.8470000+08:00|4000159B|8460|92.502|100.009|0.000|0.000|07068d5d4ab0f7ff
20|2025-12-13T16:54:04.8470000+08:00|4000159C|高贝扎|8460|极寒突袭|4000159C|高贝扎|3.700|107.50|100.00|0.03|-3.14|61520bd8d3365f63
263|2025-12-13T16:54:04.8470000+08:00|4000159C|8460|107.517|100.009|0.000|-3.142|3a3b93e03cb431ee
261|2025-12-13T16:54:04.5070000+08:00|Change|10530A8D|Heading|2.4068|PosX|99.2450|PosY|105.8920|PosZ|1.7218|cd9dcab967c4e47c
21|2025-12-13T16:54:05.1140000+08:00|10530A8D|小祥客服|07|攻击|40001583|高贝扎|710003|F930000|0|0|0|0|0|0|0|0|0|0|0|0|0|0|25486369|26635080|10000|10000|||99.99|99.99|0.03|2.88|71017|145489|10000|10000|||99.62|106.29|1.83|2.64|000001F1|0|1|00||01|07|07|0.100|A18B|bc8e95f825ad2e3f
264|2025-12-13T16:54:05.1140000+08:00|10530A8D|0007|000001F1|0||||0.823|40001583|2a3f2c2ff6b98cd1
21|2025-12-13T16:54:05.4710000+08:00|10530A8D|小祥客服|8C0|双刃旋|40001583|高贝扎|710003|3C430000|53E|9F8000|1B|8C08000|0|0|0|0|0|0|0|0|0|0|25486369|26635080|10000|10000|||99.99|99.99|0.03|3.14|71017|145489|10000|10000|||101.12|107.86|0.23|-3.10|000001F2|0|1|00||01|8C0|8C0|0.600|0479|8d36c57468778c3c
264|2025-12-13T16:54:05.4710000+08:00|10530A8D|08C0|000001F2|0||||-3.032|40001583|85cc2aba839fc15a
31|2025-12-13T16:54:05.4710000+08:00|10530A8D|14001E|03|00|00|eb29a0c1b09ae3d4
37|2025-12-13T16:54:05.6500000+08:00|40001583|高贝扎|000001F1|25482382||||||99.99|99.99|0.03|3.14|50c60ff9265cc405
37|2025-12-13T16:54:05.8730000+08:00|40001583|高贝扎|000001F2|25466955||||||99.99|99.99|0.03|3.14|3996e3e7b1503d15
21|2025-12-13T16:54:07.2990000+08:00|10530A8D|小祥客服|07|攻击|40001583|高贝扎|710003|F910000|0|0|0|0|0|0|0|0|0|0|0|0|0|0|25466955|26635080|10000|10000|||99.99|99.99|0.03|3.14|71017|145489|10000|10000|||102.27|104.83|0.03|1.53|000001F3|0|1|00||01|07|07|0.100|BE21|36146313e095f714
264|2025-12-13T16:54:07.2990000+08:00|10530A8D|0007|000001F3|0||||1.525|40001583|58918f7b85cfde56
39|2025-12-13T16:54:07.3880000+08:00|10530A8D|小祥客服|72471|145489|10000|10000|||102.27|104.83|0.03|1.53|1ee672088a4e2fae
21|2025-12-13T16:54:07.5670000+08:00|10530A8D|小祥客服|8C2|绝风|40001583|高贝扎|28710003|53570000|53E|9F8000|11B|8C28000|0|0|0|0|0|0|0|0|0|0|25466955|26635080|10000|10000|||99.99|99.99|0.03|3.14|72471|145489|10000|10000|||102.27|104.83|0.03|-2.70|000001F4|0|1|00||01|8C2|8C2|0.600|11F3|98346df730856557
264|2025-12-13T16:54:07.5670000+08:00|10530A8D|08C2|000001F4|0||||-2.701|40001583|a261be49decec316
31|2025-12-13T16:54:07.5670000+08:00|10530A8D|19001E|03|00|00|7eaccf6841fa6fc5
21|2025-12-13T16:54:07.7890000+08:00|40001583|高贝扎|845E|极寒突袭|40001583|高贝扎|1B|845E8000|0|0|0|0|0|0|0|0|0|0|0|0|0|0|25466955|26635080|10000|10000|||99.99|99.99|0.03|3.14|25466955|26635080|10000|10000|||99.99|99.99|0.03|3.14|000001F5|0|1|00||01|845E|845E|3.100|FFFF|bccf8f13157f9d71
264|2025-12-13T16:54:07.7890000+08:00|40001583|845E|000001F5|0||||3.141|40001583|5ca75b1db73692ef
261|2025-12-13T16:54:07.2630000+08:00|Change|40001583|CastDurationCurrent|3.0071|Heading|3.1416|IsCasting1|0|aa7355c0aaee69a0
37|2025-12-13T16:54:07.8340000+08:00|40001583|高贝扎|000001F3|25462970||||||99.99|99.99|0.03|3.14|0f8f44bbc86a07cb
37|2025-12-13T16:54:07.9670000+08:00|40001583|高贝扎|000001F4|25441635||||||99.99|99.99|0.03|3.14|39a702f462e837a6
261|2025-12-13T16:54:07.8710000+08:00|Change|4000159C|CastBuffID|33888|CastDurationCurrent|3.5631|CastDurationMax|3.7000|CastTargetID|4000159C|IsCasting1|1|IsCasting2|1|301800835db85d00
261|2025-12-13T16:54:07.8710000+08:00|Change|4000159B|CastBuffID|33888|CastDurationCurrent|3.5631|CastDurationMax|3.7000|CastTargetID|4000159B|IsCasting1|1|IsCasting2|1|caf794b9d8894158
261|2025-12-13T16:54:07.9620000+08:00|Change|10530A8D|Heading|2.3330|PosX|103.5732|PosY|103.6749|PosZ|0.0300|893776359cc9c275
21|2025-12-13T16:54:08.8140000+08:00|4000159B|高贝扎|8460|极寒突袭|E0000000||0|0|0|0|0|0|0|0|0|0|0|0|0|0|0|0|||||||||||44|44|0|10000|||92.50|100.00|0.03|0.00|000001F6|0|0|00||01|8460|8460|1.100|7FFF|d770564aabf70c47
264|2025-12-13T16:54:08.8140000+08:00|4000159B|8460|000001F6|1|0.000|0.000|0.000|0.000|4000159B|d55e97d051639ba7
21|2025-12-13T16:54:08.8140000+08:00|4000159C|高贝扎|8460|极寒突袭|E0000000||0|0|0|0|0|0|0|0|0|0|0|0|0|0|0|0|||||||||||44|44|0|10000|||107.50|100.00|0.03|-3.14|000001F7|0|0|00||01|8460|8460|1.100|0000|77f239d8806575b8
264|2025-12-13T16:54:08.8140000+08:00|4000159C|8460|000001F7|1|0.000|0.000|0.000|-3.142|4000159C|7f8cfb26e447563b
261|2025-12-13T16:54:08.1450000+08:00|Change|4000159B|CastBuffID|0|CastDurationCurrent|0.0000|CastDurationMax|0.0000|CastTargetID|E0000000|IsCasting1|0|IsCasting2|0|c9fd6f365607d526
261|2025-12-13T16:54:08.1450000+08:00|Change|4000159C|CastBuffID|0|CastDurationCurrent|0.0000|CastDurationMax|0.0000|CastTargetID|E0000000|IsCasting1|0|IsCasting2|0|b7b53bb51aebf7bc
257|2025-12-13T16:54:08.9030000+08:00|80034E79|00080004|02|||11754ef9d6cd74aa
257|2025-12-13T16:54:08.9030000+08:00|80034E79|00080004|07|||7dbcc82edf3ed5b8
21|2025-12-13T16:54:09.4820000+08:00|10530A8D|小祥客服|07|攻击|40001583|高贝扎|710003|F580000|0|0|0|0|0|0|0|0|0|0|0|0|0|0|25441635|26635080|10000|10000|||99.99|99.99|0.03|3.14|72471|145489|10000|10000|||102.45|103.17|0.03|-1.56|000001F8|0|1|00||01|07|07|0.100|406A|9956fe9152bffeac
264|2025-12-13T16:54:09.4820000+08:00|10530A8D|0007|000001F8|0||||-1.561|40001583|d6f9740f2a1398e2
21|2025-12-13T16:54:09.6610000+08:00|10530A8D|小祥客服|8CF|旋风刃|40001583|高贝扎|2A714003|8B420000|A3E|9F8000|53E|9F8000|11B|8CF8000|0|0|0|0|0|0|0|0|25441635|26635080|10000|10000|||99.99|99.99|0.03|3.14|72471|145489|10000|10000|||102.48|103.17|0.03|-2.53|000001F9|0|1|00||01|8CF|8CF|0.600|1AD8|1e9d434728aaa3b7
264|2025-12-13T16:54:09.6610000+08:00|10530A8D|08CF|000001F9|0||||-2.483|40001583|b24fc81db2ddb4d9
31|2025-12-13T16:54:09.6610000+08:00|10530A8D|28001E|02|00|00|ee4dbfb79294702a
37|2025-12-13T16:54:10.0170000+08:00|40001583|高贝扎|000001F8|25437707||||||99.99|99.99|0.03|3.14|675d9b44db1d406b
37|2025-12-13T16:54:10.1960000+08:00|40001583|高贝扎|000001F9|25402057||||||99.99|99.99|0.03|3.14|0e89adedbfbb86af
39|2025-12-13T16:54:10.4190000+08:00|10530A8D|小祥客服|73925|145489|10000|10000|||106.92|104.22|0.03|1.16|1599459c7ce6e72a
261|2025-12-13T16:54:10.0600000+08:00|Change|10530A8D|Heading|1.7330|PosX|108.5259|PosY|104.4658|PosZ|0.0300|7ab080c56a40adfb
267|2025-12-13T16:54:11.0870000+08:00|40001583|80034E79|304D|8F5F|4000|0|2|0|0|c95403bdafaf227b
00|2025-12-13T16:54:10.0000000+08:00|0044|高贝扎|别来妨碍我！|4dac1c5b13883a16
270|2025-12-13T16:54:11.1320000+08:00|40001583|1.0807|0000|005A|100.0092|100.0092|0.1831|434e22e62ee68d36
20|2025-12-13T16:54:11.1760000+08:00|40001583|高贝扎|846B|弦月剑|40001583|高贝扎|4.700|99.99|99.99|0.03|3.14|4c8db9dce9db5fe2
263|2025-12-13T16:54:11.1760000+08:00|40001583|846B|100.009|100.009|0.183|1.081|183b2ae4e4d151e5
261|2025-12-13T16:54:10.6580000+08:00|Change|40001583|CastBuffID|33899|CastDurationCurrent|0.0183|CastDurationMax|4.7000|Heading|3.0537|IsCasting1|1|3d424f568a56252e
261|2025-12-13T16:54:10.8790000+08:00|Change|10530A8D|Heading|1.7779|PosX|113.4966|PosY|103.4932|PosZ|0.0300|13f0cefa52ce31ab
31|2025-12-13T16:54:12.0680000+08:00|10530A8D|1E|00|00|00|31221e8d379307a8
38|2025-12-13T16:54:12.0680000+08:00|10530A8D|小祥客服|0064641E|0|145489|0|10000|0||116.98|101.89|-1.66|2.14|0|0|0|9d912e75b7292a8b
30|2025-12-13T16:54:12.0680000+08:00|6FD|受伤加重|0.00|4000159C|高贝扎|10530A8D|小祥客服|01|145489|44|404d0ddab35ed772
261|2025-12-13T16:54:11.5770000+08:00|Change|10530A8D|CurrentMP|0|Heading|2.1361|PCTargetID|0|PosX|117.3299|PosY|101.6572|PosZ|-2.6216|9b5083092927f9e1
261|2025-12-13T16:54:11.6870000+08:00|Change|40001583|CastDurationCurrent|0.9891|Heading|1.0808|NPCTargetID|E0000000|4f7cc6f6b36a6b87
261|2025-12-13T16:54:11.9390000+08:00|Change|10530A8D|Heading|2.1361|PosX|118.5546|PosY|100.8290|PosZ|-7.7386|c56e81ccb42139c4
261|2025-12-13T16:54:12.2690000+08:00|Change|10530A8D|Heading|2.1361|PosX|119.7140|PosY|100.0449|PosZ|-14.6319|f7303160d77231e4
261|2025-12-13T16:54:12.5040000+08:00|Change|10530A8D|Heading|2.1361|PosX|120.8660|PosY|99.2659|PosZ|-21.6802|aec07312a31d0d88
33|2025-12-13T16:54:13.0930000+08:00|80034E79|40000005|00|00|00|00|840f5d33efcdabd4
260|2025-12-13T16:54:12.7260000+08:00|1|0|0|1|1922ec88c88b03eb
25|2025-12-13T16:54:14.0730000+08:00|10530A8D|小祥客服|E0000000||146f36eddcfc8836
261|2025-12-13T16:54:13.9690000+08:00|Change|10530A8D|Heading|2.1361|PosX|126.0520|PosY|95.7589|PosZ|-53.4847|262f8899d8d747e4
271|2025-12-13T16:54:14.5640000+08:00|10530A8D|-3.1416|19|02|100.6450|112.5060|0.0300|ccd3062095ceb06b
261|2025-12-13T16:54:15.1720000+08:00|Change|10530A8D|Heading|-3.1416|PosX|100.6450|PosY|112.5060|PosZ|0.0300|5b4169c0b57b45c4
33|2025-12-13T16:54:16.1700000+08:00|80034E79|8000000D|00|00|00|00|b84dc0a5807bb626
33|2025-12-13T16:54:16.1700000+08:00|80034E79|80000029|00|00|00|00|826e903af5a494ca
33|2025-12-13T16:54:16.1700000+08:00|80034E79|40000013|00|00|00|00|456600d143f1a526
33|2025-12-13T16:54:16.3020000+08:00|80034E79|8000000D|01|00|00|00|cc84e89bb3333032
257|2025-12-13T16:54:16.3020000+08:00|80034E79|00040004|00|||1bb17f7466d0c8f8
257|2025-12-13T16:54:16.3020000+08:00|80034E79|00040004|01|||50c8cde8b89beb69
257|2025-12-13T16:54:16.3020000+08:00|80034E79|00040004|03|||df9d20ec97289d1d
257|2025-12-13T16:54:16.3020000+08:00|80034E79|00040004|04|||39a1f3f98159468b
257|2025-12-13T16:54:16.3020000+08:00|80034E79|00040004|05|||01dc4e27d913fd15
257|2025-12-13T16:54:16.3020000+08:00|80034E79|00040004|07|||e1d24050b73c5545
257|2025-12-13T16:54:16.3020000+08:00|80034E79|00040004|08|||b9a2e0adb2c9f026
257|2025-12-13T16:54:16.3020000+08:00|80034E79|00040004|0B|||b06055e367ea7a7e
257|2025-12-13T16:54:16.3020000+08:00|80034E79|00040004|0A|||bdace164d34c7549
257|2025-12-13T16:54:16.3020000+08:00|80034E79|00040004|0D|||7412f4cd46c47e5e
257|2025-12-13T16:54:16.3020000+08:00|80034E79|00040004|0C|||17410218c9aff5f8
257|2025-12-13T16:54:16.3020000+08:00|80034E79|00040004|02|||5ffdcbe83d568a3e
31|2025-12-13T16:54:16.3020000+08:00|10530A8D|1E|00|00|00|19b6d9e8df9df455
257|2025-12-13T16:54:16.3020000+08:00|80034E79|00040004|09|||e338b604958c1283
33|2025-12-13T16:54:16.3020000+08:00|80034E79|4000000F|DDE|00|00|00|48142e287979f84a
257|2025-12-13T16:54:16.3020000+08:00|80034E79|00040004|06|||bd6b32f6eb080a8e
272|2025-12-13T16:54:16.3930000+08:00|400015A0|E0000000|0000|00|2fc1fb9e17220853
272|2025-12-13T16:54:16.3930000+08:00|400015A2|E0000000|0000|00|a3ce675edf2c59c4
272|2025-12-13T16:54:16.3930000+08:00|400015A3|E0000000|0000|00|5dcb9df6088fd831
272|2025-12-13T16:54:16.3930000+08:00|400015A5|E0000000|0000|00|84964a6251a53fc0
272|2025-12-13T16:54:16.3930000+08:00|400015A6|E0000000|0000|00|72f44d6045788157
272|2025-12-13T16:54:16.3930000+08:00|400015A7|E0000000|0000|00|1c9b9559133910f5
272|2025-12-13T16:54:16.3930000+08:00|400015A9|E0000000|0000|00|eac221ccaaa09974
272|2025-12-13T16:54:16.3930000+08:00|400015AA|E0000000|0000|00|adbe9659b4b90cae
272|2025-12-13T16:54:16.3930000+08:00|400015AB|E0000000|0000|00|7f93d9f6160417b7
272|2025-12-13T16:54:16.3930000+08:00|400015A8|E0000000|0000|00|5752e30577e17e4c
272|2025-12-13T16:54:16.3930000+08:00|400015A1|E0000000|0000|00|06b2f0230e50c5ce
272|2025-12-13T16:54:16.3930000+08:00|400015AE|E0000000|0000|00|2a851162ca934704
272|2025-12-13T16:54:16.3930000+08:00|400015A4|E0000000|0000|00|79c45c03854d480a
272|2025-12-13T16:54:16.3930000+08:00|400015AF|E0000000|0000|00|33090c71570326fd
272|2025-12-13T16:54:16.3930000+08:00|400015B0|E0000000|0000|00|1d6dbf564357ac05
272|2025-12-13T16:54:16.3930000+08:00|400015B1|E0000000|0000|00|a1eed430fe1b3aa9
272|2025-12-13T16:54:16.3930000+08:00|400015B2|E0000000|0000|00|301c621cf376c10b
272|2025-12-13T16:54:16.3930000+08:00|400015B3|E0000000|0000|00|064bd12d0870538d
272|2025-12-13T16:54:16.3930000+08:00|400015B4|E0000000|0000|00|31211427768c49da
272|2025-12-13T16:54:16.3930000+08:00|400015AC|E0000000|0000|00|db048c0ad9025130
272|2025-12-13T16:54:16.3930000+08:00|400015B5|E0000000|0000|00|6847662be034b294
272|2025-12-13T16:54:16.3930000+08:00|400015AD|E0000000|0000|00|379a528a0ad8e923
04|2025-12-13T16:54:16.1940000+08:00|40001581|高贝扎的幻影|00|5A|0000|00||12366|16218|69200|69200|10000|10000|||100.00|100.00|0.03|-3.14|91fbfbf8174c7e4f
04|2025-12-13T16:54:16.1940000+08:00|4000156E|风球|00|5A|0000|00||12368|16214|69200|69200|10000|10000|||100.00|100.00|0.03|-3.14|8718c53bc3debe87
04|2025-12-13T16:54:16.1940000+08:00|40001574|风球|00|5A|0000|00||12368|16214|69200|69200|10000|10000|||100.00|100.00|0.03|-3.14|ebcf5b74bb8aadae
04|2025-12-13T16:54:16.1940000+08:00|40001579|风球|00|5A|0000|00||12368|16214|69200|69200|10000|10000|||100.00|100.00|0.03|-3.14|926c7bd52f09bd35
261|2025-12-13T16:54:16.1940000+08:00|Add|400015A0|BNpcID|3F56|BNpcNameID|3050|CastTargetID|E0000000|CurrentMP|10000|CurrentWorldID|65535|Heading|-3.1416|Level|90|MaxHP|69200|MaxMP|10000|ModelStatus|18432|Name|风球|NPCTargetID|E0000000|PosX|100.0000|PosY|100.0000|PosZ|0.0300|Radius|1.0000|Type|2|WorldID|65535|07c84ac87b4aa5a1
04|2025-12-13T16:54:16.1940000+08:00|40001571|风球|00|5A|0000|00||12368|16214|69200|69200|10000|10000|||100.00|100.00|0.03|-3.14|1d110dcac1a90ead
04|2025-12-13T16:54:16.1940000+08:00|4000157C|风球|00|5A|0000|00||12368|16214|69200|69200|10000|10000|||100.00|100.00|0.03|-3.14|6487a75b479f393e
261|2025-12-13T16:54:16.1940000+08:00|Add|400015A1|BNpcID|3F56|BNpcNameID|3050|CastTargetID|E0000000|CurrentMP|10000|CurrentWorldID|65535|Heading|-3.1416|Level|90|MaxHP|69200|MaxMP|10000|ModelStatus|18432|Name|风球|NPCTargetID|E0000000|PosX|100.0000|PosY|100.0000|PosZ|0.0300|Radius|1.0000|Type|2|WorldID|65535|4e5457209bb03939
04|2025-12-13T16:54:16.1940000+08:00|4000157B|风球|00|5A|0000|00||12368|16214|69200|69200|10000|10000|||100.00|100.00|0.03|-3.14|a28cfaf0ba045a3f
04|2025-12-13T16:54:16.1940000+08:00|40001575|风球|00|5A|0000|00||12368|16214|69200|69200|10000|10000|||100.00|100.00|0.03|-3.14|4a6ffee0ef48c9af
261|2025-12-13T16:54:16.1940000+08:00|Add|400015A2|BNpcID|3F56|BNpcNameID|3050|CastTargetID|E0000000|CurrentMP|10000|CurrentWorldID|65535|Heading|-3.1416|Level|90|MaxHP|69200|MaxMP|10000|ModelStatus|18432|Name|风球|NPCTargetID|E0000000|PosX|100.0000|PosY|100.0000|PosZ|0.0300|Radius|1.0000|Type|2|WorldID|65535|c9872abacdda3f1e
04|2025-12-13T16:54:16.1940000+08:00|40001580|高贝扎的幻影|00|5A|0000|00||12366|16218|69200|69200|10000|10000|||100.00|100.00|0.03|-3.14|9d2d90b72787b5e4
04|2025-12-13T16:54:16.1940000+08:00|4000157E|高贝扎的幻影|00|5A|0000|00||12366|16218|69200|69200|10000|10000|||100.00|100.00|0.03|-3.14|fd2d4c47e42ad9e6
261|2025-12-13T16:54:16.1940000+08:00|Remove|4000156C|a4664d1a40520c89
04|2025-12-13T16:54:16.1940000+08:00|4000157A|风球|00|5A|0000|00||12368|16214|69200|69200|10000|10000|||100.00|100.00|0.03|-3.14|9cced51e5a3ef269
261|2025-12-13T16:54:16.1940000+08:00|Remove|4000156E|635f9f4ac7d7a760
04|2025-12-13T16:54:16.1940000+08:00|40001573|风球|00|5A|0000|00||12368|16214|69200|69200|10000|10000|||100.00|100.00|0.03|-3.14|dc937627cfe16af8
261|2025-12-13T16:54:16.1940000+08:00|Remove|4000156F|6c7d85319bc9cadd
04|2025-12-13T16:54:16.1940000+08:00|40001578|风球|00|5A|0000|00||12368|16214|69200|69200|10000|10000|||100.00|100.00|0.03|-3.14|e9df5df6dc49a8bd
261|2025-12-13T16:54:16.1940000+08:00|Remove|40001570|b8fee5f54047dd71
04|2025-12-13T16:54:16.1940000+08:00|40001576|风球|00|5A|0000|00||12368|16214|69200|69200|10000|10000|||100.00|100.00|0.03|-3.14|7523d8730b65a525
261|2025-12-13T16:54:16.1940000+08:00|Remove|40001571|b1c7bf2144a5a25b
04|2025-12-13T16:54:16.1940000+08:00|40001582|黑龙|00|5A|0000|00||12367|16213|69200|69200|10000|10000|||100.00|100.00|0.03|0.00|6465b48dda79c436
261|2025-12-13T16:54:16.1940000+08:00|Remove|40001572|abf29868512de43f
04|2025-12-13T16:54:16.1940000+08:00|40001577|风球|00|5A|0000|00||12368|16214|69200|69200|10000|10000|||100.00|100.00|0.03|-3.14|4edcfb0a3d8ad0c5
261|2025-12-13T16:54:16.1940000+08:00|Remove|40001573|dc26b9d1f67ea73b
04|2025-12-13T16:54:16.1940000+08:00|4000157D|风球|00|5A|0000|00||12368|16214|69200|69200|10000|10000|||100.00|100.00|0.03|-3.14|317710d0850fccb1
261|2025-12-13T16:54:16.1940000+08:00|Remove|40001574|f604a07fbb931c7b
04|2025-12-13T16:54:16.1940000+08:00|40001572|风球|00|5A|0000|00||12368|16214|69200|69200|10000|10000|||100.00|100.00|0.03|-3.14|429a605d2b5840ce
261|2025-12-13T16:54:16.1940000+08:00|Remove|40001575|28402e146d441eb4
261|2025-12-13T16:54:16.1940000+08:00|Remove|40001576|f76d35a180ba6ff1
261|2025-12-13T16:54:16.1940000+08:00|Remove|40001577|c3eac08194eba3a3
261|2025-12-13T16:54:16.1940000+08:00|Remove|40001578|6ff74e98a4e08d74
04|2025-12-13T16:54:16.1940000+08:00|40001585|高贝扎|00|1|0000|00||12365|9020|44|44|0|10000|||100.00|90.00|0.03|0.00|74c21cc93e6acd33
261|2025-12-13T16:54:16.1940000+08:00|Remove|40001579|56511d448bdd16c1
04|2025-12-13T16:54:16.1940000+08:00|40001586|高贝扎|00|1|0000|00||12365|9020|44|44|0|10000|||100.00|90.00|0.03|0.00|2de461d58714ef11
261|2025-12-13T16:54:16.1940000+08:00|Remove|4000157A|57af0019838fe54e
04|2025-12-13T16:54:16.1940000+08:00|4000159C|高贝扎|00|1|0000|00||12365|9020|44|44|0|10000|||107.50|100.00|0.03|-3.14|ad1572f34c5d58f6
261|2025-12-13T16:54:16.1940000+08:00|Remove|4000157B|8114cc9d02e73781
261|2025-12-13T16:54:16.1940000+08:00|Remove|4000157C|eb448401361f303b
261|2025-12-13T16:54:16.1940000+08:00|Remove|4000157D|02d0a90baa281af4
261|2025-12-13T16:54:16.1940000+08:00|Remove|4000157E|e7dedcfe0fbe4ec9
04|2025-12-13T16:54:16.1940000+08:00|40001590|高贝扎|00|1|0000|00||12365|9020|44|44|0|10000|||100.00|90.00|0.03|0.00|9d97c942b7bbfb02
261|2025-12-13T16:54:16.1940000+08:00|Remove|4000157F|6646199c57a75bb7
04|2025-12-13T16:54:16.1940000+08:00|4000158C|高贝扎|00|1|0000|00||12365|9020|44|44|0|10000|||100.00|90.00|0.03|0.00|b83c357acbd13068
261|2025-12-13T16:54:16.1940000+08:00|Remove|40001580|a73d87dde6f80c48
04|2025-12-13T16:54:16.1940000+08:00|4000158B|高贝扎|00|1|0000|00||12365|9020|44|44|0|10000|||100.00|90.00|0.03|0.00|362795d20ccd52a8
261|2025-12-13T16:54:16.1940000+08:00|Remove|40001581|5587a206fe7fbc81
04|2025-12-13T16:54:16.1940000+08:00|40001589|高贝扎|00|1|0000|00||12365|9020|44|44|0|10000|||100.00|90.00|0.03|0.00|91e33f0aa49101f8
261|2025-12-13T16:54:16.1940000+08:00|Remove|40001582|421871411e9d2d54
04|2025-12-13T16:54:16.1940000+08:00|4000158A|高贝扎|00|1|0000|00||12365|9020|44|44|0|10000|||100.00|90.00|0.03|0.00|b813dc5e0332c4a6
261|2025-12-13T16:54:16.1940000+08:00|Remove|40001583|b2a1372deb9d1ee8
04|2025-12-13T16:54:16.1940000+08:00|4000158D|高贝扎|00|1|0000|00||12365|9020|44|44|0|10000|||100.00|90.00|0.03|0.00|3008071b82b4d031
261|2025-12-13T16:54:16.1940000+08:00|Remove|40001584|f5d0c8db7492e6a1
04|2025-12-13T16:54:16.1940000+08:00|40001588|高贝扎|00|1|0000|00||12365|9020|44|44|0|10000|||100.00|90.00|0.03|0.00|e95603acc32a2208
261|2025-12-13T16:54:16.1940000+08:00|Remove|40001585|d4e4e9bf7e267c30
04|2025-12-13T16:54:16.1940000+08:00|40001597|高贝扎|00|1|0000|00||12365|9020|44|44|0|10000|||100.00|90.00|0.03|0.00|8d6405ec3ce12605
261|2025-12-13T16:54:16.1940000+08:00|Remove|40001586|c73bba78ddf0b918
04|2025-12-13T16:54:16.1940000+08:00|4000158E|高贝扎|00|1|0000|00||12365|9020|44|44|0|10000|||100.00|90.00|0.03|0.00|a3c810ded7a1a0f6
261|2025-12-13T16:54:16.1940000+08:00|Remove|40001587|0ca36b3919f5e740
04|2025-12-13T16:54:16.1940000+08:00|40001584|高贝扎|00|1|0000|00||12365|9020|44|44|0|10000|||100.00|90.00|0.03|0.00|0567dc9e0753244b
261|2025-12-13T16:54:16.1940000+08:00|Remove|40001588|b771763ebabcf5ed
261|2025-12-13T16:54:16.1940000+08:00|Remove|40001589|f6d24e553dc69e12
261|2025-12-13T16:54:16.1940000+08:00|Remove|4000158A|ef161b154d65d3f9
261|2025-12-13T16:54:16.1940000+08:00|Remove|4000158B|5140aa6a7207e024
04|2025-12-13T16:54:16.1940000+08:00|40001587|高贝扎|00|1|0000|00||12365|9020|44|44|0|10000|||100.00|90.00|0.03|0.00|b450017e5ac6fb5e
261|2025-12-13T16:54:16.1940000+08:00|Remove|4000158C|2edd79bda464546f
04|2025-12-13T16:54:16.1940000+08:00|40001595|高贝扎|00|1|0000|00||12365|9020|44|44|0|10000|||100.00|90.00|0.03|0.00|844ed6da9d7f46bc
261|2025-12-13T16:54:16.1940000+08:00|Remove|4000158D|35e011c248b49028
04|2025-12-13T16:54:16.1940000+08:00|40001598|高贝扎|00|1|0000|00||12365|9020|44|44|0|10000|||100.00|90.00|0.03|0.00|806cab2f3ac4268a
261|2025-12-13T16:54:16.1940000+08:00|Remove|4000158E|f26ea8433992d3d1
04|2025-12-13T16:54:16.1940000+08:00|40001599|高贝扎|00|1|0000|00||12365|9020|44|44|0|10000|||100.00|90.00|0.03|0.00|ce91ba8a999b83bf
261|2025-12-13T16:54:16.1940000+08:00|Remove|4000158F|26504f5774404960
04|2025-12-13T16:54:16.1940000+08:00|4000159B|高贝扎|00|1|0000|00||12365|9020|44|44|0|10000|||92.50|100.00|0.03|0.00|ac99dc847d2b75da
261|2025-12-13T16:54:16.1940000+08:00|Remove|40001590|d5f5862e46f0d3a9
261|2025-12-13T16:54:16.1940000+08:00|Remove|40001591|0e5d488aa9c5fd22
261|2025-12-13T16:54:16.1940000+08:00|Remove|40001592|b6f6943a016ec1e7
261|2025-12-13T16:54:16.1940000+08:00|Remove|40001593|84dafe3e9c15f35a
04|2025-12-13T16:54:16.1940000+08:00|4000159A|高贝扎|00|1|0000|00||12365|9020|44|44|0|10000|||100.00|90.00|0.03|0.00|05aa8199a1c6edc2
261|2025-12-13T16:54:16.1940000+08:00|Remove|40001594|35272bd5f951760b
04|2025-12-13T16:54:16.1940000+08:00|4000158F|高贝扎|00|1|0000|00||12365|9020|44|44|0|10000|||100.00|90.00|0.03|0.00|5d5127c5643499c5
261|2025-12-13T16:54:16.1940000+08:00|Remove|40001595|b973eb37f063cfe3
04|2025-12-13T16:54:16.1940000+08:00|40001592|高贝扎|00|1|0000|00||12365|9020|44|44|0|10000|||100.00|90.00|0.03|0.00|b7980899277676cb
261|2025-12-13T16:54:16.1940000+08:00|Remove|40001596|d6e0afa9b311df65
04|2025-12-13T16:54:16.1940000+08:00|40001593|高贝扎|00|1|0000|00||12365|9020|44|44|0|10000|||100.00|90.00|0.03|0.00|aecd192c88af486b
261|2025-12-13T16:54:16.1940000+08:00|Remove|40001597|cc1e234dd4b8a20f
04|2025-12-13T16:54:16.1940000+08:00|40001594|高贝扎|00|1|0000|00||12365|9020|44|44|0|10000|||100.00|90.00|0.03|0.00|b57b34c7c9211cb7
261|2025-12-13T16:54:16.1940000+08:00|Remove|40001598|ef5be0658442629f
04|2025-12-13T16:54:16.1940000+08:00|40001596|高贝扎|00|1|0000|00||12365|9020|44|44|0|10000|||100.00|90.00|0.03|0.00|c4b733c081f951ba
261|2025-12-13T16:54:16.1940000+08:00|Remove|40001599|b106889023553cf4
04|2025-12-13T16:54:16.1940000+08:00|40001591|高贝扎|00|1|0000|00||12365|9020|44|44|0|10000|||100.00|90.00|0.03|0.00|6ab3a9a140461a17
261|2025-12-13T16:54:16.1940000+08:00|Remove|4000159A|beb56c13024c1529
04|2025-12-13T16:54:16.1940000+08:00|40001583|高贝扎|00|5A|0000|00||12365|16212|25402057|26635080|10000|10000|||99.99|99.99|0.03|1.08|e6a2f1fd1cd1129e
261|2025-12-13T16:54:16.1940000+08:00|Remove|4000159B|8ce7fa2857b3a3e0
261|2025-12-13T16:54:16.1940000+08:00|Remove|4000159C|4b5bd5a1db7a86fd
261|2025-12-13T16:54:16.1940000+08:00|Add|4000159E|BNpcID|1E850B|BNpcNameID|9187E984|CastBuffID|256|CastDurationMax|0.0000|CastGroundTargetX|32206.0400|CastGroundTargetY|0.0000|CastGroundTargetZ|175192200000000.0000|CastTargetID|42121A02|Heading|0.0000|Level|109|MaxMP|1795162112|ModelStatus|2304|Name|退出点|NPCTargetID|36000000|PCTargetID|18FA8813|PosX|100.0000|PosY|89.0000|Radius|0.5000|Type|7|WeaponId|3|5715af7736dd61ff
03|2025-12-13T16:54:16.1940000+08:00|400015A5|风球|00|5A|0000|00||12368|16214|69200|69200|10000|10000|||100.00|100.00|0.03|-3.14|a8ddc263260737ff
03|2025-12-13T16:54:16.1940000+08:00|400015A3|风球|00|5A|0000|00||12368|16214|69200|69200|10000|10000|||100.00|100.00|0.03|-3.14|f9c371a0374fd6fe
03|2025-12-13T16:54:16.1940000+08:00|400015A4|风球|00|5A|0000|00||12368|16214|69200|69200|10000|10000|||100.00|100.00|0.03|-3.14|ad0f5c821b0e3527
03|2025-12-13T16:54:16.1940000+08:00|400015A8|风球|00|5A|0000|00||12368|16214|69200|69200|10000|10000|||100.00|100.00|0.03|-3.14|2a11a3a41cd65db6
03|2025-12-13T16:54:16.1940000+08:00|400015A7|风球|00|5A|0000|00||12368|16214|69200|69200|10000|10000|||100.00|100.00|0.03|-3.14|6eb38d126480c935
03|2025-12-13T16:54:16.1940000+08:00|400015A6|风球|00|5A|0000|00||12368|16214|69200|69200|10000|10000|||100.00|100.00|0.03|-3.14|40999cb080929b4c
261|2025-12-13T16:54:16.1940000+08:00|Add|400015A8|BNpcID|3F56|BNpcNameID|3050|CastTargetID|E0000000|CurrentMP|10000|CurrentWorldID|65535|Heading|-3.1416|Level|90|MaxHP|69200|MaxMP|10000|ModelStatus|18432|Name|风球|NPCTargetID|E0000000|PosX|100.0000|PosY|100.0000|PosZ|0.0300|Radius|1.0000|Type|2|WorldID|65535|901daa7f9f44857d
261|2025-12-13T16:54:16.1940000+08:00|Add|400015A7|BNpcID|3F56|BNpcNameID|3050|CastTargetID|E0000000|CurrentMP|10000|CurrentWorldID|65535|Heading|-3.1416|Level|90|MaxHP|69200|MaxMP|10000|ModelStatus|18432|Name|风球|NPCTargetID|E0000000|PosX|100.0000|PosY|100.0000|PosZ|0.0300|Radius|1.0000|Type|2|WorldID|65535|ff8eb999abc6b47d
261|2025-12-13T16:54:16.1940000+08:00|Add|400015A5|BNpcID|3F56|BNpcNameID|3050|CastTargetID|E0000000|CurrentMP|10000|CurrentWorldID|65535|Heading|-3.1416|Level|90|MaxHP|69200|MaxMP|10000|ModelStatus|18432|Name|风球|NPCTargetID|E0000000|PosX|100.0000|PosY|100.0000|PosZ|0.0300|Radius|1.0000|Type|2|WorldID|65535|e5d5c19186b8623c
261|2025-12-13T16:54:16.1940000+08:00|Add|400015A3|BNpcID|3F56|BNpcNameID|3050|CastTargetID|E0000000|CurrentMP|10000|CurrentWorldID|65535|Heading|-3.1416|Level|90|MaxHP|69200|MaxMP|10000|ModelStatus|18432|Name|风球|NPCTargetID|E0000000|PosX|100.0000|PosY|100.0000|PosZ|0.0300|Radius|1.0000|Type|2|WorldID|65535|1eedcefeaa63d425
261|2025-12-13T16:54:16.1940000+08:00|Add|400015A4|BNpcID|3F56|BNpcNameID|3050|CastTargetID|E0000000|CurrentMP|10000|CurrentWorldID|65535|Heading|-3.1416|Level|90|MaxHP|69200|MaxMP|10000|ModelStatus|18432|Name|风球|NPCTargetID|E0000000|PosX|100.0000|PosY|100.0000|PosZ|0.0300|Radius|1.0000|Type|2|WorldID|65535|f4a381b56ad7c59e
261|2025-12-13T16:54:16.1940000+08:00|Add|400015A6|BNpcID|3F56|BNpcNameID|3050|CastTargetID|E0000000|CurrentMP|10000|CurrentWorldID|65535|Heading|-3.1416|Level|90|MaxHP|69200|MaxMP|10000|ModelStatus|18432|Name|风球|NPCTargetID|E0000000|PosX|100.0000|PosY|100.0000|PosZ|0.0300|Radius|1.0000|Type|2|WorldID|65535|c28f258e413d7c0f
261|2025-12-13T16:54:16.1940000+08:00|Add|4000159F|BNpcID|1E8536|CastBuffID|3101949968|CastGroundTargetX|0.0000|CastGroundTargetY|0.0000|CastTargetID|88E89FBB|CurrentWorldID|256|Heading|0.0000|IsCasting2|2|Level|43|MaxMP|687865857|NPCTargetID|4AFA1527|PosX|100.0000|PosY|112.0000|Radius|2.0000|Type|7|3215d691365127f1
03|2025-12-13T16:54:16.1940000+08:00|400015A9|风球|00|5A|0000|00||12368|16214|69200|69200|10000|10000|||100.00|100.00|0.03|-3.14|389f58ab2d322efc
03|2025-12-13T16:54:16.1940000+08:00|400015AA|风球|00|5A|0000|00||12368|16214|69200|69200|10000|10000|||100.00|100.00|0.03|-3.14|5b44f90aa332d52a
03|2025-12-13T16:54:16.1940000+08:00|400015AB|风球|00|5A|0000|00||12368|16214|69200|69200|10000|10000|||100.00|100.00|0.03|-3.14|1588d3b04afbe68c
260|2025-12-13T16:54:16.1940000+08:00|0|0|1|0|bc22cc37ff892044
03|2025-12-13T16:54:16.1940000+08:00|400015AC|风球|00|5A|0000|00||12368|16214|69200|69200|10000|10000|||100.00|100.00|0.03|-3.14|a8ff4b719db10e19
03|2025-12-13T16:54:16.1940000+08:00|400015A0|风球|00|5A|0000|00||12368|16214|69200|69200|10000|10000|||100.00|100.00|0.03|-3.14|2eee2b3ad190dc84
261|2025-12-13T16:54:16.1940000+08:00|Add|400015AC|BNpcID|3F56|BNpcNameID|3050|CastTargetID|E0000000|CurrentMP|10000|CurrentWorldID|65535|Heading|-3.1416|Level|90|MaxHP|69200|MaxMP|10000|ModelStatus|18432|Name|风球|NPCTargetID|E0000000|PosX|100.0000|PosY|100.0000|PosZ|0.0300|Radius|1.0000|Type|2|WorldID|65535|9936ea9bdb8b3f61
03|2025-12-13T16:54:16.1940000+08:00|400015AD|风球|00|5A|0000|00||12368|16214|69200|69200|10000|10000|||100.00|100.00|0.03|-3.14|ddd13818ca886e52
261|2025-12-13T16:54:16.1940000+08:00|Add|400015A9|BNpcID|3F56|BNpcNameID|3050|CastTargetID|E0000000|CurrentMP|10000|CurrentWorldID|65535|Heading|-3.1416|Level|90|MaxHP|69200|MaxMP|10000|ModelStatus|18432|Name|风球|NPCTargetID|E0000000|PosX|100.0000|PosY|100.0000|PosZ|0.0300|Radius|1.0000|Type|2|WorldID|65535|374fd88e159685c3
261|2025-12-13T16:54:16.1940000+08:00|Add|400015AD|BNpcID|3F56|BNpcNameID|3050|CastTargetID|E0000000|CurrentMP|10000|CurrentWorldID|65535|Heading|-3.1416|Level|90|MaxHP|69200|MaxMP|10000|ModelStatus|18432|Name|风球|NPCTargetID|E0000000|PosX|100.0000|PosY|100.0000|PosZ|0.0300|Radius|1.0000|Type|2|WorldID|65535|d1a022149257c917
03|2025-12-13T16:54:16.1940000+08:00|400015A1|风球|00|5A|0000|00||12368|16214|69200|69200|10000|10000|||100.00|100.00|0.03|-3.14|5f0a4063fb3e02eb
261|2025-12-13T16:54:16.1940000+08:00|Add|400015AE|BNpcID|3F56|BNpcNameID|3050|CastTargetID|E0000000|CurrentMP|10000|CurrentWorldID|65535|Heading|-3.1416|Level|90|MaxHP|69200|MaxMP|10000|ModelStatus|18432|Name|风球|NPCTargetID|E0000000|PosX|100.0000|PosY|100.0000|PosZ|0.0300|Radius|1.0000|Type|2|WorldID|65535|f4736736fedbb946
03|2025-12-13T16:54:16.1940000+08:00|400015AE|风球|00|5A|0000|00||12368|16214|69200|69200|10000|10000|||100.00|100.00|0.03|-3.14|71c3b4e9905f8581
261|2025-12-13T16:54:16.1940000+08:00|Add|400015AA|BNpcID|3F56|BNpcNameID|3050|CastTargetID|E0000000|CurrentMP|10000|CurrentWorldID|65535|Heading|-3.1416|Level|90|MaxHP|69200|MaxMP|10000|ModelStatus|18432|Name|风球|NPCTargetID|E0000000|PosX|100.0000|PosY|100.0000|PosZ|0.0300|Radius|1.0000|Type|2|WorldID|65535|30b63d0c396242ca
261|2025-12-13T16:54:16.1940000+08:00|Add|400015AB|BNpcID|3F56|BNpcNameID|3050|CastTargetID|E0000000|CurrentMP|10000|CurrentWorldID|65535|Heading|-3.1416|Level|90|MaxHP|69200|MaxMP|10000|ModelStatus|18432|Name|风球|NPCTargetID|E0000000|PosX|100.0000|PosY|100.0000|PosZ|0.0300|Radius|1.0000|Type|2|WorldID|65535|9ddea3f666530f7d
261|2025-12-13T16:54:16.1940000+08:00|Remove|4000156D|08667e20599a5156
03|2025-12-13T16:54:16.1940000+08:00|400015A2|风球|00|5A|0000|00||12368|16214|69200|69200|10000|10000|||100.00|100.00|0.03|-3.14|de032e0117dc1c3a
03|2025-12-13T16:54:16.3000000+08:00|400015AF|风球|00|5A|0000|00||12368|16214|69200|69200|10000|10000|||100.00|100.00|0.03|-3.14|5593d64733b53a7d
03|2025-12-13T16:54:16.3000000+08:00|400015B0|高贝扎的幻影|00|5A|0000|00||12366|16218|69200|69200|10000|10000|||100.00|100.00|0.03|-3.14|9c79459015ea29cf
03|2025-12-13T16:54:16.3000000+08:00|400015B1|高贝扎的幻影|00|5A|0000|00||12366|16218|69200|69200|10000|10000|||100.00|100.00|0.03|-3.14|dbc23c109abd6d0d
03|2025-12-13T16:54:16.3000000+08:00|400015B3|高贝扎的幻影|00|5A|0000|00||12366|16218|69200|69200|10000|10000|||100.00|100.00|0.03|-3.14|f92d7ef03eeed52c
03|2025-12-13T16:54:16.3000000+08:00|400015B2|高贝扎的幻影|00|5A|0000|00||12366|16218|69200|69200|10000|10000|||100.00|100.00|0.03|-3.14|14fcb32304041536
03|2025-12-13T16:54:16.3000000+08:00|400015B4|黑龙|00|5A|0000|00||12367|16213|69200|69200|10000|10000|||100.00|100.00|0.03|0.00|34301d600d3e7e81
261|2025-12-13T16:54:16.3000000+08:00|Add|400015B3|BNpcID|3F5A|BNpcNameID|304E|CastTargetID|E0000000|CurrentMP|10000|CurrentWorldID|65535|Heading|-3.1416|Level|90|MaxHP|69200|MaxMP|10000|ModelStatus|18432|Name|高贝扎的幻影|NPCTargetID|E0000000|PosX|100.0000|PosY|100.0000|PosZ|0.0300|Radius|7.5000|Type|2|WorldID|65535|4b10d676a16f2dc1
261|2025-12-13T16:54:16.3000000+08:00|Add|400015B2|BNpcID|3F5A|BNpcNameID|304E|CastTargetID|E0000000|CurrentMP|10000|CurrentWorldID|65535|Heading|-3.1416|Level|90|MaxHP|69200|MaxMP|10000|ModelStatus|18432|Name|高贝扎的幻影|NPCTargetID|E0000000|PosX|100.0000|PosY|100.0000|PosZ|0.0300|Radius|7.5000|Type|2|WorldID|65535|10f976a07ea113d8
261|2025-12-13T16:54:16.3000000+08:00|Add|400015B4|BNpcID|3F55|BNpcNameID|304F|CastTargetID|E0000000|CurrentMP|10000|CurrentWorldID|65535|Heading|0.0000|Level|90|MaxHP|69200|MaxMP|10000|ModelStatus|18432|Name|黑龙|NPCTargetID|E0000000|PosX|100.0000|PosY|100.0000|PosZ|0.0300|Radius|7.0000|Type|2|WorldID|65535|93e6d7b5d080e845
261|2025-12-13T16:54:16.3000000+08:00|Add|400015AF|BNpcID|3F56|BNpcNameID|3050|CastTargetID|E0000000|CurrentMP|10000|CurrentWorldID|65535|Heading|-3.1416|Level|90|MaxHP|69200|MaxMP|10000|ModelStatus|18432|Name|风球|NPCTargetID|E0000000|PosX|100.0000|PosY|100.0000|PosZ|0.0300|Radius|1.0000|Type|2|WorldID|65535|d831ed3ab394d6f5
261|2025-12-13T16:54:16.3000000+08:00|Add|400015B0|BNpcID|3F5A|BNpcNameID|304E|CastTargetID|E0000000|CurrentMP|10000|CurrentWorldID|65535|Heading|-3.1416|Level|90|MaxHP|69200|MaxMP|10000|ModelStatus|18432|Name|高贝扎的幻影|NPCTargetID|E0000000|PosX|100.0000|PosY|100.0000|PosZ|0.0300|Radius|7.5000|Type|2|WorldID|65535|a5158d0a948bc792
261|2025-12-13T16:54:16.3000000+08:00|Add|400015B1|BNpcID|3F5A|BNpcNameID|304E|CastTargetID|E0000000|CurrentMP|10000|CurrentWorldID|65535|Heading|-3.1416|Level|90|MaxHP|69200|MaxMP|10000|ModelStatus|18432|Name|高贝扎的幻影|NPCTargetID|E0000000|PosX|100.0000|PosY|100.0000|PosZ|0.0300|Radius|7.5000|Type|2|WorldID|65535|946df0c0531b9d12
03|2025-12-13T16:54:16.3000000+08:00|400015B5|高贝扎|00|5A|0000|00||12365|16212|26635080|26635080|10000|10000|||100.00|90.00|0.03|0.00|9aabd5648ebf4930
261|2025-12-13T16:54:16.3000000+08:00|Add|400015B5|BNpcID|3F54|BNpcNameID|304D|CastTargetID|E0000000|CurrentMP|10000|CurrentWorldID|65535|Heading|0.0000|Level|90|MaxHP|26635080|MaxMP|10000|ModelStatus|2048|Name|高贝扎|NPCTargetID|E0000000|PosX|100.0000|PosY|90.0000|PosZ|0.0300|Radius|6.0000|Type|2|WorldID|65535|67626ea2cce2e9ec
272|2025-12-13T16:54:16.7910000+08:00|400015B6|E0000000|0000|00|c2916ed0c86d4593
272|2025-12-13T16:54:16.7910000+08:00|400015B7|E0000000|0000|00|988b5eb7270bf75a
272|2025-12-13T16:54:16.7910000+08:00|400015B8|E0000000|0000|00|88dc573f745d8eeb
261|2025-12-13T16:54:16.4850000+08:00|Add|400015B6|BNpcID|233C|BNpcNameID|304D|CastTargetID|E0000000|CurrentWorldID|65535|Heading|0.0000|Level|1|MaxHP|44|ModelStatus|2048|Name|高贝扎|NPCTargetID|E0000000|PosX|100.0000|PosY|90.0000|PosZ|0.0300|Radius|0.5000|Type|2|WorldID|65535|ac8c4ac3d7fd57c3
261|2025-12-13T16:54:16.4850000+08:00|Add|400015B7|BNpcID|233C|BNpcNameID|304D|CastTargetID|E0000000|CurrentWorldID|65535|Heading|0.0000|Level|1|MaxHP|44|ModelStatus|2048|Name|高贝扎|NPCTargetID|E0000000|PosX|100.0000|PosY|90.0000|PosZ|0.0300|Radius|0.5000|Type|2|WorldID|65535|116e7eee39934573
261|2025-12-13T16:54:16.4850000+08:00|Add|400015B8|BNpcID|233C|BNpcNameID|304D|CastTargetID|E0000000|CurrentWorldID|65535|Heading|0.0000|Level|1|MaxHP|44|ModelStatus|2048|Name|高贝扎|NPCTargetID|E0000000|PosX|100.0000|PosY|90.0000|PosZ|0.0300|Radius|0.5000|Type|2|WorldID|65535|e35f3e4e9ac419dd
272|2025-12-13T16:54:16.7910000+08:00|400015BD|E0000000|0000|00|5563faf9fc6f0c9b
272|2025-12-13T16:54:16.7910000+08:00|400015BC|E0000000|0000|00|1d75752a6057c63f
272|2025-12-13T16:54:16.7910000+08:00|400015C0|E0000000|0000|00|018d4c44d2d39689
272|2025-12-13T16:54:16.7910000+08:00|400015BE|E0000000|0000|00|9e8505aba2f59e73
272|2025-12-13T16:54:16.7910000+08:00|400015C5|E0000000|0000|00|64227797118a9165
272|2025-12-13T16:54:16.7910000+08:00|400015C6|E0000000|0000|00|7725418209782e71
272|2025-12-13T16:54:16.7910000+08:00|400015C4|E0000000|0000|00|f05f0e8bdbb277d9
272|2025-12-13T16:54:16.7910000+08:00|400015C7|E0000000|0000|00|5a7d53ae04dab7b1
272|2025-12-13T16:54:16.7910000+08:00|400015C8|E0000000|0000|00|e27bd4848c1e0891
272|2025-12-13T16:54:16.7910000+08:00|400015C3|E0000000|0000|00|9cb2a263f8050fc4
272|2025-12-13T16:54:16.7910000+08:00|400015CA|E0000000|0000|00|9b921cfe8b7ba1f1
272|2025-12-13T16:54:16.7910000+08:00|400015CB|E0000000|0000|00|2a1799cb556c9900
272|2025-12-13T16:54:16.7910000+08:00|400015C9|E0000000|0000|00|56f9dc75fb7c0f31
272|2025-12-13T16:54:16.7910000+08:00|400015CC|E0000000|0000|00|09f55fdbc48054cf
272|2025-12-13T16:54:16.7910000+08:00|400015C1|E0000000|0000|00|d7669e50d2c77251
272|2025-12-13T16:54:16.7910000+08:00|400015BA|E0000000|0000|00|1a47f6ceb287610e
272|2025-12-13T16:54:16.7910000+08:00|400015B9|E0000000|0000|00|a460a0131a9f19ba
03|2025-12-13T16:54:16.5910000+08:00|400015B7|高贝扎|00|1|0000|00||12365|9020|44|44|0|10000|||100.00|90.00|0.03|0.00|a5967811a00bf78c
03|2025-12-13T16:54:16.5910000+08:00|400015B8|高贝扎|00|1|0000|00||12365|9020|44|44|0|10000|||100.00|90.00|0.03|0.00|3c66b12c51cbe014
272|2025-12-13T16:54:16.7910000+08:00|400015BB|E0000000|0000|00|6fbd9e81913f8883
03|2025-12-13T16:54:16.5910000+08:00|400015B6|高贝扎|00|1|0000|00||12365|9020|44|44|0|10000|||100.00|90.00|0.03|0.00|3050118465dd77f3
272|2025-12-13T16:54:16.7910000+08:00|400015BF|E0000000|0000|00|1fafbda305981ec2
272|2025-12-13T16:54:16.7910000+08:00|400015C2|E0000000|0000|00|f60cb1f8dfcd3a46
03|2025-12-13T16:54:16.5910000+08:00|400015B9|高贝扎|00|1|0000|00||12365|9020|44|44|0|10000|||100.00|90.00|0.03|0.00|32ebdfed462031ac
03|2025-12-13T16:54:16.5910000+08:00|400015BA|高贝扎|00|1|0000|00||12365|9020|44|44|0|10000|||100.00|90.00|0.03|0.00|b3deab7ea0fd7769
03|2025-12-13T16:54:16.5910000+08:00|400015BB|高贝扎|00|1|0000|00||12365|9020|44|44|0|10000|||100.00|90.00|0.03|0.00|c1f4b4da27cfba0a
03|2025-12-13T16:54:16.5910000+08:00|400015BC|高贝扎|00|1|0000|00||12365|9020|44|44|0|10000|||100.00|90.00|0.03|0.00|4aaecd05738d63c7
03|2025-12-13T16:54:16.5910000+08:00|400015BE|高贝扎|00|1|0000|00||12365|9020|44|44|0|10000|||100.00|90.00|0.03|0.00|23ca6efe8dcd95f0
03|2025-12-13T16:54:16.5910000+08:00|400015BD|高贝扎|00|1|0000|00||12365|9020|44|44|0|10000|||100.00|90.00|0.03|0.00|f935d2dd70e51222
261|2025-12-13T16:54:16.5910000+08:00|Add|400015B9|BNpcID|233C|BNpcNameID|304D|CastTargetID|E0000000|CurrentWorldID|65535|Heading|0.0000|Level|1|MaxHP|44|Name|高贝扎|NPCTargetID|E0000000|PosX|100.0000|PosY|90.0000|PosZ|0.0300|Radius|0.5000|Type|2|WorldID|65535|6c76623ac0ebb685
261|2025-12-13T16:54:16.5910000+08:00|Add|400015BA|BNpcID|233C|BNpcNameID|304D|CastTargetID|E0000000|CurrentWorldID|65535|Heading|0.0000|Level|1|MaxHP|44|Name|高贝扎|NPCTargetID|E0000000|PosX|100.0000|PosY|90.0000|PosZ|0.0300|Radius|0.5000|Type|2|WorldID|65535|f7985cb153de94e5
261|2025-12-13T16:54:16.5910000+08:00|Add|400015BC|BNpcID|233C|BNpcNameID|304D|CastTargetID|E0000000|CurrentWorldID|65535|Heading|0.0000|Level|1|MaxHP|44|ModelStatus|2048|Name|高贝扎|NPCTargetID|E0000000|PosX|100.0000|PosY|90.0000|PosZ|0.0300|Radius|0.5000|Type|2|WorldID|65535|90fbf5a1299349bc
261|2025-12-13T16:54:16.5910000+08:00|Add|400015BE|BNpcID|233C|BNpcNameID|304D|CastTargetID|E0000000|CurrentWorldID|65535|Heading|0.0000|Level|1|MaxHP|44|ModelStatus|2048|Name|高贝扎|NPCTargetID|E0000000|PosX|100.0000|PosY|90.0000|PosZ|0.0300|Radius|0.5000|Type|2|WorldID|65535|508353297924a0b1
261|2025-12-13T16:54:16.5910000+08:00|Add|400015BD|BNpcID|233C|BNpcNameID|304D|CastTargetID|E0000000|CurrentWorldID|65535|Heading|0.0000|Level|1|MaxHP|44|ModelStatus|2048|Name|高贝扎|NPCTargetID|E0000000|PosX|100.0000|PosY|90.0000|PosZ|0.0300|Radius|0.5000|Type|2|WorldID|65535|6dd1e025b1a904c5
261|2025-12-13T16:54:16.5910000+08:00|Add|400015BB|BNpcID|233C|BNpcNameID|304D|CastTargetID|E0000000|CurrentWorldID|65535|Heading|0.0000|Level|1|MaxHP|44|Name|高贝扎|NPCTargetID|E0000000|PosX|100.0000|PosY|90.0000|PosZ|0.0300|Radius|0.5000|Type|2|WorldID|65535|49e0d633694dd5a6
272|2025-12-13T16:54:16.8360000+08:00|400015CD|E0000000|0000|00|6136e191be0b658a
272|2025-12-13T16:54:16.8360000+08:00|400015CE|E0000000|0000|00|57dd36fce07ebb06
03|2025-12-13T16:54:16.5910000+08:00|400015C1|高贝扎|00|1|0000|00||12365|9020|44|44|0|10000|||100.00|90.00|0.03|0.00|d80f345c7b5e3111
03|2025-12-13T16:54:16.5910000+08:00|400015C0|高贝扎|00|1|0000|00||12365|9020|44|44|0|10000|||100.00|90.00|0.03|0.00|8ef7e71210cf95b3
03|2025-12-13T16:54:16.5910000+08:00|400015BF|高贝扎|00|1|0000|00||12365|9020|44|44|0|10000|||100.00|90.00|0.03|0.00|25c2c3524978092a
03|2025-12-13T16:54:16.5910000+08:00|400015C4|高贝扎|00|1|0000|00||12365|9020|44|44|0|10000|||100.00|90.00|0.03|0.00|fbfa9eca406fb74e
03|2025-12-13T16:54:16.5910000+08:00|400015C2|高贝扎|00|1|0000|00||12365|9020|44|44|0|10000|||100.00|90.00|0.03|0.00|644c018733b108a4
03|2025-12-13T16:54:16.5910000+08:00|400015C3|高贝扎|00|1|0000|00||12365|9020|44|44|0|10000|||100.00|90.00|0.03|0.00|f788dd20fd17fc26
261|2025-12-13T16:54:16.5910000+08:00|Add|400015C4|BNpcID|233C|BNpcNameID|304D|CastTargetID|E0000000|CurrentWorldID|65535|Heading|0.0000|Level|1|MaxHP|44|ModelStatus|2048|Name|高贝扎|NPCTargetID|E0000000|PosX|100.0000|PosY|90.0000|PosZ|0.0300|Radius|0.5000|Type|2|WorldID|65535|f77352a9fc27d7f6
261|2025-12-13T16:54:16.5910000+08:00|Add|400015C1|BNpcID|233C|BNpcNameID|304D|CastTargetID|E0000000|CurrentWorldID|65535|Heading|0.0000|Level|1|MaxHP|44|Name|高贝扎|NPCTargetID|E0000000|PosX|100.0000|PosY|90.0000|PosZ|0.0300|Radius|0.5000|Type|2|WorldID|65535|a1b41c5a10bb5010
261|2025-12-13T16:54:16.5910000+08:00|Add|400015C2|BNpcID|233C|BNpcNameID|304D|CastTargetID|E0000000|CurrentWorldID|65535|Heading|0.0000|Level|1|MaxHP|44|ModelStatus|2048|Name|高贝扎|NPCTargetID|E0000000|PosX|100.0000|PosY|90.0000|PosZ|0.0300|Radius|0.5000|Type|2|WorldID|65535|c562627503b0bb2d
261|2025-12-13T16:54:16.5910000+08:00|Add|400015C3|BNpcID|233C|BNpcNameID|304D|CastTargetID|E0000000|CurrentWorldID|65535|Heading|0.0000|Level|1|MaxHP|44|ModelStatus|2048|Name|高贝扎|NPCTargetID|E0000000|PosX|100.0000|PosY|90.0000|PosZ|0.0300|Radius|0.5000|Type|2|WorldID|65535|b5c4b31c66f1392b
261|2025-12-13T16:54:16.5910000+08:00|Add|400015C0|BNpcID|233C|BNpcNameID|304D|CastTargetID|E0000000|CurrentWorldID|65535|Heading|0.0000|Level|1|MaxHP|44|Name|高贝扎|NPCTargetID|E0000000|PosX|100.0000|PosY|90.0000|PosZ|0.0300|Radius|0.5000|Type|2|WorldID|65535|83a8a719c8ceae73
261|2025-12-13T16:54:16.5910000+08:00|Add|400015BF|BNpcID|233C|BNpcNameID|304D|CastTargetID|E0000000|CurrentWorldID|65535|Heading|0.0000|Level|1|MaxHP|44|Name|高贝扎|NPCTargetID|E0000000|PosX|100.0000|PosY|90.0000|PosZ|0.0300|Radius|0.5000|Type|2|WorldID|65535|2ae80beed0ae4b35
03|2025-12-13T16:54:16.5910000+08:00|400015C6|高贝扎|00|1|0000|00||12365|9020|44|44|0|10000|||100.00|90.00|0.03|0.00|bb2a7647e5c3162b
03|2025-12-13T16:54:16.5910000+08:00|400015C7|高贝扎|00|1|0000|00||12365|9020|44|44|0|10000|||100.00|90.00|0.03|0.00|ddff1e5358784623
03|2025-12-13T16:54:16.5910000+08:00|400015C5|高贝扎|00|1|0000|00||12365|9020|44|44|0|10000|||100.00|90.00|0.03|0.00|10b6b3091c2acb77
03|2025-12-13T16:54:16.6830000+08:00|400015C9|高贝扎|00|1|0000|00||12365|9020|44|44|0|10000|||100.00|90.00|0.03|0.00|e421d0cc49118a2e
03|2025-12-13T16:54:16.6830000+08:00|400015CA|高贝扎|00|1|0000|00||12365|9020|44|44|0|10000|||100.00|90.00|0.03|0.00|3520a778fab7317f
03|2025-12-13T16:54:16.6830000+08:00|400015C8|高贝扎|00|1|0000|00||12365|9020|44|44|0|10000|||100.00|90.00|0.03|0.00|ece0803baa32b12d
261|2025-12-13T16:54:16.6830000+08:00|Add|400015C9|BNpcID|233C|BNpcNameID|304D|CastTargetID|E0000000|CurrentWorldID|65535|Heading|0.0000|Level|1|MaxHP|44|ModelStatus|2048|Name|高贝扎|NPCTargetID|E0000000|PosX|100.0000|PosY|90.0000|PosZ|0.0300|Radius|0.5000|Type|2|WorldID|65535|42b3dbd75c2b043f
261|2025-12-13T16:54:16.6830000+08:00|Add|400015CA|BNpcID|233C|BNpcNameID|304D|CastTargetID|E0000000|CurrentWorldID|65535|Heading|0.0000|Level|1|MaxHP|44|ModelStatus|2048|Name|高贝扎|NPCTargetID|E0000000|PosX|100.0000|PosY|90.0000|PosZ|0.0300|Radius|0.5000|Type|2|WorldID|65535|1b997b4401fcaa1d
261|2025-12-13T16:54:16.6830000+08:00|Add|400015C6|BNpcID|233C|BNpcNameID|304D|CastTargetID|E0000000|CurrentWorldID|65535|Heading|0.0000|Level|1|MaxHP|44|Name|高贝扎|NPCTargetID|E0000000|PosX|100.0000|PosY|90.0000|PosZ|0.0300|Radius|0.5000|Type|2|WorldID|65535|b5a822d130f018ff
261|2025-12-13T16:54:16.6830000+08:00|Add|400015C7|BNpcID|233C|BNpcNameID|304D|CastTargetID|E0000000|CurrentWorldID|65535|Heading|0.0000|Level|1|MaxHP|44|Name|高贝扎|NPCTargetID|E0000000|PosX|100.0000|PosY|90.0000|PosZ|0.0300|Radius|0.5000|Type|2|WorldID|65535|95c979a5b6fd6839
261|2025-12-13T16:54:16.6830000+08:00|Add|400015C8|BNpcID|233C|BNpcNameID|304D|CastTargetID|E0000000|CurrentWorldID|65535|Heading|0.0000|Level|1|MaxHP|44|ModelStatus|2048|Name|高贝扎|NPCTargetID|E0000000|PosX|100.0000|PosY|90.0000|PosZ|0.0300|Radius|0.5000|Type|2|WorldID|65535|c15ce21ebb3a3176
261|2025-12-13T16:54:16.6830000+08:00|Add|400015C5|BNpcID|233C|BNpcNameID|304D|CastTargetID|E0000000|CurrentWorldID|65535|Heading|0.0000|Level|1|MaxHP|44|Name|高贝扎|NPCTargetID|E0000000|PosX|100.0000|PosY|90.0000|PosZ|0.0300|Radius|0.5000|Type|2|WorldID|65535|aa20f1fbbd16081e
03|2025-12-13T16:54:16.6830000+08:00|400015CD|高贝扎|00|1|0000|00||12365|9020|44|44|0|10000|||100.00|90.00|0.03|0.00|13dff695d6fb1579
03|2025-12-13T16:54:16.6830000+08:00|400015CB|高贝扎|00|1|0000|00||12365|9020|44|44|0|10000|||100.00|90.00|0.03|0.00|59fc88ab6205a7ef
03|2025-12-13T16:54:16.6830000+08:00|400015CC|高贝扎|00|1|0000|00||12365|9020|44|44|0|10000|||100.00|90.00|0.03|0.00|b17b3e88cf421af1
261|2025-12-13T16:54:16.6830000+08:00|Add|400015CD|BNpcID|233C|BNpcNameID|304D|CastTargetID|E0000000|CurrentWorldID|65535|Heading|0.0000|Level|1|MaxHP|44|ModelStatus|2048|Name|高贝扎|NPCTargetID|E0000000|PosX|100.0000|PosY|90.0000|PosZ|0.0300|Radius|0.5000|Type|2|WorldID|65535|5c6ddfc5600865b6
261|2025-12-13T16:54:16.6830000+08:00|Add|400015CB|BNpcID|233C|BNpcNameID|304D|CastTargetID|E0000000|CurrentWorldID|65535|Heading|0.0000|Level|1|MaxHP|44|ModelStatus|2048|Name|高贝扎|NPCTargetID|E0000000|PosX|100.0000|PosY|90.0000|PosZ|0.0300|Radius|0.5000|Type|2|WorldID|65535|41626d73bf62b00c
261|2025-12-13T16:54:16.6830000+08:00|Add|400015CC|BNpcID|233C|BNpcNameID|304D|CastTargetID|E0000000|CurrentWorldID|65535|Heading|0.0000|Level|1|MaxHP|44|ModelStatus|2048|Name|高贝扎|NPCTargetID|E0000000|PosX|100.0000|PosY|90.0000|PosZ|0.0300|Radius|0.5000|Type|2|WorldID|65535|5b11b25d7918d994
03|2025-12-13T16:54:16.6830000+08:00|400015CE|高贝扎|00|1|0000|00||12365|9020|44|44|0|10000|||100.00|90.00|0.03|0.00|3513e2d0e11c713f
261|2025-12-13T16:54:16.6830000+08:00|Add|400015CE|BNpcID|233C|BNpcNameID|304D|CastTargetID|E0000000|CurrentWorldID|65535|Heading|0.0000|Level|1|MaxHP|44|Name|高贝扎|NPCTargetID|E0000000|PosX|100.0000|PosY|90.0000|PosZ|0.0300|Radius|0.5000|Type|2|WorldID|65535|a77c1d2e42d2ad38
261|2025-12-13T16:54:17.1510000+08:00|Change|400015A0|ModelStatus|16384|3af958f99d289db2
261|2025-12-13T16:54:17.1510000+08:00|Change|400015A1|ModelStatus|16384|2b233db5aea88155
261|2025-12-13T16:54:17.1510000+08:00|Change|400015A2|ModelStatus|16384|73ba83ba6abec1e0
261|2025-12-13T16:54:17.1510000+08:00|Change|400015A8|ModelStatus|16384|d88229c671ce9cf2
261|2025-12-13T16:54:17.1510000+08:00|Change|400015A7|ModelStatus|16384|dbb289d5c93888f3
261|2025-12-13T16:54:17.1510000+08:00|Change|400015A5|ModelStatus|16384|504dfb1ca7f0fc28
261|2025-12-13T16:54:17.1510000+08:00|Change|400015A3|ModelStatus|16384|ae40b8329707c2c4
261|2025-12-13T16:54:17.1510000+08:00|Change|400015A4|ModelStatus|16384|d84892417e7559ac
261|2025-12-13T16:54:17.1510000+08:00|Change|400015A6|ModelStatus|16384|42748f433fa121d2
261|2025-12-13T16:54:17.1510000+08:00|Change|400015AC|ModelStatus|16384|8333071dffdfb18d
261|2025-12-13T16:54:17.1510000+08:00|Change|400015A9|ModelStatus|16384|1042647d15bababd
261|2025-12-13T16:54:17.1510000+08:00|Change|400015AD|ModelStatus|16384|1540c9d9cc6e612c
261|2025-12-13T16:54:17.1510000+08:00|Change|400015AE|ModelStatus|16384|5c840eb99d925b2d
261|2025-12-13T16:54:17.1510000+08:00|Change|400015AA|ModelStatus|16384|78faef1be8023bd7
261|2025-12-13T16:54:17.1510000+08:00|Change|400015AB|ModelStatus|16384|0b9bfa93d958267e
261|2025-12-13T16:54:17.2420000+08:00|Change|400015B3|ModelStatus|16384|d3700325f08416ab
261|2025-12-13T16:54:17.2420000+08:00|Change|400015B2|ModelStatus|16384|d1631ce86cfa7cb6
261|2025-12-13T16:54:17.2420000+08:00|Change|400015B4|ModelStatus|16384|e227630741edd413
261|2025-12-13T16:54:17.2420000+08:00|Change|400015AF|ModelStatus|16384|ec587de3186282bd
261|2025-12-13T16:54:17.2420000+08:00|Change|400015B0|ModelStatus|16384|7a4f4cc2b16267b0
261|2025-12-13T16:54:17.2420000+08:00|Change|400015B1|ModelStatus|16384|707326534b0d6e82
261|2025-12-13T16:54:17.2420000+08:00|Change|400015B5|ModelStatus|0|67e13a81bfc8edc9
261|2025-12-13T16:54:17.5300000+08:00|Change|400015BC|ModelStatus|0|40735817ccd1445d
261|2025-12-13T16:54:17.5300000+08:00|Change|400015BE|ModelStatus|0|881ae9e8cb4f214c
261|2025-12-13T16:54:17.5300000+08:00|Change|400015BD|ModelStatus|0|09d3cd5896ca1443
261|2025-12-13T16:54:17.5300000+08:00|Change|400015C4|ModelStatus|0|c3447eca824b0d95
261|2025-12-13T16:54:17.5300000+08:00|Change|400015C2|ModelStatus|0|846be4c50ddb4407
261|2025-12-13T16:54:17.5300000+08:00|Change|400015C3|ModelStatus|0|0dc1f0b2ed0f3e02
33|2025-12-13T16:54:17.9040000+08:00|80034E79|40000011|00|00|00|00|dae5f06349617f90
261|2025-12-13T16:54:17.5300000+08:00|Change|10530A8D|ModelStatus|512|fb837dc024781caa
261|2025-12-13T16:54:17.5300000+08:00|Change|400015C9|ModelStatus|0|35b400a9fbc6887c
261|2025-12-13T16:54:17.5300000+08:00|Change|400015CA|ModelStatus|0|a58035879c4e7189
261|2025-12-13T16:54:17.5300000+08:00|Change|400015C8|ModelStatus|0|cca85ceae9214a84
261|2025-12-13T16:54:17.6350000+08:00|Change|400015CD|ModelStatus|0|fba454412e627438
261|2025-12-13T16:54:17.6350000+08:00|Change|400015CB|ModelStatus|0|5139e5b6ddba5c62
261|2025-12-13T16:54:17.6350000+08:00|Change|400015CC|ModelStatus|0|aa63f64fa8b7f7f4
271|2025-12-13T16:54:17.9480000+08:00|10530A8D|-3.1416|19|02|99.8770|111.3550|0.0300|c4e01bd9cc190c3d
38|2025-12-13T16:54:17.9480000+08:00|10530A8D|小祥客服|0064641E|145489|145489|10000|10000|0||100.65|112.51|0.03|-3.14|0|0|0|63694dabc12ebaac
261|2025-12-13T16:54:18.6260000+08:00|Change|10530A8D|CurrentMP|10000|ModelStatus|0|PosX|99.8770|PosY|111.3550|PosZ|0.0300|378c08130d5f13b4
261|2025-12-13T16:54:20.1740000+08:00|Change|400015B7|ModelStatus|0|499e3e3b44580774
261|2025-12-13T16:54:20.1740000+08:00|Change|400015B8|ModelStatus|0|dcb4564b28ca39fc
261|2025-12-13T16:54:20.1740000+08:00|Change|400015B6|ModelStatus|0|07f4161107db22bc
33|2025-12-13T16:54:23.3300000+08:00|80034E79|40000006|DDE|00|00|00|73dd159ba4de6cc3
261|2025-12-13T16:54:23.0510000+08:00|Change|4000159F|ModelStatus|256|9189530ae1e42e14
00|2025-12-13T16:54:57.0000000+08:00|001B|东木兮翎|袜袄！！|7df28dba1944e20b
41|2025-12-13T16:57:10.4790000+08:00|80034E79|5FE|01|4E79|00|93c41f5080b06772
00|2025-12-13T16:57:10.0000000+08:00|0839||“高贝扎歼灭战”任务结束了。|9160d2d21ca413cc
261|2025-12-13T16:57:10.1130000+08:00|Change|10530A8D|Heading|0.0820|ModelStatus|512|PosX|99.3445|PosY|112.0386|PosZ|0.0300|353c97b190f9b1c2
31|2025-12-13T16:57:11.6790000+08:00|10530A8D|1E|00|00|00|7a54d5a26a57b409
261|2025-12-13T16:57:11.2310000+08:00|Remove|400015A4|c6a6b7b9980101ae
261|2025-12-13T16:57:11.2310000+08:00|Remove|400015A5|b79f49ac18ce62d7
261|2025-12-13T16:57:11.2310000+08:00|Remove|400015A6|0bf882edf7353d8f
261|2025-12-13T16:57:11.2310000+08:00|Remove|400015A7|b2a85e295b5164c1
261|2025-12-13T16:57:11.2310000+08:00|Remove|400015A8|e0de0993aa8037e8
261|2025-12-13T16:57:11.2310000+08:00|Remove|400015A9|fd0212e4b7fe0cbe
261|2025-12-13T16:57:11.2310000+08:00|Remove|400015AA|bd3335ba68040efa
261|2025-12-13T16:57:11.2310000+08:00|Remove|400015AB|256d4d41556aada1
261|2025-12-13T16:57:11.2310000+08:00|Remove|400015AC|15ca207d453a3ab1
261|2025-12-13T16:57:11.2310000+08:00|Remove|400015AD|8727750421180306
261|2025-12-13T16:57:11.2310000+08:00|Remove|400015AE|c4b04d142d77a6b5
261|2025-12-13T16:57:11.2310000+08:00|Remove|400015AF|c5242060d51449ca
261|2025-12-13T16:57:11.2310000+08:00|Remove|400015B0|0bdfbae1bb9fe347
261|2025-12-13T16:57:11.2310000+08:00|Remove|400015B1|806c83ea1701ab8a
261|2025-12-13T16:57:11.2310000+08:00|Remove|400015B2|d025f89c8b88476d
261|2025-12-13T16:57:11.2310000+08:00|Remove|400015B3|49db76867ca943a7
261|2025-12-13T16:57:11.2310000+08:00|Remove|400015B4|6198449e678d85ff
261|2025-12-13T16:57:11.2310000+08:00|Remove|400015B5|29adb0f901d520ff
261|2025-12-13T16:57:11.2310000+08:00|Remove|400015B6|b09b2705eca8577e
261|2025-12-13T16:57:11.2310000+08:00|Remove|400015B7|33e6730390f7d3fd
261|2025-12-13T16:57:11.2310000+08:00|Remove|400015B8|4151620d35e8ed6a
261|2025-12-13T16:57:11.2310000+08:00|Remove|400015B9|230198841559d3f4
261|2025-12-13T16:57:11.2310000+08:00|Remove|400015BA|108288ba41214189
261|2025-12-13T16:57:11.2310000+08:00|Remove|400015BB|0d02b742ab88bc36
261|2025-12-13T16:57:11.2310000+08:00|Remove|400015BC|c03d4d3250286abf
261|2025-12-13T16:57:11.2310000+08:00|Remove|400015BD|c654ee274717ce2b
261|2025-12-13T16:57:11.2310000+08:00|Remove|400015BE|0797c8393123a6b5
261|2025-12-13T16:57:11.2310000+08:00|Remove|400015BF|56ee8829bd09bafa
261|2025-12-13T16:57:11.2310000+08:00|Remove|400015C0|c7fb116d7bc0fe72
261|2025-12-13T16:57:11.2310000+08:00|Remove|400015C1|4581923ac4094338
261|2025-12-13T16:57:11.2310000+08:00|Remove|400015C2|9fd95390febb70f6
261|2025-12-13T16:57:11.2310000+08:00|Remove|400015C3|5e7a25f53bd75f7d
261|2025-12-13T16:57:11.2310000+08:00|Remove|400015C4|00e9aeaea6dc2c88
261|2025-12-13T16:57:11.2310000+08:00|Remove|400015C5|672e8dd5c236cfbc
261|2025-12-13T16:57:11.2310000+08:00|Remove|400015C6|2ecf85b8b36865a3
261|2025-12-13T16:57:11.2310000+08:00|Remove|400015C7|102f76f14fcb2ae7
261|2025-12-13T16:57:11.2310000+08:00|Remove|400015C8|ccb541e9d737ed7c
261|2025-12-13T16:57:11.2310000+08:00|Remove|400015C9|80d7d45bb2226f22
261|2025-12-13T16:57:11.2310000+08:00|Remove|400015CA|07e38ef53f67f133
261|2025-12-13T16:57:11.2310000+08:00|Remove|400015CB|e8a65f2d94b2871d
261|2025-12-13T16:57:11.2310000+08:00|Remove|400015CC|b333cfe84fcdb179
261|2025-12-13T16:57:11.2310000+08:00|Remove|400015CD|08d984706cc9c6cf
261|2025-12-13T16:57:11.2310000+08:00|Remove|400015CE|b0495433953b7e07
261|2025-12-13T16:57:11.2310000+08:00|Remove|10530A8D|d67277e0458de32a
261|2025-12-13T16:57:11.2310000+08:00|Remove|4000159E|82120b3b44c06f42
261|2025-12-13T16:57:11.2310000+08:00|Remove|4000159F|d5bfcf272795454f
261|2025-12-13T16:57:11.2310000+08:00|Remove|400015A0|d659dfd4911aa9e4
261|2025-12-13T16:57:11.2310000+08:00|Remove|400015A1|aadb023086925555
261|2025-12-13T16:57:11.2310000+08:00|Remove|400015A2|0d0f50cde39ad447
261|2025-12-13T16:57:11.2310000+08:00|Remove|400015A3|93f7634d8bf6c204
261|2025-12-13T16:57:11.2310000+08:00|Add|104E1D04|CastTargetID|E0000000|CurrentWorldID|1076|Heading|-2.0236|Job|8|Level|9|MaxHP|169|ModelStatus|2304|Name|姜姜时|NPCTargetID|E0000000|PosX|-16.8905|PosY|43.9340|PosZ|-3.2500|Radius|0.5000|Type|1|WorldID|1076|7f17a40fe5d04c7d
261|2025-12-13T16:57:11.2310000+08:00|Add|1052E19B|CastTargetID|E0000000|CurrentMP|10000|CurrentWorldID|1076|Heading|-1.3578|Job|19|Level|100|MaxHP|231909|MaxMP|10000|ModelStatus|2048|Name|蚳蛊蛱杀|NPCTargetID|E0000000|PosX|42.1820|PosY|29.8986|PosZ|5.8694|Radius|0.5000|Type|1|WorldID|1076|dfd9780512357d85
261|2025-12-13T16:57:11.2310000+08:00|Add|105319A6|CastTargetID|E0000000|CurrentMP|10000|CurrentWorldID|1076|Heading|-1.4327|Job|23|Level|100|MaxHP|81797|MaxMP|10000|ModelStatus|2048|Name|惡徒|NPCTargetID|E0000000|PosX|34.4555|PosY|110.1314|PosZ|-7.5000|Radius|0.5000|Type|1|WorldID|1076|f719bfdc05a4a427
31|2025-12-13T16:57:11.9040000+08:00|10530A8D|1E|00|00|00|c968e620f32dcfb5
261|2025-12-13T16:57:11.4360000+08:00|Add|10530A8D|CastTargetID|E0000000|CurrentMP|10000|CurrentWorldID|1076|Heading|0.9308|Job|30|Level|100|MaxHP|145489|MaxMP|10000|ModelStatus|3072|Name|小祥客服|NPCTargetID|E0000000|PosX|35.9709|PosY|34.5192|PosZ|1.4903|Radius|0.5000|Type|1|WorldID|1076|3a71c583a9db0776
261|2025-12-13T16:57:11.4360000+08:00|Add|10531F76|CastTargetID|E0000000|CurrentMP|10000|CurrentWorldID|1076|Heading|-2.0595|Job|30|Level|100|MaxHP|156957|MaxMP|10000|ModelStatus|2048|Name|也郝|NPCTargetID|E0000000|PosX|23.8635|PosY|25.0543|PosZ|1.2000|Radius|0.5000|Type|1|WorldID|1081|4ac6b9437c6e2b04
261|2025-12-13T16:57:11.4360000+08:00|Add|10531CBB|CastTargetID|E0000000|CurrentWorldID|1076|Heading|2.3737|Job|18|Level|100|MaxHP|42919|ModelStatus|2048|Name|尘世頌|NPCTargetID|E0000000|PosX|25.5269|PosY|37.5578|PosZ|1.7000|Radius|0.5000|Type|1|WorldID|1076|7fb43b0466e22f1b
261|2025-12-13T16:57:11.4360000+08:00|Add|104C5CA8|CastTargetID|E0000000|CurrentWorldID|1076|Heading|1.9972|Job|18|Level|100|MaxHP|19682|ModelStatus|2048|Name|覌止|NPCTargetID|E0000000|PosX|26.0064|PosY|25.3387|PosZ|1.2000|Radius|0.5000|Type|1|WorldID|1076|736b5980134e4953
261|2025-12-13T16:57:11.4360000+08:00|Add|105319FE|CastTargetID|E0000000|CurrentWorldID|1076|Heading|-2.4086|Job|18|Level|100|MaxHP|42949|ModelStatus|2048|Name|蜜瓜面包|NPCTargetID|E0000000|PosX|-68.3330|PosY|-8.6592|PosZ|-0.5015|Radius|0.5000|Type|1|WorldID|1076|a2a790c9e69b849c
01|2025-12-13T16:57:12.4290000+08:00|84|格里达尼亚新街|9393b5c3012f2f7c
40|2025-12-13T16:57:12.4290000+08:00|2|黑衣森林|格里达尼亚新街||565a2f3286009600
02|2025-12-13T16:57:12.4290000+08:00|10530A8D|小祥客服|10110105d183400b
265|2025-12-13T16:57:10.2658765+08:00|84|格里达尼亚新街|False|0|0|0|0|0|43d52622ecc6cdf4
03|2025-12-13T16:57:12.4290000+08:00|10530A8D|小祥客服|1E|64|0000|434|BaiJinHuanXiang|0|0|145489|145489|10000|10000|||35.97|34.52|1.49|0.93|f466f2b41a9937a2
03|2025-12-13T16:57:12.4290000+08:00|1052E19B|蚳蛊蛱杀|13|64|0000|434|BaiJinHuanXiang|0|0|231909|231909|10000|10000|||42.18|29.90|5.87|-1.36|27dd9f0d341feb96
03|2025-12-13T16:57:12.4290000+08:00|10531F76|也郝|1E|64|0000|439|ShenYiZhiDi|0|0|156957|156957|10000|10000|||23.86|25.05|1.20|-2.06|e673711013fe931d
03|2025-12-13T16:57:12.4290000+08:00|10531CBB|尘世頌|12|64|0000|434|BaiJinHuanXiang|0|0|42919|42919|0|10000|||25.53|37.56|1.70|2.37|f7e6e7427dd6e36c
03|2025-12-13T16:57:12.4290000+08:00|104C5CA8|覌止|12|64|0000|434|BaiJinHuanXiang|0|0|19682|19682|0|10000|||30.25|24.29|1.20|1.89|2820b0214bd7b3bb
03|2025-12-13T16:57:12.4290000+08:00|104E1D04|姜姜时|08|9|0000|434|BaiJinHuanXiang|0|0|169|169|0|10000|||-16.89|43.93|-3.25|-2.02|a9961808d47974c6
03|2025-12-13T16:57:12.4290000+08:00|105319A6|惡徒|17|64|0000|434|BaiJinHuanXiang|0|0|81797|81797|10000|10000|||34.46|110.13|-7.50|-1.43|e283c64c0bc5d056
03|2025-12-13T16:57:12.4290000+08:00|105319FE|蜜瓜面包|12|64|0000|434|BaiJinHuanXiang|0|0|42949|42949|0|10000|||-68.33|-8.66|-0.50|-2.41|e7282cac195db25a
00|2025-12-13T16:57:11.0000000+08:00|0039||进入了休息区。|ee17f83f6eb27050
261|2025-12-13T16:57:12.6450000+08:00|Change|10530A8D|ModelStatus|1024|PosZ|1.4903|e3d3301278557898
261|2025-12-13T16:57:12.6450000+08:00|Change|10531F76|ModelStatus|0|07d4652f6a16176d
261|2025-12-13T16:57:12.6450000+08:00|Change|10531CBB|ModelStatus|0|7e88b3ac84338c82
261|2025-12-13T16:57:12.7770000+08:00|Change|104C5CA8|Heading|1.7414|ModelStatus|0|PosX|32.0830|PosY|23.7926|PosZ|1.2000|fd2eb92196b5fd77
42|2025-12-13T16:57:13.6860000+08:00|10530A8D|小祥客服|0|0|0|77eb838b8e9d3eca
261|2025-12-13T16:57:13.7520000+08:00|Change|10530A8D|ModelStatus|0|c7b23409a5fdb908
261|2025-12-13T16:57:15.2000000+08:00|Change|1052E19B|ModelStatus|0|a76ebae8ea1f0735
261|2025-12-13T16:57:15.2000000+08:00|Change|104E1D04|ModelStatus|0|549e12bf6ba4badb
261|2025-12-13T16:57:15.2000000+08:00|Change|105319A6|ModelStatus|0|263f3ae36198d30a
253|2025-12-13T17:01:32.3080756+08:00|FFXIV_ACT_Plugin Version: 2.7.4.6 (50BCD605C50A749F)|83aceb4072288ab1
251|2025-12-13T17:01:32.3080756+08:00|Process ffxiv_dx11 (9084) 最终幻想XIV started on 2025/12/13 16:43:07 Found, Verifying.|98151ef431eac445
251|2025-12-13T17:01:32.3080756+08:00|Found possible FFXIV process 9084 with version file C:\WeGameApps\rail_apps\ffxiv(2000340)\game\ffxivgame.ver.|fcd61dcd8c1781c5
251|2025-12-13T17:01:32.3080756+08:00|Process ffxiv_dx11 (9084) Verified.|d8058535e4b1b97b
249|2025-12-13T17:01:32.3080756+08:00|Selected Language ID: Chinese, Disable Damage Shield: False, Disable Combine Pets: False, Parse Filter: Party, DoTCrits: False, RealDoTs: False|1729a89715e0634f
249|2025-12-13T17:01:32.3080756+08:00|Selected Process ID: 0, Dump All Network Data: False, Disable Combat Log: False|0e5b36a9475146f9
256|2025-12-13T17:01:35.9666701+08:00|256|OverlayPlugin|RegisterLogLine|1|fbccb531dc584c87
251|2025-12-13T17:01:35.9666701+08:00|Process ffxiv_dx11 (9084) 最终幻想XIV started on 2025/12/13 16:43:07 Found, Verifying.|dc627c4acd19983f
251|2025-12-13T17:01:35.9666701+08:00|Found possible FFXIV process 9084 with version file C:\WeGameApps\rail_apps\ffxiv(2000340)\game\ffxivgame.ver.|f376b976a727f74e
251|2025-12-13T17:01:35.9666701+08:00|Process ffxiv_dx11 (9084) Verified.|d76950010926f9ee
251|2025-12-13T17:01:35.9666701+08:00|Found Signature [PartyList] at offset [027356E0]|952e7903609f230e
251|2025-12-13T17:01:35.9666701+08:00|Found Signature [MobArray] at offset [0272FD30]|8708e4c81a77b5f1
251|2025-12-13T17:01:35.9666701+08:00|Found Signature [ChatLog] at offset [02060D40]|2daf7e9b1a9e2d8a
251|2025-12-13T17:01:35.9666701+08:00|Found Signature [Player] at offset [0294C758]|7c7d05bc70ea2f56
251|2025-12-13T17:01:35.9666701+08:00|Found Signature [ServerTime] at offset [0277C080]|7f68f52df7f7491c
251|2025-12-13T17:01:35.9666701+08:00|Found Signature [MapID] at offset [027354F4]|56e0e618502a1b88
251|2025-12-13T17:01:35.9666701+08:00|Found Signature [ZoneID] at offset [0291D4D8]|85ae8b3198e2a6e4
256|2025-12-13T17:01:36.4998801+08:00|257|OverlayPlugin|MapEffect|1|107ff22be270e33d
256|2025-12-13T17:01:36.5282661+08:00|258|OverlayPlugin|FateDirector|1|23a6194ad12a6d65
256|2025-12-13T17:01:36.5317941+08:00|259|OverlayPlugin|CEDirector|1|2e26eb1e6fe2211d
256|2025-12-13T17:01:36.5413192+08:00|260|OverlayPlugin|InCombat|1|091ed62fab6bd27d
256|2025-12-13T17:01:36.5463194+08:00|261|OverlayPlugin|CombatantMemory|1|82b7bf26fa6ba7d7
256|2025-12-13T17:01:36.5498379+08:00|262|OverlayPlugin|RSVData|1|ecadea654e5601d9
256|2025-12-13T17:01:36.5498379+08:00|263|OverlayPlugin|ActorCastExtra|1|d1cee4742638db9f
256|2025-12-13T17:01:36.5508477+08:00|264|OverlayPlugin|AbilityExtra|1|cb76587c56714f1d
256|2025-12-13T17:01:36.5528512+08:00|265|OverlayPlugin|ContentFinderSettings|1|fe6904858b50111b
256|2025-12-13T17:01:36.5548487+08:00|266|OverlayPlugin|NpcYell|1|4beee943bb401597
256|2025-12-13T17:01:36.5578477+08:00|267|OverlayPlugin|BattleTalk2|1|e93970789cf54f10
256|2025-12-13T17:01:36.5603681+08:00|268|OverlayPlugin|Countdown|1|5023954a5d943666
256|2025-12-13T17:01:36.5623775+08:00|269|OverlayPlugin|CountdownCancel|1|357796f64fe4af4d
256|2025-12-13T17:01:36.5643779+08:00|270|OverlayPlugin|ActorMove|1|8660731b246aaf13
256|2025-12-13T17:01:36.5663777+08:00|271|OverlayPlugin|ActorSetPos|1|c92227599db5f9d0
256|2025-12-13T17:01:36.5698988+08:00|272|OverlayPlugin|NpcSpawnExtra|1|0091a373cfa33158
256|2025-12-13T17:01:36.5698988+08:00|273|OverlayPlugin|ActorControlExtra|1|f49dab53b6fc7da0
256|2025-12-13T17:01:36.5698988+08:00|274|OverlayPlugin|ActorControlSelfExtra|1|400db048fae55e1c
251|2025-12-13T17:01:36.5698988+08:00|Found VTable for [ChatLog] at address [1E1865201A0]|6f402e6fac710a22
251|2025-12-13T17:01:36.5698988+08:00|DeucalionInjector: Successfully injected Deucalion dll into process id 9084.|ba3e519e64d08acb
251|2025-12-13T17:01:36.5698988+08:00|DeucalionClient: Debug Channel 9000 Opcode Debug message: SERVER HELLO. VERSION: 1.4.0. HOOK STATUS: RECV ON. SEND ON. SEND_LOBBY ON. CREATE_TARGET ON.|78269e0be64bc5a1
250|2025-12-13T17:01:36.5698988+08:00|Detected Process ID: 9084, Client Mode: FFXIV_64, IsAdmin: True, Game Version: 2025.10.23.0000.0000|b83895460cf6fdaf
251|2025-12-13T17:01:36.5698988+08:00|DeucalionClient: Debug Channel Lobby Opcode Debug message: Packet filters set: 0b00010010|1c3a75066c4fea53
251|2025-12-13T17:01:36.5698988+08:00|DeucalionClient: Debug Channel 9000 Opcode Debug message: CHANGED NICKNAME: FFXIV_ACT_Plugin (subscriber 0)|9a54038ffa511eed
01|2025-12-13T17:01:41.8310000+08:00|84|格里达尼亚新街|ac186de8c8f36991
40|2025-12-13T17:01:41.8310000+08:00|2|黑衣森林|格里达尼亚新街||ddc19ac61b4849cb
02|2025-12-13T17:01:41.8310000+08:00|10530A8D|小祥客服|216efe1d229e8654
03|2025-12-13T17:01:41.8310000+08:00|10530A8D|小祥客服|1E|64|0000|434|BaiJinHuanXiang|0|0|145489|145489|10000|10000|||33.05|33.32|2.20|-3.06|32654a0af29975da
03|2025-12-13T17:01:41.8310000+08:00|1052E19B|蚳蛊蛱杀|13|64|0000|434|BaiJinHuanXiang|0|0|231909|231909|10000|10000|||42.18|29.90|5.87|-1.36|6504bea6cce51fc1
03|2025-12-13T17:01:41.8310000+08:00|10531CBB|尘世頌|12|64|0000|434|BaiJinHuanXiang|0|0|42919|42919|0|10000|||25.53|37.56|1.70|2.37|1704441c0ced7abc
03|2025-12-13T17:01:41.8310000+08:00|104E1D04|姜姜时|08|A|0000|434|BaiJinHuanXiang|0|0|178|178|0|10000|||-42.37|57.48|-3.25|-1.82|9e30585048eb383f
03|2025-12-13T17:01:41.8310000+08:00|105319A6|惡徒|17|64|0000|434|BaiJinHuanXiang|0|0|81797|81797|10000|10000|||34.46|110.13|-7.50|-1.43|75a4d7418152ef69
03|2025-12-13T17:01:41.8310000+08:00|1052806F|雷霆震|17|5F|0000|434|BaiJinHuanXiang|0|0|92238|92238|10000|10000|||25.47|95.69|-19.00|0.00|f19f34503a7db083
12|2025-12-13T17:01:41.8310000+08:00|30|377|4907|5130|286|328|440|4907|2171|1967|286|328|2247|592|420|420|40000BE01CDF89|49a42689fc39bf54
260|2025-12-13T17:01:42.6510000+08:00|0|0|1|1|388f679aba3f88c3
261|2025-12-13T17:01:43.3100000+08:00|Add|10530A8D|CastTargetID|E0000000|CurrentMP|10000|CurrentWorldID|1076|Heading|-3.0634|Job|30|Level|100|MaxHP|145489|MaxMP|10000|Name|小祥客服|NPCTargetID|E0000000|PosX|33.0496|PosY|33.3238|PosZ|2.2000|Radius|0.5000|Type|1|WorldID|1076|762417f1d4678ef8
261|2025-12-13T17:01:43.3100000+08:00|Add|1052E19B|CastTargetID|E0000000|CurrentMP|10000|CurrentWorldID|1076|Heading|-1.3578|Job|19|Level|100|MaxHP|231909|MaxMP|10000|Name|蚳蛊蛱杀|NPCTargetID|E0000000|PosX|42.1820|PosY|29.8986|PosZ|5.8694|Radius|0.5000|Type|1|WorldID|1076|c39c200183e1a43e
261|2025-12-13T17:01:43.3100000+08:00|Add|10531CBB|CastTargetID|E0000000|CurrentWorldID|1076|Heading|2.3737|Job|18|Level|100|MaxHP|42919|Name|尘世頌|NPCTargetID|E0000000|PosX|25.5269|PosY|37.5578|PosZ|1.7000|Radius|0.5000|Type|1|WorldID|1076|15138312e11a12cb
261|2025-12-13T17:01:43.3100000+08:00|Add|104E1D04|CastTargetID|E0000000|CurrentWorldID|1076|Heading|1.5153|Job|8|Level|10|MaxHP|178|Name|姜姜时|NPCTargetID|11698C|PCTargetID|11698C|PosX|-40.5164|PosY|57.5721|PosZ|-3.2502|Radius|0.5000|Type|1|WorldID|1076|0209149fe561e91e
261|2025-12-13T17:01:43.3100000+08:00|Add|105319A6|CastTargetID|E0000000|CurrentMP|10000|CurrentWorldID|1076|Heading|-1.4327|Job|23|Level|100|MaxHP|81797|MaxMP|10000|Name|惡徒|NPCTargetID|E0000000|PosX|34.4555|PosY|110.1314|PosZ|-7.5000|Radius|0.5000|Type|1|WorldID|1076|9b86d35ca0578532
261|2025-12-13T17:01:43.3100000+08:00|Add|1052806F|CastTargetID|E0000000|CurrentMP|10000|CurrentWorldID|1076|Heading|0.0000|Job|23|Level|95|MaxHP|92238|MaxMP|10000|Name|雷霆震|NPCTargetID|E0000000|PosX|25.4673|PosY|95.6893|PosZ|-19.0000|Radius|0.5000|Type|1|WorldID|1076|0059e08f4a7369eb
00|2025-12-13T17:01:46.0000000+08:00|001B|美味海星|一般都是攻城战出吧|3dfd07f013b6c3bf
265|2025-12-13T17:01:46.0000000+08:00|0084|格里达尼亚新街|False|0|0|0|0|0|7fd77ca31b7c0c73
00|2025-12-13T17:01:49.0000000+08:00|0039||成功发送了参加申请。|8cf3a71666a0559e
261|2025-12-13T17:01:49.8400000+08:00|Change|104E1D04|Heading|-1.7377|NPCTargetID|E0000000|PCTargetID|0|PosX|-40.5128|PosY|57.5723|PosZ|-3.2500|6d457de64288300a
261|2025-12-13T17:01:51.9890000+08:00|Change|10530A8D|Heading|-2.7943|ModelStatus|512|PosX|30.3738|PosY|32.1455|0a587cf953eeab32
261|2025-12-13T17:01:53.3200000+08:00|Remove|104E1D04|fd752493cff9cc6b
261|2025-12-13T17:01:53.3200000+08:00|Remove|105319A6|e000b81c5bb5a680
261|2025-12-13T17:01:53.3200000+08:00|Remove|10530A8D|587766d5e9ba4c6d
261|2025-12-13T17:01:53.3200000+08:00|Remove|1052806F|bfcdde93a1f557f1
261|2025-12-13T17:01:53.3200000+08:00|Remove|10531CBB|1d579eff0c6284a4
261|2025-12-13T17:01:53.3200000+08:00|Remove|1052E19B|6179a41e71a01059
31|2025-12-13T17:01:53.5550000+08:00|10530A8D|1E|00|00|00|ecd1cb9173f08e67
31|2025-12-13T17:01:53.5550000+08:00|10530A8D|1E|00|00|00|12ee1f485f7b4d91
272|2025-12-13T17:01:53.9990000+08:00|40002F2C|E0000000|0000|00|dc123e053ff5cc07
272|2025-12-13T17:01:53.9990000+08:00|40002F2F|E0000000|0000|00|835571ba6f93e19f
261|2025-12-13T17:01:53.6840000+08:00|Add|40002F2E|BNpcID|3F56|BNpcNameID|3050|CastTargetID|E0000000|CurrentMP|10000|CurrentWorldID|65535|Heading|-3.1416|Level|90|MaxHP|69200|MaxMP|10000|ModelStatus|18688|Name|风球|NPCTargetID|E0000000|PosX|100.0000|PosY|100.0000|Radius|1.0000|Type|2|WorldID|65535|67bfcb4fb1f5da05
272|2025-12-13T17:01:53.9990000+08:00|40002F35|E0000000|0000|00|b4437493a420bff5
272|2025-12-13T17:01:53.9990000+08:00|40002F38|E0000000|0000|00|ea859fb2fa58f778
272|2025-12-13T17:01:53.9990000+08:00|40002F39|E0000000|0000|00|e45666fb4c1d4d23
272|2025-12-13T17:01:53.9990000+08:00|40002F36|E0000000|0000|00|e9074d49e819ecad
272|2025-12-13T17:01:53.9990000+08:00|40002F3A|E0000000|0000|00|40b977bb8d2e5e99
272|2025-12-13T17:01:53.9990000+08:00|40002F3B|E0000000|0000|00|4d89a21ab9867b02
272|2025-12-13T17:01:53.9990000+08:00|40002F3C|E0000000|0000|00|11fd9addb6aaa742
272|2025-12-13T17:01:53.9990000+08:00|40002F3D|E0000000|0000|00|83741991747d465c
272|2025-12-13T17:01:53.9990000+08:00|40002F3E|E0000000|0000|00|c34f40ec81879aee
272|2025-12-13T17:01:53.9990000+08:00|40002F3F|E0000000|0000|00|cbe74d4b89cc8afb
272|2025-12-13T17:01:53.9990000+08:00|40002F41|E0000000|0000|00|78e9d6a2cc341645
272|2025-12-13T17:01:53.9990000+08:00|40002F40|E0000000|0000|00|2d059ec9619bdedc
272|2025-12-13T17:01:53.9990000+08:00|40002F30|E0000000|0000|00|ecd8d608a60f737d
272|2025-12-13T17:01:53.9990000+08:00|40002F2D|E0000000|0000|00|89e00e9df63bbe11
272|2025-12-13T17:01:53.9990000+08:00|40002F32|E0000000|0000|00|ec28ede2cc65459f
272|2025-12-13T17:01:53.9990000+08:00|40002F33|E0000000|0000|00|8705ff74b45b6e44
272|2025-12-13T17:01:53.9990000+08:00|40002F34|E0000000|0000|00|3fadd3bb5dbce25a
272|2025-12-13T17:01:53.9990000+08:00|40002F2E|E0000000|0000|00|bd894b02a0dcb5d0
261|2025-12-13T17:01:53.6840000+08:00|Add|40002F2C|BNpcID|3F56|BNpcNameID|3050|CastTargetID|E0000000|CurrentMP|10000|CurrentWorldID|65535|Heading|-3.1416|Level|90|MaxHP|69200|MaxMP|10000|ModelStatus|18688|Name|风球|NPCTargetID|E0000000|PosX|100.0000|PosY|100.0000|Radius|1.0000|Type|2|WorldID|65535|56a382187068a48d
261|2025-12-13T17:01:53.6840000+08:00|Add|40002F2D|BNpcID|3F56|BNpcNameID|3050|CastTargetID|E0000000|CurrentMP|10000|CurrentWorldID|65535|Heading|-3.1416|Level|90|MaxHP|69200|MaxMP|10000|ModelStatus|18688|Name|风球|NPCTargetID|E0000000|PosX|100.0000|PosY|100.0000|Radius|1.0000|Type|2|WorldID|65535|53fa199817fc4f50
272|2025-12-13T17:01:53.9990000+08:00|40002F37|E0000000|0000|00|6b73119dc71b5558
272|2025-12-13T17:01:53.9990000+08:00|40002F31|E0000000|0000|00|3def684b29ce6396
261|2025-12-13T17:01:53.6840000+08:00|Add|10530A8D|CastTargetID|E0000000|CurrentMP|10000|CurrentWorldID|1076|Heading|-3.1416|Job|30|Level|100|MaxHP|145489|MaxMP|10000|ModelStatus|3328|Name|小祥客服|NPCTargetID|E0000000|PosX|100.6450|PosY|112.5060|Radius|0.5000|Type|1|WorldID|1076|78fdf646813c589f
261|2025-12-13T17:01:53.6840000+08:00|Add|40002F31|BNpcID|3F56|BNpcNameID|3050|CastTargetID|E0000000|CurrentMP|10000|CurrentWorldID|65535|Heading|-3.1416|Level|90|MaxHP|69200|MaxMP|10000|ModelStatus|18688|Name|风球|NPCTargetID|E0000000|PosX|100.0000|PosY|100.0000|Radius|1.0000|Type|2|WorldID|65535|6035b73ddd8daa67
261|2025-12-13T17:01:53.6840000+08:00|Add|40002F2F|BNpcID|3F56|BNpcNameID|3050|CastTargetID|E0000000|CurrentMP|10000|CurrentWorldID|65535|Heading|-3.1416|Level|90|MaxHP|69200|MaxMP|10000|ModelStatus|18688|Name|风球|NPCTargetID|E0000000|PosX|100.0000|PosY|100.0000|Radius|1.0000|Type|2|WorldID|65535|147b114bde1c4fd1
261|2025-12-13T17:01:53.6840000+08:00|Add|40002F30|BNpcID|3F56|BNpcNameID|3050|CastTargetID|E0000000|CurrentMP|10000|CurrentWorldID|65535|Heading|-3.1416|Level|90|MaxHP|69200|MaxMP|10000|ModelStatus|18688|Name|风球|NPCTargetID|E0000000|PosX|100.0000|PosY|100.0000|Radius|1.0000|Type|2|WorldID|65535|0f3f1c9465e9750d
272|2025-12-13T17:01:54.0440000+08:00|40002F42|E0000000|0000|00|5171d644137f2083
272|2025-12-13T17:01:54.0440000+08:00|40002F43|E0000000|0000|00|128e83f3e1382301
272|2025-12-13T17:01:54.0440000+08:00|40002F44|E0000000|0000|00|c99e92b305fd7f99
272|2025-12-13T17:01:54.0440000+08:00|40002F46|E0000000|0000|00|ed4394166eedc463
272|2025-12-13T17:01:54.0440000+08:00|40002F47|E0000000|0000|00|c55b359a05bc51d3
272|2025-12-13T17:01:54.0440000+08:00|40002F48|E0000000|0000|00|fbb4c3df30ed110c
272|2025-12-13T17:01:54.0440000+08:00|40002F49|E0000000|0000|00|f88671e972af1f3c
272|2025-12-13T17:01:54.0440000+08:00|40002F4B|E0000000|0000|00|eff3e6c3cca2b107
272|2025-12-13T17:01:54.0440000+08:00|40002F4C|E0000000|0000|00|6bfbc2285cee8251
272|2025-12-13T17:01:54.0440000+08:00|40002F4F|E0000000|0000|00|46eeb78e1b6e3ab0
272|2025-12-13T17:01:54.0440000+08:00|40002F50|E0000000|0000|00|99a473609b6ab80a
272|2025-12-13T17:01:54.0440000+08:00|40002F51|E0000000|0000|00|0c131587cd307d3a
272|2025-12-13T17:01:54.0440000+08:00|40002F52|E0000000|0000|00|085a5b3eeae99225
272|2025-12-13T17:01:54.0440000+08:00|40002F53|E0000000|0000|00|fcf632408140ef7f
272|2025-12-13T17:01:54.0440000+08:00|40002F4A|E0000000|0000|00|1e18058c3519a42a
272|2025-12-13T17:01:54.0440000+08:00|40002F54|E0000000|0000|00|07d55f8b37a62322
272|2025-12-13T17:01:54.0440000+08:00|40002F56|E0000000|0000|00|0574e74181f1d5ee
272|2025-12-13T17:01:54.0440000+08:00|40002F55|E0000000|0000|00|6b79c00705f7e9aa
272|2025-12-13T17:01:54.0440000+08:00|40002F45|E0000000|0000|00|b0c1b18ca11c4c9f
272|2025-12-13T17:01:54.0440000+08:00|40002F4E|E0000000|0000|00|3579a4f42d569ad7
272|2025-12-13T17:01:54.0440000+08:00|40002F58|E0000000|0000|00|f71d12127cc6213a
272|2025-12-13T17:01:54.0440000+08:00|40002F57|E0000000|0000|00|92de0e5ccdaa0dd1
272|2025-12-13T17:01:54.0440000+08:00|40002F4D|E0000000|0000|00|e5d8e7da46bdd8f2
261|2025-12-13T17:01:53.6840000+08:00|Add|40002F34|BNpcID|3F56|BNpcNameID|3050|CastTargetID|E0000000|CurrentMP|10000|CurrentWorldID|65535|Heading|-3.1416|Level|90|MaxHP|69200|MaxMP|10000|ModelStatus|18688|Name|风球|NPCTargetID|E0000000|PosX|100.0000|PosY|100.0000|Radius|1.0000|Type|2|WorldID|65535|70f79bb8e1320035
261|2025-12-13T17:01:53.6840000+08:00|Add|40002F37|BNpcID|3F56|BNpcNameID|3050|CastTargetID|E0000000|CurrentMP|10000|CurrentWorldID|65535|Heading|-3.1416|Level|90|MaxHP|69200|MaxMP|10000|ModelStatus|18688|Name|风球|NPCTargetID|E0000000|PosX|100.0000|PosY|100.0000|Radius|1.0000|Type|2|WorldID|65535|e3e281b917bfd9c9
261|2025-12-13T17:01:53.6840000+08:00|Add|40002F32|BNpcID|3F56|BNpcNameID|3050|CastTargetID|E0000000|CurrentMP|10000|CurrentWorldID|65535|Heading|-3.1416|Level|90|MaxHP|69200|MaxMP|10000|ModelStatus|18688|Name|风球|NPCTargetID|E0000000|PosX|100.0000|PosY|100.0000|Radius|1.0000|Type|2|WorldID|65535|579dec79910f6cf0
261|2025-12-13T17:01:53.6840000+08:00|Add|40002F36|BNpcID|3F56|BNpcNameID|3050|CastTargetID|E0000000|CurrentMP|10000|CurrentWorldID|65535|Heading|-3.1416|Level|90|MaxHP|69200|MaxMP|10000|ModelStatus|18688|Name|风球|NPCTargetID|E0000000|PosX|100.0000|PosY|100.0000|Radius|1.0000|Type|2|WorldID|65535|dc1bb07779d48257
261|2025-12-13T17:01:53.6840000+08:00|Add|40002F35|BNpcID|3F56|BNpcNameID|3050|CastTargetID|E0000000|CurrentMP|10000|CurrentWorldID|65535|Heading|-3.1416|Level|90|MaxHP|69200|MaxMP|10000|ModelStatus|18688|Name|风球|NPCTargetID|E0000000|PosX|100.0000|PosY|100.0000|Radius|1.0000|Type|2|WorldID|65535|5079fb2550a75f15
261|2025-12-13T17:01:53.6840000+08:00|Add|40002F33|BNpcID|3F56|BNpcNameID|3050|CastTargetID|E0000000|CurrentMP|10000|CurrentWorldID|65535|Heading|-3.1416|Level|90|MaxHP|69200|MaxMP|10000|ModelStatus|18688|Name|风球|NPCTargetID|E0000000|PosX|100.0000|PosY|100.0000|Radius|1.0000|Type|2|WorldID|65535|d92888c38df108b7
261|2025-12-13T17:01:53.7820000+08:00|Add|40002F3D|BNpcID|3F5A|BNpcNameID|304E|CastTargetID|E0000000|CurrentMP|10000|CurrentWorldID|65535|Heading|-3.1416|Level|90|MaxHP|69200|MaxMP|10000|ModelStatus|18688|Name|高贝扎的幻影|NPCTargetID|E0000000|PosX|100.0000|PosY|100.0000|Radius|7.5000|Type|2|WorldID|65535|89592ad896c44d0b
261|2025-12-13T17:01:53.7820000+08:00|Add|40002F3A|BNpcID|3F56|BNpcNameID|3050|CastTargetID|E0000000|CurrentMP|10000|CurrentWorldID|65535|Heading|-3.1416|Level|90|MaxHP|69200|MaxMP|10000|ModelStatus|18688|Name|风球|NPCTargetID|E0000000|PosX|100.0000|PosY|100.0000|Radius|1.0000|Type|2|WorldID|65535|bdae4f4d3a9a06c6
261|2025-12-13T17:01:53.7820000+08:00|Add|40002F3C|BNpcID|3F5A|BNpcNameID|304E|CastTargetID|E0000000|CurrentMP|10000|CurrentWorldID|65535|Heading|-3.1416|Level|90|MaxHP|69200|MaxMP|10000|ModelStatus|18688|Name|高贝扎的幻影|NPCTargetID|E0000000|PosX|100.0000|PosY|100.0000|Radius|7.5000|Type|2|WorldID|65535|6ce9559cb3c166f0
261|2025-12-13T17:01:53.7820000+08:00|Add|40002F3B|BNpcID|3F56|BNpcNameID|3050|CastTargetID|E0000000|CurrentMP|10000|CurrentWorldID|65535|Heading|-3.1416|Level|90|MaxHP|69200|MaxMP|10000|ModelStatus|18688|Name|风球|NPCTargetID|E0000000|PosX|100.0000|PosY|100.0000|Radius|1.0000|Type|2|WorldID|65535|0752828906c996de
261|2025-12-13T17:01:53.7820000+08:00|Add|40002F38|BNpcID|3F56|BNpcNameID|3050|CastTargetID|E0000000|CurrentMP|10000|CurrentWorldID|65535|Heading|-3.1416|Level|90|MaxHP|69200|MaxMP|10000|ModelStatus|18688|Name|风球|NPCTargetID|E0000000|PosX|100.0000|PosY|100.0000|Radius|1.0000|Type|2|WorldID|65535|9beb6c5c2c05aa96
261|2025-12-13T17:01:53.7820000+08:00|Add|40002F39|BNpcID|3F56|BNpcNameID|3050|CastTargetID|E0000000|CurrentMP|10000|CurrentWorldID|65535|Heading|-3.1416|Level|90|MaxHP|69200|MaxMP|10000|ModelStatus|18688|Name|风球|NPCTargetID|E0000000|PosX|100.0000|PosY|100.0000|Radius|1.0000|Type|2|WorldID|65535|454b9b2edc055749
272|2025-12-13T17:01:54.0880000+08:00|40002F59|E0000000|0000|00|f0135ac15656c5e8
261|2025-12-13T17:01:53.7820000+08:00|Add|40002F2B|BNpcID|1E8536|CastBuffID|3101949968|CastGroundTargetX|0.0000|CastGroundTargetY|0.0000|CastTargetID|88E89FBB|CurrentWorldID|256|Heading|0.0000|IsCasting2|2|Level|43|MaxMP|687865856|ModelStatus|2304|NPCTargetID|4AFA1527|PosX|100.0000|PosY|112.0000|Radius|2.0000|Type|7|e3fbcc248e1568e3
31|2025-12-13T17:01:54.0880000+08:00|10530A8D|1E|00|00|00|d331643f201cfb81
272|2025-12-13T17:01:54.0880000+08:00|40002F5A|E0000000|0000|00|546f0d6297a9ed38
261|2025-12-13T17:01:53.7820000+08:00|Add|40002F2A|BNpcID|1E850B|BNpcNameID|9187E984|CastBuffID|256|CastDurationMax|0.0000|CastGroundTargetX|32206.0400|CastGroundTargetY|0.0000|CastGroundTargetZ|175192200000000.0000|CastTargetID|42121A02|Heading|0.0000|Level|109|MaxMP|1795162112|ModelStatus|2304|Name|退出点|NPCTargetID|36000000|PCTargetID|18FA8813|PosX|100.0000|PosY|89.0000|Radius|0.5000|Type|7|WeaponId|3|ea6cf9fbd67827b7
261|2025-12-13T17:01:53.7820000+08:00|Add|40002F40|BNpcID|3F55|BNpcNameID|304F|CastTargetID|E0000000|CurrentMP|10000|CurrentWorldID|65535|Heading|0.0000|Level|90|MaxHP|69200|MaxMP|10000|ModelStatus|18688|Name|黑龙|NPCTargetID|E0000000|PosX|100.0000|PosY|100.0000|Radius|7.0000|Type|2|WorldID|65535|13c3b752caa2f95c
261|2025-12-13T17:01:53.7820000+08:00|Add|40002F3E|BNpcID|3F5A|BNpcNameID|304E|CastTargetID|E0000000|CurrentMP|10000|CurrentWorldID|65535|Heading|-3.1416|Level|90|MaxHP|69200|MaxMP|10000|ModelStatus|18688|Name|高贝扎的幻影|NPCTargetID|E0000000|PosX|100.0000|PosY|100.0000|Radius|7.5000|Type|2|WorldID|65535|6f3d9aa1904e5dcb
261|2025-12-13T17:01:53.7820000+08:00|Add|40002F3F|BNpcID|3F5A|BNpcNameID|304E|CastTargetID|E0000000|CurrentMP|10000|CurrentWorldID|65535|Heading|-3.1416|Level|90|MaxHP|69200|MaxMP|10000|ModelStatus|18688|Name|高贝扎的幻影|NPCTargetID|E0000000|PosX|100.0000|PosY|100.0000|Radius|7.5000|Type|2|WorldID|65535|72ec0acf50bb574e
261|2025-12-13T17:01:53.7820000+08:00|Add|40002F42|BNpcID|233C|BNpcNameID|304D|CastTargetID|E0000000|CurrentWorldID|65535|Heading|0.0000|Level|1|MaxHP|44|ModelStatus|2304|Name|高贝扎|NPCTargetID|E0000000|PosX|100.0000|PosY|90.0000|Radius|0.5000|Type|2|WorldID|65535|f212c7e8d346337c
261|2025-12-13T17:01:53.7820000+08:00|Add|40002F43|BNpcID|233C|BNpcNameID|304D|CastTargetID|E0000000|CurrentWorldID|65535|Heading|0.0000|Level|1|MaxHP|44|ModelStatus|2304|Name|高贝扎|NPCTargetID|E0000000|PosX|100.0000|PosY|90.0000|Radius|0.5000|Type|2|WorldID|65535|5f07133f334369be
261|2025-12-13T17:01:53.7820000+08:00|Add|40002F41|BNpcID|3F54|BNpcNameID|304D|CastTargetID|E0000000|CurrentMP|10000|CurrentWorldID|65535|Heading|0.0000|Level|90|MaxHP|26635080|MaxMP|10000|ModelStatus|2304|Name|高贝扎|NPCTargetID|E0000000|PosX|100.0000|PosY|90.0000|Radius|6.0000|Type|2|WorldID|65535|955ea9fb82c6035f
261|2025-12-13T17:01:53.7820000+08:00|Add|40002F45|BNpcID|233C|BNpcNameID|304D|CastTargetID|E0000000|CurrentWorldID|65535|Heading|0.0000|Level|1|MaxHP|44|ModelStatus|2304|Name|高贝扎|NPCTargetID|E0000000|PosX|100.0000|PosY|90.0000|Radius|0.5000|Type|2|WorldID|65535|90f35cd9783a4af6
261|2025-12-13T17:01:53.7820000+08:00|Add|40002F46|BNpcID|233C|BNpcNameID|304D|CastTargetID|E0000000|CurrentWorldID|65535|Heading|0.0000|Level|1|MaxHP|44|ModelStatus|2304|Name|高贝扎|NPCTargetID|E0000000|PosX|100.0000|PosY|90.0000|Radius|0.5000|Type|2|WorldID|65535|1d0e7fd2d5259ecc
261|2025-12-13T17:01:53.7820000+08:00|Add|40002F48|BNpcID|233C|BNpcNameID|304D|CastTargetID|E0000000|CurrentWorldID|65535|Heading|0.0000|Level|1|MaxHP|44|ModelStatus|2304|Name|高贝扎|NPCTargetID|E0000000|PosX|100.0000|PosY|90.0000|Radius|0.5000|Type|2|WorldID|65535|b60da436296b9c8b
261|2025-12-13T17:01:53.7820000+08:00|Add|40002F49|BNpcID|233C|BNpcNameID|304D|CastTargetID|E0000000|CurrentWorldID|65535|Heading|0.0000|Level|1|MaxHP|44|ModelStatus|2304|Name|高贝扎|NPCTargetID|E0000000|PosX|100.0000|PosY|90.0000|Radius|0.5000|Type|2|WorldID|65535|36938cce36c32302
261|2025-12-13T17:01:53.7820000+08:00|Add|40002F47|BNpcID|233C|BNpcNameID|304D|CastTargetID|E0000000|CurrentWorldID|65535|Heading|0.0000|Level|1|MaxHP|44|ModelStatus|2304|Name|高贝扎|NPCTargetID|E0000000|PosX|100.0000|PosY|90.0000|Radius|0.5000|Type|2|WorldID|65535|9dee1ec03d897d2b
261|2025-12-13T17:01:53.7820000+08:00|Add|40002F44|BNpcID|233C|BNpcNameID|304D|CastTargetID|E0000000|CurrentWorldID|65535|Heading|0.0000|Level|1|MaxHP|44|ModelStatus|2304|Name|高贝扎|NPCTargetID|E0000000|PosX|100.0000|PosY|90.0000|Radius|0.5000|Type|2|WorldID|65535|4b14e3ac7eef3cce
261|2025-12-13T17:01:53.7820000+08:00|Add|40002F4A|BNpcID|233C|BNpcNameID|304D|CastTargetID|E0000000|CurrentWorldID|65535|Heading|0.0000|Level|1|MaxHP|44|ModelStatus|2304|Name|高贝扎|NPCTargetID|E0000000|PosX|100.0000|PosY|90.0000|Radius|0.5000|Type|2|WorldID|65535|98a85b7231473fac
261|2025-12-13T17:01:53.7820000+08:00|Add|40002F4C|BNpcID|233C|BNpcNameID|304D|CastTargetID|E0000000|CurrentWorldID|65535|Heading|0.0000|Level|1|MaxHP|44|ModelStatus|2304|Name|高贝扎|NPCTargetID|E0000000|PosX|100.0000|PosY|90.0000|Radius|0.5000|Type|2|WorldID|65535|6d8e0d21e3e74c22
261|2025-12-13T17:01:53.7820000+08:00|Add|40002F4B|BNpcID|233C|BNpcNameID|304D|CastTargetID|E0000000|CurrentWorldID|65535|Heading|0.0000|Level|1|MaxHP|44|ModelStatus|2304|Name|高贝扎|NPCTargetID|E0000000|PosX|100.0000|PosY|90.0000|Radius|0.5000|Type|2|WorldID|65535|7c9bcae003c3fa38
261|2025-12-13T17:01:53.8740000+08:00|Add|40002F4E|BNpcID|233C|BNpcNameID|304D|CastTargetID|E0000000|CurrentWorldID|65535|Heading|0.0000|Level|1|MaxHP|44|ModelStatus|2304|Name|高贝扎|NPCTargetID|E0000000|PosX|100.0000|PosY|90.0000|Radius|0.5000|Type|2|WorldID|65535|2dcd542ebc92d5c4
261|2025-12-13T17:01:53.8740000+08:00|Add|40002F50|BNpcID|233C|BNpcNameID|304D|CastTargetID|E0000000|CurrentWorldID|65535|Heading|0.0000|Level|1|MaxHP|44|ModelStatus|2304|Name|高贝扎|NPCTargetID|E0000000|PosX|100.0000|PosY|90.0000|Radius|0.5000|Type|2|WorldID|65535|3a6110a47fa0eb30
261|2025-12-13T17:01:53.8740000+08:00|Add|40002F52|BNpcID|233C|BNpcNameID|304D|CastTargetID|E0000000|CurrentWorldID|65535|Heading|0.0000|Level|1|MaxHP|44|ModelStatus|2304|Name|高贝扎|NPCTargetID|E0000000|PosX|100.0000|PosY|90.0000|Radius|0.5000|Type|2|WorldID|65535|8d9d8d21a0cceee3
261|2025-12-13T17:01:53.8740000+08:00|Add|40002F4D|BNpcID|233C|BNpcNameID|304D|CastTargetID|E0000000|CurrentWorldID|65535|Heading|0.0000|Level|1|MaxHP|44|ModelStatus|2304|Name|高贝扎|NPCTargetID|E0000000|PosX|100.0000|PosY|90.0000|Radius|0.5000|Type|2|WorldID|65535|f0f2afb6000387ba
261|2025-12-13T17:01:53.8740000+08:00|Add|40002F4F|BNpcID|233C|BNpcNameID|304D|CastTargetID|E0000000|CurrentWorldID|65535|Heading|0.0000|Level|1|MaxHP|44|ModelStatus|2304|Name|高贝扎|NPCTargetID|E0000000|PosX|100.0000|PosY|90.0000|Radius|0.5000|Type|2|WorldID|65535|51caf549102b9f03
261|2025-12-13T17:01:53.8740000+08:00|Add|40002F51|BNpcID|233C|BNpcNameID|304D|CastTargetID|E0000000|CurrentWorldID|65535|Heading|0.0000|Level|1|MaxHP|44|ModelStatus|2304|Name|高贝扎|NPCTargetID|E0000000|PosX|100.0000|PosY|90.0000|Radius|0.5000|Type|2|WorldID|65535|4aa26a7992a9bb04
261|2025-12-13T17:01:53.8740000+08:00|Add|40002F56|BNpcID|233C|BNpcNameID|304D|CastTargetID|E0000000|CurrentWorldID|65535|Heading|0.0000|Level|1|MaxHP|44|ModelStatus|2304|Name|高贝扎|NPCTargetID|E0000000|PosX|100.0000|PosY|90.0000|Radius|0.5000|Type|2|WorldID|65535|cdbf7fd50fffd803
261|2025-12-13T17:01:53.8740000+08:00|Add|40002F54|BNpcID|233C|BNpcNameID|304D|CastTargetID|E0000000|CurrentWorldID|65535|Heading|0.0000|Level|1|MaxHP|44|ModelStatus|2304|Name|高贝扎|NPCTargetID|E0000000|PosX|100.0000|PosY|90.0000|Radius|0.5000|Type|2|WorldID|65535|8523863db916ff32
261|2025-12-13T17:01:53.8740000+08:00|Add|40002F55|BNpcID|233C|BNpcNameID|304D|CastTargetID|E0000000|CurrentWorldID|65535|Heading|0.0000|Level|1|MaxHP|44|ModelStatus|2304|Name|高贝扎|NPCTargetID|E0000000|PosX|100.0000|PosY|90.0000|Radius|0.5000|Type|2|WorldID|65535|931ba696d1be8269
261|2025-12-13T17:01:53.8740000+08:00|Add|40002F58|BNpcID|233C|BNpcNameID|304D|CastTargetID|E0000000|CurrentWorldID|65535|Heading|0.0000|Level|1|MaxHP|44|ModelStatus|2304|Name|高贝扎|NPCTargetID|E0000000|PosX|100.0000|PosY|90.0000|Radius|0.5000|Type|2|WorldID|65535|a8af0e7ccedad62e
261|2025-12-13T17:01:53.8740000+08:00|Add|40002F57|BNpcID|233C|BNpcNameID|304D|CastTargetID|E0000000|CurrentWorldID|65535|Heading|0.0000|Level|1|MaxHP|44|ModelStatus|2304|Name|高贝扎|NPCTargetID|E0000000|PosX|100.0000|PosY|90.0000|Radius|0.5000|Type|2|WorldID|65535|3d6db7567abefae3
261|2025-12-13T17:01:53.8740000+08:00|Add|40002F53|BNpcID|233C|BNpcNameID|304D|CastTargetID|E0000000|CurrentWorldID|65535|Heading|0.0000|Level|1|MaxHP|44|ModelStatus|2304|Name|高贝扎|NPCTargetID|E0000000|PosX|100.0000|PosY|90.0000|Radius|0.5000|Type|2|WorldID|65535|ce8397bb097aab74
261|2025-12-13T17:01:53.8740000+08:00|Add|40002F5A|BNpcID|233C|BNpcNameID|304D|CastTargetID|E0000000|CurrentWorldID|65535|Heading|0.0000|Level|1|MaxHP|44|ModelStatus|2304|Name|高贝扎|NPCTargetID|E0000000|PosX|100.0000|PosY|90.0000|Radius|0.5000|Type|2|WorldID|65535|89808e4d8eaee451
261|2025-12-13T17:01:53.8740000+08:00|Add|40002F59|BNpcID|233C|BNpcNameID|304D|CastTargetID|E0000000|CurrentWorldID|65535|Heading|0.0000|Level|1|MaxHP|44|ModelStatus|2304|Name|高贝扎|NPCTargetID|E0000000|PosX|100.0000|PosY|90.0000|Radius|0.5000|Type|2|WorldID|65535|2d5a8edc9d472ed4
01|2025-12-13T17:01:54.1770000+08:00|474|高贝扎歼灭战|7766485884f16802
40|2025-12-13T17:01:54.1770000+08:00|830|？？？？|立方魔法阵||eb0bc3d74a4d0bd3
02|2025-12-13T17:01:54.1770000+08:00|10530A8D|小祥客服|5cc267b9fbc638a7
265|2025-12-13T17:01:51.9542563+08:00|474|高贝扎歼灭战|True|1|0|0|0|0|dea762d764895d9c
03|2025-12-13T17:01:54.1770000+08:00|10530A8D|小祥客服|1E|64|0000|434|BaiJinHuanXiang|0|0|145489|145489|10000|10000|||100.65|112.51|0.00|-3.14|d4575735fd78d9c0
03|2025-12-13T17:01:54.1770000+08:00|40002F34|风球|00|5A|0000|00||12368|16214|69200|69200|10000|10000|||100.00|100.00|0.00|-3.14|545d640ca89ce710
03|2025-12-13T17:01:54.1770000+08:00|40002F31|风球|00|5A|0000|00||12368|16214|69200|69200|10000|10000|||100.00|100.00|0.00|-3.14|5dfbc889acdc2f26
03|2025-12-13T17:01:54.1770000+08:00|40002F40|黑龙|00|5A|0000|00||12367|16213|69200|69200|10000|10000|||100.00|100.00|0.00|0.00|2fa2b04caab17e3d
03|2025-12-13T17:01:54.1770000+08:00|40002F3E|高贝扎的幻影|00|5A|0000|00||12366|16218|69200|69200|10000|10000|||100.00|100.00|0.00|-3.14|ea54051ff22639de
03|2025-12-13T17:01:54.1770000+08:00|40002F37|风球|00|5A|0000|00||12368|16214|69200|69200|10000|10000|||100.00|100.00|0.00|-3.14|877bcfb865de9038
03|2025-12-13T17:01:54.1770000+08:00|40002F3D|高贝扎的幻影|00|5A|0000|00||12366|16218|69200|69200|10000|10000|||100.00|100.00|0.00|-3.14|03fce4a5398a5294
03|2025-12-13T17:01:54.1770000+08:00|40002F2D|风球|00|5A|0000|00||12368|16214|69200|69200|10000|10000|||100.00|100.00|0.00|-3.14|3ae8e843045cf473
03|2025-12-13T17:01:54.1770000+08:00|40002F32|风球|00|5A|0000|00||12368|16214|69200|69200|10000|10000|||100.00|100.00|0.00|-3.14|e4fc2b0a52fe9f8f
03|2025-12-13T17:01:54.1770000+08:00|40002F3A|风球|00|5A|0000|00||12368|16214|69200|69200|10000|10000|||100.00|100.00|0.00|-3.14|edd97bbf5c7c9aa3
03|2025-12-13T17:01:54.1770000+08:00|40002F3F|高贝扎的幻影|00|5A|0000|00||12366|16218|69200|69200|10000|10000|||100.00|100.00|0.00|-3.14|832e90f58c7b5e84
03|2025-12-13T17:01:54.1770000+08:00|40002F3C|高贝扎的幻影|00|5A|0000|00||12366|16218|69200|69200|10000|10000|||100.00|100.00|0.00|-3.14|7075a9860b94710d
03|2025-12-13T17:01:54.1770000+08:00|40002F2F|风球|00|5A|0000|00||12368|16214|69200|69200|10000|10000|||100.00|100.00|0.00|-3.14|89053ae2b2788385
03|2025-12-13T17:01:54.1770000+08:00|40002F2E|风球|00|5A|0000|00||12368|16214|69200|69200|10000|10000|||100.00|100.00|0.00|-3.14|dd589156abf4a9ac
03|2025-12-13T17:01:54.1770000+08:00|40002F2C|风球|00|5A|0000|00||12368|16214|69200|69200|10000|10000|||100.00|100.00|0.00|-3.14|06cd9cd321099271
03|2025-12-13T17:01:54.1770000+08:00|40002F3B|风球|00|5A|0000|00||12368|16214|69200|69200|10000|10000|||100.00|100.00|0.00|-3.14|c2ff080d7edc16b1
03|2025-12-13T17:01:54.1770000+08:00|40002F38|风球|00|5A|0000|00||12368|16214|69200|69200|10000|10000|||100.00|100.00|0.00|-3.14|75225f17c701513d
03|2025-12-13T17:01:54.1770000+08:00|40002F36|风球|00|5A|0000|00||12368|16214|69200|69200|10000|10000|||100.00|100.00|0.00|-3.14|f3f0e1ce5a5ab708
03|2025-12-13T17:01:54.1770000+08:00|40002F35|风球|00|5A|0000|00||12368|16214|69200|69200|10000|10000|||100.00|100.00|0.00|-3.14|af442765488e4e4b
03|2025-12-13T17:01:54.1770000+08:00|40002F33|风球|00|5A|0000|00||12368|16214|69200|69200|10000|10000|||100.00|100.00|0.00|-3.14|1632cccff1cd2fca
03|2025-12-13T17:01:54.1770000+08:00|40002F30|风球|00|5A|0000|00||12368|16214|69200|69200|10000|10000|||100.00|100.00|0.00|-3.14|620e3ad56c979bab
03|2025-12-13T17:01:54.1770000+08:00|40002F39|风球|00|5A|0000|00||12368|16214|69200|69200|10000|10000|||100.00|100.00|0.00|-3.14|070ae22814aeb79d
03|2025-12-13T17:01:54.1770000+08:00|40002F56|高贝扎|00|1|0000|00||12365|9020|44|44|0|10000|||100.00|90.00|0.00|0.00|7ec6a22b1616fd2b
03|2025-12-13T17:01:54.1770000+08:00|40002F4E|高贝扎|00|1|0000|00||12365|9020|44|44|0|10000|||100.00|90.00|0.00|0.00|deed30fdcd29516d
03|2025-12-13T17:01:54.1770000+08:00|40002F5A|高贝扎|00|1|0000|00||12365|9020|44|44|0|10000|||100.00|90.00|0.00|0.00|db331fddb723b091
03|2025-12-13T17:01:54.1770000+08:00|40002F50|高贝扎|00|1|0000|00||12365|9020|44|44|0|10000|||100.00|90.00|0.00|0.00|d6d2c5df8b27650c
03|2025-12-13T17:01:54.1770000+08:00|40002F52|高贝扎|00|1|0000|00||12365|9020|44|44|0|10000|||100.00|90.00|0.00|0.00|88ae5f368ad50779
03|2025-12-13T17:01:54.1770000+08:00|40002F54|高贝扎|00|1|0000|00||12365|9020|44|44|0|10000|||100.00|90.00|0.00|0.00|2a55ab95b5264e9d
03|2025-12-13T17:01:54.1770000+08:00|40002F55|高贝扎|00|1|0000|00||12365|9020|44|44|0|10000|||100.00|90.00|0.00|0.00|3cdd82d20890f4e6
03|2025-12-13T17:01:54.1770000+08:00|40002F42|高贝扎|00|1|0000|00||12365|9020|44|44|0|10000|||100.00|90.00|0.00|0.00|b12ea7a58faa8365
03|2025-12-13T17:01:54.1770000+08:00|40002F45|高贝扎|00|1|0000|00||12365|9020|44|44|0|10000|||100.00|90.00|0.00|0.00|8f6c9a31e1e5f2b8
03|2025-12-13T17:01:54.1770000+08:00|40002F4A|高贝扎|00|1|0000|00||12365|9020|44|44|0|10000|||100.00|90.00|0.00|0.00|b7789ee1813c3355
03|2025-12-13T17:01:54.1770000+08:00|40002F4C|高贝扎|00|1|0000|00||12365|9020|44|44|0|10000|||100.00|90.00|0.00|0.00|fdffdd65bf73230d
03|2025-12-13T17:01:54.1770000+08:00|40002F58|高贝扎|00|1|0000|00||12365|9020|44|44|0|10000|||100.00|90.00|0.00|0.00|23ab5eb0ae89f8be
03|2025-12-13T17:01:54.1770000+08:00|40002F46|高贝扎|00|1|0000|00||12365|9020|44|44|0|10000|||100.00|90.00|0.00|0.00|740439fd145743f4
03|2025-12-13T17:01:54.1770000+08:00|40002F43|高贝扎|00|1|0000|00||12365|9020|44|44|0|10000|||100.00|90.00|0.00|0.00|11b242c10e14af21
03|2025-12-13T17:01:54.1770000+08:00|40002F4B|高贝扎|00|1|0000|00||12365|9020|44|44|0|10000|||100.00|90.00|0.00|0.00|f2694cd859c6e5ea
03|2025-12-13T17:01:54.1770000+08:00|40002F59|高贝扎|00|1|0000|00||12365|9020|44|44|0|10000|||100.00|90.00|0.00|0.00|e3908047ba4cebec
03|2025-12-13T17:01:54.1770000+08:00|40002F48|高贝扎|00|1|0000|00||12365|9020|44|44|0|10000|||100.00|90.00|0.00|0.00|12fdc174d35acfdb
03|2025-12-13T17:01:54.1770000+08:00|40002F49|高贝扎|00|1|0000|00||12365|9020|44|44|0|10000|||100.00|90.00|0.00|0.00|774ccd02fd1d0f05
03|2025-12-13T17:01:54.1770000+08:00|40002F4D|高贝扎|00|1|0000|00||12365|9020|44|44|0|10000|||100.00|90.00|0.00|0.00|8424f7b490cce852
03|2025-12-13T17:01:54.1770000+08:00|40002F41|高贝扎|00|5A|0000|00||12365|16212|26635080|26635080|10000|10000|||100.00|90.00|0.00|0.00|ca114abd1aa4770f
03|2025-12-13T17:01:54.1770000+08:00|40002F57|高贝扎|00|1|0000|00||12365|9020|44|44|0|10000|||100.00|90.00|0.00|0.00|43eea87e9d8db670
03|2025-12-13T17:01:54.1770000+08:00|40002F4F|高贝扎|00|1|0000|00||12365|9020|44|44|0|10000|||100.00|90.00|0.00|0.00|1892e7ff16e3763f
03|2025-12-13T17:01:54.1770000+08:00|40002F47|高贝扎|00|1|0000|00||12365|9020|44|44|0|10000|||100.00|90.00|0.00|0.00|a6d66f118e73fa6f
03|2025-12-13T17:01:54.1770000+08:00|40002F51|高贝扎|00|1|0000|00||12365|9020|44|44|0|10000|||100.00|90.00|0.00|0.00|a92ba35100646c23
03|2025-12-13T17:01:54.1770000+08:00|40002F44|高贝扎|00|1|0000|00||12365|9020|44|44|0|10000|||100.00|90.00|0.00|0.00|e861bb46644924c6
03|2025-12-13T17:01:54.1770000+08:00|40002F53|高贝扎|00|1|0000|00||12365|9020|44|44|0|10000|||100.00|90.00|0.00|0.00|71c28ee20113709c
00|2025-12-13T17:01:53.0000000+08:00|0039||离开了休息区。|0468d63b916b4695
261|2025-12-13T17:01:54.6580000+08:00|Change|10530A8D|ModelStatus|0|PosZ|0.0300|d4efd9f11be93b0d
261|2025-12-13T17:01:54.6580000+08:00|Change|40002F31|ModelStatus|16384|PosZ|0.0300|8f049cd73699b0d9
261|2025-12-13T17:01:54.6580000+08:00|Change|40002F2F|ModelStatus|16384|PosZ|0.0300|915fc3c22981b617
261|2025-12-13T17:01:54.6580000+08:00|Change|40002F30|ModelStatus|16384|PosZ|0.0300|1c8ac8c6ef4b704f
261|2025-12-13T17:01:54.6580000+08:00|Change|40002F34|ModelStatus|16384|PosZ|0.0300|3d46d302faebf52e
261|2025-12-13T17:01:54.6580000+08:00|Change|40002F37|ModelStatus|16384|PosZ|0.0300|5f8970c2911e1267
261|2025-12-13T17:01:54.6580000+08:00|Change|40002F32|ModelStatus|16384|PosZ|0.0300|19480486b23ef184
261|2025-12-13T17:01:54.6580000+08:00|Change|40002F36|ModelStatus|16384|PosZ|0.0300|0e6e71f3036c2384
261|2025-12-13T17:01:54.6580000+08:00|Change|40002F35|ModelStatus|16384|PosZ|0.0300|46ea4d78278324e1
261|2025-12-13T17:01:54.6580000+08:00|Change|40002F33|ModelStatus|16384|PosZ|0.0300|cd3f42f54d0a4421
261|2025-12-13T17:01:54.6580000+08:00|Change|40002F3D|ModelStatus|16384|PosZ|0.0300|5e1c17065cdd90b2
261|2025-12-13T17:01:54.6580000+08:00|Change|40002F3A|ModelStatus|16384|PosZ|0.0300|1bace1859fa6587b
261|2025-12-13T17:01:54.6580000+08:00|Change|40002F3C|ModelStatus|16384|PosZ|0.0300|a378d90edbf50adb
261|2025-12-13T17:01:54.6580000+08:00|Change|40002F3B|ModelStatus|16384|PosZ|0.0300|26216a870bd31d6d
261|2025-12-13T17:01:54.6580000+08:00|Change|40002F38|ModelStatus|16384|PosZ|0.0300|70300ec01500269c
261|2025-12-13T17:01:54.6580000+08:00|Change|40002F39|ModelStatus|16384|PosZ|0.0300|f425d394f90486b4
261|2025-12-13T17:01:54.7900000+08:00|Change|40002F40|ModelStatus|16384|PosZ|0.0300|c6eccf87bd913e75
261|2025-12-13T17:01:54.7900000+08:00|Change|40002F3E|ModelStatus|16384|PosZ|0.0300|5bcb430ca4053015
261|2025-12-13T17:01:54.7900000+08:00|Change|40002F3F|ModelStatus|16384|PosZ|0.0300|611c216d7f0fa0cf
261|2025-12-13T17:01:54.7900000+08:00|Change|40002F42|ModelStatus|0|PosZ|0.0300|9ea200827b766bbd
261|2025-12-13T17:01:54.7900000+08:00|Change|40002F43|ModelStatus|0|PosZ|0.0300|769d44f037d276d2
261|2025-12-13T17:01:54.7900000+08:00|Change|40002F41|ModelStatus|0|PosZ|0.0300|796f7326114b0f73
261|2025-12-13T17:01:54.7900000+08:00|Change|40002F45|ModelStatus|0|PosZ|0.0300|28a9fb683b3532a3
261|2025-12-13T17:01:54.7900000+08:00|Change|40002F46|ModelStatus|0|PosZ|0.0300|dc549eb2d2b65115
261|2025-12-13T17:01:54.7900000+08:00|Change|40002F48|ModelStatus|0|PosZ|0.0300|5c72a603af913c65
261|2025-12-13T17:01:54.7900000+08:00|Change|40002F49|ModelStatus|0|PosZ|0.0300|37fe54718ffaf8da
261|2025-12-13T17:01:54.7900000+08:00|Change|40002F47|ModelStatus|0|PosZ|0.0300|83e4525b9488008d
261|2025-12-13T17:01:54.7900000+08:00|Change|40002F44|ModelStatus|0|PosZ|0.0300|0ba54e68a623cf7b
261|2025-12-13T17:01:54.7900000+08:00|Change|40002F4A|ModelStatus|0|PosZ|0.0300|87c22fa8b13f41c2
261|2025-12-13T17:01:54.7900000+08:00|Change|40002F4C|ModelStatus|0|PosZ|0.0300|d637d68c02c11fb7
261|2025-12-13T17:01:54.7900000+08:00|Change|40002F4B|ModelStatus|0|PosZ|0.0300|76f879785276af1a
261|2025-12-13T17:01:54.7900000+08:00|Change|40002F4E|ModelStatus|0|PosZ|0.0300|9f56087608af6dd1
261|2025-12-13T17:01:54.7900000+08:00|Change|40002F50|ModelStatus|0|PosZ|0.0300|0c1a07896d1e3323
261|2025-12-13T17:01:54.7900000+08:00|Change|40002F52|ModelStatus|0|PosZ|0.0300|354013f4a4619db8
261|2025-12-13T17:01:54.7900000+08:00|Change|40002F4D|ModelStatus|0|PosZ|0.0300|89eea66e325e395d
261|2025-12-13T17:01:54.7900000+08:00|Change|40002F4F|ModelStatus|0|PosZ|0.0300|73bee266d101c123
261|2025-12-13T17:01:54.7900000+08:00|Change|40002F51|ModelStatus|0|PosZ|0.0300|e46121085159e59c
261|2025-12-13T17:01:54.9150000+08:00|Change|40002F56|ModelStatus|0|PosZ|0.0300|18e2fd4113835f34
261|2025-12-13T17:01:54.9150000+08:00|Change|40002F54|ModelStatus|0|PosZ|0.0300|04316cfc2a45378f
261|2025-12-13T17:01:54.9150000+08:00|Change|40002F55|ModelStatus|0|PosZ|0.0300|3e681f13f5ba239c
261|2025-12-13T17:01:54.9150000+08:00|Change|40002F58|ModelStatus|0|PosZ|0.0300|c1e1b60eff20a65d
261|2025-12-13T17:01:54.9150000+08:00|Change|40002F57|ModelStatus|0|PosZ|0.0300|ba037d50c2521247
261|2025-12-13T17:01:54.9150000+08:00|Change|40002F53|ModelStatus|0|PosZ|0.0300|367f9aff879b4920
261|2025-12-13T17:01:54.9150000+08:00|Change|40002F5A|ModelStatus|0|PosZ|0.0300|cd739e1ac5fca161
261|2025-12-13T17:01:54.9150000+08:00|Change|40002F59|ModelStatus|0|PosZ|0.0300|09f4bef7b55b43f7
261|2025-12-13T17:01:57.1910000+08:00|Change|40002F2D|ModelStatus|16384|PosZ|0.0300|769a1431e4cee9fe
261|2025-12-13T17:01:57.1910000+08:00|Change|40002F2E|ModelStatus|16384|PosZ|0.0300|6f1e09290b745a33
261|2025-12-13T17:01:57.1910000+08:00|Change|40002F2C|ModelStatus|16384|PosZ|0.0300|d6250d6244142736
261|2025-12-13T17:01:57.1910000+08:00|Change|40002F2B|MaxMP|687865857|ModelStatus|0|e81e8bec2590fcbe
33|2025-12-13T17:02:00.0930000+08:00|80034E79|40000007|01|01|00|00|58f175c9bb18184d
33|2025-12-13T17:02:00.0930000+08:00|80034E79|40000001|E10|00|00|00|cdb3700ebc25369a
261|2025-12-13T17:01:59.6880000+08:00|Change|40002F2B|ModelStatus|256|a1e2297a17df5b7e
00|2025-12-13T17:01:59.0000000+08:00|0839||“高贝扎歼灭战”任务开始。|3406b7fda62d5426
33|2025-12-13T17:02:00.1380000+08:00|80034E79|80000004|E0F|00|00|00|657c90cb49f9f4bd
261|2025-12-13T17:01:59.9390000+08:00|Change|10530A8D|Heading|-3.1292|PCTargetID|40002F41|PosX|100.5993|PosY|112.3570|PosZ|0.0300|46ab025f2c392d1f
00|2025-12-13T17:02:01.0000000+08:00|0839||选用“解除限制”参加任务， 打倒怪物之后将不会获得经验值或掉落道具以及精炼度。|320dafdd5a969028
00|2025-12-13T17:02:01.0000000+08:00|0839||当前任务会随着每次挑战失败而逐渐对队员进行强化。|b171c7e30a909b73
21|2025-12-13T17:02:07.8350000+08:00|10530A8D|小祥客服|8D3|天之印|10530A8D|小祥客服|100000E|1F08000|0|0|0|0|0|0|0|0|0|0|0|0|0|0|145489|145489|10000|10000|||100.12|109.86|0.03|-3.14|145489|145489|10000|10000|||100.12|109.86|0.03|-3.14|00008147|0|1|00||01|8D3|8D3|0.350|0009|759f1ecca1873f45
264|2025-12-13T17:02:07.8350000+08:00|10530A8D|08D3|00008147|0||||-3.141|10530A8D|6304aed30b7ba7a6
38|2025-12-13T17:02:07.8350000+08:00|10530A8D|小祥客服|0064641E|145489|145489|10000|10000|0||100.12|109.86|0.03|-3.14|0|0|0|0101F0|40C00000|10530A8D|fe427fd268332d84
26|2025-12-13T17:02:07.8350000+08:00|1F0|结印|6.00|10530A8D|小祥客服|10530A8D|小祥客服|01|145489|145489|745a4d08a3f86626
21|2025-12-13T17:02:08.3690000+08:00|10530A8D|小祥客服|4976|地之印|10530A8D|小祥客服|900000E|1F08000|0|0|0|0|0|0|0|0|0|0|0|0|0|0|145489|145489|10000|10000|||100.12|109.86|0.03|-3.14|145489|145489|10000|10000|||100.12|109.86|0.03|-3.14|00008148|0|1|00||01|4976|4976|0.350|0009|391acf372332d107
38|2025-12-13T17:02:08.3690000+08:00|10530A8D|小祥客服|0064641E|145489|145489|10000|10000|0||100.12|109.86|0.03|-3.14|0|0|0|0901F0|40AEE977|10530A8D|448a0f393af063dc
26|2025-12-13T17:02:08.3690000+08:00|1F0|结印|5.47|10530A8D|小祥客服|10530A8D|小祥客服|09|145489|145489|3606a647b66b264f
264|2025-12-13T17:02:08.3690000+08:00|10530A8D|4976|00008148|0||||-3.141|10530A8D|169ec11a626c832d
21|2025-12-13T17:02:08.8580000+08:00|10530A8D|小祥客服|4977|人之印|10530A8D|小祥客服|3900000E|1F08000|0|0|0|0|0|0|0|0|0|0|0|0|0|0|145489|145489|10000|10000|||100.12|109.86|0.03|-3.14|145489|145489|10000|10000|||100.12|109.86|0.03|-3.14|00008149|0|1|00||01|4977|4977|0.350|0009|69f7ac102cb86c0d
264|2025-12-13T17:02:08.8580000+08:00|10530A8D|4977|00008149|0||||-3.141|10530A8D|59b075fdb9225e90
38|2025-12-13T17:02:08.8580000+08:00|10530A8D|小祥客服|0064641E|145489|145489|10000|10000|0||100.12|109.86|0.03|-3.14|0|0|0|3901F0|409F3B60|10530A8D|b195095cfdc0eef5
26|2025-12-13T17:02:08.8580000+08:00|1F0|结印|4.98|10530A8D|小祥客服|10530A8D|小祥客服|39|145489|145489|3c835129b15c5754
21|2025-12-13T17:02:09.3920000+08:00|10530A8D|小祥客服|8DF|水遁之术|40002F41|高贝扎|652003|B9D70000|F|F088000|0|0|0|0|0|0|0|0|0|0|0|0|26635080|26635080|10000|10000|||100.00|90.00|0.03|0.00|145489|145489|10000|10000|||100.12|109.86|0.03|-3.14|0000814A|0|1|00||01|8DF|8DF|0.600|003E|3adbc51868d06fcf
264|2025-12-13T17:02:09.3920000+08:00|10530A8D|08DF|0000814A|0||||-3.136|40002F41|ad0a96e536032cad
38|2025-12-13T17:02:09.3920000+08:00|10530A8D|小祥客服|0064641E|145489|145489|10000|10000|0||100.12|109.86|0.03|-3.14|0|0|0|0|0|0|0|0|0|0|0|0|0|0|0|0|0|0|0|0|0|0|0|0|0|0|0|0|0|0|0|0|0|0|0|0|0|0|0|0|0|0|0|0|0|0|0|0|0|0|0|0|0|0|0|0|0|0|0|0|0|0|0|0|0|0|0|0|0|0|0|0|0|0|0|0|0|0|0|0|0|0|0|0|0|0|0|0|0|0|0|0|0|0F08|C1A00000|10530A8D|fa7693f07d9b9874
30|2025-12-13T17:02:09.3920000+08:00|1F0|结印|0.00|10530A8D|小祥客服|10530A8D|小祥客服|39|145489|145489|425277a5d09db6be
26|2025-12-13T17:02:09.3920000+08:00|F08|忍隐|20.00|10530A8D|小祥客服|10530A8D|小祥客服|00|145489|145489|d8e74a8e6daaa63d
260|2025-12-13T17:02:08.9800000+08:00|1|0|1|0|ce836d963808833e
38|2025-12-13T17:02:09.9700000+08:00|10530A8D|小祥客服|0064641E|145489|145489|10000|10000|0||100.10|107.56|0.03|-3.13|0|0|0|0|0|0|0|0|0|0|0|0|0|0|0|0|0|0|0|0|0|0|0|0|0|0|0|0|0|0|0|0|0|0|0|0|0|0|0|0|0|0|0|0|0|0|0|0|0|0|0|0|0|0|0|0|0|0|0|0|0|0|0|0|0|0|0|0|0|0|0|0|0|0|0|0|0|0|0|0|0|0|0|0|0|0|0|0|0|0|0|0|0|0F08|C1A00000|10530A8D|fc349279554a37ab
261|2025-12-13T17:02:09.8270000+08:00|Change|40002F41|NPCTargetID|10530A8D|855e688e3332684b
37|2025-12-13T17:02:10.3710000+08:00|40002F41|高贝扎|0000814A|26587505||||||100.00|90.00|0.03|0.00|4348cd78965c221b
37|2025-12-13T17:02:10.3710000+08:00|10530A8D|小祥客服|0000814A|145489|145489|10000|10000|0||100.08|104.71|0.03|-3.13|1E00|0|0|01|1E000F08|0|41A00000|10530A8D|b5e1b3f61c804bcb
38|2025-12-13T17:02:10.3710000+08:00|10530A8D|小祥客服|0064641E|145489|145489|10000|10000|0||100.08|104.71|0.03|-3.13|0|0|0|0|0|0|0|0|0|0|0|0|0|0|0|0|0|0|0|0|0|0|0|0|0|0|0|0|0|0|0|0|0|0|0|0|0|0|0|0|0|0|0|0|0|0|0|0|0|0|0|0|0|0|0|0|0|0|0|0|0|0|0|0|0|0|0|0|0|0|0|0|0|0|0|0|0|0|0|0|0|0|0|0|0|0|0|0|0|0|0|0|0|0F08|419FA3D7|10530A8D|74ca3bb9a456103c
267|2025-12-13T17:02:10.4150000+08:00|40002F41|80034E79|304D|8F5C|4000|0|2|0|0|5e198fa3e109a6a3
00|2025-12-13T17:02:09.0000000+08:00|0044|高贝扎|你无法阻止伟大的圣战！|3a032e5b886f3775
260|2025-12-13T17:02:09.8270000+08:00|1|1|0|1|a7cd1a97abd7d4a7
261|2025-12-13T17:02:09.8270000+08:00|Change|10530A8D|Heading|-3.1320|PosX|100.0721|PosY|104.1480|PosZ|0.0300|cc05b8debd922957
270|2025-12-13T17:02:10.7260000+08:00|40002F41|0.0052|0000|005A|100.0092|92.0133|0.0305|c6900649f956451c
270|2025-12-13T17:02:11.0380000+08:00|40002F41|0.0041|0000|005A|100.0092|94.0886|0.0610|dc3d1a0e489f5e0a
21|2025-12-13T17:02:11.1720000+08:00|10530A8D|小祥客服|8C0|双刃旋|40002F41|高贝扎|710003|3F0F0000|53E|9F8000|1B|8C08000|0|0|0|0|0|0|0|0|0|0|26587505|26635080|10000|10000|||99.99|91.84|0.03|0.00|145489|145489|10000|10000|||100.00|99.64|0.03|-3.12|0000814B|0|1|00||01|8C0|8C0|0.600|001E|f6d2321524b28b86
31|2025-12-13T17:02:11.1720000+08:00|10530A8D|5001E|00|00|00|8fc177ac6a43e3e9
264|2025-12-13T17:02:11.1720000+08:00|10530A8D|08C0|0000814B|0||||-3.139|40002F41|41f129361fc6459e
261|2025-12-13T17:02:10.5900000+08:00|Change|10530A8D|Heading|-3.1174|PosX|99.9873|PosY|98.9799|PosZ|0.0300|1196bc7c2c9f308a
21|2025-12-13T17:02:11.4400000+08:00|10530A8D|小祥客服|07|攻击|40002F41|高贝扎|714003|13010000|0|0|0|0|0|0|0|0|0|0|0|0|0|0|26587505|26635080|10000|10000|||99.99|93.60|0.03|0.00|145489|145489|10000|10000|||99.98|98.88|0.03|-3.12|0000814C|0|1|00||01|07|07|0.332|00FC|94e34d03de49f9a3
264|2025-12-13T17:02:11.4400000+08:00|10530A8D|0007|0000814C|0||||-3.117|40002F41|992757283fd49530
37|2025-12-13T17:02:11.5730000+08:00|40002F41|高贝扎|0000814B|26571362||||||99.99|94.04|0.03|0.00|2206c2e636e44d9c
37|2025-12-13T17:02:11.9740000+08:00|40002F41|高贝扎|0000814C|26566497||||||99.99|94.07|0.03|0.00|9a59dcfb9d633aee
21|2025-12-13T17:02:13.2670000+08:00|10530A8D|小祥客服|8C2|绝风|40002F41|高贝扎|28712003|78AE0000|53E|9F8000|11B|8C28000|0|0|0|0|0|0|0|0|0|0|26566497|26635080|10000|10000|||99.99|94.07|0.03|0.00|145489|145489|10000|10000|||100.00|99.54|0.03|-3.14|0000814D|0|1|00||01|8C2|8C2|0.600|000F|0334a614463ca0b4
264|2025-12-13T17:02:13.2670000+08:00|10530A8D|08C2|0000814D|0||||-3.140|40002F41|8aa8b0d1e6330a68
31|2025-12-13T17:02:13.2670000+08:00|10530A8D|A001E|00|00|00|d543999d1a7db340
21|2025-12-13T17:02:13.4010000+08:00|40002F41|高贝扎|844B|unknown_844b|10530A8D|小祥客服|750003|56B80000|1B|844B8000|0|0|0|0|0|0|0|0|0|0|0|0|145489|145489|10000|10000|||100.00|99.54|0.03|-3.14|26566497|26635080|10000|10000|||99.99|94.07|0.03|0.00|0000814E|0|1|00||01|844B|844B|0.100|7FD8|782e012c5f458ec1
264|2025-12-13T17:02:13.4010000+08:00|40002F41|844B|0000814E|0||||-0.004|10530A8D|f61734d9632129d1
21|2025-12-13T17:02:13.6230000+08:00|10530A8D|小祥客服|07|攻击|40002F41|高贝扎|710003|10410000|0|0|0|0|0|0|0|0|0|0|0|0|0|0|26566497|26635080|10000|10000|||99.99|94.07|0.03|0.00|145489|145489|10000|10000|||100.00|99.54|0.03|-3.14|0000814F|0|1|00||01|07|07|0.243|000F|9b7e775b110357e0
264|2025-12-13T17:02:13.6230000+08:00|10530A8D|0007|0000814F|0||||-3.140|40002F41|08f5176c8b20e930
37|2025-12-13T17:02:13.6680000+08:00|40002F41|高贝扎|0000814D|26535603||||||99.99|94.07|0.03|0.00|b071f1743f8e486c
37|2025-12-13T17:02:14.1580000+08:00|40002F41|高贝扎|0000814F|26531442||||||99.99|94.07|0.03|0.00|da05bc2347340957
21|2025-12-13T17:02:14.3820000+08:00|10530A8D|小祥客服|905D|介毒之术|40002F41|高贝扎|716003|96F20000|5050E|F090000|3D|0|283E|9F8000|F|F0A8000|0|0|0|0|0|0|26531442|26635080|10000|10000|||99.99|94.07|0.03|0.00|145489|145489|10000|10000|||100.00|99.54|0.03|-3.14|00008150|0|1|00||01|905D|905D|0.600|000F|3303d63d41715514
264|2025-12-13T17:02:14.3820000+08:00|10530A8D|905D|00008150|0||||-3.140|40002F41|454cddb586c076df
38|2025-12-13T17:02:14.3820000+08:00|10530A8D|小祥客服|0064641E|145489|145489|10000|10000|0||100.00|99.54|0.03|-3.14|0|0|0|0|0|0|0|0|0|0|0|0|0|0|0|0|0|0|0|0|0|0|0|0|0|0|0|0|0|0|0|0|0|0|0|0|0|0|0|0|0|0|0|0|0|0|0|0|0|0|0|0|0|0|0|0|0|0|0|0|0|0|0|0|0|0|0|0|0|0|0|0|0|0|0|0|0|0|0|0|0|0|0|0|0|0|0|0|0|0|0|0|0|0F08|417F1E9B|10530A8D|0F0A|C1F00000|10530A8D|26d2f89a763c3ea1
26|2025-12-13T17:02:14.3820000+08:00|F0A|秘技预备|30.00|10530A8D|小祥客服|10530A8D|小祥客服|00|145489|145489|4bc3484e734612b2
38|2025-12-13T17:02:14.3820000+08:00|40002F41|高贝扎|005A5A00|26531442|26635080|10000|10000|0||99.99|94.07|0.03|0.00|0|0|0|0F09|C1A00000|10530A8D|7623d102fc2ad0dc
26|2025-12-13T17:02:14.3820000+08:00|F09|介毒之术|20.00|10530A8D|小祥客服|40002F41|高贝扎|00|26635080|145489|e1f3b140e9377c8b
31|2025-12-13T17:02:14.3820000+08:00|10530A8D|32001E|00|00|00|7facceee6334fe04
38|2025-12-13T17:02:14.5150000+08:00|40002F41|高贝扎|005A5A00|26531442|26635080|10000|10000|0||99.99|94.07|0.03|0.00|0|0|0|0F09|C1A00000|10530A8D|227022e381241233
37|2025-12-13T17:02:14.5590000+08:00|10530A8D|小祥客服|0000814E|123289|145489|10000|10000|0||100.00|99.54|0.03|-3.14|1E00|0|0|01|1F000F0A|0|C1F00000|10530A8D|23e3b5037712185d
37|2025-12-13T17:02:14.5590000+08:00|40002F41|高贝扎|0000814E|26531442|26635080|10000|10000|0||99.99|94.07|0.03|0.00|0|0|0|01|0F09|0|C1A00000|10530A8D|7909085c293749bb
21|2025-12-13T17:02:15.3620000+08:00|10530A8D|小祥客服|8D3|天之印|10530A8D|小祥客服|100000E|1F08000|0|0|0|0|0|0|0|0|0|0|0|0|0|0|123289|145489|10000|10000|||100.00|99.54|0.03|-3.14|123289|145489|10000|10000|||100.00|99.54|0.03|-3.14|00008151|0|1|00||01|8D3|8D3|0.350|000F|c652fb2bf15b2f37
264|2025-12-13T17:02:15.3620000+08:00|10530A8D|08D3|00008151|0||||-3.140|10530A8D|f0ac90e8d013db29
38|2025-12-13T17:02:15.3620000+08:00|10530A8D|小祥客服|0064641E|123289|145489|10000|10000|0||100.00|99.54|0.03|-3.14|0|0|0|0101F0|40C00000|10530A8D|0|0|0|0|0|0|0|0|0|0|0|0|0|0|0|0|0|0|0|0|0|0|0|0|0|0|0|0|0|0|0|0|0|0|0|0|0|0|0|0|0|0|0|0|0|0|0|0|0|0|0|0|0|0|0|0|0|0|0|0|0|0|0|0|0|0|0|0|0|0|0|0|0|0|0|0|0|0|0|0|0|0|0|0|0|0|0|0F08|416F7089|10530A8D|0F0A|C1F00000|10530A8D|4a6209c03ebb36ab
26|2025-12-13T17:02:15.3620000+08:00|1F0|结印|6.00|10530A8D|小祥客服|10530A8D|小祥客服|01|145489|145489|00cf65bc4c2ad408
37|2025-12-13T17:02:15.4510000+08:00|40002F41|高贝扎|00008150|26492800|26635080|10000|10000|0||99.99|94.07|0.03|0.00|0|0|0|01|0F09|0|41A00000|10530A8D|05bf1bc232fa99c8
37|2025-12-13T17:02:15.4510000+08:00|10530A8D|小祥客服|00008150|123289|145489|10000|10000|0||100.00|99.54|0.03|-3.14|1E00|0|0|01|1F000F0A|0|41F00000|10530A8D|2ba83cbdb3a1b684
267|2025-12-13T17:02:15.4510000+08:00|40002F41|80034E79|304D|8F5D|4000|0|2|0|0|361d057597e685b5
38|2025-12-13T17:02:15.4510000+08:00|10530A8D|小祥客服|0064641E|123289|145489|10000|10000|0||100.00|99.54|0.03|-3.14|0|0|0|0101F0|40BD1EB8|10530A8D|0|0|0|0|0|0|0|0|0|0|0|0|0|0|0|0|0|0|0|0|0|0|0|0|0|0|0|0|0|0|0|0|0|0|0|0|0|0|0|0|0|0|0|0|0|0|0|0|0|0|0|0|0|0|0|0|0|0|0|0|0|0|0|0|0|0|0|0|0|0|0|0|0|0|0|0|0|0|0|0|0|0|0|0|0|0|0|0F08|416DFFE5|10530A8D|0F0A|41EFA3D7|10530A8D|858fd74bf88ea41d
38|2025-12-13T17:02:15.4510000+08:00|40002F41|高贝扎|005A5A00|26492800|26635080|10000|10000|0||99.99|94.07|0.03|0.00|0|0|0|0F09|419FA3D7|10530A8D|6fcde2adc46e8881
00|2025-12-13T17:02:14.0000000+08:00|0044|高贝扎|我会跨过你的尸体，完成最终的救赎！|f71abb22243a21f1
21|2025-12-13T17:02:15.8070000+08:00|10530A8D|小祥客服|4976|地之印|10530A8D|小祥客服|900000E|1F08000|0|0|0|0|0|0|0|0|0|0|0|0|0|0|123289|145489|10000|10000|||100.00|99.54|0.03|-3.14|123289|145489|10000|10000|||100.00|99.54|0.03|-3.14|00008152|0|1|00||01|4976|4976|0.350|000F|d138c4368453636c
264|2025-12-13T17:02:15.8070000+08:00|10530A8D|4976|00008152|0||||-3.140|10530A8D|10390baadd7db56a
21|2025-12-13T17:02:15.8070000+08:00|10530A8D|小祥客服|07|攻击|40002F41|高贝扎|712003|18050000|0|0|0|0|0|0|0|0|0|0|0|0|0|0|26492800|26635080|10000|10000|||99.99|94.07|0.03|0.00|123289|145489|10000|10000|||100.00|99.54|0.03|-3.14|00008153|0|1|00||01|07|07|0.350|000F|ca0dde8359b0abc7
264|2025-12-13T17:02:15.8070000+08:00|10530A8D|0007|00008153|0||||-3.140|40002F41|20dc41c5fb5d6f48
38|2025-12-13T17:02:15.8070000+08:00|10530A8D|小祥客服|0064641E|123289|145489|10000|10000|0||100.00|99.54|0.03|-3.14|0|0|0|0901F0|40B1BA5C|10530A8D|0|0|0|0|0|0|0|0|0|0|0|0|0|0|0|0|0|0|0|0|0|0|0|0|0|0|0|0|0|0|0|0|0|0|0|0|0|0|0|0|0|0|0|0|0|0|0|0|0|0|0|0|0|0|0|0|0|0|0|0|0|0|0|0|0|0|0|0|0|0|0|0|0|0|0|0|0|0|0|0|0|0|0|0|0|0|0|0F08|41684DB9|10530A8D|0F0A|41ECCABF|10530A8D|775cf69fe55badf8
26|2025-12-13T17:02:15.8070000+08:00|1F0|结印|5.55|10530A8D|小祥客服|10530A8D|小祥客服|09|145489|145489|ddac0b868265ac47
21|2025-12-13T17:02:16.2980000+08:00|10530A8D|小祥客服|8DB|雷遁之术|40002F41|高贝扎|554003|CFE20000|100000F|A828000|0|0|0|0|0|0|0|0|0|0|0|0|26492800|26635080|10000|10000|||99.99|94.07|0.03|0.00|123289|145489|10000|10000|||100.00|99.54|0.03|-3.14|00008154|0|1|00||01|8DB|8DB|0.600|000F|d4a3fd4486a61459
264|2025-12-13T17:02:16.2980000+08:00|10530A8D|08DB|00008154|0||||-3.140|40002F41|3a8620598e820d53
38|2025-12-13T17:02:16.2980000+08:00|10530A8D|小祥客服|0064641E|123289|145489|10000|10000|0||100.00|99.54|0.03|-3.14|0|0|0|0|0|0|0|0|0|0|0|0|0|0|0|0|0|0|0|0|0|0|0|0|0|0|0|0|0|0|0|0|0|0|0|0|0|0|0|0|0|0|0|0|0|0|0|0|0|0|0|0|0|0|0|0|0|0|0|0|0|0|0|0|0|0|0|0|0|0|0|0|0|0|0|0|0|0|0|0|0|0|0|0|0|0|0|0|0|0|0|0|0|0F08|416076B0|10530A8D|0F0A|41E8DF38|10530A8D|010A82|C1F00000|10530A8D|4195b59f7b494c08
30|2025-12-13T17:02:16.2980000+08:00|1F0|结印|0.00|10530A8D|小祥客服|10530A8D|小祥客服|09|145489|145489|605fa5931be7ebb4
26|2025-12-13T17:02:16.2980000+08:00|A82|月影雷兽预备|30.00|10530A8D|小祥客服|10530A8D|小祥客服|01|145489|145489|b4f8cf00cb1e617f
37|2025-12-13T17:02:16.3420000+08:00|40002F41|高贝扎|00008153|26486651||||||99.99|94.07|0.03|0.00|0e1460e2e3d04731
37|2025-12-13T17:02:16.3420000+08:00|10530A8D|小祥客服|00008153|123289|145489|10000|10000|0||100.00|99.54|0.03|-3.14|1E00|0|0|01|20000A82|01|C1F00000|10530A8D|9bcc643e284f02cf
21|2025-12-13T17:02:16.4310000+08:00|40002F41|高贝扎|844B|unknown_844b|10530A8D|小祥客服|750003|5EB30000|1B|844B8000|0|0|0|0|0|0|0|0|0|0|0|0|123289|145489|10000|10000|||100.00|99.54|0.03|-3.14|26486651|26635080|10000|10000|||99.99|94.07|0.03|0.00|00008155|0|1|00||01|844B|844B|0.100|7FD8|3fc20bd2897651c4
264|2025-12-13T17:02:16.4310000+08:00|40002F41|844B|00008155|0||||-0.004|10530A8D|7d08508d6a31b0e9
21|2025-12-13T17:02:16.9660000+08:00|10530A8D|小祥客服|406D|分身之术|10530A8D|小祥客服|3E|9D8000|500000F|7A28000|F|AA38000|0|0|0|0|0|0|0|0|0|0|123289|145489|10000|10000|||100.00|99.54|0.03|-3.14|123289|145489|10000|10000|||100.00|99.54|0.03|-3.14|00008156|0|1|00||01|406D|406D|0.600|000F|50c8d45f14d9ab8b
264|2025-12-13T17:02:16.9660000+08:00|10530A8D|406D|00008156|0||||-3.140|10530A8D|a08c9fbf90ae8b7f
38|2025-12-13T17:02:16.9660000+08:00|10530A8D|小祥客服|0064641E|123289|145489|10000|10000|0||100.00|99.54|0.03|-3.14|0|0|0|0|0|0|0|0|0|0|0|0|0|0|0|0|0|0|0|0|0|0|0|0|0|0|0|0|0|0|0|0|0|0|0|0|0|0|0|0|0|0|0|0|0|0|0|0|0|0|0|0|0|0|0|0|0|0|0|0|0|0|0|0|0|0|0|0|0|0|0|0|0|0|0|0|0|0|0|0|0|0|0|0|0|0|0|0|0|0|0|0|0|0F08|4155C278|10530A8D|0F0A|41E38519|10530A8D|010A82|C1F00000|10530A8D|0507A2|C1F00000|10530A8D|0AA3|C2340000|10530A8D|602f536311308d5e
26|2025-12-13T17:02:16.9660000+08:00|7A2|分身之术|30.00|10530A8D|小祥客服|10530A8D|小祥客服|05|145489|145489|ccc356418774ebc7
26|2025-12-13T17:02:16.9660000+08:00|AA3|残影镰鼬预备|45.00|10530A8D|小祥客服|10530A8D|小祥客服|00|145489|145489|5e6546c893a6823b
31|2025-12-13T17:02:16.9660000+08:00|10530A8D|1E|00|00|00|951e1729ded5e4c4
38|2025-12-13T17:02:17.0110000+08:00|40002F5B||00646400|145078|145078|10000|10000|0||||||0|0|0|c638f2bea1e41789
37|2025-12-13T17:02:17.0110000+08:00|40002F41|高贝扎|00008154|26433433||||||99.99|94.07|0.03|0.00|34ff4d27a3c8513b
37|2025-12-13T17:02:17.0110000+08:00|10530A8D|小祥客服|00008154|123289|145489|10000|10000|0||100.00|99.54|0.03|-3.14|1E00|0|0|03|20000A82|01|41F00000|10530A8D|210007A2|05|C1F00000|10530A8D|22000AA3|0|C2340000|10530A8D|657f994917b75d8a
38|2025-12-13T17:02:17.0110000+08:00|10530A8D|小祥客服|0064641E|123289|145489|10000|10000|0||100.00|99.54|0.03|-3.14|0|0|0|0|0|0|0|0|0|0|0|0|0|0|0|0|0|0|0|0|0|0|0|0|0|0|0|0|0|0|0|0|0|0|0|0|0|0|0|0|0|0|0|0|0|0|0|0|0|0|0|0|0|0|0|0|0|0|0|0|0|0|0|0|0|0|0|0|0|0|0|0|0|0|0|0|0|0|0|0|0|0|0|0|0|0|0|0|0|0|0|0|0|0F08|41550A26|10530A8D|0F0A|41E328F0|10530A8D|010A82|41EFA3D7|10530A8D|0507A2|C1F00000|10530A8D|0AA3|C2340000|10530A8D|520d088603e99b11
272|2025-12-13T17:02:17.2340000+08:00|40002F5B|E0000000|0000|00|2e3cd1888afa5a59
261|2025-12-13T17:02:16.7330000+08:00|Add|40002F5B|BNpcID|2A91|BNpcNameID|2079|CastTargetID|E0000000|CurrentMP|10000|CurrentWorldID|65535|Heading|0.0015|Level|100|MaxHP|145078|MaxMP|10000|ModelStatus|3072|Name|分身|NPCTargetID|40002F41|OwnerID|10530A8D|PosX|99.9982|PosY|97.7440|PosZ|0.0300|Radius|0.5000|Type|2|WorldID|65535|58a3d267e83dd385
03|2025-12-13T17:02:16.7330000+08:00|40002F5B|分身|00|64|10530A8D|00||8313|10897|145078|145078|10000|10000|||100.00|97.74|0.03|0.00|b391fc94b735614d
39|2025-12-13T17:02:17.5020000+08:00|10530A8D|小祥客服|124743|145489|10000|10000|||100.00|99.54|0.03|-3.14|544c80a56a0c8d6a
37|2025-12-13T17:02:17.5910000+08:00|10530A8D|小祥客服|00008155|100500|145489|10000|10000|0||100.00|99.54|0.03|-3.14|1E00|0|0|02|210007A2|05|C1F00000|10530A8D|22000AA3|0|C2340000|10530A8D|7bb74844c6dd1f79
37|2025-12-13T17:02:17.7250000+08:00|10530A8D|小祥客服|00008156|100500|145489|10000|10000|0||100.00|99.54|0.03|-3.14|1E00|0|0|02|210007A2|05|41F00000|10530A8D|22000AA3|0|42340000|10530A8D|157d04e2c9bddd49
38|2025-12-13T17:02:17.7250000+08:00|10530A8D|小祥客服|0064641E|100500|145489|10000|10000|0||100.00|99.54|0.03|-3.14|0|0|0|0|0|0|0|0|0|0|0|0|0|0|0|0|0|0|0|0|0|0|0|0|0|0|0|0|0|0|0|0|0|0|0|0|0|0|0|0|0|0|0|0|0|0|0|0|0|0|0|0|0|0|0|0|0|0|0|0|0|0|0|0|0|0|0|0|0|0|0|0|0|0|0|0|0|0|0|0|0|0|0|0|0|0|0|0|0|0|0|0|0|0F08|41499D9C|10530A8D|0F0A|41DD72A8|10530A8D|010A82|41E9ED8F|10530A8D|0507A2|41EFA3D7|10530A8D|0AA3|4233D1EC|10530A8D|e69fd4d66b2d350a
21|2025-12-13T17:02:17.8140000+08:00|10530A8D|小祥客服|64AE|残影镰鼬|40002F41|高贝扎|53E|9F8000|0|0|0|0|0|0|0|0|0|0|0|0|0|0|26433433|26635080|10000|10000|||99.99|94.07|0.03|0.00|100500|145489|10000|10000|||100.00|99.54|0.03|-3.14|00008157|0|1|00||01|64AE|64AE|0.600|000F|d05a91569dfc2320
264|2025-12-13T17:02:17.8140000+08:00|10530A8D|64AE|00008157|0||||-3.140|40002F41|67a7bdbf82d0775c
38|2025-12-13T17:02:17.8140000+08:00|10530A8D|小祥客服|0064641E|100500|145489|10000|10000|0||100.00|99.54|0.03|-3.14|0|0|0|0|0|0|0|0|0|0|0|0|0|0|0|0|0|0|0|0|0|0|0|0|0|0|0|0|0|0|0|0|0|0|0|0|0|0|0|0|0|0|0|0|0|0|0|0|0|0|0|0|0|0|0|0|0|0|0|0|0|0|0|0|0|0|0|0|0|0|0|0|0|0|0|0|0|0|0|0|0|0|0|0|0|0|0|0|0|0|0|0|0|0F08|41483111|10530A8D|0F0A|41DCBC62|10530A8D|010A82|41E93749|10530A8D|0507A2|41EEED91|10530A8D|05e1c9c97503305f
30|2025-12-13T17:02:17.8140000+08:00|AA3|残影镰鼬预备|0.00|10530A8D|小祥客服|10530A8D|小祥客服|00|145489|145489|8d4074aee4b23c6c
31|2025-12-13T17:02:17.8140000+08:00|10530A8D|5001E|00|00|00|085750ddf04c0111
271|2025-12-13T17:02:17.8140000+08:00|40002F5B|-3.1402|00|00|100.0009|99.5440|0.0300|5896122ffa2f291d
21|2025-12-13T17:02:17.9040000+08:00|40002F5B|分身|64AF|残影镰鼬|40002F41|高贝扎|350003|92590000|53E|9F8000|1B|64AF8000|0|0|0|0|0|0|0|0|0|0|26433433|26635080|10000|10000|||99.99|94.07|0.03|0.00|145078|145078|10000|10000|||100.00|99.54|0.03|-3.14|00008158|0|1|10530A8D|小祥客服|01|64AF|64AF|2.433|FFD8|8d4afeee757ad4d5
264|2025-12-13T17:02:17.9040000+08:00|40002F5B|64AF|00008158|0||||3.138|40002F41|87608037fd6d2d2e
31|2025-12-13T17:02:17.9040000+08:00|10530A8D|A001E|00|00|00|1c77d5719b7b7005
21|2025-12-13T17:02:17.9920000+08:00|10530A8D|小祥客服|07|攻击|40002F41|高贝扎|710003|10A70000|0|0|0|0|0|0|0|0|0|0|0|0|0|0|26433433|26635080|10000|10000|||99.99|94.07|0.03|0.00|100500|145489|10000|10000|||100.00|99.54|0.03|-3.14|00008159|0|1|00||01|07|07|0.422|000F|95c39ef0680a8e04
264|2025-12-13T17:02:17.9920000+08:00|10530A8D|0007|00008159|0||||-3.140|40002F41|8430a6acf4dfc3ec
270|2025-12-13T17:02:18.3490000+08:00|40002F5B|3.1378|0000|0000|100.0092|99.5514|0.1831|c711bba330dac3b4
261|2025-12-13T17:02:17.8520000+08:00|Change|40002F5B|Heading|3.1379|ModelStatus|0|PCTargetID|40002F41|PosX|100.0009|PosY|99.5440|PosZ|0.0299|02dcb53b5621e984
37|2025-12-13T17:02:18.5280000+08:00|40002F41|高贝扎|00008159|26429170||||||99.99|94.07|0.03|0.00|f7d716101df85857
21|2025-12-13T17:02:18.5280000+08:00|10530A8D|小祥客服|905E|百雷铳|40002F41|高贝扎|710003|99190000|A0E|F420000|0|0|0|0|0|0|0|0|0|0|0|0|26433433|26635080|10000|10000|||99.99|94.07|0.03|0.00|100500|145489|10000|10000|||100.00|99.54|0.03|-3.14|0000815A|0|1|00||01|905E|905E|0.600|000F|7e74105dd28ac965
264|2025-12-13T17:02:18.5280000+08:00|10530A8D|905E|0000815A|0||||-3.140|40002F41|43aad6846167f44c
38|2025-12-13T17:02:18.5280000+08:00|10530A8D|小祥客服|0064641E|100500|145489|10000|10000|0||100.00|99.54|0.03|-3.14|0|0|0|0|0|0|0|0|0|0|0|0|0|0|0|0|0|0|0|0|0|0|0|0|0|0|0|0|0|0|0|0|0|0|0|0|0|0|0|0|0|0|0|0|0|0|0|0|0|0|0|0|0|0|0|0|0|0|0|0|0|0|0|0|0|0|0|0|0|0|0|0|0|0|0|0|0|0|0|0|0|0|0|0|0|0|0|0|0|0|0|0|0|0|0|0|0F0A|41D7061A|10530A8D|010A82|41E38101|10530A8D|0507A2|41E93749|10530A8D|bcf1965ff1fa31cb
30|2025-12-13T17:02:18.5280000+08:00|F08|忍隐|0.00|10530A8D|小祥客服|10530A8D|小祥客服|00|145489|145489|d3cd00ff7e079c6c
38|2025-12-13T17:02:18.5280000+08:00|40002F41|高贝扎|005A5A00|26429170|26635080|10000|10000|0||99.99|94.07|0.03|0.00|0|0|0|0F09|4187061A|10530A8D|0F42|C1700000|10530A8D|227ba15efdc4c84d
26|2025-12-13T17:02:18.5280000+08:00|F42|百雷铳|15.00|10530A8D|小祥客服|40002F41|高贝扎|00|26635080|145489|cb87307eed8c2010
37|2025-12-13T17:02:19.4640000+08:00|40002F41|高贝扎|00008158|26391705|26635080|10000|10000|0||99.99|94.07|0.03|0.00|0|0|0|01|01000F42|0|C1700000|10530A8D|bb6dc8f731fc170d
21|2025-12-13T17:02:19.4640000+08:00|40002F41|高贝扎|844B|unknown_844b|10530A8D|小祥客服|750003|5B390000|1B|844B8000|0|0|0|0|0|0|0|0|0|0|0|0|100500|145489|10000|10000|||99.99|98.36|0.03|-3.13|26429170|26635080|10000|10000|||99.99|94.07|0.03|0.00|0000815B|0|1|00||01|844B|844B|0.100|7FAB|ac33b05c4b52a14a
264|2025-12-13T17:02:19.4640000+08:00|40002F41|844B|0000815B|0||||-0.008|10530A8D|42c9d632f00cfbf8
37|2025-12-13T17:02:19.8200000+08:00|40002F41|高贝扎|0000815A|26352512|26635080|10000|10000|0||99.99|94.07|0.03|-0.01|0|0|0|01|01000F42|0|41700000|10530A8D|fc3b8a5c009f0995
38|2025-12-13T17:02:19.8200000+08:00|40002F41|高贝扎|005A5A00|26352512|26635080|10000|10000|0||99.99|94.07|0.03|-0.01|0|0|0|0F09|41796026|10530A8D|0F42|416F47AE|10530A8D|59acca900063838c
21|2025-12-13T17:02:19.9100000+08:00|10530A8D|小祥客服|64B2|月影雷兽牙|40002F41|高贝扎|550003|9E880000|53E|9F8000|0|0|0|0|0|0|0|0|0|0|0|0|26352512|26635080|10000|10000|||99.99|94.07|0.03|-0.01|100500|145489|10000|10000|||99.99|98.36|0.03|-3.13|0000815C|0|1|00||01|64B2|64B2|0.600|FFF2|f055c30498a46267
264|2025-12-13T17:02:19.9100000+08:00|10530A8D|64B2|0000815C|0||||3.140|40002F41|6a9ef0609b19d357
271|2025-12-13T17:02:19.9100000+08:00|40002F5B|3.1402|00|00|99.9869|98.3642|0.0300|7037e54732b43a32
38|2025-12-13T17:02:19.9100000+08:00|10530A8D|小祥客服|0064641E|100500|145489|10000|10000|0||99.99|98.36|0.03|-3.13|0|0|0|0|0|0|0|0|0|0|0|0|0|0|0|0|0|0|0|0|0|0|0|0|0|0|0|0|0|0|0|0|0|0|0|0|0|0|0|0|0|0|0|0|0|0|0|0|0|0|0|0|0|0|0|0|0|0|0|0|0|0|0|0|0|0|0|0|0|0|0|0|0|0|0|0|0|0|0|0|0|0|0|0|0|0|0|0|0|0|0|0|0|0|0|0|0F0A|41CBF9CB|10530A8D|0|0|0|0407A2|41DE2AFA|10530A8D|408778c13c63c425
30|2025-12-13T17:02:19.9100000+08:00|A82|月影雷兽预备|0.00|10530A8D|小祥客服|10530A8D|小祥客服|01|145489|145489|be5b9e6b75790a79
26|2025-12-13T17:02:19.9100000+08:00|7A2|分身之术|27.77|10530A8D|小祥客服|10530A8D|小祥客服|04|145489|145489|98c63fc226eef536
31|2025-12-13T17:02:19.9100000+08:00|10530A8D|F001E|00|00|00|a6b292339ef9351c
21|2025-12-13T17:02:19.9990000+08:00|40002F5B|分身|6517|月影雷兽牙|40002F41|高贝扎|554003|2CF30000|53E|9F8000|1B|65178000|0|0|0|0|0|0|0|0|0|0|26352512|26635080|10000|10000|||99.99|94.07|0.03|-0.01|145078|145078|10000|10000|||99.99|98.36|0.03|3.14|0000815D|0|1|10530A8D|小祥客服|01|6517|6517|2.366|FFF1|c3025a5126e555ec
264|2025-12-13T17:02:19.9990000+08:00|40002F5B|6517|0000815D|0||||3.140|40002F41|11fab72961962195
31|2025-12-13T17:02:19.9990000+08:00|10530A8D|14001E|00|00|00|4505283bb3fa57a7
21|2025-12-13T17:02:20.1770000+08:00|10530A8D|小祥客服|07|攻击|40002F41|高贝扎|714003|16530000|0|0|0|0|0|0|0|0|0|0|0|0|0|0|26352512|26635080|10000|10000|||99.99|94.07|0.03|-0.01|100500|145489|10000|10000|||99.99|98.36|0.03|3.14|0000815E|0|1|00||01|07|07|0.333|FFF1|e3e2ad1311677463
264|2025-12-13T17:02:20.1770000+08:00|10530A8D|0007|0000815E|0||||3.140|40002F41|d801aa96d2abacd4
39|2025-12-13T17:02:20.4890000+08:00|10530A8D|小祥客服|101954|145489|10000|10000|||99.99|98.45|0.03|2.53|9808b105a8e3c384
37|2025-12-13T17:02:20.6230000+08:00|10530A8D|小祥客服|0000815B|78601||||||99.99|98.45|0.03|1.20|680f911937546667
21|2025-12-13T17:02:20.6230000+08:00|40002F41|高贝扎|84B8|unknown_84b8|E0000000||0|0|0|0|0|0|0|0|0|0|0|0|0|0|0|0|||||||||||26352512|26635080|10000|10000|||99.99|94.07|0.03|-0.01|0000815F|0|0|00||01|84B8|84B8|2.100|7FDA|a4571ef74fb806fe
21|2025-12-13T17:02:20.6230000+08:00|10530A8D|小祥客服|8D8|生杀予夺|10530A8D|小祥客服|1E0E|1F10000|0|0|0|0|0|0|0|0|0|0|0|0|0|0|101954|145489|10000|10000|||99.99|98.45|0.03|1.20|101954|145489|10000|10000|||99.99|98.45|0.03|1.20|00008160|0|1|00||01|8D8|8D8|0.600|E15F|cb9741e5627666a1
264|2025-12-13T17:02:20.6230000+08:00|10530A8D|08D8|00008160|0||||2.390|10530A8D|20d9bed1f12e563c
38|2025-12-13T17:02:20.6230000+08:00|10530A8D|小祥客服|0064641E|78601|145489|10000|10000|0||99.99|98.45|0.03|1.20|0|0|0|01F1|C1700000|10530A8D|0|0|0|0|0|0|0|0|0|0|0|0|0|0|0|0|0|0|0|0|0|0|0|0|0|0|0|0|0|0|0|0|0|0|0|0|0|0|0|0|0|0|0|0|0|0|0|0|0|0|0|0|0|0|0|0|0|0|0|0|0|0|0|0|0|0|0|0|0|0|0|0|0|0|0|0|0|0|0|0|0|0|0|0|0|0|0|0|0|0|0F0A|41C64383|10530A8D|0|0|0|0407A2|41D874B2|10530A8D|2c932ac227ba93a9
26|2025-12-13T17:02:20.6230000+08:00|1F1|生杀予夺|15.00|10530A8D|小祥客服|10530A8D|小祥客服|00|145489|145489|c6413192b7185931
264|2025-12-13T17:02:20.6230000+08:00|40002F41|84B8|0000815F|1|100.009|100.009|0.000|-0.004|E0000000|863aefef8db3b964
37|2025-12-13T17:02:20.6680000+08:00|40002F41|高贝扎|0000815C|26311928||||||99.99|94.07|0.03|-0.01|2dc7514095e4b399
37|2025-12-13T17:02:20.6680000+08:00|10530A8D|小祥客服|0000815C|78601|145489|10000|10000|0||99.99|98.45|0.03|1.20|1E00|0|0|01|01F1|0|C1700000|10530A8D|24c5ded575b166c5
37|2025-12-13T17:02:20.7130000+08:00|40002F41|高贝扎|0000815E|26306213||||||99.99|94.07|0.03|-0.01|26890c557bcdcaf3
37|2025-12-13T17:02:20.7130000+08:00|10530A8D|小祥客服|0000815E|78601|145489|10000|10000|0||99.99|98.45|0.03|0.30|1E00|0|0|01|01F1|0|C1700000|10530A8D|01cbfb5466204709
37|2025-12-13T17:02:20.7570000+08:00|40002F41|高贝扎|0000815D|26294706||||||99.99|94.07|0.03|-0.01|9704739376b936b5
261|2025-12-13T17:02:20.9960000+08:00|Change|40002F41|Heading|-0.0036|PCTargetID|10530A8D|PosX|99.9923|PosY|95.3915|PosZ|0.0299|3ccf6b283e50f009
37|2025-12-13T17:02:21.6040000+08:00|10530A8D|小祥客服|00008160|78601|145489|10000|10000|0||99.99|98.45|0.03|0.01|1E00|0|0|01|01F1|0|41700000|10530A8D|e764b5948bedb710
38|2025-12-13T17:02:21.6040000+08:00|10530A8D|小祥客服|0064641E|78601|145489|10000|10000|0||99.99|98.45|0.03|0.01|0|0|0|01F1|416F47AE|10530A8D|0|0|0|0|0|0|0|0|0|0|0|0|0|0|0|0|0|0|0|0|0|0|0|0|0|0|0|0|0|0|0|0|0|0|0|0|0|0|0|0|0|0|0|0|0|0|0|0|0|0|0|0|0|0|0|0|0|0|0|0|0|0|0|0|0|0|0|0|0|0|0|0|0|0|0|0|0|0|0|0|0|0|0|0|0|0|0|0|0|0|0F0A|41BE6A69|10530A8D|0|0|0|0407A2|41D09B98|10530A8D|0347160ffceee524
270|2025-12-13T17:02:21.6480000+08:00|40002F41|-0.0036|0000|005A|100.0092|100.0092|0.1831|8aa9120fc3bab6d1
21|2025-12-13T17:02:22.0500000+08:00|10530A8D|小祥客服|4975|天之印|10530A8D|小祥客服|100000E|1F08000|0|0|0|0|0|0|0|0|0|0|0|0|0|0|78601|145489|10000|10000|||99.99|98.45|0.03|0.01|78601|145489|10000|10000|||99.99|98.45|0.03|0.01|00008161|0|1|00||01|4975|4975|0.350|8078|a22c51c4bd02d031
264|2025-12-13T17:02:22.0500000+08:00|10530A8D|4975|00008161|0||||0.012|10530A8D|837346d5d6502bb5
38|2025-12-13T17:02:22.0500000+08:00|10530A8D|小祥客服|0064641E|78601|145489|10000|10000|0||99.99|98.45|0.03|0.01|0|0|0|01F1|416828F7|10530A8D|0101F0|40C00000|10530A8D|0|0|0|0|0|0|0|0|0|0|0|0|0|0|0|0|0|0|0|0|0|0|0|0|0|0|0|0|0|0|0|0|0|0|0|0|0|0|0|0|0|0|0|0|0|0|0|0|0|0|0|0|0|0|0|0|0|0|0|0|0|0|0|0|0|0|0|0|0|0|0|0|0|0|0|0|0|0|0|0|0|0|0|0|0|0|0|0F0A|41BADB0B|10530A8D|0|0|0|0407A2|41CD0C3A|10530A8D|393f87e647d9f973
26|2025-12-13T17:02:22.0500000+08:00|1F0|结印|6.00|10530A8D|小祥客服|10530A8D|小祥客服|01|145489|145489|534dc6ccebe1f62b
21|2025-12-13T17:02:22.3610000+08:00|10530A8D|小祥客服|07|攻击|40002F41|高贝扎|712003|1C1F0000|0|0|0|0|0|0|0|0|0|0|0|0|0|0|26294706|26635080|10000|10000|||99.99|99.99|0.03|0.00|78601|145489|10000|10000|||99.99|98.45|0.03|0.01|00008162|0|1|00||01|07|07|0.100|8078|e8deaab8b0753797
264|2025-12-13T17:02:22.3610000+08:00|10530A8D|0007|00008162|0||||0.012|40002F41|3299c16f4afba842
261|2025-12-13T17:02:21.8220000+08:00|Change|40002F5B|Heading|3.1403|ModelStatus|8388608|PosX|99.9869|PosY|98.3642|PosZ|0.0300|d7f833eea0920fed
21|2025-12-13T17:02:22.5400000+08:00|10530A8D|小祥客服|4977|人之印|10530A8D|小祥客服|D00000E|1F08000|0|0|0|0|0|0|0|0|0|0|0|0|0|0|78601|145489|10000|10000|||99.99|98.45|0.03|0.01|78601|145489|10000|10000|||99.99|98.45|0.03|0.01|00008163|0|1|00||01|4977|4977|0.350|8078|24420a8fb28f0b0a
264|2025-12-13T17:02:22.5400000+08:00|10530A8D|4977|00008163|0||||0.012|10530A8D|e7aa41857cf2b420
38|2025-12-13T17:02:22.5400000+08:00|10530A8D|小祥客服|0064641E|78601|145489|10000|10000|0||99.99|98.45|0.03|0.01|0|0|0|01F1|41604DD5|10530A8D|0D01F0|40B049B8|10530A8D|0|0|0|0|0|0|0|0|0|0|0|0|0|0|0|0|0|0|0|0|0|0|0|0|0|0|0|0|0|0|0|0|0|0|0|0|0|0|0|0|0|0|0|0|0|0|0|0|0|0|0|0|0|0|0|0|0|0|0|0|0|0|0|0|0|0|0|0|0|0|0|0|0|0|0|0|0|0|0|0|0|0|0|0|0|0|0|0F0A|41B6ED78|10530A8D|0|0|0|0407A2|41C91EA7|10530A8D|4fd66bdfcd89ffa9
26|2025-12-13T17:02:22.5400000+08:00|1F0|结印|5.51|10530A8D|小祥客服|10530A8D|小祥客服|0D|145489|145489|058abb9200f8f08d
270|2025-12-13T17:02:22.8520000+08:00|40002F41|-2.2530|0000|005A|100.0092|100.0092|0.1831|46430dc06f8a998a
37|2025-12-13T17:02:22.8960000+08:00|40002F41|高贝扎|00008162|26287507||||||99.99|99.99|0.03|-0.14|13c4b5e91225013c
267|2025-12-13T17:02:22.9410000+08:00|40002F41|80034E79|304D|8F66|4000|0|2|0|0|be8f8568cbc6c277
39|2025-12-13T17:02:22.9860000+08:00|40002F5B|分身|145078|145078|10000|10000|||99.99|98.36|0.03|3.14|e7edec5bea5f5807
00|2025-12-13T17:02:22.0000000+08:00|0044|高贝扎|这里就是你的葬身之地！|b92928c0767d4699
20|2025-12-13T17:02:23.0300000+08:00|40002F41|高贝扎|8463|迟缓地暴|40002F41|高贝扎|2.700|99.99|99.99|0.03|-0.76|835c5f49fbea88e5
21|2025-12-13T17:02:23.0300000+08:00|10530A8D|小祥客服|406C|冰晶乱流之术|40002F41|高贝扎|254003|D99A4001|0|0|0|0|0|0|0|0|0|0|0|0|0|0|26287507|26635080|10000|10000|||99.99|99.99|0.03|-0.76|78601|145489|10000|10000|||99.99|98.45|0.03|0.00|00008164|0|1|00||01|406C|406C|0.600|801D|0c5306265e065f3e
264|2025-12-13T17:02:23.0300000+08:00|10530A8D|406C|00008164|0||||0.003|40002F41|cfa6fab3cd2cd056
38|2025-12-13T17:02:23.0300000+08:00|10530A8D|小祥客服|0064641E|78601|145489|10000|10000|0||99.99|98.45|0.03|0.00|0|0|0|0|0|0|0|0|0|0|0|0|0|0|0|0|0|0|0|0|0|0|0|0|0|0|0|0|0|0|0|0|0|0|0|0|0|0|0|0|0|0|0|0|0|0|0|0|0|0|0|0|0|0|0|0|0|0|0|0|0|0|0|0|0|0|0|0|0|0|0|0|0|0|0|0|0|0|0|0|0|0|0|0|0|0|0|0|0|0|0|0|0|0|0|0|0F0A|41B301F1|10530A8D|0|0|0|0407A2|41C53320|10530A8D|39e4c23a8dfa8fc3
30|2025-12-13T17:02:23.0300000+08:00|1F1|生杀予夺|0.00|10530A8D|小祥客服|10530A8D|小祥客服|00|145489|145489|ab0ef6a1ba9a7392
30|2025-12-13T17:02:23.0300000+08:00|1F0|结印|0.00|10530A8D|小祥客服|10530A8D|小祥客服|0D|145489|145489|95ad532490290c58
261|2025-12-13T17:02:22.5130000+08:00|Change|40002F41|CastBuffID|33891|CastDurationCurrent|0.0161|CastDurationMax|2.7000|CastTargetID|40002F41|Heading|-1.1885|IsCasting1|1|IsCasting2|1|PosY|99.9923|PosZ|0.0300|84eb57748cc7c2aa
263|2025-12-13T17:02:23.0300000+08:00|40002F41|8463|100.009|100.009|0.183|3.141|969ecbbff07ec881
270|2025-12-13T17:02:23.1640000+08:00|40002F41|3.1415|0000|005A|100.0092|100.0092|0.1831|31f21ade50683dcd
39|2025-12-13T17:02:23.4760000+08:00|10530A8D|小祥客服|80055|145489|10000|10000|||99.99|98.45|0.03|0.00|f3005b9298d0ebef
37|2025-12-13T17:02:23.6540000+08:00|40002F41|高贝扎|00008164|26166265||||||99.99|99.99|0.03|-3.11|20821b8baff376b1
21|2025-12-13T17:02:23.7440000+08:00|10530A8D|小祥客服|1CEB|天地人|10530A8D|小祥客服|3960F|4A28000|F|F0B8000|0|0|0|0|0|0|0|0|0|0|0|0|80055|145489|10000|10000|||100.00|99.88|0.03|0.01|80055|145489|10000|10000|||100.00|99.88|0.03|0.01|00008165|0|1|00||01|1CEB|1CEB|0.600|8078|006912684cd165b8
264|2025-12-13T17:02:23.7440000+08:00|10530A8D|1CEB|00008165|0||||0.012|10530A8D|91c09071c748b85d
38|2025-12-13T17:02:23.7440000+08:00|10530A8D|小祥客服|0064641E|80055|145489|10000|10000|0||100.00|99.88|0.03|0.01|0|0|0|0|0|0|0|0|0|0|0|0|0|0|0|0|0|0|0|0|0|0|0|0|0|0|0|0|0|0|0|0|0|0|0|0|0|0|0|0|0|0|0|0|0|0|0|0|0|0|0|0|0|0|0|0|0|0|0|0|0|0|0|0|0|0|0|0|0|0|0|0|0|0|0|0|0|0|0|0|0|0|0|0|0|0|0|0|0|0|0|0|0|04A2|C0C00000|10530A8D|0F0A|41AD4DB5|10530A8D|0F0B|C1F00000|10530A8D|0407A2|41BF7EE4|10530A8D|2175ce4e4b2dd6d4
26|2025-12-13T17:02:23.7440000+08:00|4A2|天地人|6.00|10530A8D|小祥客服|10530A8D|小祥客服|00|145489|145489|6b56458eee3bbd22
26|2025-12-13T17:02:23.7440000+08:00|F0B|天理人道预备|30.00|10530A8D|小祥客服|10530A8D|小祥客服|00|145489|145489|052c0e61d5a5b93e
37|2025-12-13T17:02:24.1440000+08:00|10530A8D|小祥客服|00008165|80055|145489|10000|10000|0||100.02|101.53|0.03|0.01|1E00|0|0|02|1E0004A2|0|40C00000|10530A8D|20000F0B|0|41F00000|10530A8D|3178289e3a6fb5a5
38|2025-12-13T17:02:24.1440000+08:00|10530A8D|小祥客服|0064641E|80055|145489|10000|10000|0||100.02|101.53|0.03|0.01|0|0|0|0|0|0|0|0|0|0|0|0|0|0|0|0|0|0|0|0|0|0|0|0|0|0|0|0|0|0|0|0|0|0|0|0|0|0|0|0|0|0|0|0|0|0|0|0|0|0|0|0|0|0|0|0|0|0|0|0|0|0|0|0|0|0|0|0|0|0|0|0|0|0|0|0|0|0|0|0|0|0|0|0|0|0|0|0|0|0|0|0|0|04A2|40BE978D|10530A8D|0F0A|41AA1874|10530A8D|0F0B|41EFA5E3|10530A8D|0407A2|41BC49A3|10530A8D|902e8438ace98923
21|2025-12-13T17:02:24.5900000+08:00|10530A8D|小祥客服|49B9|风魔手里剑|40002F41|高贝扎|714003|8E4A0000|100000E|4A28000|0|0|0|0|0|0|0|0|0|0|0|0|26166265|26635080|10000|10000|||99.99|99.99|0.03|3.14|80055|145489|10000|10000|||100.02|101.53|0.03|-3.12|00008166|0|1|00||01|49B9|49B9|0.600|00D4|18363e050ba0b5c2
264|2025-12-13T17:02:24.5900000+08:00|10530A8D|49B9|00008166|0||||-3.121|40002F41|32a2ec048e26c50b
38|2025-12-13T17:02:24.5900000+08:00|10530A8D|小祥客服|0064641E|80055|145489|10000|10000|0||100.02|101.53|0.03|-3.12|0|0|0|0|0|0|0|0|0|0|0|0|0|0|0|0|0|0|0|0|0|0|0|0|0|0|0|0|0|0|0|0|0|0|0|0|0|0|0|0|0|0|0|0|0|0|0|0|0|0|0|0|0|0|0|0|0|0|0|0|0|0|0|0|0|0|0|0|0|0|0|0|0|0|0|0|0|0|0|0|0|0|0|0|0|0|0|0|0|0|0|0|0|0104A2|40B051E9|10530A8D|0F0A|41A6870A|10530A8D|0F0B|41EC1479|10530A8D|0407A2|41B8B839|10530A8D|bc7f2c22584c9e15
26|2025-12-13T17:02:24.5900000+08:00|4A2|天地人|5.51|10530A8D|小祥客服|10530A8D|小祥客服|01|145489|145489|a1eeb27fd06b6043
37|2025-12-13T17:02:25.4800000+08:00|40002F41|高贝扎|00008166|26129839||||||99.99|99.99|0.03|3.14|9f958aff0c65205c
37|2025-12-13T17:02:25.4800000+08:00|10530A8D|小祥客服|00008166|80055|145489|10000|10000|0||100.02|101.53|0.03|-3.12|1E00|0|0|01|1E0004A2|01|40953F76|10530A8D|7037b0b2212af034
261|2025-12-13T17:02:24.9480000+08:00|Change|40002F41|CastDurationCurrent|2.4500|Heading|3.1416|PosX|99.9923|PosY|99.9923|PosZ|0.0300|06d69e0083784dfc
21|2025-12-13T17:02:25.6140000+08:00|10530A8D|小祥客服|49BD|雷遁之术|40002F41|高贝扎|550003|B0640000|900000E|4A28000|100000F|A828000|0|0|0|0|0|0|0|0|0|0|26129839|26635080|10000|10000|||99.99|99.99|0.03|3.14|80055|145489|10000|10000|||100.02|101.53|0.03|-3.12|00008167|0|1|00||01|49BD|49BD|0.600|00D4|cfda9c59c1c52552
264|2025-12-13T17:02:25.6140000+08:00|10530A8D|49BD|00008167|0||||-3.121|40002F41|9c0a6f98fa609971
38|2025-12-13T17:02:25.6140000+08:00|10530A8D|小祥客服|0064641E|80055|145489|10000|10000|0||100.02|101.53|0.03|-3.12|0|0|0|0|0|0|0|0|0|0|0|0|0|0|0|0|0|0|0|0|0|0|0|0|0|0|0|0|0|0|0|0|0|0|0|0|0|0|0|0|0|0|0|0|0|0|0|0|0|0|0|0|0|0|0|0|0|0|0|0|0|0|0|0|0|0|0|0|0|0|0|0|0|0|0|0|0|0|0|0|0|0|0|0|0|0|0|0|0|0|0|0|0|0904A2|408F8D48|10530A8D|0F0A|419E55DF|10530A8D|0F0B|41E3E34E|10530A8D|0407A2|41B0870E|10530A8D|010A82|C1F00000|10530A8D|fc76a7fb2a2c96a9
26|2025-12-13T17:02:25.6140000+08:00|4A2|天地人|4.49|10530A8D|小祥客服|10530A8D|小祥客服|09|145489|145489|29ad0e869f440f17
26|2025-12-13T17:02:25.6140000+08:00|A82|月影雷兽预备|30.00|10530A8D|小祥客服|10530A8D|小祥客服|01|145489|145489|1df8787a0be30335
39|2025-12-13T17:02:25.9700000+08:00|40002F5B|分身|145078|145078|10000|10000|||99.99|98.36|0.03|3.14|94fa73e9e143ad3a
21|2025-12-13T17:02:26.0150000+08:00|40002F41|高贝扎|8463|迟缓地暴|40002F41|高贝扎|1B|84638000|0|0|0|0|0|0|0|0|0|0|0|0|0|0|26129839|26635080|10000|10000|||99.99|99.99|0.03|3.14|26129839|26635080|10000|10000|||99.99|99.99|0.03|3.14|00008168|0|1|00||01|8463|8463|3.100|FFFF|fc3462a461ea0b14
264|2025-12-13T17:02:26.0150000+08:00|40002F41|8463|00008168|0||||3.141|40002F41|347328470c75db5d
37|2025-12-13T17:02:26.3270000+08:00|40002F41|高贝扎|00008167|26084683||||||99.99|99.99|0.03|3.14|7db9ff4838bcd8b2
37|2025-12-13T17:02:26.3270000+08:00|10530A8D|小祥客服|00008167|80055|145489|10000|10000|0||100.02|101.53|0.03|-3.12|1E00|0|0|02|1E0004A2|09|40745A09|10530A8D|22000A82|01|41F00000|10530A8D|b0cec80c7dea0104
38|2025-12-13T17:02:26.3270000+08:00|10530A8D|小祥客服|0064641E|80055|145489|10000|10000|0||100.02|101.53|0.03|-3.12|0|0|0|0|0|0|0|0|0|0|0|0|0|0|0|0|0|0|0|0|0|0|0|0|0|0|0|0|0|0|0|0|0|0|0|0|0|0|0|0|0|0|0|0|0|0|0|0|0|0|0|0|0|0|0|0|0|0|0|0|0|0|0|0|0|0|0|0|0|0|0|0|0|0|0|0|0|0|0|0|0|0|0|0|0|0|0|0|0|0|0|0|0|0904A2|407178C1|10530A8D|0F0A|4198A1A3|10530A8D|0F0B|41DE2F12|10530A8D|0407A2|41AAD2D2|10530A8D|010A82|41EFA3D7|10530A8D|fafc43aae5979d31
39|2025-12-13T17:02:26.5050000+08:00|10530A8D|小祥客服|81509|145489|10000|10000|||100.02|101.53|0.03|-3.12|f9acace7865f30d9
21|2025-12-13T17:02:26.6390000+08:00|10530A8D|小祥客服|49C1|水遁之术|40002F41|高贝扎|650003|8BBD0000|F|F088000|0|0|0|0|0|0|0|0|0|0|0|0|26084683|26635080|10000|10000|||99.99|99.99|0.03|3.14|81509|145489|10000|10000|||100.02|101.53|0.03|-3.12|00008169|0|1|00||01|49C1|49C1|0.600|00D4|ae762dcb54987f06
264|2025-12-13T17:02:26.6390000+08:00|10530A8D|49C1|00008169|0||||-3.121|40002F41|744fbb00153c1875
38|2025-12-13T17:02:26.6390000+08:00|10530A8D|小祥客服|0064641E|81509|145489|10000|10000|0||100.02|101.53|0.03|-3.12|0|0|0|0|0|0|0|0|0|0|0|0|0|0|0|0|0|0|0|0|0|0|0|0|0|0|0|0|0|0|0|0|0|0|0|0|0|0|0|0|0|0|0|0|0|0|0|0|0|0|0|0|0|0|0|0|0|0|0|0|0|0|0|0|0|0|0|0|0|0|0|0|0|0|0|0|0|0|0|0|0|0|0|0|0|0|0|0|0|0|0|0|0|0F08|C1A00000|10530A8D|0F0A|419622A8|10530A8D|0F0B|41DBB017|10530A8D|0407A2|41A853D7|10530A8D|010A82|41ED24DC|10530A8D|613127b5208dae94
30|2025-12-13T17:02:26.6390000+08:00|4A2|天地人|0.00|10530A8D|小祥客服|10530A8D|小祥客服|09|145489|145489|9beb4948bb633571
26|2025-12-13T17:02:26.6390000+08:00|F08|忍隐|20.00|10530A8D|小祥客服|10530A8D|小祥客服|00|145489|145489|e0b0c8e4452c6af0
271|2025-12-13T17:02:27.1290000+08:00|40002F5A|2.3561|00|00|88.6863|111.3137|0.0000|1c4d4a79b34293cd
261|2025-12-13T17:02:26.5580000+08:00|Change|40002F5A|Heading|2.3562|PosX|88.6863|PosY|111.3137|PosZ|0.0300|a7293b313316b720
257|2025-12-13T17:02:27.1290000+08:00|80034E79|00010004|0B|||bb48dd2bad36bcd4
20|2025-12-13T17:02:27.1740000+08:00|40002F5A|高贝扎|8465|迟缓地暴|40002F5A|高贝扎|7.700|88.69|111.31|0.03|2.36|d38a06dfed0d6da8
263|2025-12-13T17:02:27.1740000+08:00|40002F5A|8465|88.687|111.301|0.000|2.356|f9a66808fc8a9871
22|2025-12-13T17:02:27.3080000+08:00|10530A8D|小祥客服|DEE|梦幻三段|40002F41|高贝扎|714003|33810000|0|0|0|0|0|0|0|0|0|0|0|0|0|0|26084683|26635080|10000|10000|||99.99|99.99|0.03|3.14|81509|145489|10000|10000|||100.02|101.53|0.03|-3.12|0000816A|0|3|00||01|DEE|DEE|0.600|00D4|b8330131b3040dda
22|2025-12-13T17:02:27.3080000+08:00|10530A8D|小祥客服|DEE|梦幻三段|40002F41|高贝扎|710003|28480000|0|0|0|0|0|0|0|0|0|0|0|0|0|0|26084683|26635080|10000|10000|||99.99|99.99|0.03|3.14|81509|145489|10000|10000|||100.02|101.53|0.03|-3.12|0000816A|1|3|00||01|DEE|DEE|0.600|00D4|e810afe9b163c912
22|2025-12-13T17:02:27.3080000+08:00|10530A8D|小祥客服|DEE|梦幻三段|40002F41|高贝扎|714003|32990000|0|0|0|0|0|0|0|0|0|0|0|0|0|0|26084683|26635080|10000|10000|||99.99|99.99|0.03|3.14|81509|145489|10000|10000|||100.02|101.53|0.03|-3.12|0000816A|2|3|00||01|DEE|DEE|0.600|00D4|df24c964956af02f
264|2025-12-13T17:02:27.3080000+08:00|10530A8D|0DEE|0000816A|1|0.000|0.000|0.000|-3.121|40002F41|9931a129afa4979e
37|2025-12-13T17:02:27.6200000+08:00|40002F41|高贝扎|00008169|26048910||||||99.99|99.99|0.03|3.14|d9fb2c98d2198f62
37|2025-12-13T17:02:27.6200000+08:00|10530A8D|小祥客服|00008169|81509|145489|10000|10000|0||100.02|101.53|0.03|-3.12|1E00|0|0|01|1E000F08|0|41A00000|10530A8D|3d519cb6a88491c8
21|2025-12-13T17:02:27.6200000+08:00|10530A8D|小祥客服|07|攻击|40002F41|高贝扎|710003|12A40000|0|0|0|0|0|0|0|0|0|0|0|0|0|0|26084683|26635080|10000|10000|||99.99|99.99|0.03|3.14|81509|145489|10000|10000|||100.02|101.53|0.03|-3.12|0000816B|0|1|00||01|07|07|0.288|00D4|a83156129d23d802
264|2025-12-13T17:02:27.6200000+08:00|10530A8D|0007|0000816B|0||||-3.121|40002F41|4b62efa2cd2f3e13
38|2025-12-13T17:02:27.6200000+08:00|10530A8D|小祥客服|0064641E|81509|145489|10000|10000|0||100.02|101.53|0.03|-3.12|0|0|0|0|0|0|0|0|0|0|0|0|0|0|0|0|0|0|0|0|0|0|0|0|0|0|0|0|0|0|0|0|0|0|0|0|0|0|0|0|0|0|0|0|0|0|0|0|0|0|0|0|0|0|0|0|0|0|0|0|0|0|0|0|0|0|0|0|0|0|0|0|0|0|0|0|0|0|0|0|0|0|0|0|0|0|0|0|0|0|0|0|0|0F08|419FA3D7|10530A8D|0F0A|418E498E|10530A8D|0F0B|41D3D6FD|10530A8D|0407A2|41A07ABD|10530A8D|010A82|41E54BC2|10530A8D|24fb8c11c2557a19
261|2025-12-13T17:02:27.1550000+08:00|Change|40002F41|CastBuffID|0|CastDurationCurrent|0.0000|CastDurationMax|0.0000|CastTargetID|E0000000|IsCasting1|0|IsCasting2|0|ea44ebff5aa2799e
37|2025-12-13T17:02:28.0210000+08:00|40002F41|高贝扎|0000816A|26035725||||||99.99|99.99|0.03|3.14|5cc1bc8040a93641
37|2025-12-13T17:02:28.1550000+08:00|40002F41|高贝扎|0000816B|26030953||||||99.99|99.99|0.03|3.14|283924c24e8bbfe8
37|2025-12-13T17:02:28.1550000+08:00|40002F41|高贝扎|0000816A|26020641||||||99.99|99.99|0.03|3.14|197a55b62f83ce28
21|2025-12-13T17:02:28.1550000+08:00|10530A8D|小祥客服|64B2|月影雷兽牙|40002F41|高贝扎|552003|4854001|53E|9F8000|0|0|0|0|0|0|0|0|0|0|0|0|26035725|26635080|10000|10000|||99.99|99.99|0.03|3.14|81509|145489|10000|10000|||100.02|101.53|0.03|-3.12|0000816C|0|1|00||01|64B2|64B2|0.600|00D4|eae4a8e3e4007200
264|2025-12-13T17:02:28.1550000+08:00|10530A8D|64B2|0000816C|0||||-3.121|40002F41|2a4d713b360bf09f
271|2025-12-13T17:02:28.1550000+08:00|40002F5B|-3.1213|00|00|100.0237|101.5330|0.0300|bf75386230b56a14
38|2025-12-13T17:02:28.1550000+08:00|10530A8D|小祥客服|0064641E|81509|145489|10000|10000|0||100.02|101.53|0.03|-3.12|0|0|0|0|0|0|0|0|0|0|0|0|0|0|0|0|0|0|0|0|0|0|0|0|0|0|0|0|0|0|0|0|0|0|0|0|0|0|0|0|0|0|0|0|0|0|0|0|0|0|0|0|0|0|0|0|0|0|0|0|0|0|0|0|0|0|0|0|0|0|0|0|0|0|0|0|0|0|0|0|0|0|0|0|0|0|0|0|0|0|0|0|0|0F08|419B5E33|10530A8D|0F0A|418A03EA|10530A8D|0F0B|41CF9159|10530A8D|0307A2|419C3519|10530A8D|f86a9d8895a99513
26|2025-12-13T17:02:28.1550000+08:00|7A2|分身之术|19.53|10530A8D|小祥客服|10530A8D|小祥客服|03|145489|145489|b02d27aa9dd04807
30|2025-12-13T17:02:28.1550000+08:00|A82|月影雷兽预备|0.00|10530A8D|小祥客服|10530A8D|小祥客服|01|145489|145489|b26bec7edcf58429
31|2025-12-13T17:02:28.1550000+08:00|10530A8D|19001E|00|00|00|88c0e11328242844
21|2025-12-13T17:02:28.2440000+08:00|40002F5B|分身|6517|月影雷兽牙|40002F41|高贝扎|550003|23DB0000|53E|9F8000|1B|65178000|0|0|0|0|0|0|0|0|0|0|26020641|26635080|10000|10000|||99.99|99.99|0.03|3.14|145078|145078|10000|10000|||100.02|101.53|0.03|-3.12|0000816D|0|1|10530A8D|小祥客服|01|6517|6517|2.366|00D4|e728a6130527e62c
264|2025-12-13T17:02:28.2440000+08:00|40002F5B|6517|0000816D|0||||-3.121|40002F41|2f5a4b10a7d5ad81
31|2025-12-13T17:02:28.2440000+08:00|10530A8D|1E001E|00|00|00|d84936864eddf0da
261|2025-12-13T17:02:27.7480000+08:00|Change|40002F5B|Heading|-3.1213|ModelStatus|0|PosX|100.0237|PosY|101.5330|689547a9ad140257
37|2025-12-13T17:02:28.2880000+08:00|40002F41|高贝扎|0000816A|26007688||||||99.99|99.99|0.03|3.14|8d6642fc1971754d
21|2025-12-13T17:02:28.8230000+08:00|10530A8D|小祥客服|9061|天理人道|40002F41|高贝扎|752003|83644001|0|0|0|0|0|0|0|0|0|0|0|0|0|0|26007688|26635080|10000|10000|||99.99|99.99|0.03|3.14|81509|145489|10000|10000|||100.02|101.53|0.03|-3.12|0000816E|0|1|00||01|9061|9061|0.600|00D4|decad0a83bce3e12
264|2025-12-13T17:02:28.8230000+08:00|10530A8D|9061|0000816E|0||||-3.121|40002F41|5e6f1d56c5c7624f
38|2025-12-13T17:02:28.8230000+08:00|10530A8D|小祥客服|0064641E|81509|145489|10000|10000|0||100.02|101.53|0.03|-3.12|0|0|0|0|0|0|0|0|0|0|0|0|0|0|0|0|0|0|0|0|0|0|0|0|0|0|0|0|0|0|0|0|0|0|0|0|0|0|0|0|0|0|0|0|0|0|0|0|0|0|0|0|0|0|0|0|0|0|0|0|0|0|0|0|0|0|0|0|0|0|0|0|0|0|0|0|0|0|0|0|0|0|0|0|0|0|0|0|0|0|0|0|0|0F08|41960414|10530A8D|0F0A|4184A9CB|10530A8D|0|0|0|0307A2|4196DAFA|10530A8D|8dcd66041a7b6621
30|2025-12-13T17:02:28.8230000+08:00|F0B|天理人道预备|0.00|10530A8D|小祥客服|10530A8D|小祥客服|00|145489|145489|44d143e2f741b5b8
37|2025-12-13T17:02:28.9130000+08:00|40002F41|高贝扎|0000816C|25940995||||||99.99|99.99|0.03|3.14|21f9958586c11376
37|2025-12-13T17:02:29.0020000+08:00|40002F41|高贝扎|0000816D|25931816||||||99.99|99.99|0.03|3.14|ee98a8d1992739c1
39|2025-12-13T17:02:29.0020000+08:00|40002F5B|分身|145078|145078|10000|10000|||100.02|101.53|0.03|-3.12|d0210567298dd03b
37|2025-12-13T17:02:29.1800000+08:00|40002F41|高贝扎|0000816E|25832644||||||99.99|99.99|0.03|3.14|f8bafef02e3b2e96
270|2025-12-13T17:02:29.2690000+08:00|40002F41|0.9047|0000|005A|100.0092|100.0092|0.1831|415a39a8da00ff33
39|2025-12-13T17:02:29.4920000+08:00|10530A8D|小祥客服|82963|145489|10000|10000|||101.71|101.56|0.03|1.88|b034887d6fb45af1
270|2025-12-13T17:02:29.5810000+08:00|40002F41|0.7909|0000|005A|100.0092|100.0092|0.1831|525c3f894915d8b0
21|2025-12-13T17:02:29.8040000+08:00|10530A8D|小祥客服|07|攻击|40002F41|高贝扎|710003|12440000|0|0|0|0|0|0|0|0|0|0|0|0|0|0|25832644|26635080|10000|10000|||99.99|99.99|0.03|1.29|82963|145489|10000|10000|||103.46|100.31|0.03|2.35|0000816F|0|1|00||01|07|07|0.100|DFB4|35c269aad29c2e63
264|2025-12-13T17:02:29.8040000+08:00|10530A8D|0007|0000816F|0||||2.349|40002F41|5a50358370506c8b
270|2025-12-13T17:02:29.8930000+08:00|40002F41|1.4816|0000|005A|100.0092|100.0092|0.1831|28b939a6e4be45e7
21|2025-12-13T17:02:30.1160000+08:00|40002F41|高贝扎|844B|unknown_844b|10530A8D|小祥客服|750003|58100000|1B|844B8000|0|0|0|0|0|0|0|0|0|0|0|0|82963|145489|10000|10000|||103.46|100.31|0.03|2.35|25832644|26635080|10000|10000|||99.99|99.99|0.03|1.18|00008170|0|1|00||01|844B|844B|0.100|BC5E|91b48e29fdd6df7c
264|2025-12-13T17:02:30.1160000+08:00|40002F41|844B|00008170|0||||1.482|10530A8D|e7e65d58a97176ae
21|2025-12-13T17:02:30.2500000+08:00|10530A8D|小祥客服|8D3|天之印|10530A8D|小祥客服|100000E|1F08000|0|0|0|0|0|0|0|0|0|0|0|0|0|0|82963|145489|10000|10000|||103.46|100.31|0.03|2.35|82963|145489|10000|10000|||103.46|100.31|0.03|2.35|00008171|0|1|00||01|8D3|8D3|0.350|DFB3|907f2c4e62b240d0
264|2025-12-13T17:02:30.2500000+08:00|10530A8D|08D3|00008171|0||||2.349|10530A8D|2b97880d146885b5
38|2025-12-13T17:02:30.2500000+08:00|10530A8D|小祥客服|0064641E|82963|145489|10000|10000|0||103.46|100.31|0.03|2.35|0|0|0|0101F0|40C00000|10530A8D|0|0|0|0|0|0|0|0|0|0|0|0|0|0|0|0|0|0|0|0|0|0|0|0|0|0|0|0|0|0|0|0|0|0|0|0|0|0|0|0|0|0|0|0|0|0|0|0|0|0|0|0|0|0|0|0|0|0|0|0|0|0|0|0|0|0|0|0|0|0|0|0|0|0|0|0|0|0|0|0|0|0|0|0|0|0|0|0F08|418A9990|10530A8D|0F0A|41727E96|10530A8D|0|0|0|0307A2|418B7076|10530A8D|54d1bcc8c3642909
26|2025-12-13T17:02:30.2500000+08:00|1F0|结印|6.00|10530A8D|小祥客服|10530A8D|小祥客服|01|145489|145489|7b5baa828fee5681
37|2025-12-13T17:02:30.3390000+08:00|40002F41|高贝扎|0000816F|25827968||||||99.99|99.99|0.03|1.48|b2becbe792ebd207
21|2025-12-13T17:02:30.7400000+08:00|10530A8D|小祥客服|4976|地之印|10530A8D|小祥客服|900000E|1F08000|0|0|0|0|0|0|0|0|0|0|0|0|0|0|82963|145489|10000|10000|||103.46|100.31|0.03|2.35|82963|145489|10000|10000|||103.46|100.31|0.03|2.35|00008172|0|1|00||01|4976|4976|0.350|DFB3|22e946c91f3aa624
264|2025-12-13T17:02:30.7400000+08:00|10530A8D|4976|00008172|0||||2.349|10530A8D|c540a0c8032044b8
38|2025-12-13T17:02:30.7400000+08:00|10530A8D|小祥客服|0064641E|82963|145489|10000|10000|0||103.46|100.31|0.03|2.35|0|0|0|0901F0|40B051E9|10530A8D|0|0|0|0|0|0|0|0|0|0|0|0|0|0|0|0|0|0|0|0|0|0|0|0|0|0|0|0|0|0|0|0|0|0|0|0|0|0|0|0|0|0|0|0|0|0|0|0|0|0|0|0|0|0|0|0|0|0|0|0|0|0|0|0|0|0|0|0|0|0|0|0|0|0|0|0|0|0|0|0|0|0|0|0|0|0|0|0F08|4186AE09|10530A8D|0F0A|416AA78D|10530A8D|0|0|0|0307A2|418784EF|10530A8D|5b34342f1b52ac39
26|2025-12-13T17:02:30.7400000+08:00|1F0|结印|5.51|10530A8D|小祥客服|10530A8D|小祥客服|09|145489|145489|c0ce7ff0ab7dd9bf
261|2025-12-13T17:02:30.4200000+08:00|Change|40002F5A|CastBuffID|33893|CastDurationCurrent|3.5479|CastDurationMax|7.7000|CastTargetID|40002F5A|IsCasting1|1|IsCasting2|1|854309268768899c
261|2025-12-13T17:02:30.5210000+08:00|Change|40002F5B|ModelStatus|8388608|4c7be06c0f3df801
37|2025-12-13T17:02:31.2750000+08:00|10530A8D|小祥客服|00008170|60419||||||103.46|100.31|0.03|-1.66|5a801dea1df59109
21|2025-12-13T17:02:31.2750000+08:00|10530A8D|小祥客服|8DB|雷遁之术|40002F41|高贝扎|550003|AF380000|100000F|A828000|0|0|0|0|0|0|0|0|0|0|0|0|25827968|26635080|10000|10000|||99.99|99.99|0.03|1.48|82963|145489|10000|10000|||103.46|100.31|0.03|-1.66|00008173|0|1|00||01|8DB|8DB|0.600|3C49|81e24f522312d5d6
264|2025-12-13T17:02:31.2750000+08:00|10530A8D|08DB|00008173|0||||-1.662|40002F41|15d310ea2e5decd1
38|2025-12-13T17:02:31.2750000+08:00|10530A8D|小祥客服|0064641E|60419|145489|10000|10000|0||103.46|100.31|0.03|-1.66|0|0|0|0|0|0|0|0|0|0|0|0|0|0|0|0|0|0|0|0|0|0|0|0|0|0|0|0|0|0|0|0|0|0|0|0|0|0|0|0|0|0|0|0|0|0|0|0|0|0|0|0|0|0|0|0|0|0|0|0|0|0|0|0|0|0|0|0|0|0|0|0|0|0|0|0|0|0|0|0|0|0|0|0|0|0|0|0|0|0|0|0|0|0F08|41826865|10530A8D|0F0A|41621C4B|10530A8D|010A82|C1F00000|10530A8D|0307A2|41833F4B|10530A8D|3318d8d862cbee36
30|2025-12-13T17:02:31.2750000+08:00|1F0|结印|0.00|10530A8D|小祥客服|10530A8D|小祥客服|09|145489|145489|c48dcf6cc407e638
26|2025-12-13T17:02:31.2750000+08:00|A82|月影雷兽预备|30.00|10530A8D|小祥客服|10530A8D|小祥客服|01|145489|145489|e0fca7b81c9842fd
21|2025-12-13T17:02:31.9430000+08:00|10530A8D|小祥客服|4069|命水|10530A8D|小祥客服|323E|9F8000|F|A818000|0|0|0|0|0|0|0|0|0|0|0|0|60419|145489|10000|10000|||103.46|100.31|0.03|-1.66|60419|145489|10000|10000|||103.46|100.31|0.03|-1.66|00008174|0|1|00||01|4069|4069|0.600|3C49|24bab25ec42040b2
264|2025-12-13T17:02:31.9430000+08:00|10530A8D|4069|00008174|0||||-1.662|10530A8D|09c2fcb6b00683a4
38|2025-12-13T17:02:31.9430000+08:00|10530A8D|小祥客服|0064641E|60419|145489|10000|10000|0||103.46|100.31|0.03|-1.66|0|0|0|0|0|0|0|0|0|0|0|0|0|0|0|0|0|0|0|0|0|0|0|0|0|0|0|0|0|0|0|0|0|0|0|0|0|0|0|0|0|0|0|0|0|0|0|0|0|0|0|0|0|0|0|0|0|0|0|0|0|0|0|0|0|0|0|0|0|0|0|0|0|0|0|0|0|0|0|0|0|0|0|0|0|0|0|0|0|0|0|0|0|0A81|C1F00000|10530A8D|0F0A|41576813|10530A8D|010A82|C1F00000|10530A8D|0307A2|417BCA5B|10530A8D|fec28be9f87385c8
30|2025-12-13T17:02:31.9430000+08:00|F08|忍隐|0.00|10530A8D|小祥客服|10530A8D|小祥客服|00|145489|145489|a0869cbe090225a4
26|2025-12-13T17:02:31.9430000+08:00|A81|命水|30.00|10530A8D|小祥客服|10530A8D|小祥客服|00|145489|145489|ab021425518dba3c
31|2025-12-13T17:02:31.9430000+08:00|10530A8D|50001E|00|00|00|24036ec172d8c427
37|2025-12-13T17:02:31.9880000+08:00|40002F41|高贝扎|00008173|25783112||||||99.99|99.99|0.03|1.48|d15435f914dbc329
37|2025-12-13T17:02:31.9880000+08:00|10530A8D|小祥客服|00008173|60419|145489|10000|10000|0||103.46|100.31|0.03|-1.66|1E00|0|0|02|1E000A81|0|C1F00000|10530A8D|20000A82|01|41F00000|10530A8D|b2b89bc49fe5c4b1
39|2025-12-13T17:02:31.9880000+08:00|40002F5B|分身|145078|145078|10000|10000|||100.02|101.53|0.03|-3.12|fa38f8724ac921cd
21|2025-12-13T17:02:31.9880000+08:00|10530A8D|小祥客服|07|攻击|40002F41|高贝扎|714003|167F0000|0|0|0|0|0|0|0|0|0|0|0|0|0|0|25827968|26635080|10000|10000|||99.99|99.99|0.03|1.48|60419|145489|10000|10000|||103.46|100.31|0.03|-1.66|00008175|0|1|00||01|07|07|0.555|3C49|6cfac39728d19463
264|2025-12-13T17:02:31.9880000+08:00|10530A8D|0007|00008175|0||||-1.662|40002F41|5e710f0e2308015e
38|2025-12-13T17:02:31.9880000+08:00|10530A8D|小祥客服|0064641E|60419|145489|10000|10000|0||103.46|100.31|0.03|-1.66|0|0|0|0|0|0|0|0|0|0|0|0|0|0|0|0|0|0|0|0|0|0|0|0|0|0|0|0|0|0|0|0|0|0|0|0|0|0|0|0|0|0|0|0|0|0|0|0|0|0|0|0|0|0|0|0|0|0|0|0|0|0|0|0|0|0|0|0|0|0|0|0|0|0|0|0|0|0|0|0|0|0|0|0|0|0|0|0|0|0|0|0|0|0A81|C1F00000|10530A8D|0F0A|4156AFC1|10530A8D|010A82|41EFA3D7|10530A8D|0307A2|417B1209|10530A8D|f93883a00cd876dc
39|2025-12-13T17:02:32.4780000+08:00|10530A8D|小祥客服|61873|145489|10000|10000|||103.46|100.31|0.03|-1.66|36114db812c2848a
37|2025-12-13T17:02:32.5230000+08:00|40002F41|高贝扎|00008175|25777353||||||99.99|99.99|0.03|1.48|b0e710a0393d09dd
37|2025-12-13T17:02:32.5230000+08:00|10530A8D|小祥客服|00008175|61873|145489|10000|10000|0||103.46|100.31|0.03|-1.66|1E00|0|0|01|1E000A81|0|C1F00000|10530A8D|2dad86e014bfb197
37|2025-12-13T17:02:32.5670000+08:00|10530A8D|小祥客服|00008174|61873|145489|10000|10000|0||103.46|100.31|0.03|-1.66|1E00|0|0|01|1E000A81|0|41F00000|10530A8D|e9973184e64c83dd
38|2025-12-13T17:02:32.5670000+08:00|10530A8D|小祥客服|0064641E|61873|145489|10000|10000|0||103.46|100.31|0.03|-1.66|0|0|0|0|0|0|0|0|0|0|0|0|0|0|0|0|0|0|0|0|0|0|0|0|0|0|0|0|0|0|0|0|0|0|0|0|0|0|0|0|0|0|0|0|0|0|0|0|0|0|0|0|0|0|0|0|0|0|0|0|0|0|0|0|0|0|0|0|0|0|0|0|0|0|0|0|0|0|0|0|0|0|0|0|0|0|0|0|0|0|0|0|0|0A81|41EFA5E3|10530A8D|0F0A|414D6C2D|10530A8D|010A82|41EB020A|10530A8D|0307A2|4171CE75|10530A8D|7566080c306a8fc8
21|2025-12-13T17:02:32.7900000+08:00|10530A8D|小祥客服|64B2|月影雷兽牙|40002F41|高贝扎|556003|30A24001|53E|9F8000|0|0|0|0|0|0|0|0|0|0|0|0|25777353|26635080|10000|10000|||99.99|99.99|0.03|1.48|61873|145489|10000|10000|||103.46|100.31|0.03|-1.66|00008176|0|1|00||01|64B2|64B2|0.600|3C49|7cae8123d87dadcc
264|2025-12-13T17:02:32.7900000+08:00|10530A8D|64B2|00008176|0||||-1.662|40002F41|09e3c448ed2a7398
271|2025-12-13T17:02:32.7900000+08:00|40002F5B|-1.6620|00|00|103.4581|100.3089|0.0300|20f1fb50615c69ea
38|2025-12-13T17:02:32.7900000+08:00|10530A8D|小祥客服|0064641E|61873|145489|10000|10000|0||103.46|100.31|0.03|-1.66|0|0|0|0|0|0|0|0|0|0|0|0|0|0|0|0|0|0|0|0|0|0|0|0|0|0|0|0|0|0|0|0|0|0|0|0|0|0|0|0|0|0|0|0|0|0|0|0|0|0|0|0|0|0|0|0|0|0|0|0|0|0|0|0|0|0|0|0|0|0|0|0|0|0|0|0|0|0|0|0|0|0|0|0|0|0|0|0|0|0|0|0|0|0A81|41EDDD2E|10530A8D|0F0A|4149DAC5|10530A8D|0|0|0|0207A2|416E3D0D|10530A8D|283e8662407a4b75
30|2025-12-13T17:02:32.7900000+08:00|A82|月影雷兽预备|0.00|10530A8D|小祥客服|10530A8D|小祥客服|01|145489|145489|4d0eea94076a96a6
26|2025-12-13T17:02:32.7900000+08:00|7A2|分身之术|14.89|10530A8D|小祥客服|10530A8D|小祥客服|02|145489|145489|69f5650d74c169b4
31|2025-12-13T17:02:32.7900000+08:00|10530A8D|55001E|00|00|00|a597a5443701c748
21|2025-12-13T17:02:32.8790000+08:00|40002F5B|分身|6517|月影雷兽牙|40002F41|高贝扎|550003|24A80000|53E|9F8000|1B|65178000|0|0|0|0|0|0|0|0|0|0|25777353|26635080|10000|10000|||99.99|99.99|0.03|1.48|145078|145078|10000|10000|||103.46|100.31|0.03|-1.66|00008177|0|1|10530A8D|小祥客服|01|6517|6517|2.366|3C49|869bce5f16f47687
264|2025-12-13T17:02:32.8790000+08:00|40002F5B|6517|00008177|0||||-1.662|40002F41|a401ee847b05b247
31|2025-12-13T17:02:32.8790000+08:00|10530A8D|5A001E|00|00|00|4c1aaf98d0eabb7e
261|2025-12-13T17:02:32.4220000+08:00|Change|40002F5B|Heading|-1.6620|ModelStatus|0|PosX|103.4581|PosY|100.3089|2030692cf6d81f69
21|2025-12-13T17:02:33.1470000+08:00|40002F41|高贝扎|844B|unknown_844b|10530A8D|小祥客服|750003|5B870000|1B|844B8000|0|0|0|0|0|0|0|0|0|0|0|0|61873|145489|10000|10000|||103.46|100.31|0.03|-1.66|25777353|26635080|10000|10000|||99.99|99.99|0.03|1.48|00008178|0|1|00||01|844B|844B|0.100|BC5E|ce78e02f05e4ffca
264|2025-12-13T17:02:33.1470000+08:00|40002F41|844B|00008178|0||||1.482|10530A8D|53ae164b096bdfc1
21|2025-12-13T17:02:33.4590000+08:00|10530A8D|小祥客服|9060|是生灭法|40002F41|高贝扎|752003|2C394001|0|0|0|0|0|0|0|0|0|0|0|0|0|0|25777353|26635080|10000|10000|||99.99|99.99|0.03|1.48|61873|145489|10000|10000|||103.46|100.31|0.03|-1.66|00008179|0|1|00||01|9060|9060|0.600|3C49|b91821ad51f694d5
264|2025-12-13T17:02:33.4590000+08:00|10530A8D|9060|00008179|0||||-1.662|40002F41|d62c091f0f6b9321
38|2025-12-13T17:02:33.4590000+08:00|10530A8D|小祥客服|0064641E|61873|145489|10000|10000|0||103.46|100.31|0.03|-1.66|0|0|0|0|0|0|0|0|0|0|0|0|0|0|0|0|0|0|0|0|0|0|0|0|0|0|0|0|0|0|0|0|0|0|0|0|0|0|0|0|0|0|0|0|0|0|0|0|0|0|0|0|0|0|0|0|0|0|0|0|0|0|0|0|0|0|0|0|0|0|0|0|0|0|0|0|0|0|0|0|0|0|0|0|0|0|0|0|0|0|0|0|0|0|0|0|0|0|0|0|0|0|0207A2|41638CEE|10530A8D|75c0c79f6f994fbf
30|2025-12-13T17:02:33.4590000+08:00|A81|命水|0.00|10530A8D|小祥客服|10530A8D|小祥客服|00|145489|145489|39d1dfe1eaff10bd
30|2025-12-13T17:02:33.4590000+08:00|F0A|秘技预备|0.00|10530A8D|小祥客服|10530A8D|小祥客服|00|145489|145489|cf4e2b296a1f55b9
31|2025-12-13T17:02:33.4590000+08:00|10530A8D|28001E|00|00|00|bc79e08e64c7f8b8
37|2025-12-13T17:02:33.5480000+08:00|40002F41|高贝扎|00008176|25699367||||||99.99|99.99|0.03|1.48|06e2150d70baec69
37|2025-12-13T17:02:33.6370000+08:00|40002F41|高贝扎|00008177|25689983||||||99.99|99.99|0.03|1.48|a695b1389fef962c
21|2025-12-13T17:02:34.1720000+08:00|10530A8D|小祥客服|07|攻击|40002F41|高贝扎|710003|11590000|0|0|0|0|0|0|0|0|0|0|0|0|0|0|25689983|26635080|10000|10000|||99.99|99.99|0.03|1.48|61873|145489|10000|10000|||101.02|101.17|0.03|-1.30|0000817A|0|1|00||01|07|07|0.100|4A10|bc6f2d48216757b3
264|2025-12-13T17:02:34.1720000+08:00|10530A8D|0007|0000817A|0||||-1.324|40002F41|ba646c80100bf6e2
270|2025-12-13T17:02:34.2160000+08:00|40002F41|1.1418|0000|005A|100.0092|100.0092|0.1831|84b61464cc2cb2cc
37|2025-12-13T17:02:34.3050000+08:00|10530A8D|小祥客服|00008178|38442||||||100.38|101.35|0.03|-1.29|c5c34d49c9bc6b2e
37|2025-12-13T17:02:34.4840000+08:00|40002F41|高贝扎|00008179|25613126||||||99.99|99.99|0.03|1.37|a2290425018d9324
270|2025-12-13T17:02:34.5290000+08:00|40002F41|0.1429|0000|005A|100.0092|100.0092|0.1831|b215a0c441da9299
37|2025-12-13T17:02:34.7070000+08:00|40002F41|高贝扎|0000817A|25608685||||||99.99|99.99|0.03|0.84|11c8468cad6bdcd4
38|2025-12-13T17:02:34.7960000+08:00|40002F41|高贝扎|005A5A00|25608685|26635080|10000|10000|0||99.99|99.99|0.03|0.84|0|0|0|0F09|3F1C27B5|10530A8D|41beeca4c515dcbe
30|2025-12-13T17:02:34.7960000+08:00|F42|百雷铳|0.00|10530A8D|小祥客服|40002F41|高贝扎|00|26635080|145489|21fee9ab7f30ece2
39|2025-12-13T17:02:34.9750000+08:00|40002F5B|分身|145078|145078|10000|10000|||103.46|100.31|0.03|-1.66|f771ba8dcc1de108
21|2025-12-13T17:02:34.9750000+08:00|10530A8D|小祥客服|DEB|强甲破点突|40002F41|高贝扎|2D710003|5A170000|23E|1478000|A3E|9F8000|53E|9F8000|11B|DEB8000|0|0|0|0|0|0|25608685|26635080|10000|10000|||99.99|99.99|0.03|0.31|38442|145489|10000|10000|||100.67|100.41|0.03|3.02|0000817B|0|1|00||01|DEB|DEB|0.600|0B50|8c160f7dacc2e286
264|2025-12-13T17:02:34.9750000+08:00|10530A8D|0DEB|0000817B|0||||-2.864|40002F41|dd5550c428f347d4
271|2025-12-13T17:02:34.9750000+08:00|40002F5B|-2.8639|00|00|100.2904|101.0381|0.0300|bd62e496c28ff6dd
38|2025-12-13T17:02:34.9750000+08:00|10530A8D|小祥客服|0064641E|38442|145489|10000|10000|0||100.67|100.41|0.03|3.02|0|0|0|0|0|0|0|0|0|0|0|0|0|0|0|0|0|0|0|0|0|0|0|0|0|0|0|0|0|0|0|0|0|0|0|0|0|0|0|0|0|0|0|0|0|0|0|0|0|0|0|0|0|0|0|0|0|0|0|0|0|0|0|0|0|0|0|0|0|0|0|0|0|0|0|0|0|0|0|0|0|0|0|0|0|0|0|0|0|0|0|0|0|0|0|0|0|0|0|0|0|0|0107A2|414B4B68|10530A8D|d707ff66e001b26b
26|2025-12-13T17:02:34.9750000+08:00|7A2|分身之术|12.71|10530A8D|小祥客服|10530A8D|小祥客服|01|145489|145489|667741845b3a08a4
31|2025-12-13T17:02:34.9750000+08:00|10530A8D|37001E|02|00|00|efcd9a36c103ea20
21|2025-12-13T17:02:35.0640000+08:00|40002F5B|分身|4409|强甲破点突|40002F41|高贝扎|710003|21F60000|53E|9F8000|1B|44098000|0|0|0|0|0|0|0|0|0|0|25608685|26635080|10000|10000|||99.99|99.99|0.03|0.16|145078|145078|10000|10000|||100.29|101.04|0.03|-2.86|0000817C|0|1|10530A8D|小祥客服|01|4409|4409|2.233|0B50|9f8b32f6f9a280ae
264|2025-12-13T17:02:35.0640000+08:00|40002F5B|4409|0000817C|0||||-2.864|40002F41|d97d66f28548e0cb
31|2025-12-13T17:02:35.0640000+08:00|10530A8D|3C001E|02|00|00|aa34549c5b6a2f4b
270|2025-12-13T17:02:35.0640000+08:00|40002F41|0.2727|0000|005A|100.0092|100.0092|0.1831|6d588915d4137c89
21|2025-12-13T17:02:35.1530000+08:00|40002F5A|高贝扎|8465|迟缓地暴|E0000000||0|0|0|0|0|0|0|0|0|0|0|0|0|0|0|0|||||||||||44|44|0|10000|||88.69|111.31|0.03|2.36|0000817D|0|0|00||01|8465|8465|1.100|DFFF|b59edf83af1610e5
264|2025-12-13T17:02:35.1530000+08:00|40002F5A|8465|0000817D|1|0.000|0.000|0.000|2.356|40002F5A|15da4c74e2c39aaf
261|2025-12-13T17:02:34.7110000+08:00|Change|40002F5A|CastBuffID|0|CastDurationCurrent|0.0000|CastDurationMax|0.0000|CastTargetID|E0000000|IsCasting1|0|IsCasting2|0|359b8c031a2ca376
267|2025-12-13T17:02:35.2420000+08:00|40002F41|80034E79|304D|8F5E|4000|0|2|0|0|0c211129b602f87f
00|2025-12-13T17:02:34.0000000+08:00|0044|高贝扎|我要拯救这个世界！|d211b41ffb77e4e3
20|2025-12-13T17:02:35.3310000+08:00|40002F41|高贝扎|846B|弦月剑|40002F41|高贝扎|4.700|99.99|99.99|0.03|0.21|2b8c38d84b1d15b7
263|2025-12-13T17:02:35.3310000+08:00|40002F41|846B|100.009|100.009|0.183|1.771|847c59e0130227a4
261|2025-12-13T17:02:34.9340000+08:00|Change|40002F41|CastBuffID|33899|CastDurationCurrent|0.0214|CastDurationMax|4.7000|CastTargetID|40002F41|Heading|0.2330|IsCasting1|1|IsCasting2|1|b8dffe00ab77279b
270|2025-12-13T17:02:35.3760000+08:00|40002F41|1.7713|0000|005A|100.0092|100.0092|0.1831|30c8ca7f29e04ebb
38|2025-12-13T17:02:35.4210000+08:00|40002F41|高贝扎|005A5A00|25608685|26635080|10000|10000|0||99.99|99.99|0.03|0.24|0|0|0|0fc538a59894fc3d
30|2025-12-13T17:02:35.4210000+08:00|F09|介毒之术|0.00|10530A8D|小祥客服|40002F41|高贝扎|00|26635080|145489|2e9d5e07c064798f
39|2025-12-13T17:02:35.4650000+08:00|10530A8D|小祥客服|39896|145489|10000|10000|||103.00|97.68|0.03|2.31|e517a1399e314cca
37|2025-12-13T17:02:35.5990000+08:00|40002F41|高贝扎|0000817B|25585622||||||99.99|99.99|0.03|0.87|d293bc15bdf25942
37|2025-12-13T17:02:35.6880000+08:00|40002F41|高贝扎|0000817C|25576928||||||99.99|99.99|0.03|0.87|f01c5e092f27d725
21|2025-12-13T17:02:35.6880000+08:00|10530A8D|小祥客服|1D75|内丹|10530A8D|小祥客服|4|7BE10000|0|0|0|0|0|0|0|0|0|0|0|0|0|0|39896|145489|10000|10000|||103.46|97.28|0.03|2.28|39896|145489|10000|10000|||103.46|97.28|0.03|2.28|0000817E|0|1|00||01|1D75|1D75|0.600|DC5E|0648f03505fc68ec
264|2025-12-13T17:02:35.6880000+08:00|10530A8D|1D75|0000817E|0||||2.267|10530A8D|7b6e3c005e4c2e94
37|2025-12-13T17:02:36.3120000+08:00|10530A8D|小祥客服|0000817E|71609||||||103.86|96.88|0.03|2.42|ff04b332c4cce959
21|2025-12-13T17:02:36.3570000+08:00|10530A8D|小祥客服|1CEA|六道轮回|40002F41|高贝扎|754003|6AB00000|0|0|0|0|0|0|0|0|0|0|0|0|0|0|25576928|26635080|10000|10000|||99.99|99.99|0.03|1.77|71609|145489|10000|10000|||103.86|96.88|0.03|-0.89|0000817F|0|1|00||01|1CEA|1CEA|0.600|5B99|075e2ae162a77b68
21|2025-12-13T17:02:36.3570000+08:00|10530A8D|小祥客服|07|攻击|40002F41|高贝扎|710003|F790000|0|0|0|0|0|0|0|0|0|0|0|0|0|0|25576928|26635080|10000|10000|||99.99|99.99|0.03|1.77|71609|145489|10000|10000|||103.86|96.88|0.03|-0.89|00008180|0|1|00||01|07|07|0.600|5B99|69573da54e86636d
264|2025-12-13T17:02:36.3570000+08:00|10530A8D|1CEA|0000817F|0||||-0.893|40002F41|599b88b24ee82087
31|2025-12-13T17:02:36.3570000+08:00|10530A8D|A001E|02|00|00|7b222c840c8967b7
264|2025-12-13T17:02:36.3570000+08:00|10530A8D|0007|00008180|0||||-0.893|40002F41|98ff9cf57af8ad34
37|2025-12-13T17:02:36.8910000+08:00|40002F41|高贝扎|00008180|25572967||||||99.99|99.99|0.03|1.77|ad7715dbe6cdaa31
261|2025-12-13T17:02:36.4510000+08:00|Change|40002F41|CastDurationCurrent|1.5760|Heading|1.7713|PosX|99.9923|PosY|99.9923|PosZ|0.0300|adddbcb9e74464cf
37|2025-12-13T17:02:36.9800000+08:00|40002F41|高贝扎|0000817F|25545655||||||99.99|99.99|0.03|1.77|878388f79bfc7ad9
21|2025-12-13T17:02:37.0700000+08:00|10530A8D|小祥客服|8C0|双刃旋|40002F41|高贝扎|716003|753A0000|53E|9F8000|1B|8C08000|0|0|0|0|0|0|0|0|0|0|25545655|26635080|10000|10000|||99.99|99.99|0.03|1.77|71609|145489|10000|10000|||103.86|96.88|0.03|-0.89|00008181|0|1|00||01|8C0|8C0|0.600|5B99|926f638aaf272bd3
264|2025-12-13T17:02:37.0700000+08:00|10530A8D|08C0|00008181|0||||-0.893|40002F41|736c82cab21bd5b9
271|2025-12-13T17:02:37.0700000+08:00|40002F5B|-0.8934|00|00|103.8597|96.8813|0.0300|895bc2559d420437
38|2025-12-13T17:02:37.0700000+08:00|10530A8D|小祥客服|0064641E|71609|145489|10000|10000|0||103.86|96.88|0.03|-0.89|0|0|0|7211b0b2df3618b9
30|2025-12-13T17:02:37.0700000+08:00|7A2|分身之术|0.00|10530A8D|小祥客服|10530A8D|小祥客服|01|145489|145489|7cc0ac27fcdcbaa2
31|2025-12-13T17:02:37.0700000+08:00|10530A8D|F001E|02|00|00|34afae13475206d9
21|2025-12-13T17:02:37.1590000+08:00|40002F5B|分身|4405|双刃旋|40002F41|高贝扎|714003|26C60000|53E|9F8000|1B|44058000|0|0|0|0|0|0|0|0|0|0|25545655|26635080|10000|10000|||99.99|99.99|0.03|1.77|145078|145078|10000|10000|||100.29|101.04|0.03|-2.86|00008182|0|1|10530A8D|小祥客服|01|4405|4405|1.966|5B99|661efb1f0a56545c
264|2025-12-13T17:02:37.1590000+08:00|40002F5B|4405|00008182|0||||-0.893|40002F41|b409d594b598ea20
31|2025-12-13T17:02:37.1590000+08:00|10530A8D|14001E|02|00|00|7ee271b2661ee861
37|2025-12-13T17:02:37.4700000+08:00|40002F41|高贝扎|00008181|25515645||||||99.99|99.99|0.03|1.77|c988d20625b182a9
37|2025-12-13T17:02:37.5600000+08:00|40002F41|高贝扎|00008182|25505719||||||99.99|99.99|0.03|1.77|90ea7f81deecd65f
39|2025-12-13T17:02:38.0050000+08:00|40002F5B|分身|145078|145078|10000|10000|||103.86|96.88|0.03|-0.89|aadfa618ca1f3693
39|2025-12-13T17:02:38.4950000+08:00|10530A8D|小祥客服|73063|145489|10000|10000|||101.39|96.27|0.03|1.50|e6d0425c7e35fb11
21|2025-12-13T17:02:38.5400000+08:00|10530A8D|小祥客服|07|攻击|40002F41|高贝扎|714003|13270000|0|0|0|0|0|0|0|0|0|0|0|0|0|0|25505719|26635080|10000|10000|||99.99|99.99|0.03|1.77|73063|145489|10000|10000|||102.16|96.33|0.03|1.48|00008183|0|1|00||01|07|07|0.100|816C|46a0d87e52535f81
264|2025-12-13T17:02:38.5400000+08:00|10530A8D|0007|00008183|0||||0.035|40002F41|310ef25e28b1a539
37|2025-12-13T17:02:39.0740000+08:00|40002F41|高贝扎|00008183|25500816||||||99.99|99.99|0.03|1.77|2b3c7b594a1fbb24
261|2025-12-13T17:02:38.6790000+08:00|Change|40002F5B|Heading|-0.8934|ModelStatus|8388608|PosX|103.8597|PosY|96.8813|PosZ|0.0300|47d9aa193025ef44
21|2025-12-13T17:02:39.1640000+08:00|10530A8D|小祥客服|8C2|绝风|40002F41|高贝扎|28714003|67630000|53E|9F8000|11B|8C28000|0|0|0|0|0|0|0|0|0|0|25500816|26635080|10000|10000|||99.99|99.99|0.03|1.77|73063|145489|10000|10000|||103.46|96.61|0.03|-0.80|00008184|0|1|00||01|8C2|8C2|0.600|5F87|3cc1afcdd212861d
264|2025-12-13T17:02:39.1640000+08:00|10530A8D|08C2|00008184|0||||-0.797|40002F41|ddef14c6e51c6216
31|2025-12-13T17:02:39.1640000+08:00|10530A8D|1619001E|02|00|00|2312bcb22888505d
31|2025-12-13T17:02:39.2080000+08:00|10530A8D|19001E|02|00|00|e7f916a42c86c6c1
261|2025-12-13T17:02:38.9030000+08:00|Remove|40002F5B|50cd8d1e26c05981
04|2025-12-13T17:02:38.9030000+08:00|40002F5B|分身|00|64|10530A8D|00||8313|10897|145078|145078|10000|10000|||103.86|96.88|0.03|-0.89|674f0f9e1cc970bb
37|2025-12-13T17:02:39.5650000+08:00|40002F41|高贝扎|00008184|25474349||||||99.99|99.99|0.03|1.77|c4cdfd665fffaf7e
21|2025-12-13T17:02:40.3220000+08:00|40002F41|高贝扎|846B|弦月剑|10530A8D|小祥客服|710003|B8440000|100140E|6FD0000|1B|846B8000|0|0|0|0|0|0|0|0|0|0|73063|145489|10000|10000|||103.46|96.61|0.03|-0.80|25474349|26635080|10000|10000|||99.99|99.99|0.03|1.77|00008185|0|1|00||01|846B|846B|3.500|C82B|43734d5fe57562ab
264|2025-12-13T17:02:40.3220000+08:00|40002F41|846B|00008185|0||||1.771|40002F41|ae63783102257b6d
261|2025-12-13T17:02:39.8840000+08:00|Change|40002F41|CastBuffID|0|CastDurationCurrent|0.0000|CastDurationMax|0.0000|CastTargetID|E0000000|IsCasting1|0|IsCasting2|0|50fa8c708abe06bf
21|2025-12-13T17:02:40.7230000+08:00|10530A8D|小祥客服|07|攻击|40002F41|高贝扎|716003|1E660000|0|0|0|0|0|0|0|0|0|0|0|0|0|0|25474349|26635080|10000|10000|||99.99|99.99|0.03|1.77|73063|145489|10000|10000|||103.46|96.61|0.03|-0.80|00008186|0|1|00||01|07|07|0.100|5F87|3951b24d0b41e304
264|2025-12-13T17:02:40.7230000+08:00|10530A8D|0007|00008186|0||||-0.797|40002F41|b0ab9eb85156a786
21|2025-12-13T17:02:41.2130000+08:00|40002F41|高贝扎|844B|unknown_844b|10530A8D|小祥客服|750003|694C0000|1B|844B8000|0|0|0|0|0|0|0|0|0|0|0|0|73063|145489|10000|10000|||103.46|96.61|0.03|-0.80|25474349|26635080|10000|10000|||99.99|99.99|0.03|1.77|00008187|0|1|00||01|844B|844B|2.654|C82B|bd56432c240ddbd7
264|2025-12-13T17:02:41.2130000+08:00|40002F41|844B|00008187|0||||1.771|10530A8D|b8eccb828301255b
37|2025-12-13T17:02:41.2570000+08:00|40002F41|高贝扎|00008186|25466567||||||99.99|99.99|0.03|1.77|179e394851b83014
21|2025-12-13T17:02:41.2570000+08:00|10530A8D|小祥客服|8CF|旋风刃|40002F41|高贝扎|24710003|622C0000|A3E|9F8000|53E|9F8000|11B|8CF8000|0|0|0|0|0|0|0|0|25474349|26635080|10000|10000|||99.99|99.99|0.03|1.77|73063|145489|10000|10000|||103.46|96.61|0.03|-0.80|00008188|0|1|00||01|8CF|8CF|0.600|5F87|0cce443df9ae040e
31|2025-12-13T17:02:41.2570000+08:00|10530A8D|28001E|01|00|00|51980b15c3523c52
264|2025-12-13T17:02:41.2570000+08:00|10530A8D|08CF|00008188|0||||-0.797|40002F41|76231b8f5622f68e
37|2025-12-13T17:02:41.4800000+08:00|10530A8D|小祥客服|00008185|25891|145489|10000|10000|0||103.46|96.61|0.03|-0.80|1E00|0|0|01|06FD|01|42700000|40002F41|3b2a17d7e1fc9f79
26|2025-12-13T17:02:41.4800000+08:00|6FD|受伤加重|60.00|40002F41|高贝扎|10530A8D|小祥客服|01|145489|26635080|c36fd31c9e7017fc
39|2025-12-13T17:02:41.4800000+08:00|10530A8D|小祥客服|27345|145489|10000|10000|||103.46|96.61|0.03|-0.80|131719d02c0e562c
37|2025-12-13T17:02:41.7920000+08:00|40002F41|高贝扎|00008188|25441435||||||99.99|99.99|0.03|1.77|07ace6a6c49bb236
37|2025-12-13T17:02:42.3700000+08:00|10530A8D|小祥客服|00008187|389||||||103.46|96.61|0.03|-0.80|4c3774e093e2eef0
21|2025-12-13T17:02:42.9050000+08:00|10530A8D|小祥客服|07|攻击|40002F41|高贝扎|710003|F1F0000|0|0|0|0|0|0|0|0|0|0|0|0|0|0|25441435|26635080|10000|10000|||99.99|99.99|0.03|1.77|389|145489|10000|10000|||103.46|96.61|0.03|-0.80|00008189|0|1|00||01|07|07|0.100|5F87|2e7235649b4d8b85
264|2025-12-13T17:02:42.9050000+08:00|10530A8D|0007|00008189|0||||-0.797|40002F41|d9187fe9f92ad666
21|2025-12-13T17:02:43.3510000+08:00|10530A8D|小祥客服|8C0|双刃旋|40002F41|高贝扎|712003|5A920000|53E|9F8000|1B|8C08000|0|0|0|0|0|0|0|0|0|0|25441435|26635080|10000|10000|||99.99|99.99|0.03|1.77|389|145489|10000|10000|||103.46|96.61|0.03|-0.80|0000818A|0|1|00||01|8C0|8C0|0.600|5F87|9596419f1dcdc05e
264|2025-12-13T17:02:43.3510000+08:00|10530A8D|08C0|0000818A|0||||-0.797|40002F41|f3d38c08359e1d68
31|2025-12-13T17:02:43.3510000+08:00|10530A8D|2D001E|01|00|00|826b1bd2c9397f82
37|2025-12-13T17:02:43.4400000+08:00|40002F41|高贝扎|00008189|25437564||||||99.99|99.99|0.03|1.77|e640e452f28c6f8d
37|2025-12-13T17:02:43.7520000+08:00|40002F41|高贝扎|0000818A|25414378||||||99.99|99.99|0.03|1.77|eb4b9302cb98a652
270|2025-12-13T17:02:43.9300000+08:00|40002F41|2.3468|0000|005A|100.0092|100.0092|0.1831|3f37673a4de12b11
21|2025-12-13T17:02:44.2420000+08:00|40002F41|高贝扎|844B|unknown_844b|10530A8D|小祥客服|750003|6F940000|1B|844B8000|0|0|0|0|0|0|0|0|0|0|0|0|389|145489|10000|10000|||103.46|96.61|0.03|-0.80|25414378|26635080|10000|10000|||99.99|99.99|0.03|2.09|0000818B|0|1|00||01|844B|844B|0.100|DF9E|7a07c65af5bf3ef6
264|2025-12-13T17:02:44.2420000+08:00|40002F41|844B|0000818B|0||||2.347|10530A8D|29ff694f4724c5ee
39|2025-12-13T17:02:44.5090000+08:00|10530A8D|小祥客服|1843|145489|10000|10000|||103.46|96.61|0.03|-0.80|864dcf7a6bdc6426
21|2025-12-13T17:02:45.0880000+08:00|10530A8D|小祥客服|07|攻击|40002F41|高贝扎|710003|F6C0000|0|0|0|0|0|0|0|0|0|0|0|0|0|0|25414378|26635080|10000|10000|||99.99|99.99|0.03|2.35|1843|145489|10000|10000|||103.46|96.61|0.03|-0.80|0000818C|0|1|00||01|07|07|0.100|5F87|ad12864b29f2c517
264|2025-12-13T17:02:45.0880000+08:00|10530A8D|0007|0000818C|0||||-0.797|40002F41|16742bc64b652ad3
31|2025-12-13T17:02:45.4000000+08:00|10530A8D|1E|00|00|00|9d0b007af8988908
37|2025-12-13T17:02:45.4000000+08:00|10530A8D|小祥客服|0000818B|0|145489|0|10000|0||103.46|96.61|0.03|-0.80|1E00|0|0|01|0|0|0|E0000000|74f7088ba10f30f5
38|2025-12-13T17:02:45.4000000+08:00|10530A8D|小祥客服|0064641E|0|145489|0|10000|0||103.46|96.61|0.03|-0.80|0|0|0|51ba9ea8265b5057
30|2025-12-13T17:02:45.4000000+08:00|6FD|受伤加重|0.00|40002F41|高贝扎|10530A8D|小祥客服|01|145489|26635080|0177fa0d362518aa
261|2025-12-13T17:02:44.9010000+08:00|Change|10530A8D|CurrentMP|0|Heading|-0.7969|PCTargetID|0|PosX|103.4565|PosY|96.6072|9fbd85b8aa555a78
261|2025-12-13T17:02:45.7150000+08:00|Change|40002F41|Heading|2.3469|NPCTargetID|E0000000|PCTargetID|0|74041e1f2e02d3ef
33|2025-12-13T17:02:46.4240000+08:00|80034E79|40000005|00|00|00|00|89549bbf4b906e77
260|2025-12-13T17:02:45.9490000+08:00|1|0|0|1|9ae6f86ab39d798b
21|2025-12-13T17:02:46.9590000+08:00|40002F41|高贝扎|84B8|unknown_84b8|E0000000||0|0|0|0|0|0|0|0|0|0|0|0|0|0|0|0|||||||||||25414378|26635080|10000|10000|||99.99|99.99|0.03|2.35|0000818D|0|0|00||01|84B8|84B8|2.100|DF9E|a350a7362e34a842
264|2025-12-13T17:02:46.9590000+08:00|40002F41|84B8|0000818D|1|100.009|100.009|0.000|2.347|E0000000|77aacc372334fdea
25|2025-12-13T17:02:47.4040000+08:00|10530A8D|小祥客服|40002F41|高贝扎|91f3c6497484fe09
270|2025-12-13T17:02:47.9830000+08:00|40002F41|2.3468|0000|005A|100.0092|100.0092|0.1831|854652abed473100
267|2025-12-13T17:02:49.0960000+08:00|40002F41|80034E79|304D|8F64|4000|0|2|0|0|8f65c4d2d1496a62
00|2025-12-13T17:02:48.0000000+08:00|0044|高贝扎|寒光尖锐！|f580c31ad7dc43f6
20|2025-12-13T17:02:49.1850000+08:00|40002F41|高贝扎|845E|极寒突袭|40002F41|高贝扎|2.700|99.99|99.99|0.03|2.35|da4cc72ea3370114
263|2025-12-13T17:02:49.1850000+08:00|40002F41|845E|100.009|100.009|0.183|3.141|9131736059187241
257|2025-12-13T17:02:49.1850000+08:00|80034E79|00020001|04|||7b54388e6a8a9ab4
257|2025-12-13T17:02:49.1850000+08:00|80034E79|00020001|01|||966d5bf507592866
271|2025-12-13T17:02:49.1850000+08:00|40002F5A|1.5707|00|00|100.0000|92.5000|0.0000|ebcfb1cc89ce526f
271|2025-12-13T17:02:49.1850000+08:00|40002F59|-1.5709|00|00|100.0000|107.5000|0.0000|319e4e6f21f426b0
270|2025-12-13T17:02:49.1850000+08:00|40002F41|3.1415|0000|005A|100.0092|100.0092|0.1831|cbbb5409d953be0c
261|2025-12-13T17:02:48.8460000+08:00|Change|40002F5A|Heading|1.5708|PosX|100.0000|PosY|92.5000|PosZ|0.0300|e6a74f1a20d3e789
261|2025-12-13T17:02:48.8460000+08:00|Change|40002F59|Heading|-1.5709|PosX|100.0000|PosY|107.5000|PosZ|0.0300|15796dbe98934618
20|2025-12-13T17:02:49.2300000+08:00|40002F59|高贝扎|8460|极寒突袭|40002F59|高贝扎|3.700|100.00|90.00|0.03|0.00|5f8f3d7de19e89f0
20|2025-12-13T17:02:49.2300000+08:00|40002F5A|高贝扎|8460|极寒突袭|40002F5A|高贝扎|3.700|88.69|111.31|0.03|2.36|d74db7f5da21ddff
263|2025-12-13T17:02:49.2300000+08:00|40002F59|8460|100.009|107.517|0.000|-1.571|2fe7978f250171e1
263|2025-12-13T17:02:49.2300000+08:00|40002F5A|8460|100.009|92.502|0.000|1.571|53d9c4038d691cfb
33|2025-12-13T17:02:49.5000000+08:00|80034E79|8000000D|00|00|00|00|26bd43269447d4ad
33|2025-12-13T17:02:49.5000000+08:00|80034E79|80000029|00|00|00|00|44c81e58adcdf18b
33|2025-12-13T17:02:49.5000000+08:00|80034E79|40000013|00|00|00|00|858c4c72f378ed97
33|2025-12-13T17:02:49.6320000+08:00|80034E79|8000000D|01|00|00|00|106de0079bc83051
257|2025-12-13T17:02:49.6320000+08:00|80034E79|00040004|00|||6bf95ebdb96e9294
257|2025-12-13T17:02:49.6320000+08:00|80034E79|00040004|02|||142e5f805e7da5b9
257|2025-12-13T17:02:49.6320000+08:00|80034E79|00040004|03|||2fd2cf66e3666f7f
257|2025-12-13T17:02:49.6320000+08:00|80034E79|00040004|05|||76739608d74e26eb
257|2025-12-13T17:02:49.6320000+08:00|80034E79|00040004|06|||514d26ed7b281d45
257|2025-12-13T17:02:49.6320000+08:00|80034E79|00040004|07|||a10963906694ce0c
257|2025-12-13T17:02:49.6320000+08:00|80034E79|00040004|08|||1a52ee6abdc98035
257|2025-12-13T17:02:49.6320000+08:00|80034E79|00040004|04|||2d662f748c05d647
257|2025-12-13T17:02:49.6320000+08:00|80034E79|00040004|0B|||f0a47fcf0cd65060
257|2025-12-13T17:02:49.6320000+08:00|80034E79|00040004|0C|||40cb461645cf7c91
257|2025-12-13T17:02:49.6320000+08:00|80034E79|00040004|0A|||d3ed85792a9d0c84
257|2025-12-13T17:02:49.6320000+08:00|80034E79|00040004|0D|||39aadbedcf436108
31|2025-12-13T17:02:49.6320000+08:00|10530A8D|1E|00|00|00|404958c5d147ee23
257|2025-12-13T17:02:49.6320000+08:00|80034E79|00040004|09|||c1bbe66198824280
33|2025-12-13T17:02:49.6320000+08:00|80034E79|4000000F|DE2|00|00|00|c74700929d22d51b
257|2025-12-13T17:02:49.6320000+08:00|80034E79|00040004|01|||188137f076485dec
33|2025-12-13T17:02:49.6780000+08:00|80034E79|40000011|00|00|00|00|10f41ef86a082b97
261|2025-12-13T17:02:49.4030000+08:00|Change|10530A8D|ModelStatus|512|c3dfb7965ba015c0
260|2025-12-13T17:02:49.4030000+08:00|0|0|1|0|1f056852cb2ac5c1
272|2025-12-13T17:02:49.7230000+08:00|40002F5E|E0000000|0000|00|d5f5ec03071f97cd
272|2025-12-13T17:02:49.7230000+08:00|40002F5F|E0000000|0000|00|0a1092fb1d90fce6
272|2025-12-13T17:02:49.7230000+08:00|40002F60|E0000000|0000|00|d65fd36af199c557
272|2025-12-13T17:02:49.7230000+08:00|40002F62|E0000000|0000|00|3fd701d7f441c298
272|2025-12-13T17:02:49.7230000+08:00|40002F64|E0000000|0000|00|d1e319410d1e2e92
272|2025-12-13T17:02:49.7230000+08:00|40002F65|E0000000|0000|00|0918bce3cbcd5008
272|2025-12-13T17:02:49.7230000+08:00|40002F69|E0000000|0000|00|0ee71da3e8c2d42c
272|2025-12-13T17:02:49.7230000+08:00|40002F67|E0000000|0000|00|4c664836a28721f5
272|2025-12-13T17:02:49.7230000+08:00|40002F6B|E0000000|0000|00|d4bbc21b88d6596d
272|2025-12-13T17:02:49.7230000+08:00|40002F6D|E0000000|0000|00|17e7ec8ece295155
272|2025-12-13T17:02:49.7230000+08:00|40002F6F|E0000000|0000|00|4d6f1f0045bdf325
272|2025-12-13T17:02:49.7230000+08:00|40002F71|E0000000|0000|00|8c56a44bdffeaf54
272|2025-12-13T17:02:49.7230000+08:00|40002F72|E0000000|0000|00|804c8c8468c6844b
272|2025-12-13T17:02:49.7230000+08:00|40002F73|E0000000|0000|00|d0362a29156d0565
272|2025-12-13T17:02:49.7230000+08:00|40002F63|E0000000|0000|00|0b6167ae008815dc
272|2025-12-13T17:02:49.7230000+08:00|40002F68|E0000000|0000|00|3dab6e989fbaaf29
272|2025-12-13T17:02:49.7230000+08:00|40002F66|E0000000|0000|00|4d6bd165e5b56352
272|2025-12-13T17:02:49.7230000+08:00|40002F70|E0000000|0000|00|852aca986f91410c
272|2025-12-13T17:02:49.7230000+08:00|40002F6C|E0000000|0000|00|263c8dbc7aa4ac69
272|2025-12-13T17:02:49.7230000+08:00|40002F6A|E0000000|0000|00|44d9aeea3de1d0c9
04|2025-12-13T17:02:49.4030000+08:00|40002F34|风球|00|5A|0000|00||12368|16214|69200|69200|10000|10000|||100.00|100.00|0.03|-3.14|00b452885d316cbb
04|2025-12-13T17:02:49.4030000+08:00|40002F31|风球|00|5A|0000|00||12368|16214|69200|69200|10000|10000|||100.00|100.00|0.03|-3.14|2390ceb772d91fd6
04|2025-12-13T17:02:49.4030000+08:00|40002F40|黑龙|00|5A|0000|00||12367|16213|69200|69200|10000|10000|||100.00|100.00|0.03|0.00|79391f8a7b1f3e0f
04|2025-12-13T17:02:49.4030000+08:00|40002F3E|高贝扎的幻影|00|5A|0000|00||12366|16218|69200|69200|10000|10000|||100.00|100.00|0.03|-3.14|f41ce1ecb950d1a6
04|2025-12-13T17:02:49.4030000+08:00|40002F37|风球|00|5A|0000|00||12368|16214|69200|69200|10000|10000|||100.00|100.00|0.03|-3.14|50bc28c3695c338d
04|2025-12-13T17:02:49.4030000+08:00|40002F3D|高贝扎的幻影|00|5A|0000|00||12366|16218|69200|69200|10000|10000|||100.00|100.00|0.03|-3.14|523f3a39dcd0eafb
04|2025-12-13T17:02:49.4030000+08:00|40002F2D|风球|00|5A|0000|00||12368|16214|69200|69200|10000|10000|||100.00|100.00|0.03|-3.14|851fb2916ff65701
04|2025-12-13T17:02:49.4030000+08:00|40002F32|风球|00|5A|0000|00||12368|16214|69200|69200|10000|10000|||100.00|100.00|0.03|-3.14|710a965da4058981
04|2025-12-13T17:02:49.4030000+08:00|40002F3A|风球|00|5A|0000|00||12368|16214|69200|69200|10000|10000|||100.00|100.00|0.03|-3.14|2cdfc5f7b7e53a09
04|2025-12-13T17:02:49.4030000+08:00|40002F3F|高贝扎的幻影|00|5A|0000|00||12366|16218|69200|69200|10000|10000|||100.00|100.00|0.03|-3.14|ee0d25d47b42a148
04|2025-12-13T17:02:49.4030000+08:00|40002F3C|高贝扎的幻影|00|5A|0000|00||12366|16218|69200|69200|10000|10000|||100.00|100.00|0.03|-3.14|1386b05bed2fc103
04|2025-12-13T17:02:49.4030000+08:00|40002F2F|风球|00|5A|0000|00||12368|16214|69200|69200|10000|10000|||100.00|100.00|0.03|-3.14|04458dfdd2fc3321
04|2025-12-13T17:02:49.4030000+08:00|40002F2E|风球|00|5A|0000|00||12368|16214|69200|69200|10000|10000|||100.00|100.00|0.03|-3.14|075288e3b25f4a9a
04|2025-12-13T17:02:49.4030000+08:00|40002F2C|风球|00|5A|0000|00||12368|16214|69200|69200|10000|10000|||100.00|100.00|0.03|-3.14|3b83949e3ce081c4
04|2025-12-13T17:02:49.4030000+08:00|40002F3B|风球|00|5A|0000|00||12368|16214|69200|69200|10000|10000|||100.00|100.00|0.03|-3.14|c6aba30c56319799
04|2025-12-13T17:02:49.4030000+08:00|40002F38|风球|00|5A|0000|00||12368|16214|69200|69200|10000|10000|||100.00|100.00|0.03|-3.14|acab0a874d7a4730
04|2025-12-13T17:02:49.4030000+08:00|40002F36|风球|00|5A|0000|00||12368|16214|69200|69200|10000|10000|||100.00|100.00|0.03|-3.14|bc9c672d514e2bc1
04|2025-12-13T17:02:49.4030000+08:00|40002F35|风球|00|5A|0000|00||12368|16214|69200|69200|10000|10000|||100.00|100.00|0.03|-3.14|44d49a67f30ef113
04|2025-12-13T17:02:49.4030000+08:00|40002F33|风球|00|5A|0000|00||12368|16214|69200|69200|10000|10000|||100.00|100.00|0.03|-3.14|98d7160ddfdaada8
04|2025-12-13T17:02:49.4030000+08:00|40002F30|风球|00|5A|0000|00||12368|16214|69200|69200|10000|10000|||100.00|100.00|0.03|-3.14|a25169237243253b
04|2025-12-13T17:02:49.4030000+08:00|40002F39|风球|00|5A|0000|00||12368|16214|69200|69200|10000|10000|||100.00|100.00|0.03|-3.14|0d2c287a4e0848c4
04|2025-12-13T17:02:49.4030000+08:00|40002F56|高贝扎|00|1|0000|00||12365|9020|44|44|0|10000|||100.00|90.00|0.03|0.00|1aea52c8148e23cf
04|2025-12-13T17:02:49.4030000+08:00|40002F4E|高贝扎|00|1|0000|00||12365|9020|44|44|0|10000|||100.00|90.00|0.03|0.00|6288f274b6cc5644
04|2025-12-13T17:02:49.4030000+08:00|40002F5A|高贝扎|00|1|0000|00||12365|9020|44|44|0|10000|||100.00|92.50|0.03|1.57|8ceb33f2d5c1f847
04|2025-12-13T17:02:49.4030000+08:00|40002F50|高贝扎|00|1|0000|00||12365|9020|44|44|0|10000|||100.00|90.00|0.03|0.00|17eeae57d795c8d4
04|2025-12-13T17:02:49.4030000+08:00|40002F52|高贝扎|00|1|0000|00||12365|9020|44|44|0|10000|||100.00|90.00|0.03|0.00|476f5eb1ae759959
04|2025-12-13T17:02:49.4030000+08:00|40002F55|高贝扎|00|1|0000|00||12365|9020|44|44|0|10000|||100.00|90.00|0.03|0.00|f5ca403d7623f1fc
04|2025-12-13T17:02:49.4030000+08:00|40002F42|高贝扎|00|1|0000|00||12365|9020|44|44|0|10000|||100.00|90.00|0.03|0.00|d24315aaf0da8dc2
04|2025-12-13T17:02:49.4030000+08:00|40002F45|高贝扎|00|1|0000|00||12365|9020|44|44|0|10000|||100.00|90.00|0.03|0.00|84c37c47a10c4bdd
04|2025-12-13T17:02:49.4030000+08:00|40002F4A|高贝扎|00|1|0000|00||12365|9020|44|44|0|10000|||100.00|90.00|0.03|0.00|4aaf10afaac316f1
04|2025-12-13T17:02:49.4030000+08:00|40002F4C|高贝扎|00|1|0000|00||12365|9020|44|44|0|10000|||100.00|90.00|0.03|0.00|386f9d71c05561af
04|2025-12-13T17:02:49.4030000+08:00|40002F58|高贝扎|00|1|0000|00||12365|9020|44|44|0|10000|||100.00|90.00|0.03|0.00|83f2b7c95338b019
04|2025-12-13T17:02:49.4030000+08:00|40002F46|高贝扎|00|1|0000|00||12365|9020|44|44|0|10000|||100.00|90.00|0.03|0.00|4c295487d874c687
04|2025-12-13T17:02:49.4030000+08:00|40002F43|高贝扎|00|1|0000|00||12365|9020|44|44|0|10000|||100.00|90.00|0.03|0.00|0a20694e137975b1
04|2025-12-13T17:02:49.4030000+08:00|40002F4B|高贝扎|00|1|0000|00||12365|9020|44|44|0|10000|||100.00|90.00|0.03|0.00|3dc62f7339a62edc
04|2025-12-13T17:02:49.4030000+08:00|40002F59|高贝扎|00|1|0000|00||12365|9020|44|44|0|10000|||100.00|107.50|0.03|-1.57|091e1ebd482502c9
04|2025-12-13T17:02:49.4030000+08:00|40002F48|高贝扎|00|1|0000|00||12365|9020|44|44|0|10000|||100.00|90.00|0.03|0.00|0b8eb9d919905e7c
04|2025-12-13T17:02:49.4030000+08:00|40002F49|高贝扎|00|1|0000|00||12365|9020|44|44|0|10000|||100.00|90.00|0.03|0.00|8c40a217537acb70
04|2025-12-13T17:02:49.4030000+08:00|40002F4D|高贝扎|00|1|0000|00||12365|9020|44|44|0|10000|||100.00|90.00|0.03|0.00|aba7146575824410
04|2025-12-13T17:02:49.4030000+08:00|40002F41|高贝扎|00|5A|0000|00||12365|16212|25414378|26635080|10000|10000|||99.99|99.99|0.03|3.14|85f83867d35722dd
04|2025-12-13T17:02:49.4030000+08:00|40002F47|高贝扎|00|1|0000|00||12365|9020|44|44|0|10000|||100.00|90.00|0.03|0.00|eae0903150d70743
04|2025-12-13T17:02:49.4030000+08:00|40002F51|高贝扎|00|1|0000|00||12365|9020|44|44|0|10000|||100.00|90.00|0.03|0.00|501c16120626a6c2
04|2025-12-13T17:02:49.4030000+08:00|40002F44|高贝扎|00|1|0000|00||12365|9020|44|44|0|10000|||100.00|90.00|0.03|0.00|abfb4213e73fa91d
04|2025-12-13T17:02:49.4030000+08:00|40002F53|高贝扎|00|1|0000|00||12365|9020|44|44|0|10000|||100.00|90.00|0.03|0.00|baffd4cafe11ee49
272|2025-12-13T17:02:49.7230000+08:00|40002F6E|E0000000|0000|00|3e0f282402dac46f
261|2025-12-13T17:02:49.4030000+08:00|Add|40002F5C|BNpcID|1E850B|CastBuffID|3101949968|CastGroundTargetX|0.0000|CastGroundTargetY|0.0000|CastTargetID|88E89FBB|CurrentWorldID|256|Heading|0.0000|IsCasting2|2|Level|43|MaxMP|687865856|ModelStatus|2304|Name|退出点|NPCTargetID|4AFA1527|PosX|100.0000|PosY|89.0000|Radius|0.5000|Type|7|cacce5d51e854f96
272|2025-12-13T17:02:49.7230000+08:00|40002F61|E0000000|0000|00|200d2de7b34e58d8
03|2025-12-13T17:02:49.4030000+08:00|40002F61|风球|00|5A|0000|00||12368|16214|69200|69200|10000|10000|||100.00|100.00|0.03|-3.14|1bb9175ad06e3e22
03|2025-12-13T17:02:49.4030000+08:00|40002F63|风球|00|5A|0000|00||12368|16214|69200|69200|10000|10000|||100.00|100.00|0.03|-3.14|27bf5917982ce8c9
03|2025-12-13T17:02:49.4030000+08:00|40002F62|风球|00|5A|0000|00||12368|16214|69200|69200|10000|10000|||100.00|100.00|0.03|-3.14|6c6f8f40eea50b34
261|2025-12-13T17:02:49.4030000+08:00|Add|40002F61|BNpcID|3F56|BNpcNameID|3050|CastTargetID|E0000000|CurrentMP|10000|CurrentWorldID|65535|Heading|-3.1416|Level|90|MaxHP|69200|MaxMP|10000|ModelStatus|18432|Name|风球|NPCTargetID|E0000000|PosX|100.0000|PosY|100.0000|PosZ|0.0300|Radius|1.0000|Type|2|WorldID|65535|c0c5a70cba4fc74f
261|2025-12-13T17:02:49.4030000+08:00|Add|40002F63|BNpcID|3F56|BNpcNameID|3050|CastTargetID|E0000000|CurrentMP|10000|CurrentWorldID|65535|Heading|-3.1416|Level|90|MaxHP|69200|MaxMP|10000|ModelStatus|18432|Name|风球|NPCTargetID|E0000000|PosX|100.0000|PosY|100.0000|PosZ|0.0300|Radius|1.0000|Type|2|WorldID|65535|0ce8d3e06c9763d4
261|2025-12-13T17:02:49.4030000+08:00|Add|40002F5E|BNpcID|3F56|BNpcNameID|3050|CastTargetID|E0000000|CurrentMP|10000|CurrentWorldID|65535|Heading|-3.1416|Level|90|MaxHP|69200|MaxMP|10000|ModelStatus|18432|Name|风球|NPCTargetID|E0000000|PosX|100.0000|PosY|100.0000|PosZ|0.0300|Radius|1.0000|Type|2|WorldID|65535|0234bcd627c8d7a7
261|2025-12-13T17:02:49.4030000+08:00|Add|40002F5F|BNpcID|3F56|BNpcNameID|3050|CastTargetID|E0000000|CurrentMP|10000|CurrentWorldID|65535|Heading|-3.1416|Level|90|MaxHP|69200|MaxMP|10000|ModelStatus|18432|Name|风球|NPCTargetID|E0000000|PosX|100.0000|PosY|100.0000|PosZ|0.0300|Radius|1.0000|Type|2|WorldID|65535|ddb7d0d49b0b551d
261|2025-12-13T17:02:49.4030000+08:00|Add|40002F60|BNpcID|3F56|BNpcNameID|3050|CastTargetID|E0000000|CurrentMP|10000|CurrentWorldID|65535|Heading|-3.1416|Level|90|MaxHP|69200|MaxMP|10000|ModelStatus|18432|Name|风球|NPCTargetID|E0000000|PosX|100.0000|PosY|100.0000|PosZ|0.0300|Radius|1.0000|Type|2|WorldID|65535|9b35aa8725ee04a9
261|2025-12-13T17:02:49.4030000+08:00|Add|40002F62|BNpcID|3F56|BNpcNameID|3050|CastTargetID|E0000000|CurrentMP|10000|CurrentWorldID|65535|Heading|-3.1416|Level|90|MaxHP|69200|MaxMP|10000|ModelStatus|18432|Name|风球|NPCTargetID|E0000000|PosX|100.0000|PosY|100.0000|PosZ|0.0300|Radius|1.0000|Type|2|WorldID|65535|2c54dd767f6f3dfb
261|2025-12-13T17:02:49.4030000+08:00|Remove|40002F46|86f0f72c5ffd1de5
261|2025-12-13T17:02:49.4030000+08:00|Remove|40002F47|52a0debd26117e66
261|2025-12-13T17:02:49.4030000+08:00|Remove|40002F48|54f90c3638d1b3bf
261|2025-12-13T17:02:49.4030000+08:00|Remove|40002F49|aca0adf121f246f7
261|2025-12-13T17:02:49.4030000+08:00|Remove|40002F4A|d4896cd23f7f5e7c
261|2025-12-13T17:02:49.4030000+08:00|Remove|40002F4B|833e2ef4487778db
261|2025-12-13T17:02:49.4030000+08:00|Remove|40002F4C|24c6563a700d7285
261|2025-12-13T17:02:49.4030000+08:00|Remove|40002F4D|785830d0022e4c6e
261|2025-12-13T17:02:49.4030000+08:00|Remove|40002F4E|4d2b59ec1cd0978d
261|2025-12-13T17:02:49.4030000+08:00|Remove|40002F4F|eb9b839190b2dee8
261|2025-12-13T17:02:49.4030000+08:00|Remove|40002F50|60b599fc55a16a50
261|2025-12-13T17:02:49.4030000+08:00|Remove|40002F51|6873846f7fa3f70e
261|2025-12-13T17:02:49.4030000+08:00|Remove|40002F52|23d2f6a4ae9c03d6
261|2025-12-13T17:02:49.4030000+08:00|Remove|40002F53|a92253411887003e
261|2025-12-13T17:02:49.4030000+08:00|Remove|40002F54|59f65115cff17c3f
261|2025-12-13T17:02:49.4030000+08:00|Remove|40002F55|ea8f981efe4ee599
261|2025-12-13T17:02:49.4030000+08:00|Remove|40002F56|0477e8bb4f2a680a
261|2025-12-13T17:02:49.4030000+08:00|Remove|40002F57|c36b98cb369637e8
261|2025-12-13T17:02:49.4030000+08:00|Remove|40002F58|3aa410582a4c36a9
261|2025-12-13T17:02:49.4030000+08:00|Remove|40002F59|a8f6305dce4bc7c3
261|2025-12-13T17:02:49.4030000+08:00|Remove|40002F5A|0dded56421fda73d
261|2025-12-13T17:02:49.4030000+08:00|Remove|40002F2B|0cf9e0a36ec7e6dd
261|2025-12-13T17:02:49.4030000+08:00|Remove|40002F2C|44e0e4b3e784a582
261|2025-12-13T17:02:49.4030000+08:00|Remove|40002F2D|1f2ef3384b4d786a
261|2025-12-13T17:02:49.4030000+08:00|Remove|40002F2E|207cb9f903a8d8f4
261|2025-12-13T17:02:49.4030000+08:00|Remove|40002F2F|d3af027494dcc515
261|2025-12-13T17:02:49.4030000+08:00|Remove|40002F30|fa75a741820cfc28
261|2025-12-13T17:02:49.4030000+08:00|Remove|40002F31|9ee81b98a056330a
261|2025-12-13T17:02:49.4030000+08:00|Remove|40002F32|1b064a427855dd22
261|2025-12-13T17:02:49.4030000+08:00|Remove|40002F33|e947c7bbb3f9098e
261|2025-12-13T17:02:49.4030000+08:00|Remove|40002F34|d9625ddbcdbc13a1
261|2025-12-13T17:02:49.4030000+08:00|Remove|40002F35|764caea8ae8a2c88
261|2025-12-13T17:02:49.4030000+08:00|Remove|40002F36|cd4f8af17e140eed
261|2025-12-13T17:02:49.4030000+08:00|Remove|40002F37|6cb51c5aa88c7f63
261|2025-12-13T17:02:49.4030000+08:00|Remove|40002F38|11ad2517baf3d931
261|2025-12-13T17:02:49.4030000+08:00|Remove|40002F39|4b7ebd77d49a2a9f
261|2025-12-13T17:02:49.4030000+08:00|Remove|40002F3A|71b6f246656a3a04
261|2025-12-13T17:02:49.4030000+08:00|Remove|40002F3B|fdf5c5b8faffc82e
261|2025-12-13T17:02:49.4030000+08:00|Remove|40002F3C|4e44a6b9de3c1992
261|2025-12-13T17:02:49.4030000+08:00|Remove|40002F3D|6264bc5d89034161
261|2025-12-13T17:02:49.4030000+08:00|Remove|40002F3E|850595b5aa16b428
261|2025-12-13T17:02:49.4030000+08:00|Remove|40002F3F|7ca1cc02f48b19ec
261|2025-12-13T17:02:49.4030000+08:00|Remove|40002F40|88273f6ff7d25312
261|2025-12-13T17:02:49.4030000+08:00|Remove|40002F41|d58ce7de687e4d4b
261|2025-12-13T17:02:49.4030000+08:00|Remove|40002F42|9750fb851cc7cee7
261|2025-12-13T17:02:49.4030000+08:00|Remove|40002F43|cae1fbe93a3591f4
261|2025-12-13T17:02:49.4030000+08:00|Remove|40002F44|0531a1ce5edf88a4
261|2025-12-13T17:02:49.4030000+08:00|Remove|40002F45|0f22f477d317f1cd
03|2025-12-13T17:02:49.4030000+08:00|40002F65|风球|00|5A|0000|00||12368|16214|69200|69200|10000|10000|||100.00|100.00|0.03|-3.14|df2e84004208b725
03|2025-12-13T17:02:49.4030000+08:00|40002F66|风球|00|5A|0000|00||12368|16214|69200|69200|10000|10000|||100.00|100.00|0.03|-3.14|b9b75cf2d29411c6
03|2025-12-13T17:02:49.4030000+08:00|40002F64|风球|00|5A|0000|00||12368|16214|69200|69200|10000|10000|||100.00|100.00|0.03|-3.14|2d06f45dd407caf0
03|2025-12-13T17:02:49.5060000+08:00|40002F68|风球|00|5A|0000|00||12368|16214|69200|69200|10000|10000|||100.00|100.00|0.03|-3.14|f8e7c9b1fbe0dede
03|2025-12-13T17:02:49.5060000+08:00|40002F67|风球|00|5A|0000|00||12368|16214|69200|69200|10000|10000|||100.00|100.00|0.03|-3.14|a6cd29368a6af2e0
03|2025-12-13T17:02:49.5060000+08:00|40002F69|风球|00|5A|0000|00||12368|16214|69200|69200|10000|10000|||100.00|100.00|0.03|-3.14|7d467810ba283be5
261|2025-12-13T17:02:49.5060000+08:00|Add|40002F65|BNpcID|3F56|BNpcNameID|3050|CastTargetID|E0000000|CurrentMP|10000|CurrentWorldID|65535|Heading|-3.1416|Level|90|MaxHP|69200|MaxMP|10000|ModelStatus|18432|Name|风球|NPCTargetID|E0000000|PosX|100.0000|PosY|100.0000|PosZ|0.0300|Radius|1.0000|Type|2|WorldID|65535|5e72984f5b95a9b8
261|2025-12-13T17:02:49.5060000+08:00|Add|40002F68|BNpcID|3F56|BNpcNameID|3050|CastTargetID|E0000000|CurrentMP|10000|CurrentWorldID|65535|Heading|-3.1416|Level|90|MaxHP|69200|MaxMP|10000|ModelStatus|18432|Name|风球|NPCTargetID|E0000000|PosX|100.0000|PosY|100.0000|PosZ|0.0300|Radius|1.0000|Type|2|WorldID|65535|5465a6c6a5500284
261|2025-12-13T17:02:49.5060000+08:00|Add|40002F66|BNpcID|3F56|BNpcNameID|3050|CastTargetID|E0000000|CurrentMP|10000|CurrentWorldID|65535|Heading|-3.1416|Level|90|MaxHP|69200|MaxMP|10000|ModelStatus|18432|Name|风球|NPCTargetID|E0000000|PosX|100.0000|PosY|100.0000|PosZ|0.0300|Radius|1.0000|Type|2|WorldID|65535|8463aed0a631760f
261|2025-12-13T17:02:49.5060000+08:00|Add|40002F67|BNpcID|3F56|BNpcNameID|3050|CastTargetID|E0000000|CurrentMP|10000|CurrentWorldID|65535|Heading|-3.1416|Level|90|MaxHP|69200|MaxMP|10000|ModelStatus|18432|Name|风球|NPCTargetID|E0000000|PosX|100.0000|PosY|100.0000|PosZ|0.0300|Radius|1.0000|Type|2|WorldID|65535|f9397502455c5a73
261|2025-12-13T17:02:49.5060000+08:00|Add|40002F64|BNpcID|3F56|BNpcNameID|3050|CastTargetID|E0000000|CurrentMP|10000|CurrentWorldID|65535|Heading|-3.1416|Level|90|MaxHP|69200|MaxMP|10000|ModelStatus|18432|Name|风球|NPCTargetID|E0000000|PosX|100.0000|PosY|100.0000|PosZ|0.0300|Radius|1.0000|Type|2|WorldID|65535|0f73aa30ec71c78b
261|2025-12-13T17:02:49.5060000+08:00|Add|40002F69|BNpcID|3F56|BNpcNameID|3050|CastTargetID|E0000000|CurrentMP|10000|CurrentWorldID|65535|Heading|-3.1416|Level|90|MaxHP|69200|MaxMP|10000|ModelStatus|18432|Name|风球|NPCTargetID|E0000000|PosX|100.0000|PosY|100.0000|PosZ|0.0300|Radius|1.0000|Type|2|WorldID|65535|36bfa668240499cc
03|2025-12-13T17:02:49.5060000+08:00|40002F5E|风球|00|5A|0000|00||12368|16214|69200|69200|10000|10000|||100.00|100.00|0.03|-3.14|ebeb1e4535ea2b6c
03|2025-12-13T17:02:49.5060000+08:00|40002F6B|风球|00|5A|0000|00||12368|16214|69200|69200|10000|10000|||100.00|100.00|0.03|-3.14|dde5b3e152d5d7e0
03|2025-12-13T17:02:49.5060000+08:00|40002F6A|风球|00|5A|0000|00||12368|16214|69200|69200|10000|10000|||100.00|100.00|0.03|-3.14|89d913e0f691b078
03|2025-12-13T17:02:49.5060000+08:00|40002F5F|风球|00|5A|0000|00||12368|16214|69200|69200|10000|10000|||100.00|100.00|0.03|-3.14|b497a0dc2332effc
03|2025-12-13T17:02:49.5060000+08:00|40002F60|风球|00|5A|0000|00||12368|16214|69200|69200|10000|10000|||100.00|100.00|0.03|-3.14|515b515a05f6cfd2
03|2025-12-13T17:02:49.5060000+08:00|40002F6C|风球|00|5A|0000|00||12368|16214|69200|69200|10000|10000|||100.00|100.00|0.03|-3.14|c274201b48f984a5
271|2025-12-13T17:02:49.7650000+08:00|10530A8D|-3.1416|19|02|99.8770|111.3550|0.0300|2d16d4049a467df2
261|2025-12-13T17:02:49.5060000+08:00|Add|40002F5D|BNpcID|1E8536|BNpcNameID|9187E984|CastBuffID|256|CastDurationMax|0.0000|CastGroundTargetX|32206.0400|CastGroundTargetY|0.0000|CastGroundTargetZ|175192200000000.0000|CastTargetID|42121A02|Heading|0.0000|Level|109|MaxMP|1795162112|NPCTargetID|36000000|PCTargetID|18FA8813|PosX|100.0000|PosY|112.0000|Radius|2.0000|Type|7|WeaponId|3|a95d8cc48bc7f5aa
38|2025-12-13T17:02:49.7650000+08:00|10530A8D|小祥客服|0064641E|145489|145489|10000|10000|0||103.46|96.61|0.03|-0.80|0|0|0|1dd2754db9d314ae
03|2025-12-13T17:02:49.5060000+08:00|40002F6E|高贝扎的幻影|00|5A|0000|00||12366|16218|69200|69200|10000|10000|||100.00|100.00|0.00|-3.14|733ada0dbb4d9633
03|2025-12-13T17:02:49.5060000+08:00|40002F6F|高贝扎的幻影|00|5A|0000|00||12366|16218|69200|69200|10000|10000|||100.00|100.00|0.00|-3.14|0ebc316bc33f950c
261|2025-12-13T17:02:49.5060000+08:00|Add|40002F6E|BNpcID|3F5A|BNpcNameID|304E|CastTargetID|E0000000|CurrentMP|10000|CurrentWorldID|65535|Heading|-3.1416|Level|90|MaxHP|69200|MaxMP|10000|ModelStatus|18432|Name|高贝扎的幻影|NPCTargetID|E0000000|PosX|100.0000|PosY|100.0000|Radius|7.5000|Type|2|WorldID|65535|a2369a810de74af5
03|2025-12-13T17:02:49.5060000+08:00|40002F6D|风球|00|5A|0000|00||12368|16214|69200|69200|10000|10000|||100.00|100.00|0.00|-3.14|605f225a93eb13c8
261|2025-12-13T17:02:49.5060000+08:00|Add|40002F6F|BNpcID|3F5A|BNpcNameID|304E|CastTargetID|E0000000|CurrentMP|10000|CurrentWorldID|65535|Heading|-3.1416|Level|90|MaxHP|69200|MaxMP|10000|ModelStatus|18432|Name|高贝扎的幻影|NPCTargetID|E0000000|PosX|100.0000|PosY|100.0000|Radius|7.5000|Type|2|WorldID|65535|4509345bdf57a258
261|2025-12-13T17:02:49.5060000+08:00|Add|40002F6B|BNpcID|3F56|BNpcNameID|3050|CastTargetID|E0000000|CurrentMP|10000|CurrentWorldID|65535|Heading|-3.1416|Level|90|MaxHP|69200|MaxMP|10000|ModelStatus|18432|Name|风球|NPCTargetID|E0000000|PosX|100.0000|PosY|100.0000|PosZ|0.0300|Radius|1.0000|Type|2|WorldID|65535|97d172d904da7f58
261|2025-12-13T17:02:49.5060000+08:00|Add|40002F6A|BNpcID|3F56|BNpcNameID|3050|CastTargetID|E0000000|CurrentMP|10000|CurrentWorldID|65535|Heading|-3.1416|Level|90|MaxHP|69200|MaxMP|10000|ModelStatus|18432|Name|风球|NPCTargetID|E0000000|PosX|100.0000|PosY|100.0000|PosZ|0.0300|Radius|1.0000|Type|2|WorldID|65535|df5a01fc624b4b48
261|2025-12-13T17:02:49.5060000+08:00|Add|40002F6C|BNpcID|3F56|BNpcNameID|3050|CastTargetID|E0000000|CurrentMP|10000|CurrentWorldID|65535|Heading|-3.1416|Level|90|MaxHP|69200|MaxMP|10000|ModelStatus|18432|Name|风球|NPCTargetID|E0000000|PosX|100.0000|PosY|100.0000|PosZ|0.0300|Radius|1.0000|Type|2|WorldID|65535|babb5b3679f26aea
261|2025-12-13T17:02:49.5060000+08:00|Add|40002F6D|BNpcID|3F56|BNpcNameID|3050|CastTargetID|E0000000|CurrentMP|10000|CurrentWorldID|65535|Heading|-3.1416|Level|90|MaxHP|69200|MaxMP|10000|ModelStatus|18432|Name|风球|NPCTargetID|E0000000|PosX|100.0000|PosY|100.0000|Radius|1.0000|Type|2|WorldID|65535|53e0c519dadd1da2
261|2025-12-13T17:02:49.5060000+08:00|Remove|40002F2A|15106823ea5b0d30
03|2025-12-13T17:02:49.5060000+08:00|40002F72|黑龙|00|5A|0000|00||12367|16213|69200|69200|10000|10000|||100.00|100.00|0.00|0.00|e18d78758b53b8b2
03|2025-12-13T17:02:49.5060000+08:00|40002F71|高贝扎的幻影|00|5A|0000|00||12366|16218|69200|69200|10000|10000|||100.00|100.00|0.00|-3.14|050d335434269f3c
03|2025-12-13T17:02:49.5060000+08:00|40002F70|高贝扎的幻影|00|5A|0000|00||12366|16218|69200|69200|10000|10000|||100.00|100.00|0.00|-3.14|07a6ed457a0d3d7d
261|2025-12-13T17:02:49.5060000+08:00|Add|40002F72|BNpcID|3F55|BNpcNameID|304F|CastTargetID|E0000000|CurrentMP|10000|CurrentWorldID|65535|Heading|0.0000|Level|90|MaxHP|69200|MaxMP|10000|ModelStatus|18432|Name|黑龙|NPCTargetID|E0000000|PosX|100.0000|PosY|100.0000|Radius|7.0000|Type|2|WorldID|65535|a80739eb70621108
261|2025-12-13T17:02:49.5060000+08:00|Add|40002F71|BNpcID|3F5A|BNpcNameID|304E|CastTargetID|E0000000|CurrentMP|10000|CurrentWorldID|65535|Heading|-3.1416|Level|90|MaxHP|69200|MaxMP|10000|ModelStatus|18432|Name|高贝扎的幻影|NPCTargetID|E0000000|PosX|100.0000|PosY|100.0000|Radius|7.5000|Type|2|WorldID|65535|acbf1e09fdc37195
261|2025-12-13T17:02:49.5060000+08:00|Add|40002F70|BNpcID|3F5A|BNpcNameID|304E|CastTargetID|E0000000|CurrentMP|10000|CurrentWorldID|65535|Heading|-3.1416|Level|90|MaxHP|69200|MaxMP|10000|ModelStatus|18432|Name|高贝扎的幻影|NPCTargetID|E0000000|PosX|100.0000|PosY|100.0000|Radius|7.5000|Type|2|WorldID|65535|29393870ff7e9973
03|2025-12-13T17:02:49.5060000+08:00|40002F73|高贝扎|00|5A|0000|00||12365|16212|26635080|26635080|10000|10000|||100.00|90.00|0.00|0.00|17203fbe17841908
261|2025-12-13T17:02:49.5060000+08:00|Add|40002F73|BNpcID|3F54|BNpcNameID|304D|CastTargetID|E0000000|CurrentMP|10000|CurrentWorldID|65535|Heading|0.0000|Level|90|MaxHP|26635080|MaxMP|10000|ModelStatus|2048|Name|高贝扎|NPCTargetID|E0000000|PosX|100.0000|PosY|90.0000|Radius|6.0000|Type|2|WorldID|65535|cf06de0cf35957d2
272|2025-12-13T17:02:50.1210000+08:00|40002F80|E0000000|0000|00|0b85d0d165424ad8
272|2025-12-13T17:02:50.1210000+08:00|40002F82|E0000000|0000|00|9bdc82c9f4ff3f9a
272|2025-12-13T17:02:50.1210000+08:00|40002F84|E0000000|0000|00|66186803d7041ff4
272|2025-12-13T17:02:50.1210000+08:00|40002F85|E0000000|0000|00|68522f2d87f1fee3
261|2025-12-13T17:02:49.6890000+08:00|Add|40002F80|BNpcID|233C|BNpcNameID|304D|CastTargetID|E0000000|CurrentWorldID|65535|Heading|0.0000|Level|1|MaxHP|44|ModelStatus|2304|Name|高贝扎|NPCTargetID|E0000000|PosX|100.0000|PosY|90.0000|PosZ|0.0300|Radius|0.5000|Type|2|WorldID|65535|788f108e697690b7
272|2025-12-13T17:02:50.1210000+08:00|40002F88|E0000000|0000|00|c579f6a7dfa31703
272|2025-12-13T17:02:50.1210000+08:00|40002F89|E0000000|0000|00|ac07c2d763c9f625
272|2025-12-13T17:02:50.1210000+08:00|40002F8A|E0000000|0000|00|9a384cfb08fd8bcc
261|2025-12-13T17:02:49.6890000+08:00|Add|40002F81|BNpcID|233C|BNpcNameID|304D|CastTargetID|E0000000|CurrentWorldID|65535|Heading|0.0000|Level|1|MaxHP|44|ModelStatus|2048|Name|高贝扎|NPCTargetID|E0000000|PosX|100.0000|PosY|90.0000|PosZ|0.0300|Radius|0.5000|Type|2|WorldID|65535|41204da566f4ae47
272|2025-12-13T17:02:50.1210000+08:00|40002F8B|E0000000|0000|00|cb8e32fe6fc7b95f
272|2025-12-13T17:02:50.1210000+08:00|40002F86|E0000000|0000|00|350b0cc9f82430a8
272|2025-12-13T17:02:50.1210000+08:00|40002F83|E0000000|0000|00|616cc310b7cdfbce
272|2025-12-13T17:02:50.1210000+08:00|40002F75|E0000000|0000|00|9b21285a944bc00e
272|2025-12-13T17:02:50.1210000+08:00|40002F7D|E0000000|0000|00|3113efb99b735a02
272|2025-12-13T17:02:50.1210000+08:00|40002F81|E0000000|0000|00|f950282a760fcd9f
261|2025-12-13T17:02:49.6890000+08:00|Add|40002F82|BNpcID|233C|BNpcNameID|304D|CastTargetID|E0000000|CurrentWorldID|65535|Heading|0.0000|Level|1|MaxHP|44|ModelStatus|2048|Name|高贝扎|NPCTargetID|E0000000|PosX|100.0000|PosY|90.0000|PosZ|0.0300|Radius|0.5000|Type|2|WorldID|65535|0ddd22a67056d336
272|2025-12-13T17:02:50.1210000+08:00|40002F78|E0000000|0000|00|d7320a04662d2610
272|2025-12-13T17:02:50.1210000+08:00|40002F79|E0000000|0000|00|525ede432e6d00b5
272|2025-12-13T17:02:50.1210000+08:00|40002F7A|E0000000|0000|00|fbfc08ed5e8a7296
272|2025-12-13T17:02:50.1210000+08:00|40002F7B|E0000000|0000|00|bc4cb104e1215fe5
272|2025-12-13T17:02:50.1210000+08:00|40002F77|E0000000|0000|00|6734f94861714314
272|2025-12-13T17:02:50.1210000+08:00|40002F7C|E0000000|0000|00|108e552a5c5b3f76
272|2025-12-13T17:02:50.1210000+08:00|40002F74|E0000000|0000|00|016872eb9eae9187
272|2025-12-13T17:02:50.1210000+08:00|40002F87|E0000000|0000|00|e28bb8f83a06bbbd
03|2025-12-13T17:02:49.8130000+08:00|40002F80|高贝扎|00|1|0000|00||12365|9020|44|44|0|10000|||100.00|90.00|0.03|0.00|2fe2508bf63f5b9a
272|2025-12-13T17:02:50.1210000+08:00|40002F76|E0000000|0000|00|b1c8fd9232a7fc4c
03|2025-12-13T17:02:49.8130000+08:00|40002F81|高贝扎|00|1|0000|00||12365|9020|44|44|0|10000|||100.00|90.00|0.03|0.00|6987b7c44384bc12
03|2025-12-13T17:02:49.8130000+08:00|40002F82|高贝扎|00|1|0000|00||12365|9020|44|44|0|10000|||100.00|90.00|0.03|0.00|b366d3a6c4420050
272|2025-12-13T17:02:50.1210000+08:00|40002F8C|E0000000|0000|00|ffe5074c248ca8b7
03|2025-12-13T17:02:49.8130000+08:00|40002F84|高贝扎|00|1|0000|00||12365|9020|44|44|0|10000|||100.00|90.00|0.03|0.00|b16ca7200ec80d24
03|2025-12-13T17:02:49.8130000+08:00|40002F83|高贝扎|00|1|0000|00||12365|9020|44|44|0|10000|||100.00|90.00|0.03|0.00|7371847c10e17444
261|2025-12-13T17:02:49.8130000+08:00|Add|40002F84|BNpcID|233C|BNpcNameID|304D|CastTargetID|E0000000|CurrentWorldID|65535|Heading|0.0000|Level|1|MaxHP|44|ModelStatus|2048|Name|高贝扎|NPCTargetID|E0000000|PosX|100.0000|PosY|90.0000|PosZ|0.0300|Radius|0.5000|Type|2|WorldID|65535|80fc4ee7cc068142
261|2025-12-13T17:02:49.8130000+08:00|Add|40002F83|BNpcID|233C|BNpcNameID|304D|CastTargetID|E0000000|CurrentWorldID|65535|Heading|0.0000|Level|1|MaxHP|44|ModelStatus|2048|Name|高贝扎|NPCTargetID|E0000000|PosX|100.0000|PosY|90.0000|PosZ|0.0300|Radius|0.5000|Type|2|WorldID|65535|3a867d9153a124aa
03|2025-12-13T17:02:49.8130000+08:00|40002F85|高贝扎|00|1|0000|00||12365|9020|44|44|0|10000|||100.00|90.00|0.03|0.00|051a49e2656c80af
261|2025-12-13T17:02:49.8130000+08:00|Add|40002F85|BNpcID|233C|BNpcNameID|304D|CastTargetID|E0000000|CurrentWorldID|65535|Heading|0.0000|Level|1|MaxHP|44|ModelStatus|2048|Name|高贝扎|NPCTargetID|E0000000|PosX|100.0000|PosY|90.0000|PosZ|0.0300|Radius|0.5000|Type|2|WorldID|65535|691432fb1151ea5d
03|2025-12-13T17:02:49.8130000+08:00|40002F88|高贝扎|00|1|0000|00||12365|9020|44|44|0|10000|||100.00|90.00|0.03|0.00|70831c2fe2be6704
03|2025-12-13T17:02:49.8130000+08:00|40002F86|高贝扎|00|1|0000|00||12365|9020|44|44|0|10000|||100.00|90.00|0.03|0.00|9427b6a03a868e45
03|2025-12-13T17:02:49.8130000+08:00|40002F87|高贝扎|00|1|0000|00||12365|9020|44|44|0|10000|||100.00|90.00|0.03|0.00|036008a3b405805a
272|2025-12-13T17:02:50.1650000+08:00|40002F7E|E0000000|0000|00|b1d7045ffc75004f
272|2025-12-13T17:02:50.1650000+08:00|40002F7F|E0000000|0000|00|245e826bb28c40ca
03|2025-12-13T17:02:49.8130000+08:00|40002F89|高贝扎|00|1|0000|00||12365|9020|44|44|0|10000|||100.00|90.00|0.03|0.00|4bc2786c04c52db5
03|2025-12-13T17:02:49.8130000+08:00|40002F8B|高贝扎|00|1|0000|00||12365|9020|44|44|0|10000|||100.00|90.00|0.03|0.00|d456320cfa4351c4
03|2025-12-13T17:02:49.8130000+08:00|40002F8A|高贝扎|00|1|0000|00||12365|9020|44|44|0|10000|||100.00|90.00|0.03|0.00|1262bf7bf6e6b1a0
261|2025-12-13T17:02:49.8130000+08:00|Add|40002F89|BNpcID|233C|BNpcNameID|304D|CastTargetID|E0000000|CurrentWorldID|65535|Heading|0.0000|Level|1|MaxHP|44|ModelStatus|2048|Name|高贝扎|NPCTargetID|E0000000|PosX|100.0000|PosY|90.0000|PosZ|0.0300|Radius|0.5000|Type|2|WorldID|65535|add01221c4e88153
261|2025-12-13T17:02:49.8130000+08:00|Add|40002F8B|BNpcID|233C|BNpcNameID|304D|CastTargetID|E0000000|CurrentWorldID|65535|Heading|0.0000|Level|1|MaxHP|44|ModelStatus|2048|Name|高贝扎|NPCTargetID|E0000000|PosX|100.0000|PosY|90.0000|PosZ|0.0300|Radius|0.5000|Type|2|WorldID|65535|58c5c5cae3287290
261|2025-12-13T17:02:49.8130000+08:00|Add|40002F8A|BNpcID|233C|BNpcNameID|304D|CastTargetID|E0000000|CurrentWorldID|65535|Heading|0.0000|Level|1|MaxHP|44|ModelStatus|2048|Name|高贝扎|NPCTargetID|E0000000|PosX|100.0000|PosY|90.0000|PosZ|0.0300|Radius|0.5000|Type|2|WorldID|65535|2ea7933e75939338
261|2025-12-13T17:02:49.8130000+08:00|Add|40002F88|BNpcID|233C|BNpcNameID|304D|CastTargetID|E0000000|CurrentWorldID|65535|Heading|0.0000|Level|1|MaxHP|44|Name|高贝扎|NPCTargetID|E0000000|PosX|100.0000|PosY|90.0000|PosZ|0.0300|Radius|0.5000|Type|2|WorldID|65535|f51e95d7b393a06f
261|2025-12-13T17:02:49.8130000+08:00|Add|40002F86|BNpcID|233C|BNpcNameID|304D|CastTargetID|E0000000|CurrentWorldID|65535|Heading|0.0000|Level|1|MaxHP|44|Name|高贝扎|NPCTargetID|E0000000|PosX|100.0000|PosY|90.0000|PosZ|0.0300|Radius|0.5000|Type|2|WorldID|65535|21fb7e68af7e95b3
261|2025-12-13T17:02:49.8130000+08:00|Add|40002F87|BNpcID|233C|BNpcNameID|304D|CastTargetID|E0000000|CurrentWorldID|65535|Heading|0.0000|Level|1|MaxHP|44|Name|高贝扎|NPCTargetID|E0000000|PosX|100.0000|PosY|90.0000|PosZ|0.0300|Radius|0.5000|Type|2|WorldID|65535|f76797885ffa4e98
03|2025-12-13T17:02:49.8130000+08:00|40002F74|高贝扎|00|1|0000|00||12365|9020|44|44|0|10000|||100.00|90.00|0.03|0.00|d6f8bbf9c084ef53
03|2025-12-13T17:02:49.8130000+08:00|40002F8C|高贝扎|00|1|0000|00||12365|9020|44|44|0|10000|||100.00|90.00|0.03|0.00|cabab22f125f5a06
03|2025-12-13T17:02:49.8130000+08:00|40002F75|高贝扎|00|1|0000|00||12365|9020|44|44|0|10000|||100.00|90.00|0.03|0.00|020c429bb0152587
03|2025-12-13T17:02:49.8130000+08:00|40002F76|高贝扎|00|1|0000|00||12365|9020|44|44|0|10000|||100.00|90.00|0.03|0.00|125034963c024f23
03|2025-12-13T17:02:49.8130000+08:00|40002F77|高贝扎|00|1|0000|00||12365|9020|44|44|0|10000|||100.00|90.00|0.03|0.00|f60b73350167e1d7
03|2025-12-13T17:02:49.8130000+08:00|40002F78|高贝扎|00|1|0000|00||12365|9020|44|44|0|10000|||100.00|90.00|0.03|0.00|877419bfd19684ee
261|2025-12-13T17:02:49.8130000+08:00|Add|40002F74|BNpcID|233C|BNpcNameID|304D|CastTargetID|E0000000|CurrentWorldID|65535|Heading|0.0000|Level|1|MaxHP|44|Name|高贝扎|NPCTargetID|E0000000|PosX|100.0000|PosY|90.0000|PosZ|0.0300|Radius|0.5000|Type|2|WorldID|65535|8239c5c5ee83944a
261|2025-12-13T17:02:49.8130000+08:00|Add|40002F76|BNpcID|233C|BNpcNameID|304D|CastTargetID|E0000000|CurrentWorldID|65535|Heading|0.0000|Level|1|MaxHP|44|ModelStatus|2048|Name|高贝扎|NPCTargetID|E0000000|PosX|100.0000|PosY|90.0000|PosZ|0.0300|Radius|0.5000|Type|2|WorldID|65535|3b4205a8a60abb1c
261|2025-12-13T17:02:49.8130000+08:00|Add|40002F77|BNpcID|233C|BNpcNameID|304D|CastTargetID|E0000000|CurrentWorldID|65535|Heading|0.0000|Level|1|MaxHP|44|ModelStatus|2048|Name|高贝扎|NPCTargetID|E0000000|PosX|100.0000|PosY|90.0000|PosZ|0.0300|Radius|0.5000|Type|2|WorldID|65535|c4884b1be562e46c
261|2025-12-13T17:02:49.8130000+08:00|Add|40002F8C|BNpcID|233C|BNpcNameID|304D|CastTargetID|E0000000|CurrentWorldID|65535|Heading|0.0000|Level|1|MaxHP|44|Name|高贝扎|NPCTargetID|E0000000|PosX|100.0000|PosY|90.0000|PosZ|0.0300|Radius|0.5000|Type|2|WorldID|65535|930891b7e563fd3e
261|2025-12-13T17:02:49.8130000+08:00|Add|40002F75|BNpcID|233C|BNpcNameID|304D|CastTargetID|E0000000|CurrentWorldID|65535|Heading|0.0000|Level|1|MaxHP|44|Name|高贝扎|NPCTargetID|E0000000|PosX|100.0000|PosY|90.0000|PosZ|0.0300|Radius|0.5000|Type|2|WorldID|65535|4edfd0ce54226f7e
261|2025-12-13T17:02:49.8130000+08:00|Add|40002F78|BNpcID|233C|BNpcNameID|304D|CastTargetID|E0000000|CurrentWorldID|65535|Heading|0.0000|Level|1|MaxHP|44|ModelStatus|2048|Name|高贝扎|NPCTargetID|E0000000|PosX|100.0000|PosY|90.0000|PosZ|0.0300|Radius|0.5000|Type|2|WorldID|65535|6fab5f4b8206bf7b
03|2025-12-13T17:02:49.8130000+08:00|40002F7A|高贝扎|00|1|0000|00||12365|9020|44|44|0|10000|||100.00|90.00|0.03|0.00|940d45e3f434adc6
03|2025-12-13T17:02:49.8130000+08:00|40002F79|高贝扎|00|1|0000|00||12365|9020|44|44|0|10000|||100.00|90.00|0.03|0.00|3d91e8efb8fd52aa
03|2025-12-13T17:02:49.8130000+08:00|40002F7B|高贝扎|00|1|0000|00||12365|9020|44|44|0|10000|||100.00|90.00|0.03|0.00|c21c8537458bbf45
03|2025-12-13T17:02:49.9390000+08:00|40002F7E|高贝扎|00|1|0000|00||12365|9020|44|44|0|10000|||100.00|90.00|0.03|0.00|e0ad14b92fb1d9b2
03|2025-12-13T17:02:49.9390000+08:00|40002F7D|高贝扎|00|1|0000|00||12365|9020|44|44|0|10000|||100.00|90.00|0.03|0.00|dc0a8678124355b8
03|2025-12-13T17:02:49.9390000+08:00|40002F7C|高贝扎|00|1|0000|00||12365|9020|44|44|0|10000|||100.00|90.00|0.03|0.00|276bfa4cd3a558c6
261|2025-12-13T17:02:49.9390000+08:00|Add|40002F7A|BNpcID|233C|BNpcNameID|304D|CastTargetID|E0000000|CurrentWorldID|65535|Heading|0.0000|Level|1|MaxHP|44|Name|高贝扎|NPCTargetID|E0000000|PosX|100.0000|PosY|90.0000|PosZ|0.0300|Radius|0.5000|Type|2|WorldID|65535|c262d5646057c66e
261|2025-12-13T17:02:49.9390000+08:00|Add|40002F7E|BNpcID|233C|BNpcNameID|304D|CastTargetID|E0000000|CurrentWorldID|65535|Heading|0.0000|Level|1|MaxHP|44|ModelStatus|2048|Name|高贝扎|NPCTargetID|E0000000|PosX|100.0000|PosY|90.0000|PosZ|0.0300|Radius|0.5000|Type|2|WorldID|65535|3cf13f5074b518ea
261|2025-12-13T17:02:49.9390000+08:00|Add|40002F79|BNpcID|233C|BNpcNameID|304D|CastTargetID|E0000000|CurrentWorldID|65535|Heading|0.0000|Level|1|MaxHP|44|Name|高贝扎|NPCTargetID|E0000000|PosX|100.0000|PosY|90.0000|PosZ|0.0300|Radius|0.5000|Type|2|WorldID|65535|603921e312957640
261|2025-12-13T17:02:49.9390000+08:00|Add|40002F7D|BNpcID|233C|BNpcNameID|304D|CastTargetID|E0000000|CurrentWorldID|65535|Heading|0.0000|Level|1|MaxHP|44|ModelStatus|2048|Name|高贝扎|NPCTargetID|E0000000|PosX|100.0000|PosY|90.0000|PosZ|0.0300|Radius|0.5000|Type|2|WorldID|65535|5094b087f3c61421
261|2025-12-13T17:02:49.9390000+08:00|Add|40002F7C|BNpcID|233C|BNpcNameID|304D|CastTargetID|E0000000|CurrentWorldID|65535|Heading|0.0000|Level|1|MaxHP|44|ModelStatus|2048|Name|高贝扎|NPCTargetID|E0000000|PosX|100.0000|PosY|90.0000|PosZ|0.0300|Radius|0.5000|Type|2|WorldID|65535|07da12ba6f1969ab
261|2025-12-13T17:02:49.9390000+08:00|Add|40002F7B|BNpcID|233C|BNpcNameID|304D|CastTargetID|E0000000|CurrentWorldID|65535|Heading|0.0000|Level|1|MaxHP|44|Name|高贝扎|NPCTargetID|E0000000|PosX|100.0000|PosY|90.0000|PosZ|0.0300|Radius|0.5000|Type|2|WorldID|65535|625f88e26ff15457
03|2025-12-13T17:02:49.9390000+08:00|40002F7F|高贝扎|00|1|0000|00||12365|9020|44|44|0|10000|||100.00|90.00|0.03|0.00|e6084194e9d67631
261|2025-12-13T17:02:49.9390000+08:00|Add|40002F7F|BNpcID|233C|BNpcNameID|304D|CastTargetID|E0000000|CurrentWorldID|65535|Heading|0.0000|Level|1|MaxHP|44|Name|高贝扎|NPCTargetID|E0000000|PosX|100.0000|PosY|90.0000|PosZ|0.0300|Radius|0.5000|Type|2|WorldID|65535|4c5b109f58d11573
261|2025-12-13T17:02:50.3970000+08:00|Change|10530A8D|CurrentMP|10000|Heading|-3.1416|ModelStatus|0|PosX|99.8770|PosY|111.3550|PosZ|0.0300|53e03ffffde0f08e
261|2025-12-13T17:02:50.5070000+08:00|Change|40002F61|ModelStatus|16384|01871ecfcc4eaaaf
261|2025-12-13T17:02:50.5070000+08:00|Change|40002F63|ModelStatus|16384|aaf2abe83cb29ac1
261|2025-12-13T17:02:50.5070000+08:00|Change|40002F5E|ModelStatus|16384|ca8bc2fa6636700e
261|2025-12-13T17:02:50.5070000+08:00|Change|40002F5F|ModelStatus|16384|09b536eb52ca2ccd
261|2025-12-13T17:02:50.5070000+08:00|Change|40002F60|ModelStatus|16384|6b3d4e2a0ca604d2
261|2025-12-13T17:02:50.5070000+08:00|Change|40002F62|ModelStatus|16384|7993e590e48678cb
261|2025-12-13T17:02:50.5070000+08:00|Change|40002F65|ModelStatus|16384|3649caa03f25116b
261|2025-12-13T17:02:50.5070000+08:00|Change|40002F68|ModelStatus|16384|98e3c20e03664917
261|2025-12-13T17:02:50.5070000+08:00|Change|40002F66|ModelStatus|16384|507267d3766b2ce2
261|2025-12-13T17:02:50.5070000+08:00|Change|40002F67|ModelStatus|16384|d47e4683be24244c
261|2025-12-13T17:02:50.5070000+08:00|Change|40002F64|ModelStatus|16384|d9f986985179248b
261|2025-12-13T17:02:50.5070000+08:00|Change|40002F69|ModelStatus|16384|c94380720f0bfbd5
261|2025-12-13T17:02:50.5070000+08:00|Change|40002F6E|ModelStatus|16384|PosZ|0.0300|6d3c9d43e7280791
261|2025-12-13T17:02:50.5070000+08:00|Change|40002F6F|ModelStatus|16384|PosZ|0.0300|ce7755674bd8c4ae
261|2025-12-13T17:02:50.5070000+08:00|Change|40002F6B|ModelStatus|16384|5630d22a69674aee
261|2025-12-13T17:02:50.5070000+08:00|Change|40002F6A|ModelStatus|16384|c3e7bb67efc4b208
261|2025-12-13T17:02:50.5070000+08:00|Change|40002F6C|ModelStatus|16384|d247e588b17b026b
261|2025-12-13T17:02:50.5070000+08:00|Change|40002F6D|ModelStatus|16384|PosZ|0.0300|bea4367bc70c289c
261|2025-12-13T17:02:50.6330000+08:00|Change|40002F72|ModelStatus|16384|PosZ|0.0300|a4444eb7d347976f
261|2025-12-13T17:02:50.6330000+08:00|Change|40002F71|ModelStatus|16384|PosZ|0.0300|6b59a4e60cdca7f7
261|2025-12-13T17:02:50.6330000+08:00|Change|40002F70|ModelStatus|16384|PosZ|0.0300|2e27dd56aa91b749
261|2025-12-13T17:02:50.6330000+08:00|Change|40002F73|ModelStatus|0|PosZ|0.0300|255b433a8bc570e9
261|2025-12-13T17:02:50.8830000+08:00|Change|40002F84|ModelStatus|0|f6062c55c6dcf1f6
261|2025-12-13T17:02:50.8830000+08:00|Change|40002F83|ModelStatus|0|4ec16eb24bf49a40
261|2025-12-13T17:02:50.8830000+08:00|Change|40002F85|ModelStatus|0|f3c94af5812f7f35
261|2025-12-13T17:02:50.9930000+08:00|Change|40002F89|ModelStatus|0|4f1ae7cde2ba1333
261|2025-12-13T17:02:50.9930000+08:00|Change|40002F8B|ModelStatus|0|ff439e84ea826b52
261|2025-12-13T17:02:50.9930000+08:00|Change|40002F8A|ModelStatus|0|d3781e77586e728a
261|2025-12-13T17:02:50.9930000+08:00|Change|40002F76|ModelStatus|0|7c1ce4b49eb35b0b
261|2025-12-13T17:02:50.9930000+08:00|Change|40002F77|ModelStatus|0|595ea1c0d21664ee
261|2025-12-13T17:02:50.9930000+08:00|Change|40002F78|ModelStatus|0|c4898d144cc13566
261|2025-12-13T17:02:50.9930000+08:00|Change|40002F7E|ModelStatus|0|d63d41caa695f1d6
261|2025-12-13T17:02:50.9930000+08:00|Change|40002F7D|ModelStatus|0|00dca3a919e7c33a
261|2025-12-13T17:02:50.9930000+08:00|Change|40002F7C|ModelStatus|0|c05dcc2c6f722afd
261|2025-12-13T17:02:53.5190000+08:00|Change|40002F80|ModelStatus|0|21491400a990c028
261|2025-12-13T17:02:53.5190000+08:00|Change|40002F81|ModelStatus|0|e0bac1206c5f424f
261|2025-12-13T17:02:53.5190000+08:00|Change|40002F82|ModelStatus|0|7254e2dd3f9fb3fe
33|2025-12-13T17:02:56.6580000+08:00|80034E79|40000006|DE2|00|00|00|a096141f38d81674
261|2025-12-13T17:02:56.3260000+08:00|Change|40002F5D|MaxMP|1795162113|ModelStatus|256|0c678da4141ddd58
00|2025-12-13T17:03:09.0000000+08:00|001B|星不冉龙巢神殿|我看wiki上写的fate金牌都是必出的|47a99d9f0abc0e24
41|2025-12-13T17:03:12.7980000+08:00|80034E79|5FE|01|4E79|00|ba5d5722c1fc3260
00|2025-12-13T17:03:11.0000000+08:00|0839||“高贝扎歼灭战”任务结束了。|4ca97cac3754e850
261|2025-12-13T17:03:11.9960000+08:00|Change|10530A8D|Heading|3.1254|ModelStatus|512|PosX|99.9427|PosY|112.1910|PosZ|0.0300|10dd2741653552d9
31|2025-12-13T17:03:14.1190000+08:00|10530A8D|1E|00|00|00|d51e409f8193d057
261|2025-12-13T17:03:13.3140000+08:00|Remove|40002F5C|df7441652b6db41c
261|2025-12-13T17:03:13.3140000+08:00|Remove|40002F5D|e0dfd097034ee0f7
261|2025-12-13T17:03:13.3140000+08:00|Remove|40002F5E|027239cce410efbd
261|2025-12-13T17:03:13.3140000+08:00|Remove|40002F5F|3f07f7c7bf17fc6a
261|2025-12-13T17:03:13.3140000+08:00|Remove|40002F60|b84ac11bef460d21
261|2025-12-13T17:03:13.3140000+08:00|Remove|40002F61|57435a28d620b4ef
261|2025-12-13T17:03:13.3140000+08:00|Remove|40002F62|fefb01e05c0f5785
261|2025-12-13T17:03:13.3140000+08:00|Remove|40002F63|106c8813c1360ece
261|2025-12-13T17:03:13.3140000+08:00|Remove|40002F64|fb9e3e1fb49fe5b0
261|2025-12-13T17:03:13.3140000+08:00|Remove|40002F65|a1485c9c6bfc3f84
261|2025-12-13T17:03:13.3140000+08:00|Remove|40002F66|6a6fe33c2200b9a1
261|2025-12-13T17:03:13.3140000+08:00|Remove|40002F67|6f8d92191f42a871
261|2025-12-13T17:03:13.3140000+08:00|Remove|40002F68|a66985a4e56dc9aa
261|2025-12-13T17:03:13.3140000+08:00|Remove|40002F69|be6f2311525cd0aa
261|2025-12-13T17:03:13.3140000+08:00|Remove|40002F6A|4973394e82e1c554
261|2025-12-13T17:03:13.3140000+08:00|Remove|40002F6B|2e5ec48fc69b9850
261|2025-12-13T17:03:13.3140000+08:00|Remove|40002F6C|1f31131cc5e1768e
261|2025-12-13T17:03:13.3140000+08:00|Remove|40002F6D|0fbf23585d59705f
261|2025-12-13T17:03:13.3140000+08:00|Remove|40002F6E|db12c10ba4e6465d
261|2025-12-13T17:03:13.3140000+08:00|Remove|40002F6F|364f70757117d876
261|2025-12-13T17:03:13.3140000+08:00|Remove|40002F70|77d4b8935b363046
261|2025-12-13T17:03:13.3140000+08:00|Remove|40002F71|6ef32265e658d57f
261|2025-12-13T17:03:13.3140000+08:00|Remove|40002F72|fbb74bebcaee1a9d
261|2025-12-13T17:03:13.3140000+08:00|Remove|40002F73|c6e0368ebdc17e3a
261|2025-12-13T17:03:13.3140000+08:00|Remove|40002F74|f64f7d1087f731d2
261|2025-12-13T17:03:13.3140000+08:00|Remove|40002F75|5a3fb6ba77c30344
261|2025-12-13T17:03:13.3140000+08:00|Remove|40002F76|cccce1dbfa18065e
261|2025-12-13T17:03:13.3140000+08:00|Remove|40002F77|345a5aecd04ffd52
261|2025-12-13T17:03:13.3140000+08:00|Remove|40002F78|13afb19c30dd32e1
261|2025-12-13T17:03:13.3140000+08:00|Remove|40002F79|a9c7b6d7191274e5
261|2025-12-13T17:03:13.3140000+08:00|Remove|40002F7A|966e136aceb12e3e
261|2025-12-13T17:03:13.3140000+08:00|Remove|40002F7B|f2c37b633391635e
261|2025-12-13T17:03:13.3140000+08:00|Remove|40002F7C|15e04dbebd0e0370
261|2025-12-13T17:03:13.3140000+08:00|Remove|40002F7D|66e0dfcace8f25ca
261|2025-12-13T17:03:13.3140000+08:00|Remove|40002F7E|ea1e1ad86510e3b2
261|2025-12-13T17:03:13.3140000+08:00|Remove|40002F7F|0ceeb60239b23daf
261|2025-12-13T17:03:13.3140000+08:00|Remove|40002F80|ec1b93a1b3257912
261|2025-12-13T17:03:13.3140000+08:00|Remove|40002F81|0718ab7c6b82afc6
261|2025-12-13T17:03:13.3140000+08:00|Remove|40002F82|c0504213ea842377
261|2025-12-13T17:03:13.3140000+08:00|Remove|40002F83|11b3f8e49987ba8a
261|2025-12-13T17:03:13.3140000+08:00|Remove|40002F84|a74cab55f28b3983
261|2025-12-13T17:03:13.3140000+08:00|Remove|40002F85|b927c5055bb28550
261|2025-12-13T17:03:13.3140000+08:00|Remove|40002F86|c197293f78819b35
261|2025-12-13T17:03:13.3140000+08:00|Remove|40002F87|0ef463ecc67a963d
261|2025-12-13T17:03:13.3140000+08:00|Remove|40002F88|4b78e5fd980e0f44
261|2025-12-13T17:03:13.3140000+08:00|Remove|40002F89|16c25ec0d424630f
261|2025-12-13T17:03:13.3140000+08:00|Remove|40002F8A|b9bdadac6a55dfed
261|2025-12-13T17:03:13.3140000+08:00|Remove|40002F8B|3b914a5c686a1c20
261|2025-12-13T17:03:13.3140000+08:00|Remove|40002F8C|fc9298b2ce89ea9e
261|2025-12-13T17:03:13.3140000+08:00|Remove|10530A8D|5b3d35f122086056
261|2025-12-13T17:03:13.8810000+08:00|Add|104E1D04|CastTargetID|E0000000|CurrentWorldID|1076|Heading|-2.6211|Job|8|Level|11|MaxHP|186|ModelStatus|2048|Name|姜姜时|NPCTargetID|E0000000|PosX|-16.4728|PosY|45.4261|PosZ|-3.2500|Radius|0.5000|Type|1|WorldID|1076|74202bc69bff4ab6
261|2025-12-13T17:03:13.8810000+08:00|Add|1052E19B|CastTargetID|E0000000|CurrentMP|10000|CurrentWorldID|1076|Heading|-1.3578|Job|19|Level|100|MaxHP|231909|MaxMP|10000|ModelStatus|2048|Name|蚳蛊蛱杀|NPCTargetID|E0000000|PosX|42.1820|PosY|29.8986|PosZ|5.8694|Radius|0.5000|Type|1|WorldID|1076|82ffdaf395c1cb41
261|2025-12-13T17:03:13.8810000+08:00|Add|105319A6|CastTargetID|E0000000|CurrentMP|10000|CurrentWorldID|1076|Heading|-1.4327|Job|23|Level|100|MaxHP|81797|MaxMP|10000|ModelStatus|2048|Name|惡徒|NPCTargetID|E0000000|PosX|34.4555|PosY|110.1314|PosZ|-7.5000|Radius|0.5000|Type|1|WorldID|1076|54a626e2694d1780
31|2025-12-13T17:03:14.6110000+08:00|10530A8D|1E|00|00|00|b76861a8d55f74af
261|2025-12-13T17:03:13.8810000+08:00|Add|10530A8D|CastTargetID|E0000000|CurrentMP|10000|CurrentWorldID|1076|Heading|-2.7943|Job|30|Level|100|MaxHP|145489|MaxMP|10000|ModelStatus|3072|Name|小祥客服|NPCTargetID|E0000000|PosX|30.6708|PosY|32.9659|PosZ|2.2000|Radius|0.5000|Type|1|WorldID|1076|3ef183854545392c
261|2025-12-13T17:03:13.8810000+08:00|Add|10531CBB|CastTargetID|E0000000|CurrentWorldID|1076|Heading|2.3737|Job|18|Level|100|MaxHP|42919|ModelStatus|2048|Name|尘世頌|NPCTargetID|E0000000|PosX|25.5269|PosY|37.5578|PosZ|1.7000|Radius|0.5000|Type|1|WorldID|1076|0c8154a67b5d6fbc
261|2025-12-13T17:03:13.8810000+08:00|Add|10531FFA|CastTargetID|E0000000|CurrentMP|10000|CurrentWorldID|1076|Heading|-2.9660|Job|39|Level|100|MaxHP|153534|MaxMP|10000|ModelStatus|2048|Name|Uyko|NPCTargetID|E0000000|PosX|32.0046|PosY|36.2020|PosZ|1.2000|Radius|0.5000|Type|1|WorldID|1201|3c926da8e532bddf
261|2025-12-13T17:03:13.8810000+08:00|Add|10530A6F|CastTargetID|E0000000|CurrentMP|10000|CurrentWorldID|1076|Heading|-1.8118|Job|34|Level|100|MaxHP|153746|MaxMP|10000|ModelStatus|2048|Name|绒绒猫|NPCTargetID|E0000000|PosX|27.6648|PosY|93.8826|PosZ|-8.0000|Radius|0.5000|Type|1|WorldID|1192|a70c74dd458721cb
261|2025-12-13T17:03:13.8810000+08:00|Add|1052806F|CastTargetID|E0000000|CurrentMP|10000|CurrentWorldID|1076|Heading|0.0000|Job|23|Level|95|MaxHP|92238|MaxMP|10000|ModelStatus|2048|Name|雷霆震|NPCTargetID|E0000000|PosX|25.4835|PosY|95.7090|PosZ|-19.0000|Radius|0.5000|Type|1|WorldID|1076|f3d9cd54ea72959e
01|2025-12-13T17:03:14.3000000+08:00|84|格里达尼亚新街|3ad5de01d16e9304
40|2025-12-13T17:03:14.3000000+08:00|2|黑衣森林|格里达尼亚新街||d4e912c3b8a9d1a5
265|2025-12-13T17:03:12.4433852+08:00|84|格里达尼亚新街|False|0|0|0|0|0|eeee4760cd193dd2
02|2025-12-13T17:03:14.3000000+08:00|10530A8D|小祥客服|1632df9741d38596
03|2025-12-13T17:03:14.3000000+08:00|10530A8D|小祥客服|1E|64|0000|434|BaiJinHuanXiang|0|0|145489|145489|10000|10000|||30.67|32.97|2.20|-2.79|09da587fc37fd1a1
03|2025-12-13T17:03:14.3000000+08:00|10531CBB|尘世頌|12|64|0000|434|BaiJinHuanXiang|0|0|42919|42919|0|10000|||25.53|37.56|1.70|2.37|ca379bf9b5a33972
03|2025-12-13T17:03:14.3000000+08:00|10531FFA|Uyko|27|64|0000|4B1|HongChaChuan2|0|0|153534|153534|10000|10000|||31.48|34.32|1.81|-2.74|c9758123f3bf6b45
03|2025-12-13T17:03:14.3000000+08:00|1052E19B|蚳蛊蛱杀|13|64|0000|434|BaiJinHuanXiang|0|0|231909|231909|10000|10000|||42.18|29.90|5.87|-1.36|a1ea283aaac4d740
03|2025-12-13T17:03:14.3000000+08:00|104E1D04|姜姜时|08|B|0000|434|BaiJinHuanXiang|0|0|186|186|0|10000|||-16.47|45.43|-3.25|-2.62|7aa3a9071cf91ee8
03|2025-12-13T17:03:14.3000000+08:00|10530A6F|绒绒猫|22|64|0000|4A8|ShuiJingTa2|0|0|153746|153746|10000|10000|||27.66|93.88|-8.00|-1.81|018082b882febe7a
03|2025-12-13T17:03:14.3000000+08:00|1052806F|雷霆震|17|5F|0000|434|BaiJinHuanXiang|0|0|92238|92238|10000|10000|||25.48|95.71|-19.00|0.00|24e8a41663db6066
03|2025-12-13T17:03:14.3000000+08:00|105319A6|惡徒|17|64|0000|434|BaiJinHuanXiang|0|0|81797|81797|10000|10000|||34.46|110.13|-7.50|-1.43|c2570d738c617adb
00|2025-12-13T17:03:13.0000000+08:00|0039||进入了休息区。|f858a28d19b0e4a5
261|2025-12-13T17:03:14.9930000+08:00|Change|10530A8D|ModelStatus|1024|PosZ|2.2000|2e4bc47c7e26f5e6
261|2025-12-13T17:03:14.9930000+08:00|Change|10531CBB|ModelStatus|0|563759320c7dd14a
261|2025-12-13T17:03:14.9930000+08:00|Change|10531FFA|Heading|-2.7796|ModelStatus|0|PosX|30.2818|PosY|32.1606|PosZ|2.1944|3190d52d1882c468
261|2025-12-13T17:03:14.9930000+08:00|Change|1052806F|ModelStatus|0|bde66676fda80ff0
261|2025-12-13T17:03:14.9930000+08:00|Change|10530A6F|ModelStatus|0|9d61b1c191198ebd
42|2025-12-13T17:03:15.9100000+08:00|10530A8D|小祥客服|0|0|0|6600a54df80c4e3e
261|2025-12-13T17:03:16.0370000+08:00|Change|10530A8D|ModelStatus|0|29df7f6a6470c39d
261|2025-12-13T17:03:17.7400000+08:00|Change|1052E19B|ModelStatus|0|1ef3086e8661a43c
261|2025-12-13T17:03:17.7400000+08:00|Change|104E1D04|ModelStatus|0|077338cec24f757d
261|2025-12-13T17:03:17.7400000+08:00|Change|105319A6|ModelStatus|0|1e7b6b50a47a1003
38|2025-12-13T17:03:32.5130000+08:00|104E1D04|姜姜时|000B0B08|186|186|180|180|0||-16.47|45.43|-3.25|-2.62|0|0|0|a163e71280ef8c6d
38|2025-12-13T17:03:35.6580000+08:00|104E1D04|姜姜时|000B0B08|186|186|180|180|0||-16.47|45.43|-3.25|-2.62|0|0|0|53e2a65e25061129
261|2025-12-13T17:03:39.3780000+08:00|Change|104E1D04|Heading|-1.2350|PosX|-29.3939|PosY|53.8232|PosZ|-3.1831|76287453efd5885e
261|2025-12-13T17:03:41.1870000+08:00|Change|104E1D04|Heading|-1.2410|NPCTargetID|11698C|PCTargetID|11698C|PosX|-38.0119|PosY|56.7740|PosZ|-3.2500|db3e53ab35043ee6
261|2025-12-13T17:03:45.7740000+08:00|Change|10530A8D|Heading|0.6139|PosX|39.5099|PosY|45.0574|PosZ|1.3267|48f64e5dd9d22178
00|2025-12-13T17:03:46.0000000+08:00|001B|美味海星|主要是效率很慢啊|a2c4af2d2619cc1d
38|2025-12-13T17:03:54.9330000+08:00|104E1D04|姜姜时|000C0C08|200|200|180|180|0||-38.93|57.08|-3.25|-1.61|0|0|0|03f7828d6208f355
03|2025-12-13T17:03:54.6580000+08:00|104E1D04|姜姜时|08|C|0000|434|BaiJinHuanXiang|0|0|200|200|0|10000|||-38.93|57.08|-3.25|-1.61|5f90138c35396e81
261|2025-12-13T17:03:55.8530000+08:00|Change|104E1D04|Heading|-1.6150|Level|12|MaxHP|200|NPCTargetID|E0000000|PCTargetID|0|PosX|-38.9258|PosY|57.0840|PosZ|-3.2500|f5f8f991844416c3
00|2025-12-13T17:04:03.0000000+08:00|001B|美味海星|我记得金牌只有一两个|e5c4428dcc5e5461
261|2025-12-13T17:04:06.1270000+08:00|Change|104E1D04|Heading|-2.8358|NPCTargetID|11698C|PCTargetID|11698C|PosX|-44.8158|PosY|58.4878|PosZ|-1.2500|767d2c528eb0926c
261|2025-12-13T17:04:09.5420000+08:00|Change|104E1D04|Heading|-3.1020|NPCTargetID|E0000000|PCTargetID|0|0337f865a410dbad
00|2025-12-13T17:04:12.0000000+08:00|001B|美味海星|攻城战都几十几十的|8887ce81a24dfa59
261|2025-12-13T17:04:13.3870000+08:00|Change|104E1D04|Heading|1.4959|PosX|-30.9780|PosY|52.4932|PosZ|-3.2500|af7fd89e255197ee
00|2025-12-13T17:04:14.0000000+08:00|001B|暮落·|你组队了吗|ba3ff5cd7e4d13f5
261|2025-12-13T17:04:15.8040000+08:00|Change|104E1D04|Heading|3.1027|PosX|-16.7882|PosY|47.4663|PosZ|-3.2500|bc63d5b3de9a6434
38|2025-12-13T17:04:35.8010000+08:00|104E1D04|姜姜时|000C0C08|200|200|180|180|0||-16.74|46.19|-3.25|-2.63|0|0|0|eb7a98cc87df8b03
00|2025-12-13T17:04:43.0000000+08:00|001B|美味海星|不过现在bzy猪区没什么人吧，真的有ce攻城战吗|1285aaddd2af5e3d
261|2025-12-13T17:05:08.1370000+08:00|Change|10531FFA|Heading|1.5767|NPCTargetID|10530A8D|PCTargetID|10530A8D|PosX|30.7164|PosY|28.9768|PosZ|2.2000|29f3953277b90f6d
261|2025-12-13T17:05:11.2440000+08:00|Change|10531FFA|NPCTargetID|E0000000|PCTargetID|0|3b16d5a5a3967dc1
38|2025-12-13T17:05:12.9620000+08:00|104E1D04|姜姜时|000D0D08|220|220|180|180|0||-16.74|46.19|-3.25|-2.63|0|0|0|38f83fef5745feb0
03|2025-12-13T17:05:12.7610000+08:00|104E1D04|姜姜时|08|D|0000|434|BaiJinHuanXiang|0|0|220|220|0|10000|||-16.74|46.19|-3.25|-2.63|7664970befff7f35
00|2025-12-13T17:05:14.0000000+08:00|001B|暮落·|时不时有晶簇车|7d5bc4c9a1e9e58f
261|2025-12-13T17:05:17.3880000+08:00|Change|10531FFA|Heading|1.3862|NPCTargetID|385C54|PCTargetID|385C54|e64b554f65036900
261|2025-12-13T17:05:22.3740000+08:00|Change|10531FFA|Heading|1.1491|NPCTargetID|E0000000|PCTargetID|0|7900cb9d16e2c52b
00|2025-12-13T17:05:24.0000000+08:00|001B|星不冉龙巢神殿|不是效率的问题，是我现在一个都没有，是不是哪个环节出错了|3b8074c9b79fc648
38|2025-12-13T17:05:27.2370000+08:00|10531ACE||00646413|244938|244938|10000|10000|0||||||0|0|0|1E0032|4088DD09|10531ACE|30d6d97ccccff052
261|2025-12-13T17:05:26.6000000+08:00|Add|10531ACE|CastTargetID|E0000000|CurrentMP|10000|CurrentWorldID|1076|Heading|-2.0572|Job|19|Level|100|MaxHP|244938|MaxMP|10000|ModelStatus|3328|Name|帕斯赫尔|NPCTargetID|E0000000|PosX|40.0017|PosY|34.3461|PosZ|1.2000|Radius|0.5000|Type|1|WorldID|1121|ea3a672b2f371989
03|2025-12-13T17:05:26.7380000+08:00|10531ACE|帕斯赫尔|13|64|0000|461|FuXiaoZhiJian|0|0|244938|244938|10000|10000|||40.00|34.35|1.20|-2.06|2e0627a7ad8e31f4
253|2025-12-13T17:28:56.4788015+08:00|FFXIV_ACT_Plugin Version: 2.7.4.6 (50BCD605C50A749F)|ee2219cd296f7808
251|2025-12-13T17:28:56.4788015+08:00|Process ffxiv_dx11 (9084) 最终幻想XIV started on 2025/12/13 16:43:07 Found, Verifying.|460f99f443c08279
251|2025-12-13T17:28:56.4788015+08:00|Found possible FFXIV process 9084 with version file C:\WeGameApps\rail_apps\ffxiv(2000340)\game\ffxivgame.ver.|1c04f576b5ef1251
251|2025-12-13T17:28:56.4788015+08:00|Process ffxiv_dx11 (9084) Verified.|d3e44a3084a35407
249|2025-12-13T17:28:56.4788015+08:00|Selected Language ID: Chinese, Disable Damage Shield: False, Disable Combine Pets: False, Parse Filter: Party, DoTCrits: False, RealDoTs: False|0c2335a6983be542
249|2025-12-13T17:28:56.4788015+08:00|Selected Process ID: 0, Dump All Network Data: False, Disable Combat Log: False|c629581f7029c798
256|2025-12-13T17:28:58.3794218+08:00|256|OverlayPlugin|RegisterLogLine|1|d299932e4760b77d
251|2025-12-13T17:28:58.3794218+08:00|Process ffxiv_dx11 (9084) 最终幻想XIV started on 2025/12/13 16:43:07 Found, Verifying.|fbef05a8ab0256b6
251|2025-12-13T17:28:58.3794218+08:00|Found possible FFXIV process 9084 with version file C:\WeGameApps\rail_apps\ffxiv(2000340)\game\ffxivgame.ver.|c14b24da557bd29d
251|2025-12-13T17:28:58.3794218+08:00|Process ffxiv_dx11 (9084) Verified.|25e7e5de3c93a910
251|2025-12-13T17:28:58.3794218+08:00|Found Signature [PartyList] at offset [027356E0]|34bed9b3bcd0df80
251|2025-12-13T17:28:58.3794218+08:00|Found Signature [MobArray] at offset [0272FD30]|c99350df568714a8
251|2025-12-13T17:28:58.3794218+08:00|Found Signature [ChatLog] at offset [02060D40]|2e02ebdb89d93dba
251|2025-12-13T17:28:58.3794218+08:00|Found Signature [Player] at offset [0294C758]|5813ae7c81e391ea
251|2025-12-13T17:28:58.3794218+08:00|Found Signature [ServerTime] at offset [0277C080]|67deec38dc30282f
251|2025-12-13T17:28:58.3794218+08:00|Found Signature [MapID] at offset [027354F4]|b7064b58013d7a01
251|2025-12-13T17:28:58.3794218+08:00|Found Signature [ZoneID] at offset [0291D4D8]|aed28053eca525ed
256|2025-12-13T17:28:58.9222228+08:00|257|OverlayPlugin|MapEffect|1|39ff3be3a323e9f2
256|2025-12-13T17:28:58.9496322+08:00|258|OverlayPlugin|FateDirector|1|e6421339cd3c7f53
256|2025-12-13T17:28:58.9528577+08:00|259|OverlayPlugin|CEDirector|1|f3eab5216cd7cc5f
256|2025-12-13T17:28:58.9614035+08:00|260|OverlayPlugin|InCombat|1|3751c21121b8cdd7
256|2025-12-13T17:28:58.9674687+08:00|261|OverlayPlugin|CombatantMemory|1|402b32638697b084
256|2025-12-13T17:28:58.9704687+08:00|262|OverlayPlugin|RSVData|1|54e105d0ca4df7b4
256|2025-12-13T17:28:58.9704687+08:00|263|OverlayPlugin|ActorCastExtra|1|84eca05cffe9ff7f
256|2025-12-13T17:28:58.9714695+08:00|264|OverlayPlugin|AbilityExtra|1|7222f79281cb06b9
256|2025-12-13T17:28:58.9734689+08:00|265|OverlayPlugin|ContentFinderSettings|1|ae81e44451e684f2
256|2025-12-13T17:28:58.9760163+08:00|266|OverlayPlugin|NpcYell|1|62931650907c58cc
256|2025-12-13T17:28:58.9793279+08:00|267|OverlayPlugin|BattleTalk2|1|7d0510df53fbe3c0
256|2025-12-13T17:28:58.9815680+08:00|268|OverlayPlugin|Countdown|1|a22bc468322f765f
256|2025-12-13T17:28:58.9840723+08:00|269|OverlayPlugin|CountdownCancel|1|42b0f822dc29a90b
256|2025-12-13T17:28:58.9861274+08:00|270|OverlayPlugin|ActorMove|1|0886466f197291d6
256|2025-12-13T17:28:58.9881228+08:00|271|OverlayPlugin|ActorSetPos|1|dd93645115bdc906
256|2025-12-13T17:28:58.9911228+08:00|272|OverlayPlugin|NpcSpawnExtra|1|e678510cc502a665
256|2025-12-13T17:28:58.9911228+08:00|273|OverlayPlugin|ActorControlExtra|1|de08d7d74c5adf30
256|2025-12-13T17:28:58.9911228+08:00|274|OverlayPlugin|ActorControlSelfExtra|1|52d35425966fba6f
251|2025-12-13T17:28:58.9911228+08:00|Found VTable for [ChatLog] at address [1E1865201A0]|59d5ee766febc52d
251|2025-12-13T17:28:58.9911228+08:00|DeucalionInjector: Successfully injected Deucalion dll into process id 9084.|a36b058c03cb6605
251|2025-12-13T17:28:58.9911228+08:00|DeucalionClient: Debug Channel 9000 Opcode Debug message: SERVER HELLO. VERSION: 1.4.0. HOOK STATUS: RECV ON. SEND ON. SEND_LOBBY ON. CREATE_TARGET ON.|c02959426fd68686
250|2025-12-13T17:28:58.9911228+08:00|Detected Process ID: 9084, Client Mode: FFXIV_64, IsAdmin: True, Game Version: 2025.10.23.0000.0000|9ec4f0fdf945f62b
251|2025-12-13T17:28:58.9911228+08:00|DeucalionClient: Debug Channel Lobby Opcode Debug message: Packet filters set: 0b00010010|46716f0510d88062
251|2025-12-13T17:28:58.9911228+08:00|DeucalionClient: Debug Channel 9000 Opcode Debug message: CHANGED NICKNAME: FFXIV_ACT_Plugin (subscriber 0)|58012f959f9c6c22
01|2025-12-13T17:29:03.9780000+08:00|84|格里达尼亚新街|a4e4bb9843f2f277
40|2025-12-13T17:29:03.9780000+08:00|2|黑衣森林|格里达尼亚新街||45f147dbb36541fe
02|2025-12-13T17:29:03.9780000+08:00|10530A8D|小祥客服|5819f5e94c309944
03|2025-12-13T17:29:03.9780000+08:00|10530A8D|小祥客服|1E|64|0000|434|BaiJinHuanXiang|0|0|145489|145489|10000|10000|||39.70|45.33|1.32|0.61|a5c6fca0f2c58308
03|2025-12-13T17:29:03.9780000+08:00|10531CBB|尘世頌|12|64|0000|434|BaiJinHuanXiang|0|0|42919|42919|0|10000|||25.53|37.56|1.70|2.37|05c96930b218cdc5
03|2025-12-13T17:29:03.9780000+08:00|1052E19B|蚳蛊蛱杀|13|64|0000|434|BaiJinHuanXiang|0|0|231909|231909|10000|10000|||42.18|29.90|5.87|-1.36|5c36875a76df6763
03|2025-12-13T17:29:03.9780000+08:00|1050D146|法尔ire|08|64|0000|434|BaiJinHuanXiang|0|0|4632|4632|0|10000|||51.32|54.00|-1.49|-2.48|158fd943b1d01c39
12|2025-12-13T17:29:03.9780000+08:00|30|377|4907|5130|286|328|440|4907|2171|1967|286|328|2247|592|420|420|40000BE01CDF89|61a1f0bdf8d686b8
38|2025-12-13T17:29:04.8750000+08:00|1050D146|法尔ire|00646408|4632|4632|36|730|0||51.32|54.00|-1.49|-2.48|0|0|0|1E016C|41F00000|E0000000|0100FC|0|1050D146|0|0|0|295E0030|446EE6E4|1050D146|0208B2|0|1050D146|0a60e70f2b9edc28
26|2025-12-13T17:29:04.8750000+08:00|FC|俭约|9999.00|1050D146|法尔ire|1050D146|法尔ire|01|4632|4632|204c6ba1c44b75d5
26|2025-12-13T17:29:04.8750000+08:00|30|进食|955.61|1050D146|法尔ire|1050D146|法尔ire|295E|4632|4632|7cdee5afd58c8d21
26|2025-12-13T17:29:04.8750000+08:00|8B2|崇敬|9999.00|1050D146|法尔ire|1050D146|法尔ire|02|4632|4632|445442d9e3c21016
260|2025-12-13T17:29:04.7590000+08:00|0|0|1|1|560036a7870e4c10
38|2025-12-13T17:29:05.9070000+08:00|1050D146|法尔ire|00646408|4632|4632|18|730|0||51.32|54.00|-1.49|-2.48|0|0|0|1E016C|41F00000|E0000000|0100FC|0|1050D146|0|0|0|295E0030|446EA4DD|1050D146|0208B2|0|1050D146|8b50c3eabf7278d8
261|2025-12-13T17:29:05.2320000+08:00|Add|10530A8D|CastTargetID|E0000000|CurrentMP|10000|CurrentWorldID|1076|Heading|0.6139|Job|30|Level|100|MaxHP|145489|MaxMP|10000|Name|小祥客服|NPCTargetID|E0000000|PosX|39.7044|PosY|45.3334|PosZ|1.3164|Radius|0.5000|Type|1|WorldID|1076|06f8c7e1cd08ea0d
261|2025-12-13T17:29:05.2320000+08:00|Add|10531CBB|CastTargetID|E0000000|CurrentWorldID|1076|Heading|2.3737|Job|18|Level|100|MaxHP|42919|Name|尘世頌|NPCTargetID|E0000000|PosX|25.5269|PosY|37.5578|PosZ|1.7000|Radius|0.5000|Type|1|WorldID|1076|9f5255391b700aea
261|2025-12-13T17:29:05.2320000+08:00|Add|1052E19B|CastTargetID|E0000000|CurrentMP|10000|CurrentWorldID|1076|Heading|-1.3578|Job|19|Level|100|MaxHP|231909|MaxMP|10000|Name|蚳蛊蛱杀|NPCTargetID|E0000000|PosX|42.1820|PosY|29.8986|PosZ|5.8694|Radius|0.5000|Type|1|WorldID|1076|5d6bc776b9194419
261|2025-12-13T17:29:05.2320000+08:00|Add|1050D146|CastTargetID|E0000000|CurrentWorldID|1076|Heading|-2.4803|Job|8|Level|100|MaxHP|4632|Name|法尔ire|NPCTargetID|E0000000|PosX|51.3160|PosY|54.0016|PosZ|-1.4892|Radius|0.5000|Type|1|WorldID|1076|47bbd82d9b3a123a
39|2025-12-13T17:29:07.0270000+08:00|1050D146|法尔ire|4632|4632|0|10000|||51.32|54.00|-1.49|-2.48|aab69d3c588d40ec
38|2025-12-13T17:29:07.8800000+08:00|1050D146|法尔ire|00646408|4632|4632|18|730|0||51.32|54.00|-1.49|-2.48|0|0|0|1E016C|41F00000|E0000000|0|0|0|0|0|0|295E0030|446E26A0|1050D146|0108B2|0|1050D146|c889f9cfa73d1e5a
30|2025-12-13T17:29:07.8800000+08:00|FC|俭约|0.00|1050D146|法尔ire|1050D146|法尔ire|01|4632|4632|18effd8dc6a05c54
26|2025-12-13T17:29:07.8800000+08:00|8B2|崇敬|9999.00|1050D146|法尔ire|1050D146|法尔ire|01|4632|4632|bfdf05251cb8f3f3
265|2025-12-13T17:29:07.8800000+08:00|0084|格里达尼亚新街|False|0|0|0|0|0|716b621a78040012
38|2025-12-13T17:29:08.9110000+08:00|1050D146|法尔ire|00646408|4632|4632|18|730|0||51.32|54.00|-1.49|-2.48|0|0|0|1E016C|41F00000|E0000000|0|0|0|0|0|0|295E0030|446DE499|1050D146|0108B2|0|1050D146|30609187444dfd0b
39|2025-12-13T17:29:10.0300000+08:00|1050D146|法尔ire|4632|4632|0|10000|||51.32|54.00|-1.49|-2.48|54cb917a4eeaffa3
39|2025-12-13T17:29:13.0390000+08:00|1050D146|法尔ire|4632|4632|0|10000|||51.32|54.00|-1.49|-2.48|2433e66a9e47db9d
38|2025-12-13T17:29:13.2620000+08:00|1050D146|法尔ire|00646408|4632|4632|18|730|0||51.32|54.00|-1.49|-2.48|0|0|0|1E016C|41F00000|E0000000|0|0|0|0|0|0|295E0030|446CCE36|1050D146|4b4a87c41f4547ca
30|2025-12-13T17:29:13.2620000+08:00|8B2|崇敬|0.00|1050D146|法尔ire|1050D146|法尔ire|01|4632|4632|7233c51b08509e7c
38|2025-12-13T17:29:13.2630000+08:00|1050D146|法尔ire|00646408|4632|4632|730|730|0||51.32|54.00|-1.49|-2.48|0|0|0|1E016C|41F00000|E0000000|0|0|0|0|0|0|295E0030|446CCE36|1050D146|910d2cc89c13e19c
38|2025-12-13T17:29:15.0120000+08:00|1050D146|法尔ire|00646408|4632|4632|730|730|0||51.32|54.00|-1.49|-2.48|0|0|0|1E016C|41F00000|E0000000|0|0|0|0|0|0|295E0030|446C5E3E|1050D146|9feced80bb0b89e5
39|2025-12-13T17:29:16.0440000+08:00|1050D146|法尔ire|4632|4632|0|10000|||51.32|54.00|-1.49|-2.48|b7b9499124c0169f
38|2025-12-13T17:29:16.4490000+08:00|1050D146|法尔ire|00646408|4632|4632|724|730|0||51.32|54.00|-1.49|-2.48|0|0|0|1E016C|41F00000|E0000000|0|0|0|0|0|0|295E0030|446C025E|1050D146|d032725770b4632a
38|2025-12-13T17:29:18.4230000+08:00|1050D146|法尔ire|00646408|4632|4632|724|730|0||51.32|54.00|-1.49|-2.48|0|0|0|1E016C|41F00000|E0000000|0200FB|0|1050D146|0|0|0|295E0030|446B8412|1050D146|5002ac974036588f
26|2025-12-13T17:29:18.4230000+08:00|FB|内静|9999.00|1050D146|法尔ire|1050D146|法尔ire|02|4632|4632|8cae419d6b4d4147
39|2025-12-13T17:29:19.0480000+08:00|1050D146|法尔ire|4632|4632|0|10000|||51.32|54.00|-1.49|-2.48|9cb11cdd2f70b3c0
38|2025-12-13T17:29:19.4510000+08:00|1050D146|法尔ire|00646408|4632|4632|724|730|0||51.32|54.00|-1.49|-2.48|0|0|0|1E016C|41F00000|E0000000|0200FB|0|1050D146|0|0|0|295E0030|446B424B|1050D146|2e8b2409b344ee35
38|2025-12-13T17:29:21.4230000+08:00|1050D146|法尔ire|00646408|4632|4632|724|730|0||51.32|54.00|-1.49|-2.48|0|0|0|1E016C|41F00000|E0000000|0200FB|0|1050D146|0EE5|0|1050D146|295E0030|446AC41F|1050D146|b654cf3c0969f644
26|2025-12-13T17:29:21.4230000+08:00|EE5|工匠的绝技|9999.00|1050D146|法尔ire|1050D146|法尔ire|00|4632|4632|1cad85b895153e58
38|2025-12-13T17:29:21.4230000+08:00|10531DF8||00646408|4602|4602|631|631|0||||||0|0|0|2801874454ee3250
261|2025-12-13T17:29:21.0580000+08:00|Add|10531DF8|CastTargetID|E0000000|CurrentWorldID|1076|Heading|-2.0572|Job|8|Level|100|MaxHP|4602|ModelStatus|3328|Name|小呆鹅|NPCTargetID|E0000000|PosX|41.9027|PosY|33.4101|PosZ|1.2000|Radius|0.5000|Type|1|WorldID|1076|bb3e6ee43e903945
03|2025-12-13T17:29:21.0580000+08:00|10531DF8|小呆鹅|08|64|0000|434|BaiJinHuanXiang|0|0|4602|4602|0|10000|||41.90|33.41|1.20|-2.06|708b7643a457044f
39|2025-12-13T17:29:22.0490000+08:00|1050D146|法尔ire|4632|4632|0|10000|||51.32|54.00|-1.49|-2.48|7a925efaeeb4f15c
21|2025-12-13T17:29:22.4520000+08:00|1050D146|法尔ire|11DE|掌握|1050D146|法尔ire|900050E|48C0000|1B|11DE8000|0|0|0|0|0|0|0|0|0|0|0|0|4632|4632|0|10000|||51.32|54.00|-1.49|-2.48|4632|4632|0|10000|||51.32|54.00|-1.49|-2.48|000158F1|0|1|00||01|11DE|11DE|0.600|1AF1|0884bb5335e37abc
264|2025-12-13T17:29:22.4520000+08:00|1050D146|11DE|000158F1|0||||-2.480|1050D146|5511d48a9ef9bd73
00|2025-12-13T17:29:22.0000000+08:00|0039||成功发送了参加申请。|ca19474e1cf61af2
37|2025-12-13T17:29:23.3930000+08:00|1050D146|法尔ire|000158F1|4632|4632|628|10000|0||51.32|54.00|-1.49|-2.48|0800|0|0|01|0400048C|08|0|1050D146|315c34c106dc6abf
26|2025-12-13T17:29:23.3930000+08:00|48C|掌握|9999.00|1050D146|法尔ire|1050D146|法尔ire|08|4632|4632|2f8a597fc1c68dcb
38|2025-12-13T17:29:23.3930000+08:00|1050D146|法尔ire|00646408|4632|4632|628|730|0||51.32|54.00|-1.49|-2.48|0|0|0|1E016C|41F00000|E0000000|0200FB|0|1050D146|0EE5|0|1050D146|295E0030|446A4612|1050D146|08048C|0|1050D146|27c0273f0a3db2fa
21|2025-12-13T17:29:24.4690000+08:00|1050D146|法尔ire|4A3C|改革|1050D146|法尔ire|532000E|88D0000|1B|4A3C8000|0|0|0|0|0|0|0|0|0|0|0|0|4632|4632|0|10000|||51.32|54.00|-1.49|-2.48|4632|4632|0|10000|||51.32|54.00|-1.49|-2.48|000158F2|0|1|00||01|4A3C|4A3C|0.600|1AF1|d310aae9b5f1f16f
264|2025-12-13T17:29:24.4690000+08:00|1050D146|4A3C|000158F2|0||||-2.480|1050D146|52c601120724bcc2
261|2025-12-13T17:29:24.4350000+08:00|Change|10530A8D|Heading|-2.0907|ModelStatus|512|PosX|34.5991|PosY|40.0991|PosZ|3.0380|2710a930b398d969
261|2025-12-13T17:29:24.6430000+08:00|Change|10531DF8|Heading|1.3696|ModelStatus|0|PosX|42.8056|PosY|29.9204|PosZ|1.1920|fc662ac1c2a502e1
261|2025-12-13T17:29:25.6520000+08:00|Remove|1050D146|8eb8a8373632f31c
261|2025-12-13T17:29:25.6520000+08:00|Remove|10530A8D|f1ff6f82c50f8ceb
261|2025-12-13T17:29:25.6520000+08:00|Remove|10531DF8|2adea7bcc464c788
261|2025-12-13T17:29:25.6520000+08:00|Remove|1052E19B|c2f29d2fa5c5442b
261|2025-12-13T17:29:25.6520000+08:00|Remove|10531CBB|6b2141d4acdfb530
31|2025-12-13T17:29:26.1220000+08:00|10530A8D|1E|00|00|00|ee0f8fa5928b48dd
31|2025-12-13T17:29:26.1220000+08:00|10530A8D|1E|00|00|00|f33cd949afb7081e
261|2025-12-13T17:29:25.8870000+08:00|Add|40001726|BNpcID|3F56|BNpcNameID|3050|CastTargetID|E0000000|CurrentMP|10000|CurrentWorldID|65535|Heading|-3.1416|Level|90|MaxHP|69200|MaxMP|10000|ModelStatus|18688|Name|风球|NPCTargetID|E0000000|PosX|100.0000|PosY|100.0000|Radius|1.0000|Type|2|WorldID|65535|65770570bcb6bbfd
261|2025-12-13T17:29:25.8870000+08:00|Add|40001727|BNpcID|3F56|BNpcNameID|3050|CastTargetID|E0000000|CurrentMP|10000|CurrentWorldID|65535|Heading|-3.1416|Level|90|MaxHP|69200|MaxMP|10000|ModelStatus|18688|Name|风球|NPCTargetID|E0000000|PosX|100.0000|PosY|100.0000|Radius|1.0000|Type|2|WorldID|65535|b5c9def2010a9613
272|2025-12-13T17:29:26.3430000+08:00|40001727|E0000000|0000|00|c9c1f7a7bb522675
272|2025-12-13T17:29:26.3430000+08:00|4000172C|E0000000|0000|00|ed63f2fe12ee55de
272|2025-12-13T17:29:26.3430000+08:00|4000172D|E0000000|0000|00|ed44055da589ede8
272|2025-12-13T17:29:26.3430000+08:00|40001729|E0000000|0000|00|7e87b30768bbf38b
272|2025-12-13T17:29:26.3430000+08:00|40001730|E0000000|0000|00|349430a0364b2d62
272|2025-12-13T17:29:26.3430000+08:00|40001731|E0000000|0000|00|9f6fdeccc3bfe063
272|2025-12-13T17:29:26.3430000+08:00|40001732|E0000000|0000|00|39ba09812376b53d
272|2025-12-13T17:29:26.3430000+08:00|4000172B|E0000000|0000|00|7cc943f5f1b3cf90
272|2025-12-13T17:29:26.3430000+08:00|40001734|E0000000|0000|00|fa1f527579c6e0a7
272|2025-12-13T17:29:26.3430000+08:00|40001735|E0000000|0000|00|3545ee0189c061c0
272|2025-12-13T17:29:26.3430000+08:00|4000172E|E0000000|0000|00|d527c931a07e0e28
272|2025-12-13T17:29:26.3430000+08:00|40001737|E0000000|0000|00|261899e086d99dda
272|2025-12-13T17:29:26.3430000+08:00|40001736|E0000000|0000|00|15323a312c94dafa
272|2025-12-13T17:29:26.3430000+08:00|40001739|E0000000|0000|00|2d3447356212d480
272|2025-12-13T17:29:26.3430000+08:00|4000173A|E0000000|0000|00|49dd3e968edb4586
272|2025-12-13T17:29:26.3430000+08:00|40001728|E0000000|0000|00|14cf3d2f55a77bab
272|2025-12-13T17:29:26.3430000+08:00|4000173B|E0000000|0000|00|86631874378667c9
272|2025-12-13T17:29:26.3430000+08:00|40001733|E0000000|0000|00|7553c23da0b7a1dc
272|2025-12-13T17:29:26.3430000+08:00|40001738|E0000000|0000|00|5c5c8b17e23c3318
261|2025-12-13T17:29:25.8870000+08:00|Add|40001728|BNpcID|3F56|BNpcNameID|3050|CastTargetID|E0000000|CurrentMP|10000|CurrentWorldID|65535|Heading|-3.1416|Level|90|MaxHP|69200|MaxMP|10000|ModelStatus|18688|Name|风球|NPCTargetID|E0000000|PosX|100.0000|PosY|100.0000|Radius|1.0000|Type|2|WorldID|65535|92307b75805986ef
272|2025-12-13T17:29:26.3430000+08:00|4000172A|E0000000|0000|00|da68524913d483e9
272|2025-12-13T17:29:26.3430000+08:00|40001726|E0000000|0000|00|7a10f4b1942136df
272|2025-12-13T17:29:26.3430000+08:00|4000172F|E0000000|0000|00|4f7c9b1ab49eeb59
261|2025-12-13T17:29:25.8870000+08:00|Add|10530A8D|CastTargetID|E0000000|CurrentMP|10000|CurrentWorldID|1076|Heading|-3.1416|Job|30|Level|100|MaxHP|145489|MaxMP|10000|ModelStatus|3328|Name|小祥客服|NPCTargetID|E0000000|PosX|100.6450|PosY|112.5060|Radius|0.5000|Type|1|WorldID|1076|03ccc990130c255a
261|2025-12-13T17:29:25.8870000+08:00|Add|4000172B|BNpcID|3F56|BNpcNameID|3050|CastTargetID|E0000000|CurrentMP|10000|CurrentWorldID|65535|Heading|-3.1416|Level|90|MaxHP|69200|MaxMP|10000|ModelStatus|18688|Name|风球|NPCTargetID|E0000000|PosX|100.0000|PosY|100.0000|Radius|1.0000|Type|2|WorldID|65535|16c16c5d8465ec49
261|2025-12-13T17:29:25.8870000+08:00|Add|40001729|BNpcID|3F56|BNpcNameID|3050|CastTargetID|E0000000|CurrentMP|10000|CurrentWorldID|65535|Heading|-3.1416|Level|90|MaxHP|69200|MaxMP|10000|ModelStatus|18688|Name|风球|NPCTargetID|E0000000|PosX|100.0000|PosY|100.0000|Radius|1.0000|Type|2|WorldID|65535|1899404a1ffc45d0
261|2025-12-13T17:29:25.8870000+08:00|Add|4000172A|BNpcID|3F56|BNpcNameID|3050|CastTargetID|E0000000|CurrentMP|10000|CurrentWorldID|65535|Heading|-3.1416|Level|90|MaxHP|69200|MaxMP|10000|ModelStatus|18688|Name|风球|NPCTargetID|E0000000|PosX|100.0000|PosY|100.0000|Radius|1.0000|Type|2|WorldID|65535|e356b2af75b342f9
272|2025-12-13T17:29:26.3870000+08:00|4000173C|E0000000|0000|00|641bc36009475224
272|2025-12-13T17:29:26.3870000+08:00|40001747|E0000000|0000|00|6ca50ab7a256a94e
272|2025-12-13T17:29:26.3870000+08:00|40001750|E0000000|0000|00|7664688eb1155fad
272|2025-12-13T17:29:26.3870000+08:00|40001752|E0000000|0000|00|f904abc43aa39cc9
272|2025-12-13T17:29:26.3870000+08:00|40001741|E0000000|0000|00|c52d88ca1f53d8f6
272|2025-12-13T17:29:26.3870000+08:00|40001742|E0000000|0000|00|0562b305e3ef3a1a
272|2025-12-13T17:29:26.3870000+08:00|40001746|E0000000|0000|00|639ad6f43816588d
261|2025-12-13T17:29:25.8870000+08:00|Add|4000172F|BNpcID|3F56|BNpcNameID|3050|CastTargetID|E0000000|CurrentMP|10000|CurrentWorldID|65535|Heading|-3.1416|Level|90|MaxHP|69200|MaxMP|10000|ModelStatus|18688|Name|风球|NPCTargetID|E0000000|PosX|100.0000|PosY|100.0000|Radius|1.0000|Type|2|WorldID|65535|f4df54a4b1863e28
272|2025-12-13T17:29:26.3870000+08:00|4000174A|E0000000|0000|00|d89260b808be4af1
272|2025-12-13T17:29:26.3870000+08:00|4000174D|E0000000|0000|00|f61171106fde627a
272|2025-12-13T17:29:26.3870000+08:00|4000174B|E0000000|0000|00|c70aa53b57430375
272|2025-12-13T17:29:26.3870000+08:00|40001740|E0000000|0000|00|ec6e737d5dbff02e
272|2025-12-13T17:29:26.3870000+08:00|4000174F|E0000000|0000|00|4e874eb92c4e5a45
272|2025-12-13T17:29:26.3870000+08:00|4000173D|E0000000|0000|00|e5295c0ee9088520
272|2025-12-13T17:29:26.3870000+08:00|40001743|E0000000|0000|00|1f88fd079f572484
272|2025-12-13T17:29:26.3870000+08:00|40001745|E0000000|0000|00|36a0da09752800d7
272|2025-12-13T17:29:26.3870000+08:00|4000174E|E0000000|0000|00|8417d86c8499295d
272|2025-12-13T17:29:26.3870000+08:00|4000173E|E0000000|0000|00|09cefd659eb25cf4
272|2025-12-13T17:29:26.3870000+08:00|40001751|E0000000|0000|00|630672b6456680b3
272|2025-12-13T17:29:26.3870000+08:00|40001744|E0000000|0000|00|53950386870a6ea3
272|2025-12-13T17:29:26.3870000+08:00|40001749|E0000000|0000|00|4156a07136fd2d7e
272|2025-12-13T17:29:26.3870000+08:00|40001748|E0000000|0000|00|871376bc446e2abe
272|2025-12-13T17:29:26.3870000+08:00|4000173F|E0000000|0000|00|4770ec194659585b
261|2025-12-13T17:29:25.8870000+08:00|Add|4000172C|BNpcID|3F56|BNpcNameID|3050|CastTargetID|E0000000|CurrentMP|10000|CurrentWorldID|65535|Heading|-3.1416|Level|90|MaxHP|69200|MaxMP|10000|ModelStatus|18688|Name|风球|NPCTargetID|E0000000|PosX|100.0000|PosY|100.0000|Radius|1.0000|Type|2|WorldID|65535|d4602b5582811571
261|2025-12-13T17:29:25.9990000+08:00|Add|40001730|BNpcID|3F56|BNpcNameID|3050|CastTargetID|E0000000|CurrentMP|10000|CurrentWorldID|65535|Heading|-3.1416|Level|90|MaxHP|69200|MaxMP|10000|ModelStatus|18688|Name|风球|NPCTargetID|E0000000|PosX|100.0000|PosY|100.0000|Radius|1.0000|Type|2|WorldID|65535|0fe7ad977a42f190
261|2025-12-13T17:29:25.9990000+08:00|Add|40001731|BNpcID|3F56|BNpcNameID|3050|CastTargetID|E0000000|CurrentMP|10000|CurrentWorldID|65535|Heading|-3.1416|Level|90|MaxHP|69200|MaxMP|10000|ModelStatus|18688|Name|风球|NPCTargetID|E0000000|PosX|100.0000|PosY|100.0000|Radius|1.0000|Type|2|WorldID|65535|461ee68e71c338b9
261|2025-12-13T17:29:25.9990000+08:00|Add|4000172D|BNpcID|3F56|BNpcNameID|3050|CastTargetID|E0000000|CurrentMP|10000|CurrentWorldID|65535|Heading|-3.1416|Level|90|MaxHP|69200|MaxMP|10000|ModelStatus|18688|Name|风球|NPCTargetID|E0000000|PosX|100.0000|PosY|100.0000|Radius|1.0000|Type|2|WorldID|65535|28406c6d47141798
261|2025-12-13T17:29:25.9990000+08:00|Add|4000172E|BNpcID|3F56|BNpcNameID|3050|CastTargetID|E0000000|CurrentMP|10000|CurrentWorldID|65535|Heading|-3.1416|Level|90|MaxHP|69200|MaxMP|10000|ModelStatus|18688|Name|风球|NPCTargetID|E0000000|PosX|100.0000|PosY|100.0000|Radius|1.0000|Type|2|WorldID|65535|b44dc06ed85978d6
272|2025-12-13T17:29:26.3870000+08:00|4000174C|E0000000|0000|00|98002f4965640d83
272|2025-12-13T17:29:26.4320000+08:00|40001753|E0000000|0000|00|11ca9a25129e38fe
272|2025-12-13T17:29:26.4320000+08:00|40001754|E0000000|0000|00|bb9e85d59ca6c0e4
31|2025-12-13T17:29:26.4320000+08:00|10530A8D|1E|00|00|00|f8a8aa9219bedcf4
261|2025-12-13T17:29:25.9990000+08:00|Add|40001724|BNpcID|1E850B|BNpcNameID|9187E984|CastBuffID|256|CastDurationMax|0.0000|CastGroundTargetX|32206.0400|CastGroundTargetY|0.0000|CastGroundTargetZ|175192200000000.0000|CastTargetID|42121A02|Heading|0.0000|Level|109|MaxMP|1795162112|ModelStatus|2304|Name|退出点|NPCTargetID|36000000|PCTargetID|18FA8813|PosX|100.0000|PosY|89.0000|Radius|0.5000|Type|7|WeaponId|3|9f1a536b33fdf70f
261|2025-12-13T17:29:25.9990000+08:00|Add|40001725|BNpcID|1E8536|CastBuffID|3101949968|CastGroundTargetX|0.0000|CastGroundTargetY|0.0000|CastTargetID|88E89FBB|CurrentWorldID|256|Heading|0.0000|IsCasting2|2|Level|43|MaxMP|687865856|ModelStatus|2304|NPCTargetID|4AFA1527|PosX|100.0000|PosY|112.0000|Radius|2.0000|Type|7|7765263cb583e83f
261|2025-12-13T17:29:25.9990000+08:00|Add|40001732|BNpcID|3F56|BNpcNameID|3050|CastTargetID|E0000000|CurrentMP|10000|CurrentWorldID|65535|Heading|-3.1416|Level|90|MaxHP|69200|MaxMP|10000|ModelStatus|18688|Name|风球|NPCTargetID|E0000000|PosX|100.0000|PosY|100.0000|Radius|1.0000|Type|2|WorldID|65535|6e9b0383e9582081
261|2025-12-13T17:29:25.9990000+08:00|Add|40001733|BNpcID|3F56|BNpcNameID|3050|CastTargetID|E0000000|CurrentMP|10000|CurrentWorldID|65535|Heading|-3.1416|Level|90|MaxHP|69200|MaxMP|10000|ModelStatus|18688|Name|风球|NPCTargetID|E0000000|PosX|100.0000|PosY|100.0000|Radius|1.0000|Type|2|WorldID|65535|e952c5c0dd1b9381
261|2025-12-13T17:29:25.9990000+08:00|Add|40001737|BNpcID|3F5A|BNpcNameID|304E|CastTargetID|E0000000|CurrentMP|10000|CurrentWorldID|65535|Heading|-3.1416|Level|90|MaxHP|69200|MaxMP|10000|ModelStatus|18688|Name|高贝扎的幻影|NPCTargetID|E0000000|PosX|100.0000|PosY|100.0000|Radius|7.5000|Type|2|WorldID|65535|1cf9c3e9f58685f9
261|2025-12-13T17:29:25.9990000+08:00|Add|40001736|BNpcID|3F5A|BNpcNameID|304E|CastTargetID|E0000000|CurrentMP|10000|CurrentWorldID|65535|Heading|-3.1416|Level|90|MaxHP|69200|MaxMP|10000|ModelStatus|18688|Name|高贝扎的幻影|NPCTargetID|E0000000|PosX|100.0000|PosY|100.0000|Radius|7.5000|Type|2|WorldID|65535|1bd023ed8e9a78db
261|2025-12-13T17:29:25.9990000+08:00|Add|40001735|BNpcID|3F56|BNpcNameID|3050|CastTargetID|E0000000|CurrentMP|10000|CurrentWorldID|65535|Heading|-3.1416|Level|90|MaxHP|69200|MaxMP|10000|ModelStatus|18688|Name|风球|NPCTargetID|E0000000|PosX|100.0000|PosY|100.0000|Radius|1.0000|Type|2|WorldID|65535|835b5a308e3b119b
261|2025-12-13T17:29:25.9990000+08:00|Add|40001734|BNpcID|3F56|BNpcNameID|3050|CastTargetID|E0000000|CurrentMP|10000|CurrentWorldID|65535|Heading|-3.1416|Level|90|MaxHP|69200|MaxMP|10000|ModelStatus|18688|Name|风球|NPCTargetID|E0000000|PosX|100.0000|PosY|100.0000|Radius|1.0000|Type|2|WorldID|65535|9eb69a68f3285089
261|2025-12-13T17:29:25.9990000+08:00|Add|40001739|BNpcID|3F5A|BNpcNameID|304E|CastTargetID|E0000000|CurrentMP|10000|CurrentWorldID|65535|Heading|-3.1416|Level|90|MaxHP|69200|MaxMP|10000|ModelStatus|18688|Name|高贝扎的幻影|NPCTargetID|E0000000|PosX|100.0000|PosY|100.0000|Radius|7.5000|Type|2|WorldID|65535|f49db38861c731cd
261|2025-12-13T17:29:25.9990000+08:00|Add|4000173A|BNpcID|3F55|BNpcNameID|304F|CastTargetID|E0000000|CurrentMP|10000|CurrentWorldID|65535|Heading|0.0000|Level|90|MaxHP|69200|MaxMP|10000|ModelStatus|18688|Name|黑龙|NPCTargetID|E0000000|PosX|100.0000|PosY|100.0000|Radius|7.0000|Type|2|WorldID|65535|0720d0cf908f8ce9
261|2025-12-13T17:29:25.9990000+08:00|Add|40001738|BNpcID|3F5A|BNpcNameID|304E|CastTargetID|E0000000|CurrentMP|10000|CurrentWorldID|65535|Heading|-3.1416|Level|90|MaxHP|69200|MaxMP|10000|ModelStatus|18688|Name|高贝扎的幻影|NPCTargetID|E0000000|PosX|100.0000|PosY|100.0000|Radius|7.5000|Type|2|WorldID|65535|042d156161ed7c2b
261|2025-12-13T17:29:25.9990000+08:00|Add|4000173B|BNpcID|3F54|BNpcNameID|304D|CastTargetID|E0000000|CurrentMP|10000|CurrentWorldID|65535|Heading|0.0000|Level|90|MaxHP|26635080|MaxMP|10000|ModelStatus|2304|Name|高贝扎|NPCTargetID|E0000000|PosX|100.0000|PosY|90.0000|Radius|6.0000|Type|2|WorldID|65535|dcd1f3b13dc67f59
261|2025-12-13T17:29:25.9990000+08:00|Add|4000173C|BNpcID|233C|BNpcNameID|304D|CastTargetID|E0000000|CurrentWorldID|65535|Heading|0.0000|Level|1|MaxHP|44|ModelStatus|2304|Name|高贝扎|NPCTargetID|E0000000|PosX|100.0000|PosY|90.0000|Radius|0.5000|Type|2|WorldID|65535|a15985cb314810e6
261|2025-12-13T17:29:25.9990000+08:00|Add|4000173D|BNpcID|233C|BNpcNameID|304D|CastTargetID|E0000000|CurrentWorldID|65535|Heading|0.0000|Level|1|MaxHP|44|ModelStatus|2304|Name|高贝扎|NPCTargetID|E0000000|PosX|100.0000|PosY|90.0000|Radius|0.5000|Type|2|WorldID|65535|7c66e8e67fb08dce
261|2025-12-13T17:29:25.9990000+08:00|Add|4000173F|BNpcID|233C|BNpcNameID|304D|CastTargetID|E0000000|CurrentWorldID|65535|Heading|0.0000|Level|1|MaxHP|44|ModelStatus|2304|Name|高贝扎|NPCTargetID|E0000000|PosX|100.0000|PosY|90.0000|Radius|0.5000|Type|2|WorldID|65535|eb98afb95c655539
261|2025-12-13T17:29:25.9990000+08:00|Add|40001740|BNpcID|233C|BNpcNameID|304D|CastTargetID|E0000000|CurrentWorldID|65535|Heading|0.0000|Level|1|MaxHP|44|ModelStatus|2304|Name|高贝扎|NPCTargetID|E0000000|PosX|100.0000|PosY|90.0000|Radius|0.5000|Type|2|WorldID|65535|25ef49f4b4b81d93
261|2025-12-13T17:29:25.9990000+08:00|Add|4000173E|BNpcID|233C|BNpcNameID|304D|CastTargetID|E0000000|CurrentWorldID|65535|Heading|0.0000|Level|1|MaxHP|44|ModelStatus|2304|Name|高贝扎|NPCTargetID|E0000000|PosX|100.0000|PosY|90.0000|Radius|0.5000|Type|2|WorldID|65535|f9385c3164bbe4e2
261|2025-12-13T17:29:26.1220000+08:00|Add|40001743|BNpcID|233C|BNpcNameID|304D|CastTargetID|E0000000|CurrentWorldID|65535|Heading|0.0000|Level|1|MaxHP|44|ModelStatus|2304|Name|高贝扎|NPCTargetID|E0000000|PosX|100.0000|PosY|90.0000|Radius|0.5000|Type|2|WorldID|65535|112d70b3c8429186
261|2025-12-13T17:29:26.1220000+08:00|Add|40001746|BNpcID|233C|BNpcNameID|304D|CastTargetID|E0000000|CurrentWorldID|65535|Heading|0.0000|Level|1|MaxHP|44|ModelStatus|2304|Name|高贝扎|NPCTargetID|E0000000|PosX|100.0000|PosY|90.0000|Radius|0.5000|Type|2|WorldID|65535|4d47faafa3de97de
261|2025-12-13T17:29:26.1220000+08:00|Add|40001742|BNpcID|233C|BNpcNameID|304D|CastTargetID|E0000000|CurrentWorldID|65535|Heading|0.0000|Level|1|MaxHP|44|ModelStatus|2304|Name|高贝扎|NPCTargetID|E0000000|PosX|100.0000|PosY|90.0000|Radius|0.5000|Type|2|WorldID|65535|2611157e249375bf
261|2025-12-13T17:29:26.1220000+08:00|Add|40001741|BNpcID|233C|BNpcNameID|304D|CastTargetID|E0000000|CurrentWorldID|65535|Heading|0.0000|Level|1|MaxHP|44|ModelStatus|2304|Name|高贝扎|NPCTargetID|E0000000|PosX|100.0000|PosY|90.0000|Radius|0.5000|Type|2|WorldID|65535|4437cf35e1e10e67
261|2025-12-13T17:29:26.1220000+08:00|Add|40001745|BNpcID|233C|BNpcNameID|304D|CastTargetID|E0000000|CurrentWorldID|65535|Heading|0.0000|Level|1|MaxHP|44|ModelStatus|2304|Name|高贝扎|NPCTargetID|E0000000|PosX|100.0000|PosY|90.0000|Radius|0.5000|Type|2|WorldID|65535|8de555eca7fa8881
261|2025-12-13T17:29:26.1220000+08:00|Add|40001744|BNpcID|233C|BNpcNameID|304D|CastTargetID|E0000000|CurrentWorldID|65535|Heading|0.0000|Level|1|MaxHP|44|ModelStatus|2304|Name|高贝扎|NPCTargetID|E0000000|PosX|100.0000|PosY|90.0000|Radius|0.5000|Type|2|WorldID|65535|39f577d57cfede40
261|2025-12-13T17:29:26.1220000+08:00|Add|4000174B|BNpcID|233C|BNpcNameID|304D|CastTargetID|E0000000|CurrentWorldID|65535|Heading|0.0000|Level|1|MaxHP|44|ModelStatus|2304|Name|高贝扎|NPCTargetID|E0000000|PosX|100.0000|PosY|90.0000|Radius|0.5000|Type|2|WorldID|65535|4a8693e7aa86e7e2
261|2025-12-13T17:29:26.1220000+08:00|Add|4000174C|BNpcID|233C|BNpcNameID|304D|CastTargetID|E0000000|CurrentWorldID|65535|Heading|0.0000|Level|1|MaxHP|44|ModelStatus|2304|Name|高贝扎|NPCTargetID|E0000000|PosX|100.0000|PosY|90.0000|Radius|0.5000|Type|2|WorldID|65535|8138e7d256fb94ac
261|2025-12-13T17:29:26.1220000+08:00|Add|40001748|BNpcID|233C|BNpcNameID|304D|CastTargetID|E0000000|CurrentWorldID|65535|Heading|0.0000|Level|1|MaxHP|44|ModelStatus|2304|Name|高贝扎|NPCTargetID|E0000000|PosX|100.0000|PosY|90.0000|Radius|0.5000|Type|2|WorldID|65535|912effeee0e67982
261|2025-12-13T17:29:26.1220000+08:00|Add|4000174A|BNpcID|233C|BNpcNameID|304D|CastTargetID|E0000000|CurrentWorldID|65535|Heading|0.0000|Level|1|MaxHP|44|ModelStatus|2304|Name|高贝扎|NPCTargetID|E0000000|PosX|100.0000|PosY|90.0000|Radius|0.5000|Type|2|WorldID|65535|4cfc370d711ac93b
261|2025-12-13T17:29:26.1220000+08:00|Add|40001747|BNpcID|233C|BNpcNameID|304D|CastTargetID|E0000000|CurrentWorldID|65535|Heading|0.0000|Level|1|MaxHP|44|ModelStatus|2304|Name|高贝扎|NPCTargetID|E0000000|PosX|100.0000|PosY|90.0000|Radius|0.5000|Type|2|WorldID|65535|7053d013ad15578b
261|2025-12-13T17:29:26.1220000+08:00|Add|40001749|BNpcID|233C|BNpcNameID|304D|CastTargetID|E0000000|CurrentWorldID|65535|Heading|0.0000|Level|1|MaxHP|44|ModelStatus|2304|Name|高贝扎|NPCTargetID|E0000000|PosX|100.0000|PosY|90.0000|Radius|0.5000|Type|2|WorldID|65535|55994d59bb424663
261|2025-12-13T17:29:26.1220000+08:00|Add|40001750|BNpcID|233C|BNpcNameID|304D|CastTargetID|E0000000|CurrentWorldID|65535|Heading|0.0000|Level|1|MaxHP|44|ModelStatus|2304|Name|高贝扎|NPCTargetID|E0000000|PosX|100.0000|PosY|90.0000|Radius|0.5000|Type|2|WorldID|65535|196f5ddb9aaccc40
261|2025-12-13T17:29:26.1220000+08:00|Add|4000174E|BNpcID|233C|BNpcNameID|304D|CastTargetID|E0000000|CurrentWorldID|65535|Heading|0.0000|Level|1|MaxHP|44|ModelStatus|2304|Name|高贝扎|NPCTargetID|E0000000|PosX|100.0000|PosY|90.0000|Radius|0.5000|Type|2|WorldID|65535|df74e2487392728e
261|2025-12-13T17:29:26.1220000+08:00|Add|4000174D|BNpcID|233C|BNpcNameID|304D|CastTargetID|E0000000|CurrentWorldID|65535|Heading|0.0000|Level|1|MaxHP|44|ModelStatus|2304|Name|高贝扎|NPCTargetID|E0000000|PosX|100.0000|PosY|90.0000|Radius|0.5000|Type|2|WorldID|65535|f6d183acdcaaa651
261|2025-12-13T17:29:26.1220000+08:00|Add|40001751|BNpcID|233C|BNpcNameID|304D|CastTargetID|E0000000|CurrentWorldID|65535|Heading|0.0000|Level|1|MaxHP|44|ModelStatus|2304|Name|高贝扎|NPCTargetID|E0000000|PosX|100.0000|PosY|90.0000|Radius|0.5000|Type|2|WorldID|65535|6101f59eecf94bb6
261|2025-12-13T17:29:26.1220000+08:00|Add|40001752|BNpcID|233C|BNpcNameID|304D|CastTargetID|E0000000|CurrentWorldID|65535|Heading|0.0000|Level|1|MaxHP|44|ModelStatus|2304|Name|高贝扎|NPCTargetID|E0000000|PosX|100.0000|PosY|90.0000|Radius|0.5000|Type|2|WorldID|65535|07d0a6eee67ebb46
261|2025-12-13T17:29:26.1220000+08:00|Add|4000174F|BNpcID|233C|BNpcNameID|304D|CastTargetID|E0000000|CurrentWorldID|65535|Heading|0.0000|Level|1|MaxHP|44|ModelStatus|2304|Name|高贝扎|NPCTargetID|E0000000|PosX|100.0000|PosY|90.0000|Radius|0.5000|Type|2|WorldID|65535|8af95df31ba93b24
261|2025-12-13T17:29:26.2320000+08:00|Add|40001754|BNpcID|233C|BNpcNameID|304D|CastTargetID|E0000000|CurrentWorldID|65535|Heading|0.0000|Level|1|MaxHP|44|ModelStatus|2304|Name|高贝扎|NPCTargetID|E0000000|PosX|100.0000|PosY|90.0000|Radius|0.5000|Type|2|WorldID|65535|4b2de7a24e971883
261|2025-12-13T17:29:26.2320000+08:00|Add|40001753|BNpcID|233C|BNpcNameID|304D|CastTargetID|E0000000|CurrentWorldID|65535|Heading|0.0000|Level|1|MaxHP|44|ModelStatus|2304|Name|高贝扎|NPCTargetID|E0000000|PosX|100.0000|PosY|90.0000|Radius|0.5000|Type|2|WorldID|65535|de07eaec46b8108f
01|2025-12-13T17:29:26.5820000+08:00|474|高贝扎歼灭战|d55058642147c0a1
40|2025-12-13T17:29:26.5820000+08:00|830|？？？？|立方魔法阵||e1d6d6a680d26aa7
02|2025-12-13T17:29:26.5820000+08:00|10530A8D|小祥客服|bd2ea70212f6ada8
265|2025-12-13T17:29:24.3153474+08:00|474|高贝扎歼灭战|True|1|0|0|0|0|15da43fec3b6dbb2
03|2025-12-13T17:29:26.5820000+08:00|10530A8D|小祥客服|1E|64|0000|434|BaiJinHuanXiang|0|0|145489|145489|10000|10000|||100.65|112.51|0.00|-3.14|aa8757ba115bf25c
03|2025-12-13T17:29:26.5820000+08:00|4000172F|风球|00|5A|0000|00||12368|16214|69200|69200|10000|10000|||100.00|100.00|0.00|-3.14|d5a168364d312f8b
03|2025-12-13T17:29:26.5820000+08:00|40001732|风球|00|5A|0000|00||12368|16214|69200|69200|10000|10000|||100.00|100.00|0.00|-3.14|b1a9f551ab19ba15
03|2025-12-13T17:29:26.5820000+08:00|4000172C|风球|00|5A|0000|00||12368|16214|69200|69200|10000|10000|||100.00|100.00|0.00|-3.14|9789c7ae190207ef
03|2025-12-13T17:29:26.5820000+08:00|40001728|风球|00|5A|0000|00||12368|16214|69200|69200|10000|10000|||100.00|100.00|0.00|-3.14|1ee784c9c0e27665
03|2025-12-13T17:29:26.5820000+08:00|4000172B|风球|00|5A|0000|00||12368|16214|69200|69200|10000|10000|||100.00|100.00|0.00|-3.14|08d6a48f4b6297e5
03|2025-12-13T17:29:26.5820000+08:00|40001739|高贝扎的幻影|00|5A|0000|00||12366|16218|69200|69200|10000|10000|||100.00|100.00|0.00|-3.14|571acf4df0667e98
03|2025-12-13T17:29:26.5820000+08:00|40001730|风球|00|5A|0000|00||12368|16214|69200|69200|10000|10000|||100.00|100.00|0.00|-3.14|238ebed6f6fcac94
03|2025-12-13T17:29:26.5820000+08:00|40001729|风球|00|5A|0000|00||12368|16214|69200|69200|10000|10000|||100.00|100.00|0.00|-3.14|97611d7a5227455f
03|2025-12-13T17:29:26.5820000+08:00|40001726|风球|00|5A|0000|00||12368|16214|69200|69200|10000|10000|||100.00|100.00|0.00|-3.14|be53c99310798fa6
03|2025-12-13T17:29:26.5820000+08:00|40001733|风球|00|5A|0000|00||12368|16214|69200|69200|10000|10000|||100.00|100.00|0.00|-3.14|e4a5e95c4060c82b
03|2025-12-13T17:29:26.5820000+08:00|4000172A|风球|00|5A|0000|00||12368|16214|69200|69200|10000|10000|||100.00|100.00|0.00|-3.14|d360ad10fcccce63
03|2025-12-13T17:29:26.5820000+08:00|40001737|高贝扎的幻影|00|5A|0000|00||12366|16218|69200|69200|10000|10000|||100.00|100.00|0.00|-3.14|467bf54400e385b6
03|2025-12-13T17:29:26.5820000+08:00|4000173A|黑龙|00|5A|0000|00||12367|16213|69200|69200|10000|10000|||100.00|100.00|0.00|0.00|84594ec19664a391
03|2025-12-13T17:29:26.5820000+08:00|40001736|高贝扎的幻影|00|5A|0000|00||12366|16218|69200|69200|10000|10000|||100.00|100.00|0.00|-3.14|15f74c9bc1f75024
03|2025-12-13T17:29:26.5820000+08:00|40001731|风球|00|5A|0000|00||12368|16214|69200|69200|10000|10000|||100.00|100.00|0.00|-3.14|04dfd13783bd92dd
03|2025-12-13T17:29:26.5820000+08:00|40001738|高贝扎的幻影|00|5A|0000|00||12366|16218|69200|69200|10000|10000|||100.00|100.00|0.00|-3.14|4afcc52872a89475
03|2025-12-13T17:29:26.5820000+08:00|4000172D|风球|00|5A|0000|00||12368|16214|69200|69200|10000|10000|||100.00|100.00|0.00|-3.14|88b9bc3803265213
03|2025-12-13T17:29:26.5820000+08:00|40001727|风球|00|5A|0000|00||12368|16214|69200|69200|10000|10000|||100.00|100.00|0.00|-3.14|2958b1dedd0526b3
03|2025-12-13T17:29:26.5820000+08:00|40001735|风球|00|5A|0000|00||12368|16214|69200|69200|10000|10000|||100.00|100.00|0.00|-3.14|075e28b6e756b9e8
03|2025-12-13T17:29:26.5820000+08:00|40001734|风球|00|5A|0000|00||12368|16214|69200|69200|10000|10000|||100.00|100.00|0.00|-3.14|347cae9d9102d531
03|2025-12-13T17:29:26.5820000+08:00|4000172E|风球|00|5A|0000|00||12368|16214|69200|69200|10000|10000|||100.00|100.00|0.00|-3.14|218a207763edb68c
03|2025-12-13T17:29:26.5820000+08:00|40001743|高贝扎|00|1|0000|00||12365|9020|44|44|0|10000|||100.00|90.00|0.00|0.00|88ed38e37e9bcc37
03|2025-12-13T17:29:26.5820000+08:00|4000174B|高贝扎|00|1|0000|00||12365|9020|44|44|0|10000|||100.00|90.00|0.00|0.00|438f1496c437c551
03|2025-12-13T17:29:26.5820000+08:00|4000173B|高贝扎|00|5A|0000|00||12365|16212|26635080|26635080|10000|10000|||100.00|90.00|0.00|0.00|4122413896813545
03|2025-12-13T17:29:26.5820000+08:00|40001754|高贝扎|00|1|0000|00||12365|9020|44|44|0|10000|||100.00|90.00|0.00|0.00|46417c12169d4009
03|2025-12-13T17:29:26.5820000+08:00|40001750|高贝扎|00|1|0000|00||12365|9020|44|44|0|10000|||100.00|90.00|0.00|0.00|e2547c3f611f6682
03|2025-12-13T17:29:26.5820000+08:00|4000174E|高贝扎|00|1|0000|00||12365|9020|44|44|0|10000|||100.00|90.00|0.00|0.00|39bdb9229198baa7
03|2025-12-13T17:29:26.5820000+08:00|40001746|高贝扎|00|1|0000|00||12365|9020|44|44|0|10000|||100.00|90.00|0.00|0.00|09ac4dcb56a0c617
03|2025-12-13T17:29:26.5820000+08:00|4000173F|高贝扎|00|1|0000|00||12365|9020|44|44|0|10000|||100.00|90.00|0.00|0.00|721ebddcdf378b25
03|2025-12-13T17:29:26.5820000+08:00|40001742|高贝扎|00|1|0000|00||12365|9020|44|44|0|10000|||100.00|90.00|0.00|0.00|7e557d78058734fb
03|2025-12-13T17:29:26.5820000+08:00|40001740|高贝扎|00|1|0000|00||12365|9020|44|44|0|10000|||100.00|90.00|0.00|0.00|949b5b8d3ae40e37
03|2025-12-13T17:29:26.5820000+08:00|4000173E|高贝扎|00|1|0000|00||12365|9020|44|44|0|10000|||100.00|90.00|0.00|0.00|3ed7b491968b3416
03|2025-12-13T17:29:26.5820000+08:00|4000173C|高贝扎|00|1|0000|00||12365|9020|44|44|0|10000|||100.00|90.00|0.00|0.00|5591779cd3b75072
03|2025-12-13T17:29:26.5820000+08:00|4000173D|高贝扎|00|1|0000|00||12365|9020|44|44|0|10000|||100.00|90.00|0.00|0.00|8a44bc9b93ab3745
03|2025-12-13T17:29:26.5820000+08:00|40001753|高贝扎|00|1|0000|00||12365|9020|44|44|0|10000|||100.00|90.00|0.00|0.00|d17f171ba79567cb
03|2025-12-13T17:29:26.5820000+08:00|4000174C|高贝扎|00|1|0000|00||12365|9020|44|44|0|10000|||100.00|90.00|0.00|0.00|7392ca38d0700949
03|2025-12-13T17:29:26.5820000+08:00|4000174D|高贝扎|00|1|0000|00||12365|9020|44|44|0|10000|||100.00|90.00|0.00|0.00|57a46e0c61ea3df3
03|2025-12-13T17:29:26.5820000+08:00|40001741|高贝扎|00|1|0000|00||12365|9020|44|44|0|10000|||100.00|90.00|0.00|0.00|03df85ab3ac100e3
03|2025-12-13T17:29:26.5820000+08:00|40001751|高贝扎|00|1|0000|00||12365|9020|44|44|0|10000|||100.00|90.00|0.00|0.00|c1e10c2e14afc9b1
03|2025-12-13T17:29:26.5820000+08:00|40001752|高贝扎|00|1|0000|00||12365|9020|44|44|0|10000|||100.00|90.00|0.00|0.00|4a1f2066333ba7d5
03|2025-12-13T17:29:26.5820000+08:00|40001748|高贝扎|00|1|0000|00||12365|9020|44|44|0|10000|||100.00|90.00|0.00|0.00|13c96e71199b5918
03|2025-12-13T17:29:26.5820000+08:00|4000174A|高贝扎|00|1|0000|00||12365|9020|44|44|0|10000|||100.00|90.00|0.00|0.00|8570a31751dfd66e
03|2025-12-13T17:29:26.5820000+08:00|40001747|高贝扎|00|1|0000|00||12365|9020|44|44|0|10000|||100.00|90.00|0.00|0.00|8022b03700b81f38
03|2025-12-13T17:29:26.5820000+08:00|4000174F|高贝扎|00|1|0000|00||12365|9020|44|44|0|10000|||100.00|90.00|0.00|0.00|7b049865ec44d195
03|2025-12-13T17:29:26.5820000+08:00|40001749|高贝扎|00|1|0000|00||12365|9020|44|44|0|10000|||100.00|90.00|0.00|0.00|44967f736c7f907f
03|2025-12-13T17:29:26.5820000+08:00|40001745|高贝扎|00|1|0000|00||12365|9020|44|44|0|10000|||100.00|90.00|0.00|0.00|bf3f84d3447b755c
03|2025-12-13T17:29:26.5820000+08:00|40001744|高贝扎|00|1|0000|00||12365|9020|44|44|0|10000|||100.00|90.00|0.00|0.00|15e34aeb81f69066
00|2025-12-13T17:29:25.0000000+08:00|0039||离开了休息区。|205481949b30b807
261|2025-12-13T17:29:27.0300000+08:00|Change|10530A8D|ModelStatus|0|PosZ|0.0300|Status|1|b292fd4813f93120
261|2025-12-13T17:29:27.0300000+08:00|Change|4000172B|ModelStatus|16384|PosZ|0.0300|4d01f00ae1ef2a05
261|2025-12-13T17:29:27.0300000+08:00|Change|40001729|ModelStatus|16384|PosZ|0.0300|029f706b3a231b69
261|2025-12-13T17:29:27.0300000+08:00|Change|4000172A|ModelStatus|16384|PosZ|0.0300|e0d4f4d6b2f723b2
261|2025-12-13T17:29:27.0300000+08:00|Change|4000172F|ModelStatus|16384|PosZ|0.0300|c279b17136a75db6
261|2025-12-13T17:29:27.0300000+08:00|Change|4000172C|ModelStatus|16384|PosZ|0.0300|3323fb3818c884da
261|2025-12-13T17:29:27.0300000+08:00|Change|40001730|ModelStatus|16384|PosZ|0.0300|b9e0cfab73aab866
261|2025-12-13T17:29:27.0300000+08:00|Change|40001731|ModelStatus|16384|PosZ|0.0300|880287ebea01da43
261|2025-12-13T17:29:27.0300000+08:00|Change|4000172D|ModelStatus|16384|PosZ|0.0300|229324e46411ef29
261|2025-12-13T17:29:27.0300000+08:00|Change|4000172E|ModelStatus|16384|PosZ|0.0300|83c5cf728a972cb1
261|2025-12-13T17:29:27.0300000+08:00|Change|40001732|ModelStatus|16384|PosZ|0.0300|9c24219f63d2a1e7
261|2025-12-13T17:29:27.0300000+08:00|Change|40001733|ModelStatus|16384|PosZ|0.0300|46aecb294fae7c1c
261|2025-12-13T17:29:27.0300000+08:00|Change|40001737|ModelStatus|16384|PosZ|0.0300|6efa194c039b4216
261|2025-12-13T17:29:27.0300000+08:00|Change|40001736|ModelStatus|16384|PosZ|0.0300|5b3bfd258137f258
261|2025-12-13T17:29:27.0300000+08:00|Change|40001735|ModelStatus|16384|PosZ|0.0300|ab7aae86a19836c1
261|2025-12-13T17:29:27.0300000+08:00|Change|40001734|ModelStatus|16384|PosZ|0.0300|29a817a3f80b353c
261|2025-12-13T17:29:27.1400000+08:00|Change|40001739|ModelStatus|16384|PosZ|0.0300|6188907937c21ba6
261|2025-12-13T17:29:27.1400000+08:00|Change|4000173A|ModelStatus|16384|PosZ|0.0300|f0d5ce05ce8605b9
261|2025-12-13T17:29:27.1400000+08:00|Change|40001738|ModelStatus|16384|PosZ|0.0300|d9f3ccb0f6df6e39
261|2025-12-13T17:29:27.1400000+08:00|Change|4000173B|ModelStatus|0|PosZ|0.0300|bdb274f933e4b5fd
261|2025-12-13T17:29:27.1400000+08:00|Change|4000173C|ModelStatus|0|PosZ|0.0300|418d8c78a1f4e08d
261|2025-12-13T17:29:27.1400000+08:00|Change|4000173D|ModelStatus|0|PosZ|0.0300|e57a09407c854c57
261|2025-12-13T17:29:27.1400000+08:00|Change|4000173F|ModelStatus|0|PosZ|0.0300|ab9adeb068ac7263
261|2025-12-13T17:29:27.1400000+08:00|Change|40001740|ModelStatus|0|PosZ|0.0300|ba6d534de432303f
261|2025-12-13T17:29:27.1400000+08:00|Change|4000173E|ModelStatus|0|PosZ|0.0300|2ccb5332ee7461d5
261|2025-12-13T17:29:27.1400000+08:00|Change|40001743|ModelStatus|0|PosZ|0.0300|9bdf0e0d261ee9bd
261|2025-12-13T17:29:27.1400000+08:00|Change|40001746|ModelStatus|0|PosZ|0.0300|95d7d0770fc671df
261|2025-12-13T17:29:27.1400000+08:00|Change|40001742|ModelStatus|0|PosZ|0.0300|6be4f52e4b40c177
261|2025-12-13T17:29:27.1400000+08:00|Change|40001741|ModelStatus|0|PosZ|0.0300|67a60170b70d91c2
261|2025-12-13T17:29:27.1400000+08:00|Change|40001745|ModelStatus|0|PosZ|0.0300|b3606e684754bb04
261|2025-12-13T17:29:27.1400000+08:00|Change|40001744|ModelStatus|0|PosZ|0.0300|aed733cb10441d09
261|2025-12-13T17:29:27.2640000+08:00|Change|4000174B|ModelStatus|0|PosZ|0.0300|aec6b2d2665b7a6a
261|2025-12-13T17:29:27.2640000+08:00|Change|4000174C|ModelStatus|0|PosZ|0.0300|4bcd716303c97be4
261|2025-12-13T17:29:27.2640000+08:00|Change|40001748|ModelStatus|0|PosZ|0.0300|4cd8bc49c58df0ec
261|2025-12-13T17:29:27.2640000+08:00|Change|4000174A|ModelStatus|0|PosZ|0.0300|0c9432eb3bf2bb34
261|2025-12-13T17:29:27.2640000+08:00|Change|40001747|ModelStatus|0|PosZ|0.0300|4f442a89e9d5816e
261|2025-12-13T17:29:27.2640000+08:00|Change|40001749|ModelStatus|0|PosZ|0.0300|203c65405393fa3b
261|2025-12-13T17:29:27.2640000+08:00|Change|40001750|ModelStatus|0|PosZ|0.0300|3e6c4cb2db0355e5
261|2025-12-13T17:29:27.2640000+08:00|Change|4000174E|ModelStatus|0|PosZ|0.0300|7121fad232e3aab1
261|2025-12-13T17:29:27.2640000+08:00|Change|4000174D|ModelStatus|0|PosZ|0.0300|cb8083470156da99
261|2025-12-13T17:29:27.2640000+08:00|Change|40001751|ModelStatus|0|PosZ|0.0300|3ba7fba5afee5bc5
261|2025-12-13T17:29:27.2640000+08:00|Change|40001752|ModelStatus|0|PosZ|0.0300|ba009489ca05782d
261|2025-12-13T17:29:27.2640000+08:00|Change|4000174F|ModelStatus|0|PosZ|0.0300|35729c1798b8e813
261|2025-12-13T17:29:27.2640000+08:00|Change|40001754|ModelStatus|0|PosZ|0.0300|aae6ff03c64ea436
261|2025-12-13T17:29:27.2640000+08:00|Change|40001753|ModelStatus|0|PosZ|0.0300|3637d0c6bd4b9e6d
261|2025-12-13T17:29:29.8280000+08:00|Change|40001728|ModelStatus|16384|PosZ|0.0300|0af7eeaa8914c34d
261|2025-12-13T17:29:29.8280000+08:00|Change|40001726|ModelStatus|16384|PosZ|0.0300|3f76e06cbe9ac4c3
261|2025-12-13T17:29:29.8280000+08:00|Change|40001727|ModelStatus|16384|PosZ|0.0300|f380c3c394c52aab
261|2025-12-13T17:29:29.9290000+08:00|Change|40001725|MaxMP|687865857|ModelStatus|0|77feddc98d90982e
33|2025-12-13T17:29:32.2130000+08:00|80034E79|40000007|01|01|00|00|8e9b2a907cb85823
33|2025-12-13T17:29:32.2130000+08:00|80034E79|40000001|E10|00|00|00|27db3a8e51315653
00|2025-12-13T17:29:31.0000000+08:00|0839||“高贝扎歼灭战”任务开始。|42dcd4e036d10356
261|2025-12-13T17:29:31.9250000+08:00|Change|40001725|ModelStatus|256|9ea4bf5681ea95f6
33|2025-12-13T17:29:32.2580000+08:00|80034E79|80000004|E0F|00|00|00|8b0e5a46e44c65d5
261|2025-12-13T17:29:32.0490000+08:00|Change|10530A8D|Status|0|7bf6daa89e2f7b24
00|2025-12-13T17:29:33.0000000+08:00|0839||选用“解除限制”参加任务， 打倒怪物之后将不会获得经验值或掉落道具以及精炼度。|db2ec9f08151e525
00|2025-12-13T17:29:33.0000000+08:00|0839||当前任务会随着每次挑战失败而逐渐对队员进行强化。|5608645bae0c2ff0
261|2025-12-13T17:29:35.7530000+08:00|Change|10530A8D|PCTargetID|4000173B|ce340ed4a78d6ddb
21|2025-12-13T17:29:36.9710000+08:00|10530A8D|小祥客服|8D3|天之印|10530A8D|小祥客服|100000E|1F08000|0|0|0|0|0|0|0|0|0|0|0|0|0|0|145489|145489|10000|10000|||100.67|110.75|0.03|3.12|145489|145489|10000|10000|||100.67|110.75|0.03|3.12|00002D8E|0|1|00||01|8D3|8D3|0.350|FF28|77fa39faf6e9afa7
264|2025-12-13T17:29:36.9710000+08:00|10530A8D|08D3|00002D8E|0||||3.121|10530A8D|bf23986473d38525
38|2025-12-13T17:29:36.9710000+08:00|10530A8D|小祥客服|0064641E|145489|145489|10000|10000|0||100.67|110.75|0.03|3.12|0|0|0|0101F0|40C00000|10530A8D|1645c21ba98bdea2
26|2025-12-13T17:29:36.9710000+08:00|1F0|结印|6.00|10530A8D|小祥客服|10530A8D|小祥客服|01|145489|145489|d48072a0b1fdfdb5
21|2025-12-13T17:29:37.4160000+08:00|10530A8D|小祥客服|4976|地之印|10530A8D|小祥客服|900000E|1F08000|0|0|0|0|0|0|0|0|0|0|0|0|0|0|145489|145489|10000|10000|||100.67|110.75|0.03|3.12|145489|145489|10000|10000|||100.67|110.75|0.03|3.12|00002D8F|0|1|00||01|4976|4976|0.350|FF28|84d5c766b5ed24e7
264|2025-12-13T17:29:37.4160000+08:00|10530A8D|4976|00002D8F|0||||3.121|10530A8D|4308be0c908c0b11
38|2025-12-13T17:29:37.4160000+08:00|10530A8D|小祥客服|0064641E|145489|145489|10000|10000|0||100.67|110.75|0.03|3.12|0|0|0|0901F0|40B1C28D|10530A8D|3b2f0e8ae57317a1
26|2025-12-13T17:29:37.4160000+08:00|1F0|结印|5.55|10530A8D|小祥客服|10530A8D|小祥客服|09|145489|145489|76db479ca906a0c4
21|2025-12-13T17:29:37.9500000+08:00|10530A8D|小祥客服|4977|人之印|10530A8D|小祥客服|3900000E|1F08000|0|0|0|0|0|0|0|0|0|0|0|0|0|0|145489|145489|10000|10000|||100.67|110.75|0.03|3.12|145489|145489|10000|10000|||100.67|110.75|0.03|3.12|00002D90|0|1|00||01|4977|4977|0.350|FF28|d9da7959de578c1c
264|2025-12-13T17:29:37.9500000+08:00|10530A8D|4977|00002D90|0||||3.121|10530A8D|76fba115a35eb36c
38|2025-12-13T17:29:37.9500000+08:00|10530A8D|小祥客服|0064641E|145489|145489|10000|10000|0||100.67|110.75|0.03|3.12|0|0|0|3901F0|40A0AC03|10530A8D|2db65d29a632fce5
26|2025-12-13T17:29:37.9500000+08:00|1F0|结印|5.02|10530A8D|小祥客服|10530A8D|小祥客服|39|145489|145489|e00f1cffb090dcfa
21|2025-12-13T17:29:38.4840000+08:00|10530A8D|小祥客服|8DF|水遁之术|4000173B|高贝扎|654003|96F90000|F|F088000|0|0|0|0|0|0|0|0|0|0|0|0|26635080|26635080|10000|10000|||100.00|90.00|0.03|0.00|145489|145489|10000|10000|||100.70|109.35|0.03|-3.11|00002D91|0|1|00||01|8DF|8DF|0.600|0172|1a44e9d83c422827
38|2025-12-13T17:29:38.4840000+08:00|10530A8D|小祥客服|0064641E|145489|145489|10000|10000|0||100.70|109.35|0.03|-3.11|0|0|0|0|0|0|0|0|0|0|0|0|0|0|0|0|0|0|0|0|0|0|0|0|0|0|0|0|0|0|0|0|0|0|0|0|0|0|0|0|0|0|0|0|0|0|0|0|0|0|0|0|0|0|0|0|0|0|0|0|0|0|0|0|0|0|0|0|0|0|0|0|0|0|0|0|0|0|0|0|0|0|0|0|0|0|0|0|0|0|0|0|0|0F08|C1A00000|10530A8D|e813e4f2ca725105
30|2025-12-13T17:29:38.4840000+08:00|1F0|结印|0.00|10530A8D|小祥客服|10530A8D|小祥客服|39|145489|145489|5264b4f117825895
26|2025-12-13T17:29:38.4840000+08:00|F08|忍隐|20.00|10530A8D|小祥客服|10530A8D|小祥客服|00|145489|145489|2826cd36d440a27b
264|2025-12-13T17:29:38.4840000+08:00|10530A8D|08DF|00002D91|0||||-3.106|4000173B|75c6be52c34bc3b6
260|2025-12-13T17:29:38.2350000+08:00|1|0|1|0|3da7b25e29f4b842
261|2025-12-13T17:29:39.0200000+08:00|Change|4000173B|NPCTargetID|10530A8D|6a24325fb7b2dd49
37|2025-12-13T17:29:39.4630000+08:00|4000173B|高贝扎|00002D91|26596431||||||100.00|90.00|0.03|0.00|f6d75f33f0b30af5
37|2025-12-13T17:29:39.4630000+08:00|10530A8D|小祥客服|00002D91|145489|145489|10000|10000|0||100.79|102.86|0.03|-3.07|1E00|0|0|01|1E000F08|0|41A00000|10530A8D|583f4c204323a98b
270|2025-12-13T17:29:39.4630000+08:00|4000173B|0.0545|0002|0014|100.0092|89.9991|0.0000|9642936e9a0794b4
38|2025-12-13T17:29:39.4630000+08:00|10530A8D|小祥客服|0064641E|145489|145489|10000|10000|0||100.72|102.19|0.03|-3.04|0|0|0|0|0|0|0|0|0|0|0|0|0|0|0|0|0|0|0|0|0|0|0|0|0|0|0|0|0|0|0|0|0|0|0|0|0|0|0|0|0|0|0|0|0|0|0|0|0|0|0|0|0|0|0|0|0|0|0|0|0|0|0|0|0|0|0|0|0|0|0|0|0|0|0|0|0|0|0|0|0|0|0|0|0|0|0|0|0|0|0|0|0|0F08|419FA3D7|10530A8D|b0bda3a3dfb25bac
267|2025-12-13T17:29:39.5070000+08:00|4000173B|80034E79|304D|8F5C|4000|0|2|0|0|89483759c0071dfe
260|2025-12-13T17:29:39.0200000+08:00|1|1|0|1|ef0ef7161e14d0e8
00|2025-12-13T17:29:39.0000000+08:00|0044|高贝扎|你无法阻止伟大的圣战！|3a3999bb2a1e8bea
261|2025-12-13T17:29:39.0200000+08:00|Change|10530A8D|Heading|-3.0407|PosX|100.6891|PosY|101.8698|PosZ|0.0300|c9491ad5047def9c
270|2025-12-13T17:29:39.7740000+08:00|4000173B|0.0598|0000|005A|100.1007|91.5861|0.0305|94693d36cd62502e
21|2025-12-13T17:29:39.9970000+08:00|10530A8D|小祥客服|8C0|双刃旋|4000173B|高贝扎|710003|3F1D0000|53E|9F8000|1B|8C08000|0|0|0|0|0|0|0|0|0|0|26596431|26635080|10000|10000|||100.02|90.54|0.03|0.05|145489|145489|10000|10000|||100.43|99.35|0.03|-3.08|00002D92|0|1|00||01|8C0|8C0|0.600|01F9|7c0528acf7b2e6ad
264|2025-12-13T17:29:39.9970000+08:00|10530A8D|08C0|00002D92|0||||-3.093|4000173B|94ed1c165d108c26
31|2025-12-13T17:29:39.9970000+08:00|10530A8D|5001E|00|00|00|b67bbe11cd8165cd
270|2025-12-13T17:29:40.0860000+08:00|4000173B|0.0405|0000|005A|100.1312|92.0133|0.0305|8a9cc5b4be079290
37|2025-12-13T17:29:40.3980000+08:00|4000173B|高贝扎|00002D92|26580274||||||100.09|91.69|0.03|0.04|04b9ac878a07e8f4
21|2025-12-13T17:29:40.5320000+08:00|10530A8D|小祥客服|07|攻击|4000173B|高贝扎|714003|13400000|0|0|0|0|0|0|0|0|0|0|0|0|0|0|26580274|26635080|10000|10000|||100.11|91.86|0.03|0.04|145489|145489|10000|10000|||100.41|99.15|0.03|-2.99|00002D93|0|1|00||01|07|07|0.100|04F0|44110b7429fed41d
264|2025-12-13T17:29:40.5320000+08:00|10530A8D|0007|00002D93|0||||-3.020|4000173B|dc15c414a17244d4
37|2025-12-13T17:29:41.0660000+08:00|4000173B|高贝扎|00002D93|26575346||||||100.11|92.00|0.03|0.04|75cc6cde6145e27d
21|2025-12-13T17:29:42.0910000+08:00|10530A8D|小祥客服|8C2|绝风|4000173B|高贝扎|28710003|54310000|53E|9F8000|11B|8C28000|0|0|0|0|0|0|0|0|0|0|26575346|26635080|10000|10000|||100.11|92.00|0.03|0.04|145489|145489|10000|10000|||100.44|99.42|0.03|-3.10|00002D94|0|1|00||01|8C2|8C2|0.600|01C6|6263073a8c12620e
31|2025-12-13T17:29:42.0910000+08:00|10530A8D|A001E|00|00|00|d6787c2ef7e11240
264|2025-12-13T17:29:42.0910000+08:00|10530A8D|08C2|00002D94|0||||-3.098|4000173B|811bcc62ab97df68
37|2025-12-13T17:29:42.4920000+08:00|4000173B|高贝扎|00002D94|26553793||||||100.11|92.00|0.03|0.04|de44838484262c07
21|2025-12-13T17:29:42.4920000+08:00|4000173B|高贝扎|844B|unknown_844b|10530A8D|小祥客服|750003|5C070000|1B|844B8000|0|0|0|0|0|0|0|0|0|0|0|0|145489|145489|10000|10000|||100.44|99.42|0.03|-3.10|26575346|26635080|10000|10000|||100.11|92.00|0.03|0.04|00002D95|0|1|00||01|844B|844B|0.100|81BF|a20455aa141932c4
264|2025-12-13T17:29:42.4920000+08:00|4000173B|844B|00002D95|0||||0.043|10530A8D|19d272879b1c4082
21|2025-12-13T17:29:42.7150000+08:00|10530A8D|小祥客服|07|攻击|4000173B|高贝扎|710003|F920000|0|0|0|0|0|0|0|0|0|0|0|0|0|0|26553793|26635080|10000|10000|||100.11|92.00|0.03|0.04|145489|145489|10000|10000|||100.44|99.42|0.03|-3.10|00002D96|0|1|00||01|07|07|0.100|01C7|dd8b48c17203b36a
264|2025-12-13T17:29:42.7150000+08:00|10530A8D|0007|00002D96|0||||-3.098|4000173B|8f923e3c357f4bf6
37|2025-12-13T17:29:43.2490000+08:00|4000173B|高贝扎|00002D96|26549807||||||100.11|92.00|0.03|0.04|163d798258f35ea7
37|2025-12-13T17:29:43.6500000+08:00|10530A8D|小祥客服|00002D95|121930||||||100.26|97.65|0.03|-3.04|08d65ee954fd101b
39|2025-12-13T17:29:44.0070000+08:00|10530A8D|小祥客服|123384|145489|10000|10000|||100.26|97.65|0.03|-3.04|cd245bd7d36293e1
21|2025-12-13T17:29:44.1850000+08:00|10530A8D|小祥客服|DEB|强甲破点突|4000173B|高贝扎|2D716003|ACA90000|23E|1478000|A3E|9F8000|53E|9F8000|11B|DEB8000|0|0|0|0|0|0|26549807|26635080|10000|10000|||100.11|92.00|0.03|0.04|123384|145489|10000|10000|||100.26|97.65|0.03|-3.12|00002D97|0|1|00||01|DEB|DEB|0.600|010C|6bb691555f454f50
264|2025-12-13T17:29:44.1850000+08:00|10530A8D|0DEB|00002D97|0||||-3.116|4000173B|6ce068ceab3e266a
31|2025-12-13T17:29:44.1850000+08:00|10530A8D|19001E|02|00|00|b6198f17c5a4bf62
267|2025-12-13T17:29:44.5410000+08:00|4000173B|80034E79|304D|8F5D|4000|0|2|0|0|c7ec8a8c3e1bf334
00|2025-12-13T17:29:44.0000000+08:00|0044|高贝扎|我会跨过你的尸体，完成最终的救赎！|8872e76761bde566
261|2025-12-13T17:29:44.3080000+08:00|Change|10530A8D|Heading|-3.0847|PosX|100.2160|PosY|96.8839|PosZ|0.0300|a0f5b51ddee6c980
37|2025-12-13T17:29:44.8090000+08:00|4000173B|高贝扎|00002D97|26505606||||||100.11|92.00|0.03|0.04|9241c4b4a6f12832
270|2025-12-13T17:29:44.8530000+08:00|4000173B|0.0187|0000|005A|100.1312|92.0133|0.0305|bcc400ad432445b5
21|2025-12-13T17:29:44.8980000+08:00|10530A8D|小祥客服|07|攻击|4000173B|高贝扎|710003|EEF0000|0|0|0|0|0|0|0|0|0|0|0|0|0|0|26505606|26635080|10000|10000|||100.11|92.00|0.03|0.04|123384|145489|10000|10000|||100.21|96.78|0.03|-3.08|00002D98|0|1|00||01|07|07|0.100|0251|e68a53953cab054f
264|2025-12-13T17:29:44.8980000+08:00|10530A8D|0007|00002D98|0||||-3.085|4000173B|e6d8e68d1fbb4f22
37|2025-12-13T17:29:45.4330000+08:00|4000173B|高贝扎|00002D98|26501783||||||100.11|92.00|0.03|0.02|595a22629b22a66d
21|2025-12-13T17:29:45.5220000+08:00|4000173B|高贝扎|844B|unknown_844b|10530A8D|小祥客服|750003|59410000|1B|844B8000|0|0|0|0|0|0|0|0|0|0|0|0|123384|145489|10000|10000|||100.32|98.76|0.03|0.06|26501783|26635080|10000|10000|||100.11|92.00|0.03|0.02|00002D99|0|1|00||01|844B|844B|0.100|812A|fef525fac1b43c72
264|2025-12-13T17:29:45.5220000+08:00|4000173B|844B|00002D99|0||||0.029|10530A8D|61199088d94d52f2
270|2025-12-13T17:29:45.8330000+08:00|4000173B|0.0378|0000|005A|100.1312|92.0133|0.0305|553f5fb9d6fd2179
21|2025-12-13T17:29:46.2800000+08:00|10530A8D|小祥客服|8C0|双刃旋|4000173B|高贝扎|710003|3EE10000|53E|9F8000|1B|8C08000|0|0|0|0|0|0|0|0|0|0|26501783|26635080|10000|10000|||100.11|92.00|0.03|0.04|123384|145489|10000|10000|||100.40|99.44|0.03|-3.10|00002D9A|0|1|00||01|8C0|8C0|0.600|0191|bfbec0652e589b90
264|2025-12-13T17:29:46.2800000+08:00|10530A8D|08C0|00002D9A|0||||-3.103|4000173B|38581c46b0cc4123
31|2025-12-13T17:29:46.2800000+08:00|10530A8D|1E001E|02|00|00|af604fc732dff79d
37|2025-12-13T17:29:46.6800000+08:00|4000173B|高贝扎|00002D9A|26485686||||||100.11|92.00|0.03|0.04|81c080e3fd00ecb8
37|2025-12-13T17:29:46.6800000+08:00|10530A8D|小祥客服|00002D99|100535||||||100.40|99.44|0.03|-3.10|340964611e13cb25
39|2025-12-13T17:29:46.9920000+08:00|10530A8D|小祥客服|101989|145489|10000|10000|||100.40|99.44|0.03|-3.10|b7d76bd92e69ffce
21|2025-12-13T17:29:47.0820000+08:00|10530A8D|小祥客服|07|攻击|4000173B|高贝扎|714003|14610000|0|0|0|0|0|0|0|0|0|0|0|0|0|0|26485686|26635080|10000|10000|||100.11|92.00|0.03|0.04|101989|145489|10000|10000|||100.40|99.44|0.03|-3.10|00002D9B|0|1|00||01|07|07|0.100|0191|78f218300ad8efc4
264|2025-12-13T17:29:47.0820000+08:00|10530A8D|0007|00002D9B|0||||-3.103|4000173B|312cbf30a89b0234
37|2025-12-13T17:29:47.6160000+08:00|4000173B|高贝扎|00002D9B|26480469||||||100.11|92.00|0.03|0.04|36648e646f7bb12b
21|2025-12-13T17:29:48.3740000+08:00|10530A8D|小祥客服|8C2|绝风|4000173B|高贝扎|28714003|655A0000|53E|9F8000|11B|8C28000|0|0|0|0|0|0|0|0|0|0|26480469|26635080|10000|10000|||100.11|92.00|0.03|0.04|101989|145489|10000|10000|||100.40|99.44|0.03|-3.10|00002D9C|0|1|00||01|8C2|8C2|0.600|0191|7d68769596e7aaca
31|2025-12-13T17:29:48.3740000+08:00|10530A8D|23001E|02|00|00|3dff0fe6d714c754
264|2025-12-13T17:29:48.3740000+08:00|10530A8D|08C2|00002D9C|0||||-3.103|4000173B|e3ae0132cefb6c7d
21|2025-12-13T17:29:48.5520000+08:00|4000173B|高贝扎|844B|unknown_844b|10530A8D|小祥客服|750003|58920000|1B|844B8000|0|0|0|0|0|0|0|0|0|0|0|0|101989|145489|10000|10000|||100.40|99.44|0.03|-3.10|26480469|26635080|10000|10000|||100.11|92.00|0.03|0.04|00002D9D|0|1|00||01|844B|844B|0.100|818A|faf0bbc0345b7274
264|2025-12-13T17:29:48.5520000+08:00|4000173B|844B|00002D9D|0||||0.038|10530A8D|d74f4cf90ee96bdb
37|2025-12-13T17:29:48.7750000+08:00|4000173B|高贝扎|00002D9C|26454523||||||100.11|92.00|0.03|0.04|a1865b3fc91b72a9
270|2025-12-13T17:29:49.0420000+08:00|4000173B|0.1846|0000|005A|100.1312|92.0133|0.0305|a7e9a6b04e76e79a
21|2025-12-13T17:29:49.2650000+08:00|10530A8D|小祥客服|07|攻击|4000173B|高贝扎|710003|FC30000|0|0|0|0|0|0|0|0|0|0|0|0|0|0|26454523|26635080|10000|10000|||100.11|92.00|0.03|0.08|101989|145489|10000|10000|||101.96|96.75|0.03|2.66|00002D9E|0|1|00||01|07|07|0.100|EA2A|d1627295aa3f72ee
264|2025-12-13T17:29:49.2650000+08:00|10530A8D|0007|00002D9E|0||||2.606|4000173B|989c0bf9495c333c
270|2025-12-13T17:29:49.3540000+08:00|4000173B|0.4938|0000|005A|100.1312|92.0133|0.0305|76667a3c0f573b1d
37|2025-12-13T17:29:49.7110000+08:00|10530A8D|小祥客服|00002D9D|79315||||||102.26|93.95|0.03|-2.83|1feedd16eca1b260
21|2025-12-13T17:29:49.7110000+08:00|4000173B|高贝扎|84B8|unknown_84b8|E0000000||0|0|0|0|0|0|0|0|0|0|0|0|0|0|0|0|||||||||||26454523|26635080|10000|10000|||100.11|92.00|0.03|0.43|00002D9F|0|0|00||01|84B8|84B8|2.100|7F62|5565821baf9f3091
264|2025-12-13T17:29:49.7110000+08:00|4000173B|84B8|00002D9F|1|100.009|100.009|0.000|-0.015|E0000000|ff6523409fbae299
37|2025-12-13T17:29:49.8000000+08:00|4000173B|高贝扎|00002D9E|26450488||||||100.11|92.00|0.03|0.43|a2555ded76070ce0
270|2025-12-13T17:29:49.8890000+08:00|4000173B|-0.0151|0000|005A|100.1312|92.0133|0.0305|3ef1b8b1616e209e
39|2025-12-13T17:29:50.0230000+08:00|10530A8D|小祥客服|80769|145489|10000|10000|||101.48|92.10|0.03|-2.73|794fd885c3fe4ea8
261|2025-12-13T17:29:49.6580000+08:00|Change|10530A8D|Heading|-2.9793|PosX|101.5848|PosY|92.0549|PosZ|0.0300|49689dc9800c6a38
21|2025-12-13T17:29:50.4690000+08:00|10530A8D|小祥客服|DEB|强甲破点突|4000173B|高贝扎|34710003|61E70000|23E|1478000|A3E|9F8000|53E|9F8000|11B|DEB8000|0|0|0|0|0|0|26450488|26635080|10000|10000|||100.11|92.00|0.03|-0.01|80769|145489|10000|10000|||102.25|90.80|0.03|2.95|00002DA0|0|1|00||01|DEB|DEB|0.600|5575|f3b63d6021431dbf
264|2025-12-13T17:29:50.4690000+08:00|10530A8D|0DEB|00002DA0|0||||-1.044|4000173B|c40fdb12bbe2b6dc
31|2025-12-13T17:29:50.4690000+08:00|10530A8D|32001E|04|00|00|5b7cc12ccc8f28e4
261|2025-12-13T17:29:50.1340000+08:00|Change|4000173B|Heading|-0.0151|PCTargetID|10530A8D|PosX|100.0509|PosY|96.1518|PosZ|0.0299|7a313ef262a30f40
270|2025-12-13T17:29:50.7360000+08:00|4000173B|-0.0151|0000|005A|100.0092|100.0092|0.1831|cb27f183d2af07e9
37|2025-12-13T17:29:51.0920000+08:00|4000173B|高贝扎|00002DA0|26425425||||||99.99|99.99|0.03|-0.02|248efcf9b23cb737
21|2025-12-13T17:29:51.4490000+08:00|10530A8D|小祥客服|07|攻击|4000173B|高贝扎|710003|F080000|0|0|0|0|0|0|0|0|0|0|0|0|0|0|26425425|26635080|10000|10000|||99.99|99.99|0.03|-0.02|80769|145489|10000|10000|||102.82|93.66|0.03|0.13|00002DA1|0|1|00||01|07|07|0.100|7F5E|06b21c91a3f427e6
264|2025-12-13T17:29:51.4490000+08:00|10530A8D|0007|00002DA1|0||||-0.016|4000173B|f04cc313162cd10f
261|2025-12-13T17:29:51.5980000+08:00|Change|10530A8D|Heading|0.2847|PosX|103.4926|PosY|96.7925|PosZ|0.0300|6676826715dcefc5
270|2025-12-13T17:29:51.9390000+08:00|4000173B|-2.2519|0000|005A|100.0092|100.0092|0.1831|80b9367005edca77
37|2025-12-13T17:29:51.9840000+08:00|4000173B|高贝扎|00002DA1|26421577||||||99.99|99.99|0.03|-0.39|a4dbcbbd23e1e91d
267|2025-12-13T17:29:52.0280000+08:00|4000173B|80034E79|304D|8F66|4000|0|2|0|0|1150c6a9c2ef836b
00|2025-12-13T17:29:51.0000000+08:00|0044|高贝扎|这里就是你的葬身之地！|4284c0351000a6c8
20|2025-12-13T17:29:52.1170000+08:00|4000173B|高贝扎|8463|迟缓地暴|4000173B|高贝扎|2.700|99.99|99.99|0.03|-0.96|893c51101a3ceb96
261|2025-12-13T17:29:51.8230000+08:00|Change|4000173B|CastBuffID|33891|CastDurationCurrent|0.0162|CastDurationMax|2.7000|CastTargetID|4000173B|Heading|-1.3347|IsCasting1|1|IsCasting2|1|PosX|99.9923|PosY|99.9923|PosZ|0.0300|ca1486e70db330fa
263|2025-12-13T17:29:52.1170000+08:00|4000173B|8463|100.009|100.009|0.183|3.141|1cca14305f01ad9c
270|2025-12-13T17:29:52.2510000+08:00|4000173B|3.1414|0000|005A|100.0092|100.0092|0.1831|c6d1621bdc3ea476
21|2025-12-13T17:29:52.5640000+08:00|10530A8D|小祥客服|8C0|双刃旋|4000173B|高贝扎|710003|3F690000|53E|9F8000|1B|8C08000|0|0|0|0|0|0|0|0|0|0|26421577|26635080|10000|10000|||99.99|99.99|0.03|-2.64|80769|145489|10000|10000|||104.11|97.70|0.03|-1.06|00002DA2|0|1|00||01|8C0|8C0|0.600|54A5|4eba6f2b9a7157a7
31|2025-12-13T17:29:52.5640000+08:00|10530A8D|37001E|04|00|00|dff427d19265a20a
264|2025-12-13T17:29:52.5640000+08:00|10530A8D|08C0|00002DA2|0||||-1.064|4000173B|cf3f9c2db5064242
37|2025-12-13T17:29:52.9650000+08:00|4000173B|高贝扎|00002DA2|26405344||||||99.99|99.99|0.03|3.14|4ab90a54bccdbe4b
39|2025-12-13T17:29:53.0090000+08:00|10530A8D|小祥客服|82223|145489|10000|10000|||104.11|97.70|0.03|-1.06|5637a8b8bbb3dc67
21|2025-12-13T17:29:53.6340000+08:00|10530A8D|小祥客服|07|攻击|4000173B|高贝扎|710003|101E0000|0|0|0|0|0|0|0|0|0|0|0|0|0|0|26405344|26635080|10000|10000|||99.99|99.99|0.03|3.14|82223|145489|10000|10000|||105.11|99.61|0.03|0.29|00002DA3|0|1|00||01|07|07|0.100|8EAC|3aa6f8a6a3c70963
264|2025-12-13T17:29:53.6340000+08:00|10530A8D|0007|00002DA3|0||||0.360|4000173B|663fc27d464e9369
261|2025-12-13T17:29:53.5240000+08:00|Change|10530A8D|Heading|-0.2380|PosX|105.0972|PosY|101.5622|PosZ|0.3276|06d03c090500c372
37|2025-12-13T17:29:54.1680000+08:00|4000173B|高贝扎|00002DA3|26401218||||||99.99|99.99|0.03|3.14|5cb145f683b02ea5
261|2025-12-13T17:29:53.8070000+08:00|Change|4000173B|CastDurationCurrent|2.0182|Heading|3.1415|PosX|99.9923|PosY|99.9923|PosZ|0.0300|6575dd89a45d1026
21|2025-12-13T17:29:54.7480000+08:00|10530A8D|小祥客服|8C2|绝风|4000173B|高贝扎|28714003|63E30000|53E|9F8000|11B|8C28000|0|0|0|0|0|0|0|0|0|0|26401218|26635080|10000|10000|||99.99|99.99|0.03|3.14|82223|145489|10000|10000|||102.45|105.23|0.03|-2.70|00002DA4|0|1|00||01|8C2|8C2|0.600|12D4|26a7a5e1399da7fc
264|2025-12-13T17:29:54.7480000+08:00|10530A8D|08C2|00002DA4|0||||-2.679|4000173B|7fa4dd6166aaed75
31|2025-12-13T17:29:54.7480000+08:00|10530A8D|3C001E|04|00|00|255278ab4aedda9f
21|2025-12-13T17:29:55.1050000+08:00|4000173B|高贝扎|8463|迟缓地暴|4000173B|高贝扎|1B|84638000|0|0|0|0|0|0|0|0|0|0|0|0|0|0|26401218|26635080|10000|10000|||99.99|99.99|0.03|3.14|26401218|26635080|10000|10000|||99.99|99.99|0.03|3.14|00002DA5|0|1|00||01|8463|8463|3.100|FFFE|cc5db8df1fc84f63
264|2025-12-13T17:29:55.1050000+08:00|4000173B|8463|00002DA5|0||||3.141|4000173B|a7a7ebaae20b6f94
37|2025-12-13T17:29:55.1500000+08:00|4000173B|高贝扎|00002DA4|26375647||||||99.99|99.99|0.03|3.14|b115e3ef9ceb25d6
261|2025-12-13T17:29:54.9300000+08:00|Change|10530A8D|Heading|-1.4060|PosX|101.8068|PosY|105.3273|PosZ|0.0300|a44bb953e7328732
21|2025-12-13T17:29:55.8180000+08:00|10530A8D|小祥客服|07|攻击|4000173B|高贝扎|714003|14470000|0|0|0|0|0|0|0|0|0|0|0|0|0|0|26375647|26635080|10000|10000|||99.99|99.99|0.03|3.14|82223|145489|10000|10000|||99.00|105.99|0.03|-1.42|00002DA6|0|1|00||01|07|07|0.100|4B07|c553c501ebce533d
264|2025-12-13T17:29:55.8180000+08:00|10530A8D|0007|00002DA6|0||||-1.300|4000173B|4cd0d49da4aeed07
39|2025-12-13T17:29:55.9970000+08:00|10530A8D|小祥客服|83677|145489|10000|10000|||98.25|106.00|0.03|-1.65|ee35924ed17ea975
271|2025-12-13T17:29:56.2190000+08:00|40001754|-0.7855|00|00|111.3137|88.6863|0.0000|8f876d5225c4810f
261|2025-12-13T17:29:55.9020000+08:00|Change|40001754|Heading|-0.7855|PosX|111.3137|PosY|88.6863|PosZ|0.0300|75ab8f5e790063a5
257|2025-12-13T17:29:56.2190000+08:00|80034E79|00010004|09|||fb6fe9b83ad3b8dd
20|2025-12-13T17:29:56.2640000+08:00|40001754|高贝扎|8465|迟缓地暴|40001754|高贝扎|7.700|111.31|88.69|0.03|-0.79|f7273c61b2430c8a
263|2025-12-13T17:29:56.2640000+08:00|40001754|8465|111.301|88.687|0.000|-0.785|d3b326577790cdfa
37|2025-12-13T17:29:56.3530000+08:00|4000173B|高贝扎|00002DA6|26370456||||||99.99|99.99|0.03|3.14|7384bf0d386280cc
261|2025-12-13T17:29:56.0120000+08:00|Change|4000173B|CastBuffID|0|CastDurationCurrent|0.0000|CastDurationMax|0.0000|CastTargetID|E0000000|IsCasting1|0|IsCasting2|0|cb51ff8ccf71a932
21|2025-12-13T17:29:56.8440000+08:00|10530A8D|小祥客服|8CF|旋风刃|4000173B|高贝扎|2A714003|91EA0000|A3E|9F8000|53E|9F8000|11B|8CF8000|0|0|0|0|0|0|0|0|26370456|26635080|10000|10000|||99.99|99.99|0.03|3.14|83677|145489|10000|10000|||100.27|104.46|0.03|-3.08|00002DA7|0|1|00||01|8CF|8CF|0.600|027C|bd9096d936f883ae
264|2025-12-13T17:29:56.8440000+08:00|10530A8D|08CF|00002DA7|0||||-3.081|4000173B|6bbbfa8386407ee9
31|2025-12-13T17:29:56.8440000+08:00|10530A8D|4B001E|03|00|00|c9335820c43ada0f
37|2025-12-13T17:29:57.3790000+08:00|4000173B|高贝扎|00002DA7|26333102||||||99.99|99.99|0.03|3.14|0db8269b77b1aa27
21|2025-12-13T17:29:58.0030000+08:00|10530A8D|小祥客服|07|攻击|4000173B|高贝扎|710003|10610000|0|0|0|0|0|0|0|0|0|0|0|0|0|0|26333102|26635080|10000|10000|||99.99|99.99|0.03|3.14|83677|145489|10000|10000|||100.27|104.46|0.03|-3.08|00002DA8|0|1|00||01|07|07|0.100|027C|eda5b6df48a028cf
264|2025-12-13T17:29:58.0030000+08:00|10530A8D|0007|00002DA8|0||||-3.081|4000173B|a9ff72476e91313c
270|2025-12-13T17:29:58.3590000+08:00|4000173B|0.9047|0000|005A|100.0092|100.0092|0.1831|11fb71d3fa0c31b0
37|2025-12-13T17:29:58.5380000+08:00|4000173B|高贝扎|00002DA8|26328909||||||99.99|99.99|0.03|2.18|c747c247f14942f2
270|2025-12-13T17:29:58.6710000+08:00|4000173B|-0.2253|0000|005A|100.0092|100.0092|0.1831|20b3dc224d01711a
261|2025-12-13T17:29:58.4450000+08:00|Change|10530A8D|Heading|-1.1354|PosX|96.8175|PosY|106.0945|PosZ|0.9253|26b95d319095d233
270|2025-12-13T17:29:58.9830000+08:00|4000173B|-0.4813|0000|005A|100.0092|100.0092|0.1831|f5aee1a0bcef45c0
39|2025-12-13T17:29:59.0280000+08:00|10530A8D|小祥客服|85131|145489|10000|10000|||95.20|106.85|1.82|-1.33|1746da43916c33ba
21|2025-12-13T17:29:59.2060000+08:00|4000173B|高贝扎|844B|unknown_844b|10530A8D|小祥客服|750003|57340000|1B|844B8000|0|0|0|0|0|0|0|0|0|0|0|0|85131|145489|10000|10000|||94.61|107.12|1.60|-1.35|26328909|26635080|10000|10000|||99.99|99.99|0.03|-0.04|00002DA9|0|1|00||01|844B|844B|0.100|660F|3f75bf097e727dfa
264|2025-12-13T17:29:59.2060000+08:00|4000173B|844B|00002DA9|0||||-0.637|10530A8D|ee786fcd5c2a0165
261|2025-12-13T17:29:58.8330000+08:00|Change|4000173B|Heading|-0.6367|PosX|99.9923|PosY|99.9923|PosZ|0.0300|fe48685a5421d0e1
270|2025-12-13T17:29:59.2950000+08:00|4000173B|-0.6367|0000|005A|100.0092|100.0092|0.1831|f0803520049dfb22
38|2025-12-13T17:29:59.4290000+08:00|10530A8D|小祥客服|0064641E|85131|145489|10000|10000|0||93.29|107.73|0.06|-1.35|0|0|0|b81d1e3d338f491b
30|2025-12-13T17:29:59.4290000+08:00|F08|忍隐|0.00|10530A8D|小祥客服|10530A8D|小祥客服|00|145489|145489|decaa4212c9e3834
261|2025-12-13T17:29:59.1600000+08:00|Change|10530A8D|Heading|-1.2736|PosX|92.2489|PosY|108.0168|PosZ|0.0300|9c2bc8610245841c
270|2025-12-13T17:29:59.6070000+08:00|4000173B|-0.7428|0000|005A|99.7345|100.2838|0.1831|57c61da819c94e9a
261|2025-12-13T17:29:59.4470000+08:00|Change|40001754|CastBuffID|33893|CastDurationCurrent|3.5577|CastDurationMax|7.7000|CastTargetID|40001754|IsCasting1|1|IsCasting2|1|bace97301d1542c7
270|2025-12-13T17:29:59.9190000+08:00|4000173B|-0.7428|0000|005A|97.9644|102.2065|0.1831|307daccb1e45c702
270|2025-12-13T17:30:00.2310000+08:00|4000173B|-0.8314|0000|005A|97.1404|103.1220|0.1831|03884a21bcafbe8a
261|2025-12-13T17:29:59.9530000+08:00|Change|10530A8D|Heading|-0.9385|PosX|88.2495|PosY|111.0634|PosZ|0.0300|b515bc97ff259e1a
37|2025-12-13T17:30:00.3650000+08:00|10530A8D|小祥客服|00002DA9|62807||||||88.61|110.80|0.03|-0.94|03da9fa786df419e
270|2025-12-13T17:30:00.5430000+08:00|4000173B|-0.8314|0000|005A|95.4314|104.6785|0.1831|72af459f4db7ee83
270|2025-12-13T17:30:00.8560000+08:00|4000173B|-0.8599|0000|005A|93.8139|106.1739|0.1831|f2ddcd0a472eb082
261|2025-12-13T17:30:00.4620000+08:00|Change|4000173B|Heading|-0.8244|PosX|95.9566|PosY|104.1466|PosZ|0.0300|641d0930f9ef1fb6
261|2025-12-13T17:30:00.6590000+08:00|Change|10530A8D|Heading|-1.2527|PosX|83.5995|PosY|113.1981|PosZ|-0.5804|e062f92268ba4cfd
270|2025-12-13T17:30:01.1670000+08:00|4000173B|-0.9166|0000|005A|92.2269|107.3946|0.1831|35d20c82a84545f6
31|2025-12-13T17:30:01.2570000+08:00|10530A8D|1E|00|00|00|03b2cc3d37da47ff
38|2025-12-13T17:30:01.2570000+08:00|10530A8D|小祥客服|0064641E|0|145489|0|10000|0||82.80|113.45|-1.83|-1.25|0|0|0|8731a6f4d03e4983
261|2025-12-13T17:30:00.9880000+08:00|Change|10530A8D|CurrentMP|0|PCTargetID|0|PosX|82.0125|PosY|113.6986|PosZ|-4.0063|80b401dfcf538057
270|2025-12-13T17:30:01.4800000+08:00|4000173B|-0.9288|0000|005A|91.8607|107.6388|0.1831|f28e3ecee63d1cbf
261|2025-12-13T17:30:01.2380000+08:00|Change|10530A8D|Heading|-1.2527|PosX|80.7069|PosY|114.1104|PosZ|-9.4705|59c50780f7ad7cb3
261|2025-12-13T17:30:01.5970000+08:00|Change|10530A8D|Heading|-1.2527|PosX|79.3815|PosY|114.5285|PosZ|-16.4882|e78ff85a99bed98c
261|2025-12-13T17:30:01.5970000+08:00|Change|4000173B|Heading|-0.9288|NPCTargetID|E0000000|PosX|91.8440|PosY|107.6218|PosZ|0.0300|09680cd2a189b5fc
261|2025-12-13T17:30:01.9420000+08:00|Change|10530A8D|Heading|-1.2527|PosX|78.0569|PosY|114.9462|PosZ|-23.5287|a26ac4685b838bfc
33|2025-12-13T17:30:02.2830000+08:00|80034E79|40000005|00|00|00|00|f1a073bbb7daec0e
260|2025-12-13T17:30:01.9420000+08:00|1|0|0|1|e0badefa59cc21f5
25|2025-12-13T17:30:03.2640000+08:00|10530A8D|小祥客服|E0000000||95f7578434d5c6f5
261|2025-12-13T17:30:03.2480000+08:00|Change|10530A8D|Heading|-1.2527|PosX|72.1279|PosY|116.8163|PosZ|-55.1167|4e1195b95035ba02
271|2025-12-13T17:30:03.7540000+08:00|10530A8D|-3.1416|19|02|100.6450|112.5060|0.0300|7df10c97c3086e71
267|2025-12-13T17:30:04.2450000+08:00|4000173B|80034E79|304D|8F5E|4000|0|2|0|0|8aa897f7dd91361d
21|2025-12-13T17:30:04.2450000+08:00|40001754|高贝扎|8465|迟缓地暴|E0000000||0|0|0|0|0|0|0|0|0|0|0|0|0|0|0|0|||||||||||44|44|0|10000|||111.31|88.69|0.03|-0.79|00002DAA|0|0|00||01|8465|8465|1.100|5FFF|66c1d7c43b341f2e
264|2025-12-13T17:30:04.2450000+08:00|40001754|8465|00002DAA|1|0.000|0.000|0.000|-0.785|40001754|6483a4ed8c5e85f7
261|2025-12-13T17:30:03.9550000+08:00|Change|40001754|CastBuffID|0|CastDurationCurrent|0.0000|CastDurationMax|0.0000|CastTargetID|E0000000|IsCasting1|0|IsCasting2|0|981f986221fefa5d
00|2025-12-13T17:30:03.0000000+08:00|0044|高贝扎|我要拯救这个世界！|29142ee44c8ceab1
20|2025-12-13T17:30:04.3340000+08:00|4000173B|高贝扎|846B|弦月剑|4000173B|高贝扎|4.700|91.84|107.62|0.03|-0.93|fe917c20e4d1bb6e
263|2025-12-13T17:30:04.3340000+08:00|4000173B|846B|91.861|107.639|0.183|-0.929|15792440c9e7b7f7
261|2025-12-13T17:30:04.5390000+08:00|Change|10530A8D|Heading|-3.1416|PosX|100.6450|PosY|112.5060|PosZ|0.0300|a6e7bddc7f35bc06
33|2025-12-13T17:30:05.3620000+08:00|80034E79|8000000D|00|00|00|00|eb9045e849f661ce
33|2025-12-13T17:30:05.3620000+08:00|80034E79|80000029|00|00|00|00|06aa066d9a5e9962
33|2025-12-13T17:30:05.3620000+08:00|80034E79|40000013|00|00|00|00|b866092f876639bc
33|2025-12-13T17:30:05.4920000+08:00|80034E79|8000000D|01|00|00|00|4919b0674136f207
257|2025-12-13T17:30:05.4920000+08:00|80034E79|00040004|00|||ccab44de401a547d
257|2025-12-13T17:30:05.4920000+08:00|80034E79|00040004|02|||c6f4038bc03f456b
257|2025-12-13T17:30:05.4920000+08:00|80034E79|00040004|03|||5a2b55ab8bc9d517
257|2025-12-13T17:30:05.4920000+08:00|80034E79|00040004|04|||8c691621712cf2ee
257|2025-12-13T17:30:05.4920000+08:00|80034E79|00040004|05|||c3cca4ab5e77a75b
257|2025-12-13T17:30:05.4920000+08:00|80034E79|00040004|06|||d8fcd0ad4772e857
257|2025-12-13T17:30:05.4920000+08:00|80034E79|00040004|07|||3f9481c029fb4fe8
257|2025-12-13T17:30:05.4920000+08:00|80034E79|00040004|08|||537cf1489c21861b
257|2025-12-13T17:30:05.4920000+08:00|80034E79|00040004|09|||e6011b56ae7ac12d
257|2025-12-13T17:30:05.4920000+08:00|80034E79|00040004|0B|||ddbefbbdb1c8057b
257|2025-12-13T17:30:05.4920000+08:00|80034E79|00040004|0A|||a111c773dafca730
257|2025-12-13T17:30:05.4920000+08:00|80034E79|00040004|0D|||ed7396d3e523cfeb
257|2025-12-13T17:30:05.4920000+08:00|80034E79|00040004|0C|||f19424e07cead06a
31|2025-12-13T17:30:05.4930000+08:00|10530A8D|1E|00|00|00|5abb05f477bf2939
33|2025-12-13T17:30:05.4930000+08:00|80034E79|4000000F|DF3|00|00|00|55f0342b1cbb30a6
257|2025-12-13T17:30:05.4920000+08:00|80034E79|00040004|01|||5885c2450f756e4d
260|2025-12-13T17:30:05.4150000+08:00|0|0|1|0|0495a54439acf28f
272|2025-12-13T17:30:05.6260000+08:00|40001780|E0000000|0000|00|917b77e698beea6b
272|2025-12-13T17:30:05.6260000+08:00|40001781|E0000000|0000|00|8b439aa0493c9d91
272|2025-12-13T17:30:05.6260000+08:00|40001783|E0000000|0000|00|a4b58dd6173eecfb
272|2025-12-13T17:30:05.6260000+08:00|40001782|E0000000|0000|00|33ef90d046e4fe6a
272|2025-12-13T17:30:05.6260000+08:00|40001785|E0000000|0000|00|696c93cf972754db
272|2025-12-13T17:30:05.6260000+08:00|40001757|E0000000|0000|00|6d59b9592d8d3194
272|2025-12-13T17:30:05.6260000+08:00|40001758|E0000000|0000|00|079c9cefefb73326
272|2025-12-13T17:30:05.6260000+08:00|40001759|E0000000|0000|00|219c9127505ebb7b
272|2025-12-13T17:30:05.6260000+08:00|4000175A|E0000000|0000|00|c1ab76f74158f0b9
272|2025-12-13T17:30:05.6260000+08:00|40001784|E0000000|0000|00|42cceb6c70094779
272|2025-12-13T17:30:05.6260000+08:00|4000175C|E0000000|0000|00|4925096e881f4bc8
272|2025-12-13T17:30:05.6260000+08:00|4000175D|E0000000|0000|00|39c01556709308ff
272|2025-12-13T17:30:05.6260000+08:00|4000175E|E0000000|0000|00|344159ce6fc27541
272|2025-12-13T17:30:05.6260000+08:00|4000175F|E0000000|0000|00|0781af84383feffd
272|2025-12-13T17:30:05.6260000+08:00|40001760|E0000000|0000|00|650c0cfbda5a856d
272|2025-12-13T17:30:05.6260000+08:00|40001761|E0000000|0000|00|99b268e692b0fe70
272|2025-12-13T17:30:05.6260000+08:00|4000175B|E0000000|0000|00|15dba82ffaeea3c6
272|2025-12-13T17:30:05.6260000+08:00|40001763|E0000000|0000|00|757efc822b07b956
272|2025-12-13T17:30:05.6260000+08:00|40001764|E0000000|0000|00|8e8515a815a7ce29
272|2025-12-13T17:30:05.6260000+08:00|40001767|E0000000|0000|00|f24e3d61a7a9167a
272|2025-12-13T17:30:05.6260000+08:00|40001766|E0000000|0000|00|db147d1b6cfcb015
272|2025-12-13T17:30:05.6260000+08:00|40001762|E0000000|0000|00|5ff5b78140eee66c
261|2025-12-13T17:30:05.5060000+08:00|Add|40001780|BNpcID|233C|BNpcNameID|304D|CastTargetID|E0000000|CurrentWorldID|65535|Heading|0.0000|Level|1|MaxHP|44|ModelStatus|2048|Name|高贝扎|NPCTargetID|E0000000|PosX|100.0000|PosY|90.0000|PosZ|0.0300|Radius|0.5000|Type|2|WorldID|65535|8ccb8dc8b6b85989
261|2025-12-13T17:30:05.5060000+08:00|Add|40001781|BNpcID|233C|BNpcNameID|304D|CastTargetID|E0000000|CurrentWorldID|65535|Heading|0.0000|Level|1|MaxHP|44|ModelStatus|2048|Name|高贝扎|NPCTargetID|E0000000|PosX|100.0000|PosY|90.0000|PosZ|0.0300|Radius|0.5000|Type|2|WorldID|65535|43b5c5f86bfa3a12
261|2025-12-13T17:30:05.5060000+08:00|Add|40001782|BNpcID|233C|BNpcNameID|304D|CastTargetID|E0000000|CurrentWorldID|65535|Heading|0.0000|Level|1|MaxHP|44|ModelStatus|2048|Name|高贝扎|NPCTargetID|E0000000|PosX|100.0000|PosY|90.0000|PosZ|0.0300|Radius|0.5000|Type|2|WorldID|65535|edc41585855a3785
261|2025-12-13T17:30:05.5060000+08:00|Remove|40001740|ac31c72823868e1d
261|2025-12-13T17:30:05.5060000+08:00|Remove|40001741|766610aadcf7a5aa
261|2025-12-13T17:30:05.5060000+08:00|Remove|40001742|30efdd1b25080d19
261|2025-12-13T17:30:05.5060000+08:00|Remove|40001744|69de6021c1793ecb
261|2025-12-13T17:30:05.5060000+08:00|Remove|40001745|dde62c1a2086e4f5
261|2025-12-13T17:30:05.5060000+08:00|Remove|40001746|fadb0be706666117
261|2025-12-13T17:30:05.5060000+08:00|Remove|40001747|294dfcf7f7c128a2
261|2025-12-13T17:30:05.5060000+08:00|Remove|40001748|ec55568ce83083a3
261|2025-12-13T17:30:05.5060000+08:00|Remove|40001749|dc3e9be1455ac5d6
272|2025-12-13T17:30:05.6260000+08:00|40001765|E0000000|0000|00|2a2a388f01f18a04
04|2025-12-13T17:30:05.5060000+08:00|40001730|风球|00|5A|0000|00||12368|16214|69200|69200|10000|10000|||100.00|100.00|0.03|-3.14|411bde9132683aa3
261|2025-12-13T17:30:05.5060000+08:00|Remove|4000174A|1ea3c69b969eed37
261|2025-12-13T17:30:05.5060000+08:00|Remove|4000174B|b9bc6d544d1cf61b
261|2025-12-13T17:30:05.5060000+08:00|Remove|4000174E|29dc1eab76a04561
261|2025-12-13T17:30:05.5060000+08:00|Remove|4000174F|cc4e283ee3fb8232
261|2025-12-13T17:30:05.5060000+08:00|Remove|40001750|073a642a9b97e01a
261|2025-12-13T17:30:05.5060000+08:00|Remove|40001752|abba156f55d4a33d
261|2025-12-13T17:30:05.5060000+08:00|Remove|40001753|1b21f240a3e897fd
261|2025-12-13T17:30:05.5060000+08:00|Remove|40001754|591293e5b263f98b
261|2025-12-13T17:30:05.5060000+08:00|Remove|40001729|c9e9b0c93b873b36
261|2025-12-13T17:30:05.5060000+08:00|Remove|4000172D|643e239f12cf310d
261|2025-12-13T17:30:05.5060000+08:00|Remove|4000172E|72078afa3f752b21
261|2025-12-13T17:30:05.5060000+08:00|Remove|40001730|64952142ab4b3793
261|2025-12-13T17:30:05.5060000+08:00|Remove|4000173A|17e3d3be458506ee
261|2025-12-13T17:30:05.5060000+08:00|Remove|4000173B|3a90f9804bec2c9d
04|2025-12-13T17:30:05.5060000+08:00|40001729|风球|00|5A|0000|00||12368|16214|69200|69200|10000|10000|||100.00|100.00|0.03|-3.14|89f6aa0c5582a0b3
04|2025-12-13T17:30:05.5060000+08:00|4000173A|黑龙|00|5A|0000|00||12367|16213|69200|69200|10000|10000|||100.00|100.00|0.03|0.00|311caa2c7f7882a5
04|2025-12-13T17:30:05.5060000+08:00|4000174B|高贝扎|00|1|0000|00||12365|9020|44|44|0|10000|||100.00|90.00|0.03|0.00|7b53530e2fdde2e2
04|2025-12-13T17:30:05.5060000+08:00|40001754|高贝扎|00|1|0000|00||12365|9020|44|44|0|10000|||111.31|88.69|0.03|-0.79|9806709e0593fc26
04|2025-12-13T17:30:05.5060000+08:00|40001750|高贝扎|00|1|0000|00||12365|9020|44|44|0|10000|||100.00|90.00|0.03|0.00|41a3277b24986ee4
04|2025-12-13T17:30:05.5060000+08:00|4000174E|高贝扎|00|1|0000|00||12365|9020|44|44|0|10000|||100.00|90.00|0.03|0.00|fc97a4cd1c8d4827
04|2025-12-13T17:30:05.5060000+08:00|40001746|高贝扎|00|1|0000|00||12365|9020|44|44|0|10000|||100.00|90.00|0.03|0.00|d33a93a3f824b79f
04|2025-12-13T17:30:05.5060000+08:00|40001742|高贝扎|00|1|0000|00||12365|9020|44|44|0|10000|||100.00|90.00|0.03|0.00|bccf1c56c98a699f
04|2025-12-13T17:30:05.5060000+08:00|40001740|高贝扎|00|1|0000|00||12365|9020|44|44|0|10000|||100.00|90.00|0.03|0.00|9243ddf27a35b0c2
04|2025-12-13T17:30:05.5060000+08:00|40001753|高贝扎|00|1|0000|00||12365|9020|44|44|0|10000|||100.00|90.00|0.03|0.00|129657f34988c2a5
04|2025-12-13T17:30:05.5060000+08:00|40001741|高贝扎|00|1|0000|00||12365|9020|44|44|0|10000|||100.00|90.00|0.03|0.00|7ac26947302c222c
04|2025-12-13T17:30:05.5060000+08:00|40001752|高贝扎|00|1|0000|00||12365|9020|44|44|0|10000|||100.00|90.00|0.03|0.00|2df2bdc663f843b7
04|2025-12-13T17:30:05.5060000+08:00|40001748|高贝扎|00|1|0000|00||12365|9020|44|44|0|10000|||100.00|90.00|0.03|0.00|6692dcaab25b1c07
04|2025-12-13T17:30:05.5060000+08:00|4000174A|高贝扎|00|1|0000|00||12365|9020|44|44|0|10000|||100.00|90.00|0.03|0.00|6bc75cab9084ddb7
04|2025-12-13T17:30:05.5060000+08:00|40001747|高贝扎|00|1|0000|00||12365|9020|44|44|0|10000|||100.00|90.00|0.03|0.00|d5cf55d278eb529b
04|2025-12-13T17:30:05.5060000+08:00|4000174F|高贝扎|00|1|0000|00||12365|9020|44|44|0|10000|||100.00|90.00|0.03|0.00|407358f497a334d7
04|2025-12-13T17:30:05.5060000+08:00|40001749|高贝扎|00|1|0000|00||12365|9020|44|44|0|10000|||100.00|90.00|0.03|0.00|3028cd9fbb50eb9f
04|2025-12-13T17:30:05.5060000+08:00|40001745|高贝扎|00|1|0000|00||12365|9020|44|44|0|10000|||100.00|90.00|0.03|0.00|1e66dc91aac7623a
04|2025-12-13T17:30:05.5060000+08:00|40001744|高贝扎|00|1|0000|00||12365|9020|44|44|0|10000|||100.00|90.00|0.03|0.00|61e844245aa65007
03|2025-12-13T17:30:05.5060000+08:00|40001785|高贝扎|00|1|0000|00||12365|9020|44|44|0|10000|||100.00|90.00|0.03|0.00|36ebb0aee283bde8
03|2025-12-13T17:30:05.5060000+08:00|40001783|高贝扎|00|1|0000|00||12365|9020|44|44|0|10000|||100.00|90.00|0.03|0.00|b5486201c3d59d90
03|2025-12-13T17:30:05.5060000+08:00|40001784|高贝扎|00|1|0000|00||12365|9020|44|44|0|10000|||100.00|90.00|0.03|0.00|7c237fb1f71c7d38
03|2025-12-13T17:30:05.5060000+08:00|40001757|风球|00|5A|0000|00||12368|16214|69200|69200|10000|10000|||100.00|100.00|0.03|-3.14|5eb718a300f658f5
03|2025-12-13T17:30:05.5060000+08:00|40001758|风球|00|5A|0000|00||12368|16214|69200|69200|10000|10000|||100.00|100.00|0.03|-3.14|21a51ea6dd3dd963
03|2025-12-13T17:30:05.5060000+08:00|40001759|风球|00|5A|0000|00||12368|16214|69200|69200|10000|10000|||100.00|100.00|0.03|-3.14|bf588922e59f60e1
261|2025-12-13T17:30:05.5060000+08:00|Add|40001785|BNpcID|233C|BNpcNameID|304D|CastTargetID|E0000000|CurrentWorldID|65535|Heading|0.0000|Level|1|MaxHP|44|Name|高贝扎|NPCTargetID|E0000000|PosX|100.0000|PosY|90.0000|PosZ|0.0300|Radius|0.5000|Type|2|WorldID|65535|a1e2f564013db075
261|2025-12-13T17:30:05.5060000+08:00|Add|40001783|BNpcID|233C|BNpcNameID|304D|CastTargetID|E0000000|CurrentWorldID|65535|Heading|0.0000|Level|1|MaxHP|44|Name|高贝扎|NPCTargetID|E0000000|PosX|100.0000|PosY|90.0000|PosZ|0.0300|Radius|0.5000|Type|2|WorldID|65535|c15151465c1742fc
261|2025-12-13T17:30:05.5060000+08:00|Add|40001784|BNpcID|233C|BNpcNameID|304D|CastTargetID|E0000000|CurrentWorldID|65535|Heading|0.0000|Level|1|MaxHP|44|Name|高贝扎|NPCTargetID|E0000000|PosX|100.0000|PosY|90.0000|PosZ|0.0300|Radius|0.5000|Type|2|WorldID|65535|909b0abd97ef3d8a
261|2025-12-13T17:30:05.5060000+08:00|Add|40001757|BNpcID|3F56|BNpcNameID|3050|CastTargetID|E0000000|CurrentMP|10000|CurrentWorldID|65535|Heading|-3.1416|Level|90|MaxHP|69200|MaxMP|10000|ModelStatus|18432|Name|风球|NPCTargetID|E0000000|PosX|100.0000|PosY|100.0000|PosZ|0.0300|Radius|1.0000|Type|2|WorldID|65535|d6968872f0c40456
261|2025-12-13T17:30:05.5060000+08:00|Add|40001758|BNpcID|3F56|BNpcNameID|3050|CastTargetID|E0000000|CurrentMP|10000|CurrentWorldID|65535|Heading|-3.1416|Level|90|MaxHP|69200|MaxMP|10000|ModelStatus|18432|Name|风球|NPCTargetID|E0000000|PosX|100.0000|PosY|100.0000|PosZ|0.0300|Radius|1.0000|Type|2|WorldID|65535|49741bb148d06df3
261|2025-12-13T17:30:05.5060000+08:00|Add|40001759|BNpcID|3F56|BNpcNameID|3050|CastTargetID|E0000000|CurrentMP|10000|CurrentWorldID|65535|Heading|-3.1416|Level|90|MaxHP|69200|MaxMP|10000|ModelStatus|18432|Name|风球|NPCTargetID|E0000000|PosX|100.0000|PosY|100.0000|PosZ|0.0300|Radius|1.0000|Type|2|WorldID|65535|1d5ae834314bdb8c
272|2025-12-13T17:30:05.6710000+08:00|40001768|E0000000|0000|00|229b9370f3515756
272|2025-12-13T17:30:05.6710000+08:00|40001769|E0000000|0000|00|03b8ee0e673ae63b
272|2025-12-13T17:30:05.6710000+08:00|4000176B|E0000000|0000|00|d6b58e3cb0ad2a9b
272|2025-12-13T17:30:05.6710000+08:00|4000176D|E0000000|0000|00|d2b3512a274c2b4b
272|2025-12-13T17:30:05.6710000+08:00|4000176C|E0000000|0000|00|60ead8a56bbc8e6a
272|2025-12-13T17:30:05.6710000+08:00|4000176E|E0000000|0000|00|7bd6af54237838fb
272|2025-12-13T17:30:05.6710000+08:00|4000176F|E0000000|0000|00|fe39770a26043949
272|2025-12-13T17:30:05.6710000+08:00|40001770|E0000000|0000|00|2c385f0b7ad6f3ad
272|2025-12-13T17:30:05.6710000+08:00|4000176A|E0000000|0000|00|4da50dcfaf88f9f6
272|2025-12-13T17:30:05.6710000+08:00|40001771|E0000000|0000|00|df8f53a78e76f50c
272|2025-12-13T17:30:05.6710000+08:00|40001773|E0000000|0000|00|deed660c29c6b43e
272|2025-12-13T17:30:05.6710000+08:00|40001772|E0000000|0000|00|8647002df523c102
272|2025-12-13T17:30:05.6710000+08:00|40001774|E0000000|0000|00|4f6560e7ce1a1ec9
272|2025-12-13T17:30:05.6710000+08:00|40001775|E0000000|0000|00|4d4ede7b3e272dc1
272|2025-12-13T17:30:05.6710000+08:00|40001776|E0000000|0000|00|a52b4934dec33a57
272|2025-12-13T17:30:05.6710000+08:00|40001778|E0000000|0000|00|ac4562529a7df8b2
272|2025-12-13T17:30:05.6710000+08:00|40001779|E0000000|0000|00|dd14ef0acffa6520
272|2025-12-13T17:30:05.6710000+08:00|4000177A|E0000000|0000|00|244936a529bf6fd4
261|2025-12-13T17:30:05.5060000+08:00|Add|4000175C|BNpcID|3F56|BNpcNameID|3050|CastTargetID|E0000000|CurrentMP|10000|CurrentWorldID|65535|Heading|-3.1416|Level|90|MaxHP|69200|MaxMP|10000|ModelStatus|18432|Name|风球|NPCTargetID|E0000000|PosX|100.0000|PosY|100.0000|PosZ|0.0300|Radius|1.0000|Type|2|WorldID|65535|46c8d01ab49d0310
272|2025-12-13T17:30:05.6710000+08:00|4000177B|E0000000|0000|00|cfe7a32b39e52a62
272|2025-12-13T17:30:05.6710000+08:00|4000177D|E0000000|0000|00|cbe21be6a4b1bc4d
272|2025-12-13T17:30:05.6710000+08:00|4000177E|E0000000|0000|00|c8ae10873f67f282
272|2025-12-13T17:30:05.6710000+08:00|4000177C|E0000000|0000|00|e319356060fb5c25
261|2025-12-13T17:30:05.5060000+08:00|Add|4000175B|BNpcID|3F56|BNpcNameID|3050|CastTargetID|E0000000|CurrentMP|10000|CurrentWorldID|65535|Heading|-3.1416|Level|90|MaxHP|69200|MaxMP|10000|ModelStatus|18432|Name|风球|NPCTargetID|E0000000|PosX|100.0000|PosY|100.0000|PosZ|0.0300|Radius|1.0000|Type|2|WorldID|65535|8df9a0936fca2da5
261|2025-12-13T17:30:05.5060000+08:00|Add|4000175A|BNpcID|3F56|BNpcNameID|3050|CastTargetID|E0000000|CurrentMP|10000|CurrentWorldID|65535|Heading|-3.1416|Level|90|MaxHP|69200|MaxMP|10000|ModelStatus|18432|Name|风球|NPCTargetID|E0000000|PosX|100.0000|PosY|100.0000|PosZ|0.0300|Radius|1.0000|Type|2|WorldID|65535|009ee0a808e7b2aa
261|2025-12-13T17:30:05.5060000+08:00|Remove|4000173F|9907d042a5887c72
261|2025-12-13T17:30:05.5060000+08:00|Remove|40001743|35bdc7ee90105a11
261|2025-12-13T17:30:05.5060000+08:00|Remove|4000174C|bab094d811d51510
04|2025-12-13T17:30:05.5060000+08:00|4000172F|风球|00|5A|0000|00||12368|16214|69200|69200|10000|10000|||100.00|100.00|0.03|-3.14|4abe258d91d7a6bc
04|2025-12-13T17:30:05.5060000+08:00|40001732|风球|00|5A|0000|00||12368|16214|69200|69200|10000|10000|||100.00|100.00|0.03|-3.14|eda4a6f957ec750f
04|2025-12-13T17:30:05.5060000+08:00|4000172C|风球|00|5A|0000|00||12368|16214|69200|69200|10000|10000|||100.00|100.00|0.03|-3.14|43c6b68b6b344621
04|2025-12-13T17:30:05.5060000+08:00|40001728|风球|00|5A|0000|00||12368|16214|69200|69200|10000|10000|||100.00|100.00|0.03|-3.14|668c991ebace1ff4
04|2025-12-13T17:30:05.5060000+08:00|4000172B|风球|00|5A|0000|00||12368|16214|69200|69200|10000|10000|||100.00|100.00|0.03|-3.14|bb4ead8c706f0a6e
04|2025-12-13T17:30:05.5060000+08:00|40001739|高贝扎的幻影|00|5A|0000|00||12366|16218|69200|69200|10000|10000|||100.00|100.00|0.03|-3.14|17d73ddd5625a933
04|2025-12-13T17:30:05.5060000+08:00|40001726|风球|00|5A|0000|00||12368|16214|69200|69200|10000|10000|||100.00|100.00|0.03|-3.14|f23740276d3d1cd4
04|2025-12-13T17:30:05.5060000+08:00|40001733|风球|00|5A|0000|00||12368|16214|69200|69200|10000|10000|||100.00|100.00|0.03|-3.14|372ea737a3b5e4e3
261|2025-12-13T17:30:05.5060000+08:00|Remove|4000174D|5f65a9cc307c1679
261|2025-12-13T17:30:05.5060000+08:00|Remove|40001751|dfd61b0dd75a8397
261|2025-12-13T17:30:05.5060000+08:00|Remove|40001726|d081d60f239e851f
261|2025-12-13T17:30:05.5060000+08:00|Remove|40001727|8c94597899aea17a
261|2025-12-13T17:30:05.5060000+08:00|Remove|40001728|03bc2c6191a8068c
261|2025-12-13T17:30:05.5060000+08:00|Remove|4000172A|629e4f6b40b32d2e
261|2025-12-13T17:30:05.5060000+08:00|Remove|4000172B|7d317e6b4ec72f3f
04|2025-12-13T17:30:05.5060000+08:00|4000172A|风球|00|5A|0000|00||12368|16214|69200|69200|10000|10000|||100.00|100.00|0.03|-3.14|d42b0c17004ba059
261|2025-12-13T17:30:05.5060000+08:00|Remove|4000172C|a077fecf5ba51694
04|2025-12-13T17:30:05.5060000+08:00|40001737|高贝扎的幻影|00|5A|0000|00||12366|16218|69200|69200|10000|10000|||100.00|100.00|0.03|-3.14|996a8c8943fbf2ea
261|2025-12-13T17:30:05.5060000+08:00|Remove|4000172F|1d56a482c70d067c
261|2025-12-13T17:30:05.5060000+08:00|Remove|40001731|99fa81b41cf4ffb1
261|2025-12-13T17:30:05.5060000+08:00|Remove|40001732|e9b7369873ba7101
261|2025-12-13T17:30:05.5060000+08:00|Remove|40001733|a9067508ba4cc968
04|2025-12-13T17:30:05.5060000+08:00|40001736|高贝扎的幻影|00|5A|0000|00||12366|16218|69200|69200|10000|10000|||100.00|100.00|0.03|-3.14|bc7f8abd4659c892
261|2025-12-13T17:30:05.5060000+08:00|Remove|40001734|e35556a0479eb82d
04|2025-12-13T17:30:05.5060000+08:00|40001731|风球|00|5A|0000|00||12368|16214|69200|69200|10000|10000|||100.00|100.00|0.03|-3.14|310f8ec72a65951a
261|2025-12-13T17:30:05.5060000+08:00|Remove|40001735|380ff2c367e30aee
04|2025-12-13T17:30:05.5060000+08:00|40001738|高贝扎的幻影|00|5A|0000|00||12366|16218|69200|69200|10000|10000|||100.00|100.00|0.03|-3.14|44c22d850df5e834
261|2025-12-13T17:30:05.5060000+08:00|Remove|40001736|0aba3990e3c20408
261|2025-12-13T17:30:05.5060000+08:00|Remove|40001737|86a4f75b84222bfb
261|2025-12-13T17:30:05.5060000+08:00|Remove|40001738|803e24c3a1187469
261|2025-12-13T17:30:05.5060000+08:00|Remove|40001739|26159bce46ef1629
261|2025-12-13T17:30:05.5060000+08:00|Remove|4000173C|6050038915c83d8d
261|2025-12-13T17:30:05.5060000+08:00|Remove|4000173E|8e2d9bcfa4a554e6
03|2025-12-13T17:30:05.5060000+08:00|40001780|高贝扎|00|1|0000|00||12365|9020|44|44|0|10000|||100.00|90.00|0.03|0.00|63f7871f46c231da
04|2025-12-13T17:30:05.5060000+08:00|40001727|风球|00|5A|0000|00||12368|16214|69200|69200|10000|10000|||100.00|100.00|0.03|-3.14|820172e1775f6cb7
04|2025-12-13T17:30:05.5060000+08:00|40001735|风球|00|5A|0000|00||12368|16214|69200|69200|10000|10000|||100.00|100.00|0.03|-3.14|7a7b935341495390
04|2025-12-13T17:30:05.5060000+08:00|40001734|风球|00|5A|0000|00||12368|16214|69200|69200|10000|10000|||100.00|100.00|0.03|-3.14|32fba46a54c98b66
03|2025-12-13T17:30:05.5060000+08:00|40001781|高贝扎|00|1|0000|00||12365|9020|44|44|0|10000|||100.00|90.00|0.03|0.00|44d1e26f9d87f516
04|2025-12-13T17:30:05.5060000+08:00|40001743|高贝扎|00|1|0000|00||12365|9020|44|44|0|10000|||100.00|90.00|0.03|0.00|e975b3f50e1406ae
03|2025-12-13T17:30:05.5060000+08:00|40001782|高贝扎|00|1|0000|00||12365|9020|44|44|0|10000|||100.00|90.00|0.03|0.00|a8381c0022cce1ba
04|2025-12-13T17:30:05.5060000+08:00|4000173F|高贝扎|00|1|0000|00||12365|9020|44|44|0|10000|||100.00|90.00|0.03|0.00|8072fb101781ac81
03|2025-12-13T17:30:05.5060000+08:00|4000175C|风球|00|5A|0000|00||12368|16214|69200|69200|10000|10000|||100.00|100.00|0.03|-3.14|c508bbfc7e05179d
04|2025-12-13T17:30:05.5060000+08:00|4000173E|高贝扎|00|1|0000|00||12365|9020|44|44|0|10000|||100.00|90.00|0.03|0.00|e3310ceca7f1f6c6
04|2025-12-13T17:30:05.5060000+08:00|4000173C|高贝扎|00|1|0000|00||12365|9020|44|44|0|10000|||100.00|90.00|0.03|0.00|059580d5fb73ef0a
04|2025-12-13T17:30:05.5060000+08:00|4000174C|高贝扎|00|1|0000|00||12365|9020|44|44|0|10000|||100.00|90.00|0.03|0.00|92e5a1754145e2d5
04|2025-12-13T17:30:05.5060000+08:00|4000174D|高贝扎|00|1|0000|00||12365|9020|44|44|0|10000|||100.00|90.00|0.03|0.00|6f65bc970de3b4fa
03|2025-12-13T17:30:05.5060000+08:00|4000175D|风球|00|5A|0000|00||12368|16214|69200|69200|10000|10000|||100.00|100.00|0.03|-3.14|10c8e273a044472d
04|2025-12-13T17:30:05.5060000+08:00|40001751|高贝扎|00|1|0000|00||12365|9020|44|44|0|10000|||100.00|90.00|0.03|0.00|6ea59f98ed84e782
03|2025-12-13T17:30:05.5060000+08:00|4000175B|风球|00|5A|0000|00||12368|16214|69200|69200|10000|10000|||100.00|100.00|0.03|-3.14|7d026703d70da9d2
03|2025-12-13T17:30:05.5060000+08:00|4000175A|风球|00|5A|0000|00||12368|16214|69200|69200|10000|10000|||100.00|100.00|0.03|-3.14|d1101c7fa18b867b
272|2025-12-13T17:30:05.6710000+08:00|40001777|E0000000|0000|00|ae3b13e14ba7b98f
272|2025-12-13T17:30:05.7150000+08:00|4000177F|E0000000|0000|00|34502aa0d7c1f238
261|2025-12-13T17:30:05.5060000+08:00|Add|40001755|BNpcID|1E850B|BNpcNameID|9187E984|CastBuffID|256|CastDurationMax|0.0000|CastGroundTargetX|32206.0400|CastGroundTargetY|0.0000|CastGroundTargetZ|175192200000000.0000|CastTargetID|42121A02|Heading|0.0000|Level|109|MaxMP|1795162112|ModelStatus|2304|Name|退出点|NPCTargetID|36000000|PCTargetID|18FA8813|PosX|100.0000|PosY|89.0000|Radius|0.5000|Type|7|WeaponId|3|977a4d504e829394
261|2025-12-13T17:30:05.5060000+08:00|Add|40001756|BNpcID|1E8536|CastBuffID|3101949968|CastGroundTargetX|0.0000|CastGroundTargetY|0.0000|CastTargetID|88E89FBB|CurrentWorldID|256|Heading|0.0000|IsCasting2|2|Level|43|MaxMP|687865857|NPCTargetID|4AFA1527|PosX|100.0000|PosY|112.0000|Radius|2.0000|Type|7|cb2a6c0604f5c772
03|2025-12-13T17:30:05.5060000+08:00|4000175E|风球|00|5A|0000|00||12368|16214|69200|69200|10000|10000|||100.00|100.00|0.03|-3.14|c704569cd94ce1c2
03|2025-12-13T17:30:05.5060000+08:00|40001762|风球|00|5A|0000|00||12368|16214|69200|69200|10000|10000|||100.00|100.00|0.03|-3.14|31d047b0e7e024cf
03|2025-12-13T17:30:05.5060000+08:00|40001761|风球|00|5A|0000|00||12368|16214|69200|69200|10000|10000|||100.00|100.00|0.03|-3.14|e2a66d87fec8595d
03|2025-12-13T17:30:05.5060000+08:00|40001760|风球|00|5A|0000|00||12368|16214|69200|69200|10000|10000|||100.00|100.00|0.03|-3.14|c67e6e0afdad152e
04|2025-12-13T17:30:05.5060000+08:00|4000173D|高贝扎|00|1|0000|00||12365|9020|44|44|0|10000|||100.00|90.00|0.03|0.00|856b2b57ad733e96
03|2025-12-13T17:30:05.5060000+08:00|4000175F|风球|00|5A|0000|00||12368|16214|69200|69200|10000|10000|||100.00|100.00|0.03|-3.14|6e2d0f1411130ed9
261|2025-12-13T17:30:05.5060000+08:00|Add|4000175E|BNpcID|3F56|BNpcNameID|3050|CastTargetID|E0000000|CurrentMP|10000|CurrentWorldID|65535|Heading|-3.1416|Level|90|MaxHP|69200|MaxMP|10000|ModelStatus|18432|Name|风球|NPCTargetID|E0000000|PosX|100.0000|PosY|100.0000|PosZ|0.0300|Radius|1.0000|Type|2|WorldID|65535|e228ad2ee848af10
261|2025-12-13T17:30:05.5060000+08:00|Add|40001762|BNpcID|3F56|BNpcNameID|3050|CastTargetID|E0000000|CurrentMP|10000|CurrentWorldID|65535|Heading|-3.1416|Level|90|MaxHP|69200|MaxMP|10000|ModelStatus|18432|Name|风球|NPCTargetID|E0000000|PosX|100.0000|PosY|100.0000|PosZ|0.0300|Radius|1.0000|Type|2|WorldID|65535|e5ad4d1e92a7b4bb
261|2025-12-13T17:30:05.5060000+08:00|Add|40001761|BNpcID|3F56|BNpcNameID|3050|CastTargetID|E0000000|CurrentMP|10000|CurrentWorldID|65535|Heading|-3.1416|Level|90|MaxHP|69200|MaxMP|10000|ModelStatus|18432|Name|风球|NPCTargetID|E0000000|PosX|100.0000|PosY|100.0000|PosZ|0.0300|Radius|1.0000|Type|2|WorldID|65535|e9dd0862222abdb8
261|2025-12-13T17:30:05.5060000+08:00|Add|40001760|BNpcID|3F56|BNpcNameID|3050|CastTargetID|E0000000|CurrentMP|10000|CurrentWorldID|65535|Heading|-3.1416|Level|90|MaxHP|69200|MaxMP|10000|ModelStatus|18432|Name|风球|NPCTargetID|E0000000|PosX|100.0000|PosY|100.0000|PosZ|0.0300|Radius|1.0000|Type|2|WorldID|65535|853e2361129760ab
261|2025-12-13T17:30:05.5060000+08:00|Add|4000175F|BNpcID|3F56|BNpcNameID|3050|CastTargetID|E0000000|CurrentMP|10000|CurrentWorldID|65535|Heading|-3.1416|Level|90|MaxHP|69200|MaxMP|10000|ModelStatus|18432|Name|风球|NPCTargetID|E0000000|PosX|100.0000|PosY|100.0000|PosZ|0.0300|Radius|1.0000|Type|2|WorldID|65535|289aa61cca248bfc
261|2025-12-13T17:30:05.5060000+08:00|Add|4000175D|BNpcID|3F56|BNpcNameID|3050|CastTargetID|E0000000|CurrentMP|10000|CurrentWorldID|65535|Heading|-3.1416|Level|90|MaxHP|69200|MaxMP|10000|ModelStatus|18432|Name|风球|NPCTargetID|E0000000|PosX|100.0000|PosY|100.0000|PosZ|0.0300|Radius|1.0000|Type|2|WorldID|65535|61acc16c55222e12
261|2025-12-13T17:30:05.5060000+08:00|Remove|40001724|8d87d048ea3ab964
261|2025-12-13T17:30:05.5060000+08:00|Remove|40001725|8d3dd861f2d3cbe8
261|2025-12-13T17:30:05.5060000+08:00|Remove|4000173D|2d8f2a8e9dbb58c3
03|2025-12-13T17:30:05.5960000+08:00|40001763|风球|00|5A|0000|00||12368|16214|69200|69200|10000|10000|||100.00|100.00|0.03|-3.14|e9cfd6e1ea2a1d19
03|2025-12-13T17:30:05.5960000+08:00|40001765|风球|00|5A|0000|00||12368|16214|69200|69200|10000|10000|||100.00|100.00|0.03|-3.14|dd4dec26e6bea506
03|2025-12-13T17:30:05.5960000+08:00|40001764|风球|00|5A|0000|00||12368|16214|69200|69200|10000|10000|||100.00|100.00|0.03|-3.14|831308fa330de92f
03|2025-12-13T17:30:05.5960000+08:00|40001766|风球|00|5A|0000|00||12368|16214|69200|69200|10000|10000|||100.00|100.00|0.03|-3.14|15b97f2ce7e76d6b
03|2025-12-13T17:30:05.5960000+08:00|40001768|高贝扎的幻影|00|5A|0000|00||12366|16218|69200|69200|10000|10000|||100.00|100.00|0.03|-3.14|e71833a3027991f7
03|2025-12-13T17:30:05.5960000+08:00|40001767|高贝扎的幻影|00|5A|0000|00||12366|16218|69200|69200|10000|10000|||100.00|100.00|0.03|-3.14|f8d583b7ca910300
261|2025-12-13T17:30:05.5960000+08:00|Add|40001766|BNpcID|3F56|BNpcNameID|3050|CastTargetID|E0000000|CurrentMP|10000|CurrentWorldID|65535|Heading|-3.1416|Level|90|MaxHP|69200|MaxMP|10000|ModelStatus|18432|Name|风球|NPCTargetID|E0000000|PosX|100.0000|PosY|100.0000|PosZ|0.0300|Radius|1.0000|Type|2|WorldID|65535|c0aa7f7a95ad67b4
261|2025-12-13T17:30:05.5960000+08:00|Add|40001763|BNpcID|3F56|BNpcNameID|3050|CastTargetID|E0000000|CurrentMP|10000|CurrentWorldID|65535|Heading|-3.1416|Level|90|MaxHP|69200|MaxMP|10000|ModelStatus|18432|Name|风球|NPCTargetID|E0000000|PosX|100.0000|PosY|100.0000|PosZ|0.0300|Radius|1.0000|Type|2|WorldID|65535|001a2046ffe25329
261|2025-12-13T17:30:05.5960000+08:00|Add|40001768|BNpcID|3F5A|BNpcNameID|304E|CastTargetID|E0000000|CurrentMP|10000|CurrentWorldID|65535|Heading|-3.1416|Level|90|MaxHP|69200|MaxMP|10000|ModelStatus|18432|Name|高贝扎的幻影|NPCTargetID|E0000000|PosX|100.0000|PosY|100.0000|PosZ|0.0300|Radius|7.5000|Type|2|WorldID|65535|e24e95f1efb51963
261|2025-12-13T17:30:05.5960000+08:00|Add|40001765|BNpcID|3F56|BNpcNameID|3050|CastTargetID|E0000000|CurrentMP|10000|CurrentWorldID|65535|Heading|-3.1416|Level|90|MaxHP|69200|MaxMP|10000|ModelStatus|18432|Name|风球|NPCTargetID|E0000000|PosX|100.0000|PosY|100.0000|PosZ|0.0300|Radius|1.0000|Type|2|WorldID|65535|a7e583c02a618d10
261|2025-12-13T17:30:05.5960000+08:00|Add|40001767|BNpcID|3F5A|BNpcNameID|304E|CastTargetID|E0000000|CurrentMP|10000|CurrentWorldID|65535|Heading|-3.1416|Level|90|MaxHP|69200|MaxMP|10000|ModelStatus|18432|Name|高贝扎的幻影|NPCTargetID|E0000000|PosX|100.0000|PosY|100.0000|PosZ|0.0300|Radius|7.5000|Type|2|WorldID|65535|0560c78926126af1
261|2025-12-13T17:30:05.5960000+08:00|Add|40001764|BNpcID|3F56|BNpcNameID|3050|CastTargetID|E0000000|CurrentMP|10000|CurrentWorldID|65535|Heading|-3.1416|Level|90|MaxHP|69200|MaxMP|10000|ModelStatus|18432|Name|风球|NPCTargetID|E0000000|PosX|100.0000|PosY|100.0000|PosZ|0.0300|Radius|1.0000|Type|2|WorldID|65535|507bc059d6a04a05
03|2025-12-13T17:30:05.5960000+08:00|4000176A|高贝扎的幻影|00|5A|0000|00||12366|16218|69200|69200|10000|10000|||100.00|100.00|0.03|-3.14|8e1de229d51defac
03|2025-12-13T17:30:05.5960000+08:00|4000176B|黑龙|00|5A|0000|00||12367|16213|69200|69200|10000|10000|||100.00|100.00|0.03|0.00|3b1511b9add14623
03|2025-12-13T17:30:05.5960000+08:00|40001769|高贝扎的幻影|00|5A|0000|00||12366|16218|69200|69200|10000|10000|||100.00|100.00|0.03|-3.14|937827e947d21100
03|2025-12-13T17:30:05.5960000+08:00|4000176C|高贝扎|00|5A|0000|00||12365|16212|26635080|26635080|10000|10000|||100.00|90.00|0.03|0.00|d31f4fee29fea073
03|2025-12-13T17:30:05.5960000+08:00|4000176D|高贝扎|00|1|0000|00||12365|9020|44|44|0|10000|||100.00|90.00|0.03|0.00|9df8d34bdedbca85
03|2025-12-13T17:30:05.5960000+08:00|4000176E|高贝扎|00|1|0000|00||12365|9020|44|44|0|10000|||100.00|90.00|0.03|0.00|b3ab2f43a5202e3b
261|2025-12-13T17:30:05.5960000+08:00|Add|4000176C|BNpcID|3F54|BNpcNameID|304D|CastTargetID|E0000000|CurrentMP|10000|CurrentWorldID|65535|Heading|0.0000|Level|90|MaxHP|26635080|MaxMP|10000|ModelStatus|2048|Name|高贝扎|NPCTargetID|E0000000|PosX|100.0000|PosY|90.0000|PosZ|0.0300|Radius|6.0000|Type|2|WorldID|65535|23ac9f256a48bc0c
261|2025-12-13T17:30:05.5960000+08:00|Add|4000176D|BNpcID|233C|BNpcNameID|304D|CastTargetID|E0000000|CurrentWorldID|65535|Heading|0.0000|Level|1|MaxHP|44|ModelStatus|2048|Name|高贝扎|NPCTargetID|E0000000|PosX|100.0000|PosY|90.0000|PosZ|0.0300|Radius|0.5000|Type|2|WorldID|65535|2e2f60f9301adfca
261|2025-12-13T17:30:05.5960000+08:00|Add|4000176A|BNpcID|3F5A|BNpcNameID|304E|CastTargetID|E0000000|CurrentMP|10000|CurrentWorldID|65535|Heading|-3.1416|Level|90|MaxHP|69200|MaxMP|10000|ModelStatus|18432|Name|高贝扎的幻影|NPCTargetID|E0000000|PosX|100.0000|PosY|100.0000|PosZ|0.0300|Radius|7.5000|Type|2|WorldID|65535|784df22d0749e169
261|2025-12-13T17:30:05.5960000+08:00|Add|4000176E|BNpcID|233C|BNpcNameID|304D|CastTargetID|E0000000|CurrentWorldID|65535|Heading|0.0000|Level|1|MaxHP|44|ModelStatus|2048|Name|高贝扎|NPCTargetID|E0000000|PosX|100.0000|PosY|90.0000|PosZ|0.0300|Radius|0.5000|Type|2|WorldID|65535|83e02a9d153a7c64
261|2025-12-13T17:30:05.5960000+08:00|Add|4000176B|BNpcID|3F55|BNpcNameID|304F|CastTargetID|E0000000|CurrentMP|10000|CurrentWorldID|65535|Heading|0.0000|Level|90|MaxHP|69200|MaxMP|10000|ModelStatus|18432|Name|黑龙|NPCTargetID|E0000000|PosX|100.0000|PosY|100.0000|PosZ|0.0300|Radius|7.0000|Type|2|WorldID|65535|1aed2e1f4c15f751
261|2025-12-13T17:30:05.5960000+08:00|Add|40001769|BNpcID|3F5A|BNpcNameID|304E|CastTargetID|E0000000|CurrentMP|10000|CurrentWorldID|65535|Heading|-3.1416|Level|90|MaxHP|69200|MaxMP|10000|ModelStatus|18432|Name|高贝扎的幻影|NPCTargetID|E0000000|PosX|100.0000|PosY|100.0000|PosZ|0.0300|Radius|7.5000|Type|2|WorldID|65535|7422d6ff1d4f94ea
03|2025-12-13T17:30:05.5960000+08:00|40001771|高贝扎|00|1|0000|00||12365|9020|44|44|0|10000|||100.00|90.00|0.03|0.00|b438f0f0a72806df
03|2025-12-13T17:30:05.5960000+08:00|40001770|高贝扎|00|1|0000|00||12365|9020|44|44|0|10000|||100.00|90.00|0.03|0.00|9f47da60421d6814
03|2025-12-13T17:30:05.5960000+08:00|4000176F|高贝扎|00|1|0000|00||12365|9020|44|44|0|10000|||100.00|90.00|0.03|0.00|19a7ab6b644a8910
03|2025-12-13T17:30:05.5960000+08:00|40001773|高贝扎|00|1|0000|00||12365|9020|44|44|0|10000|||100.00|90.00|0.03|0.00|8fd16d30ac8e7b10
03|2025-12-13T17:30:05.5960000+08:00|40001772|高贝扎|00|1|0000|00||12365|9020|44|44|0|10000|||100.00|90.00|0.03|0.00|a131d60ffb38d05f
03|2025-12-13T17:30:05.5960000+08:00|40001774|高贝扎|00|1|0000|00||12365|9020|44|44|0|10000|||100.00|90.00|0.03|0.00|aa0bcab17d1ac3fe
261|2025-12-13T17:30:05.5960000+08:00|Add|40001771|BNpcID|233C|BNpcNameID|304D|CastTargetID|E0000000|CurrentWorldID|65535|Heading|0.0000|Level|1|MaxHP|44|Name|高贝扎|NPCTargetID|E0000000|PosX|100.0000|PosY|90.0000|PosZ|0.0300|Radius|0.5000|Type|2|WorldID|65535|7457351bea80ce07
261|2025-12-13T17:30:05.5960000+08:00|Add|40001770|BNpcID|233C|BNpcNameID|304D|CastTargetID|E0000000|CurrentWorldID|65535|Heading|0.0000|Level|1|MaxHP|44|Name|高贝扎|NPCTargetID|E0000000|PosX|100.0000|PosY|90.0000|PosZ|0.0300|Radius|0.5000|Type|2|WorldID|65535|9156aaf319ee5a70
261|2025-12-13T17:30:05.5960000+08:00|Add|4000176F|BNpcID|233C|BNpcNameID|304D|CastTargetID|E0000000|CurrentWorldID|65535|Heading|0.0000|Level|1|MaxHP|44|Name|高贝扎|NPCTargetID|E0000000|PosX|100.0000|PosY|90.0000|PosZ|0.0300|Radius|0.5000|Type|2|WorldID|65535|e3424b5b97b9bcdf
261|2025-12-13T17:30:05.5960000+08:00|Add|40001773|BNpcID|233C|BNpcNameID|304D|CastTargetID|E0000000|CurrentWorldID|65535|Heading|0.0000|Level|1|MaxHP|44|ModelStatus|2048|Name|高贝扎|NPCTargetID|E0000000|PosX|100.0000|PosY|90.0000|PosZ|0.0300|Radius|0.5000|Type|2|WorldID|65535|9cf0307d2fb39691
261|2025-12-13T17:30:05.5960000+08:00|Add|40001772|BNpcID|233C|BNpcNameID|304D|CastTargetID|E0000000|CurrentWorldID|65535|Heading|0.0000|Level|1|MaxHP|44|ModelStatus|2048|Name|高贝扎|NPCTargetID|E0000000|PosX|100.0000|PosY|90.0000|PosZ|0.0300|Radius|0.5000|Type|2|WorldID|65535|e4583ef4dd8dfc74
261|2025-12-13T17:30:05.5960000+08:00|Add|40001774|BNpcID|233C|BNpcNameID|304D|CastTargetID|E0000000|CurrentWorldID|65535|Heading|0.0000|Level|1|MaxHP|44|ModelStatus|2048|Name|高贝扎|NPCTargetID|E0000000|PosX|100.0000|PosY|90.0000|PosZ|0.0300|Radius|0.5000|Type|2|WorldID|65535|ac70e4ed0438e4a2
03|2025-12-13T17:30:05.6860000+08:00|40001775|高贝扎|00|1|0000|00||12365|9020|44|44|0|10000|||100.00|90.00|0.03|0.00|8f2eeca1f81e2c6b
03|2025-12-13T17:30:05.6860000+08:00|40001777|高贝扎|00|1|0000|00||12365|9020|44|44|0|10000|||100.00|90.00|0.03|0.00|0281dd7fb50dd9e4
03|2025-12-13T17:30:05.6860000+08:00|40001776|高贝扎|00|1|0000|00||12365|9020|44|44|0|10000|||100.00|90.00|0.03|0.00|89479bc8eef44a87
03|2025-12-13T17:30:05.6860000+08:00|40001778|高贝扎|00|1|0000|00||12365|9020|44|44|0|10000|||100.00|90.00|0.03|0.00|c34d07b9cd2f68a9
03|2025-12-13T17:30:05.6860000+08:00|40001779|高贝扎|00|1|0000|00||12365|9020|44|44|0|10000|||100.00|90.00|0.03|0.00|10747f3e01cd9ea7
03|2025-12-13T17:30:05.6860000+08:00|4000177A|高贝扎|00|1|0000|00||12365|9020|44|44|0|10000|||100.00|90.00|0.03|0.00|95339c42cb1d228f
261|2025-12-13T17:30:05.6860000+08:00|Add|40001778|BNpcID|233C|BNpcNameID|304D|CastTargetID|E0000000|CurrentWorldID|65535|Heading|0.0000|Level|1|MaxHP|44|ModelStatus|2048|Name|高贝扎|NPCTargetID|E0000000|PosX|100.0000|PosY|90.0000|PosZ|0.0300|Radius|0.5000|Type|2|WorldID|65535|318410ab7823d379
261|2025-12-13T17:30:05.6860000+08:00|Add|40001775|BNpcID|233C|BNpcNameID|304D|CastTargetID|E0000000|CurrentWorldID|65535|Heading|0.0000|Level|1|MaxHP|44|Name|高贝扎|NPCTargetID|E0000000|PosX|100.0000|PosY|90.0000|PosZ|0.0300|Radius|0.5000|Type|2|WorldID|65535|967a5a0464124b54
261|2025-12-13T17:30:05.6860000+08:00|Add|40001777|BNpcID|233C|BNpcNameID|304D|CastTargetID|E0000000|CurrentWorldID|65535|Heading|0.0000|Level|1|MaxHP|44|Name|高贝扎|NPCTargetID|E0000000|PosX|100.0000|PosY|90.0000|PosZ|0.0300|Radius|0.5000|Type|2|WorldID|65535|6205d35ff52979d3
261|2025-12-13T17:30:05.6860000+08:00|Add|40001779|BNpcID|233C|BNpcNameID|304D|CastTargetID|E0000000|CurrentWorldID|65535|Heading|0.0000|Level|1|MaxHP|44|ModelStatus|2048|Name|高贝扎|NPCTargetID|E0000000|PosX|100.0000|PosY|90.0000|PosZ|0.0300|Radius|0.5000|Type|2|WorldID|65535|21a3f7a0dbfdc140
261|2025-12-13T17:30:05.6860000+08:00|Add|4000177A|BNpcID|233C|BNpcNameID|304D|CastTargetID|E0000000|CurrentWorldID|65535|Heading|0.0000|Level|1|MaxHP|44|ModelStatus|2048|Name|高贝扎|NPCTargetID|E0000000|PosX|100.0000|PosY|90.0000|PosZ|0.0300|Radius|0.5000|Type|2|WorldID|65535|9fd691c65995938e
261|2025-12-13T17:30:05.6860000+08:00|Add|40001776|BNpcID|233C|BNpcNameID|304D|CastTargetID|E0000000|CurrentWorldID|65535|Heading|0.0000|Level|1|MaxHP|44|Name|高贝扎|NPCTargetID|E0000000|PosX|100.0000|PosY|90.0000|PosZ|0.0300|Radius|0.5000|Type|2|WorldID|65535|54cc447baa4549b2
03|2025-12-13T17:30:05.6860000+08:00|4000177C|高贝扎|00|1|0000|00||12365|9020|44|44|0|10000|||100.00|90.00|0.03|0.00|9ac58778e21c013e
03|2025-12-13T17:30:05.6860000+08:00|4000177B|高贝扎|00|1|0000|00||12365|9020|44|44|0|10000|||100.00|90.00|0.03|0.00|85f2dcd027a040dc
03|2025-12-13T17:30:05.6860000+08:00|4000177D|高贝扎|00|1|0000|00||12365|9020|44|44|0|10000|||100.00|90.00|0.03|0.00|0e07c00d102aaa44
03|2025-12-13T17:30:05.6860000+08:00|4000177E|高贝扎|00|1|0000|00||12365|9020|44|44|0|10000|||100.00|90.00|0.03|0.00|d3854cd0fbb71f4e
03|2025-12-13T17:30:05.6860000+08:00|4000177F|高贝扎|00|1|0000|00||12365|9020|44|44|0|10000|||100.00|90.00|0.03|0.00|d2817e9d40cb6d01
261|2025-12-13T17:30:05.6860000+08:00|Add|4000177C|BNpcID|233C|BNpcNameID|304D|CastTargetID|E0000000|CurrentWorldID|65535|Heading|0.0000|Level|1|MaxHP|44|Name|高贝扎|NPCTargetID|E0000000|PosX|100.0000|PosY|90.0000|PosZ|0.0300|Radius|0.5000|Type|2|WorldID|65535|57b7b8dea3f32012
261|2025-12-13T17:30:05.6860000+08:00|Add|4000177B|BNpcID|233C|BNpcNameID|304D|CastTargetID|E0000000|CurrentWorldID|65535|Heading|0.0000|Level|1|MaxHP|44|Name|高贝扎|NPCTargetID|E0000000|PosX|100.0000|PosY|90.0000|PosZ|0.0300|Radius|0.5000|Type|2|WorldID|65535|a7e60d85605b4d49
261|2025-12-13T17:30:05.6860000+08:00|Add|4000177D|BNpcID|233C|BNpcNameID|304D|CastTargetID|E0000000|CurrentWorldID|65535|Heading|0.0000|Level|1|MaxHP|44|Name|高贝扎|NPCTargetID|E0000000|PosX|100.0000|PosY|90.0000|PosZ|0.0300|Radius|0.5000|Type|2|WorldID|65535|93a6dc6e671b97a9
261|2025-12-13T17:30:05.6860000+08:00|Add|4000177E|BNpcID|233C|BNpcNameID|304D|CastTargetID|E0000000|CurrentWorldID|65535|Heading|0.0000|Level|1|MaxHP|44|ModelStatus|2048|Name|高贝扎|NPCTargetID|E0000000|PosX|100.0000|PosY|90.0000|PosZ|0.0300|Radius|0.5000|Type|2|WorldID|65535|b7571f26a86ae1df
261|2025-12-13T17:30:05.6860000+08:00|Add|4000177F|BNpcID|233C|BNpcNameID|304D|CastTargetID|E0000000|CurrentWorldID|65535|Heading|0.0000|Level|1|MaxHP|44|ModelStatus|2048|Name|高贝扎|NPCTargetID|E0000000|PosX|100.0000|PosY|90.0000|PosZ|0.0300|Radius|0.5000|Type|2|WorldID|65535|e30c5953e37993e2
261|2025-12-13T17:30:06.3350000+08:00|Change|40001780|ModelStatus|0|6fe0354076127100
261|2025-12-13T17:30:06.3350000+08:00|Change|40001781|ModelStatus|0|17f3b41640431034
261|2025-12-13T17:30:06.3350000+08:00|Change|40001782|ModelStatus|0|f7ff392268dd7a95
261|2025-12-13T17:30:06.4420000+08:00|Change|40001757|ModelStatus|16384|2fcb1bf4436aa908
261|2025-12-13T17:30:06.4420000+08:00|Change|40001758|ModelStatus|16384|250acfd7bc6dd75a
261|2025-12-13T17:30:06.4420000+08:00|Change|40001759|ModelStatus|16384|24c89c4a7b056d2f
261|2025-12-13T17:30:06.4420000+08:00|Change|4000175C|ModelStatus|16384|7410a93a59e6cabc
261|2025-12-13T17:30:06.4420000+08:00|Change|4000175B|ModelStatus|16384|2d1a28fe1b233e59
261|2025-12-13T17:30:06.4420000+08:00|Change|4000175A|ModelStatus|16384|44c2405c11d062b5
261|2025-12-13T17:30:06.4420000+08:00|Change|4000175E|ModelStatus|16384|09f408d52db7fc23
261|2025-12-13T17:30:06.4420000+08:00|Change|40001762|ModelStatus|16384|f93f35468232cd7e
261|2025-12-13T17:30:06.4420000+08:00|Change|40001761|ModelStatus|16384|b1ab9a13502b4a27
261|2025-12-13T17:30:06.4420000+08:00|Change|40001760|ModelStatus|16384|dacb7666e8203dfd
261|2025-12-13T17:30:06.4420000+08:00|Change|4000175F|ModelStatus|16384|40edbba995799395
261|2025-12-13T17:30:06.4420000+08:00|Change|4000175D|ModelStatus|16384|7f824d359e5e7f32
261|2025-12-13T17:30:06.5470000+08:00|Change|40001766|ModelStatus|16384|e0a58276c019b8c0
261|2025-12-13T17:30:06.5470000+08:00|Change|40001763|ModelStatus|16384|749c0204479971ff
261|2025-12-13T17:30:06.5470000+08:00|Change|40001768|ModelStatus|16384|46249d490f1db99b
261|2025-12-13T17:30:06.5470000+08:00|Change|40001765|ModelStatus|16384|71cce792ebbf13f0
261|2025-12-13T17:30:06.5470000+08:00|Change|40001767|ModelStatus|16384|dca5dadf2a3b2d62
261|2025-12-13T17:30:06.5470000+08:00|Change|40001764|ModelStatus|16384|666f5d4ec4f2569d
261|2025-12-13T17:30:06.5470000+08:00|Change|4000176C|ModelStatus|0|5518bd67cabf00f9
261|2025-12-13T17:30:06.5470000+08:00|Change|4000176D|ModelStatus|0|315b78377f17a747
261|2025-12-13T17:30:06.5470000+08:00|Change|4000176A|ModelStatus|16384|8bc45dcb36d43ad3
261|2025-12-13T17:30:06.5470000+08:00|Change|4000176E|ModelStatus|0|a85c111219b57e43
261|2025-12-13T17:30:06.5470000+08:00|Change|4000176B|ModelStatus|16384|2b21bb3c9e43a11d
261|2025-12-13T17:30:06.5470000+08:00|Change|40001769|ModelStatus|16384|9a1ff4e97343dc67
261|2025-12-13T17:30:06.5470000+08:00|Change|40001773|ModelStatus|0|87d37636c4b5bf75
261|2025-12-13T17:30:06.5470000+08:00|Change|40001772|ModelStatus|0|e89e2186e35d0e43
261|2025-12-13T17:30:06.5470000+08:00|Change|40001774|ModelStatus|0|6de0e537d302d9f4
261|2025-12-13T17:30:06.5470000+08:00|Change|40001778|ModelStatus|0|ca993a46a31a1567
261|2025-12-13T17:30:06.5470000+08:00|Change|40001779|ModelStatus|0|beb16e48ecf65a2e
261|2025-12-13T17:30:06.5470000+08:00|Change|4000177A|ModelStatus|0|8c186bd4674bb706
261|2025-12-13T17:30:06.6500000+08:00|Change|4000177E|ModelStatus|0|9444fc12939188ae
261|2025-12-13T17:30:06.6500000+08:00|Change|4000177F|ModelStatus|0|73c236ef4aebb797
33|2025-12-13T17:30:07.0950000+08:00|80034E79|40000011|00|00|00|00|247fd74d0a5261bc
261|2025-12-13T17:30:06.8500000+08:00|Change|10530A8D|ModelStatus|512|1c19a0bc5e5b4d37
271|2025-12-13T17:30:07.1390000+08:00|10530A8D|-3.1416|19|02|99.8770|111.3550|0.0300|739b9a1cf33e4f36
38|2025-12-13T17:30:07.1390000+08:00|10530A8D|小祥客服|0064641E|145489|145489|10000|10000|0||100.65|112.51|0.03|-3.14|0|0|0|0ef587258df2b19f
261|2025-12-13T17:30:07.8560000+08:00|Change|10530A8D|CurrentMP|10000|ModelStatus|0|PosX|99.8770|PosY|111.3550|PosZ|0.0300|11b8a0af50e8ccea
33|2025-12-13T17:30:12.5220000+08:00|80034E79|40000006|DF3|00|00|00|d86eaf81d5b7a652
261|2025-12-13T17:30:12.0750000+08:00|Change|40001756|ModelStatus|256|69d2371aa40537d6
253|2025-12-13T17:31:38.7055909+08:00|FFXIV_ACT_Plugin Version: 2.7.4.6 (50BCD605C50A749F)|2b32b8afb746e767
251|2025-12-13T17:31:38.7055909+08:00|Process ffxiv_dx11 (9084) 最终幻想XIV started on 2025/12/13 16:43:07 Found, Verifying.|de744d3e4b372851
251|2025-12-13T17:31:38.7055909+08:00|Found possible FFXIV process 9084 with version file C:\WeGameApps\rail_apps\ffxiv(2000340)\game\ffxivgame.ver.|cab9909f8fb879ab
251|2025-12-13T17:31:38.7055909+08:00|Process ffxiv_dx11 (9084) Verified.|ded1cb20e7a4c07c
249|2025-12-13T17:31:38.7055909+08:00|Selected Language ID: Chinese, Disable Damage Shield: False, Disable Combine Pets: False, Parse Filter: Party, DoTCrits: False, RealDoTs: False|29957e7a0dc1b7bc
249|2025-12-13T17:31:38.7055909+08:00|Selected Process ID: 0, Dump All Network Data: False, Disable Combat Log: False|cdd7742e498016e6
256|2025-12-13T17:31:40.5813000+08:00|256|OverlayPlugin|RegisterLogLine|1|a7dd4d47693c1d62
251|2025-12-13T17:31:40.5813000+08:00|Process ffxiv_dx11 (9084) 最终幻想XIV started on 2025/12/13 16:43:07 Found, Verifying.|988f79a07a0fbef3
251|2025-12-13T17:31:40.5813000+08:00|Found possible FFXIV process 9084 with version file C:\WeGameApps\rail_apps\ffxiv(2000340)\game\ffxivgame.ver.|d9d92f38d92ad43f
251|2025-12-13T17:31:40.5813000+08:00|Process ffxiv_dx11 (9084) Verified.|ab8e68c88c045ada
251|2025-12-13T17:31:40.5813000+08:00|Found Signature [PartyList] at offset [027356E0]|a16b38fcb907360a
251|2025-12-13T17:31:40.5813000+08:00|Found Signature [MobArray] at offset [0272FD30]|e23d40496e08491b
251|2025-12-13T17:31:40.5813000+08:00|Found Signature [ChatLog] at offset [02060D40]|772ef4a46c394da8
251|2025-12-13T17:31:40.5813000+08:00|Found Signature [Player] at offset [0294C758]|33410d7b42a67367
251|2025-12-13T17:31:40.5813000+08:00|Found Signature [ServerTime] at offset [0277C080]|9b0104f3db9f8d51
251|2025-12-13T17:31:40.5813000+08:00|Found Signature [MapID] at offset [027354F4]|b153fc0e617d80c2
251|2025-12-13T17:31:40.5813000+08:00|Found Signature [ZoneID] at offset [0291D4D8]|f75502e7b5fb7a5a
256|2025-12-13T17:31:41.1287906+08:00|257|OverlayPlugin|MapEffect|1|c15df6e3939bb4e5
256|2025-12-13T17:31:41.1538345+08:00|258|OverlayPlugin|FateDirector|1|b232b102e39e9a34
256|2025-12-13T17:31:41.1573199+08:00|259|OverlayPlugin|CEDirector|1|3341d07e03dfed7b
256|2025-12-13T17:31:41.1658323+08:00|260|OverlayPlugin|InCombat|1|46ac2ce5f4321ae7
256|2025-12-13T17:31:41.1698322+08:00|261|OverlayPlugin|CombatantMemory|1|180a21ec50222223
256|2025-12-13T17:31:41.1725013+08:00|262|OverlayPlugin|RSVData|1|70b0d4d116efd9dc
256|2025-12-13T17:31:41.1725013+08:00|263|OverlayPlugin|ActorCastExtra|1|6ca814ff3cfd6b16
256|2025-12-13T17:31:41.1730063+08:00|264|OverlayPlugin|AbilityExtra|1|cb28c2f115e553da
256|2025-12-13T17:31:41.1750134+08:00|265|OverlayPlugin|ContentFinderSettings|1|9b158c8d57a7148c
256|2025-12-13T17:31:41.1770132+08:00|266|OverlayPlugin|NpcYell|1|07c79a6d0b097697
256|2025-12-13T17:31:41.1790128+08:00|267|OverlayPlugin|BattleTalk2|1|e87f5707c12d09e3
256|2025-12-13T17:31:41.1810132+08:00|268|OverlayPlugin|Countdown|1|17e4a53f69e1ef65
256|2025-12-13T17:31:41.1830131+08:00|269|OverlayPlugin|CountdownCancel|1|22a00cef73180f38
256|2025-12-13T17:31:41.1845266+08:00|270|OverlayPlugin|ActorMove|1|1754a5209772d503
256|2025-12-13T17:31:41.1868684+08:00|271|OverlayPlugin|ActorSetPos|1|1db5c7e6f23c45c3
256|2025-12-13T17:31:41.1888852+08:00|272|OverlayPlugin|NpcSpawnExtra|1|b897dc12069cefa2
256|2025-12-13T17:31:41.1888852+08:00|273|OverlayPlugin|ActorControlExtra|1|eadf691260d528d8
256|2025-12-13T17:31:41.1898848+08:00|274|OverlayPlugin|ActorControlSelfExtra|1|829d030c6d813f8d
251|2025-12-13T17:31:41.1898848+08:00|Found VTable for [ChatLog] at address [1E1865201A0]|57f5e4558f01395a
251|2025-12-13T17:31:41.1898848+08:00|DeucalionInjector: Successfully injected Deucalion dll into process id 9084.|3cd1ed3ec3f9c6c1
251|2025-12-13T17:31:41.1898848+08:00|DeucalionClient: Debug Channel 9000 Opcode Debug message: SERVER HELLO. VERSION: 1.4.0. HOOK STATUS: RECV ON. SEND ON. SEND_LOBBY ON. CREATE_TARGET ON.|889d6199f810cdbb
250|2025-12-13T17:31:41.1898848+08:00|Detected Process ID: 9084, Client Mode: FFXIV_64, IsAdmin: True, Game Version: 2025.10.23.0000.0000|112c4bc76088ee9e
251|2025-12-13T17:31:41.1898848+08:00|DeucalionClient: Debug Channel Lobby Opcode Debug message: Packet filters set: 0b00010010|23c71e519fb22006
251|2025-12-13T17:31:41.1898848+08:00|DeucalionClient: Debug Channel 9000 Opcode Debug message: CHANGED NICKNAME: FFXIV_ACT_Plugin (subscriber 0)|c1b0d18ef4607257
01|2025-12-13T17:31:46.5040000+08:00|84|格里达尼亚新街|e0ad45d31804628b
40|2025-12-13T17:31:46.5040000+08:00|2|黑衣森林|格里达尼亚新街||2cf587bcc7ba38b8
02|2025-12-13T17:31:46.5040000+08:00|10530A8D|小祥客服|460f1e64e4f41939
03|2025-12-13T17:31:46.5040000+08:00|10530A8D|小祥客服|1E|64|0000|434|BaiJinHuanXiang|0|0|145489|145489|10000|10000|||37.29|41.64|1.18|-2.09|7c5f435d2f5bc39b
03|2025-12-13T17:31:46.5040000+08:00|1052E19B|蚳蛊蛱杀|13|64|0000|434|BaiJinHuanXiang|0|0|231909|231909|10000|10000|||42.18|29.90|5.87|-1.36|53c70c3310dec835
03|2025-12-13T17:31:46.5040000+08:00|10531CBB|尘世頌|12|64|0000|434|BaiJinHuanXiang|0|0|42919|42919|0|10000|||25.53|37.56|1.70|2.37|496a6f3369e9fe51
03|2025-12-13T17:31:46.5040000+08:00|1050D146|法尔ire|08|64|0000|434|BaiJinHuanXiang|0|0|4632|4632|0|10000|||51.33|54.02|-1.49|-2.48|fc78f5e8034eb183
03|2025-12-13T17:31:46.5040000+08:00|10531FF4|基墨基|2A|64|0000|434|BaiJinHuanXiang|0|0|140191|140191|10000|10000|||-59.16|12.20|-1.89|-2.58|20a5d085d37aca68
03|2025-12-13T17:31:46.5040000+08:00|1052699C|魔法窒息废料|1B|64|0000|459|LvRenZhanQiao|0|0|140312|140312|10000|10000|||32.29|34.65|1.72|-3.14|ca9a2bc181212923
03|2025-12-13T17:31:46.5040000+08:00|10508635|拂曉alex|13|64|0000|434|BaiJinHuanXiang|0|0|247948|247948|10000|10000|||-67.67|-2.95|-0.50|0.51|498d20ea15e95f96
12|2025-12-13T17:31:46.5040000+08:00|30|377|4907|5130|286|328|440|4907|2171|1967|286|328|2247|592|420|420|40000BE01CDF89|38b01de9c1249ac0
38|2025-12-13T17:31:47.0680000+08:00|1050D146|法尔ire|00646408|4632|4632|18|730|0||51.33|54.02|-1.49|-2.48|0|0|0|1E016C|41F00000|E0000000|0|0|0|0|0|0|295E0030|44465CF5|1050D146|bf1d81f2be431809
26|2025-12-13T17:31:47.0680000+08:00|30|进食|793.45|1050D146|法尔ire|1050D146|法尔ire|295E|4632|4632|2bd4d62aebe59752
38|2025-12-13T17:31:47.0680000+08:00|1050D146|法尔ire|00646408|4632|4632|730|730|0||51.33|54.02|-1.49|-2.48|0|0|0|1E016C|41F00000|E0000000|0|0|0|0|0|0|295E0030|44465CF5|1050D146|574ab72d5ed33c45
260|2025-12-13T17:31:47.2750000+08:00|0|0|1|1|a89d73c67a968c61
261|2025-12-13T17:31:47.8540000+08:00|Add|10530A8D|CastTargetID|E0000000|CurrentMP|10000|CurrentWorldID|1076|Heading|-2.0908|Job|30|Level|100|MaxHP|145489|MaxMP|10000|Name|小祥客服|NPCTargetID|E0000000|PosX|37.2922|PosY|41.6408|PosZ|1.1793|Radius|0.5000|Type|1|WorldID|1076|00273c1afa12126f
261|2025-12-13T17:31:47.8540000+08:00|Add|1052E19B|CastTargetID|E0000000|CurrentMP|10000|CurrentWorldID|1076|Heading|-1.3578|Job|19|Level|100|MaxHP|231909|MaxMP|10000|Name|蚳蛊蛱杀|NPCTargetID|E0000000|PosX|42.1820|PosY|29.8986|PosZ|5.8694|Radius|0.5000|Type|1|WorldID|1076|0b53e6625c5e3205
261|2025-12-13T17:31:47.8540000+08:00|Add|10531CBB|CastTargetID|E0000000|CurrentWorldID|1076|Heading|2.3737|Job|18|Level|100|MaxHP|42919|Name|尘世頌|NPCTargetID|E0000000|PosX|25.5269|PosY|37.5578|PosZ|1.7000|Radius|0.5000|Type|1|WorldID|1076|2a98baf083162bc9
261|2025-12-13T17:31:47.8540000+08:00|Add|1050D146|CastTargetID|E0000000|CurrentWorldID|1076|Heading|-2.4803|Job|8|Level|100|MaxHP|4632|Name|法尔ire|NPCTargetID|E0000000|PosX|51.3285|PosY|54.0218|PosZ|-1.4907|Radius|0.5000|Type|1|WorldID|1076|4b604bc0cd38d823
261|2025-12-13T17:31:47.8540000+08:00|Add|10531FF4|CastTargetID|E0000000|CurrentMP|10000|CurrentWorldID|1076|Heading|-2.5848|Job|42|Level|100|MaxHP|140191|MaxMP|10000|Name|基墨基|NPCTargetID|E0000000|PosX|-59.1619|PosY|12.2032|PosZ|-1.8873|Radius|0.5000|Type|1|WorldID|1076|f1087525645db6ba
261|2025-12-13T17:31:47.8540000+08:00|Add|1052699C|CastTargetID|E0000000|CurrentMP|10000|CurrentWorldID|1076|Heading|2.9734|Job|27|Level|100|MaxHP|140312|MaxMP|10000|Name|魔法窒息废料|NPCTargetID|385C54|PCTargetID|385C54|PosX|32.3033|PosY|33.8903|PosZ|2.1107|Radius|0.5000|Type|1|WorldID|1113|b4a5c4b8b5be6e1d
261|2025-12-13T17:31:47.8540000+08:00|Add|10508635|CastTargetID|E0000000|CurrentMP|10000|CurrentWorldID|1076|Heading|0.5199|Job|19|Level|100|MaxHP|247948|MaxMP|10000|ModelStatus|2048|Name|拂曉alex|NPCTargetID|E0000000|PosX|-67.6433|PosY|-2.8840|PosZ|-0.5036|Radius|0.5000|Type|1|WorldID|1076|318a2b32204223bb
39|2025-12-13T17:31:48.6240000+08:00|10508635|拂曉alex|247948|247948|10000|10000|||-67.64|-2.88|-0.50|0.52|c22232da08cb6824
39|2025-12-13T17:31:49.0260000+08:00|1050D146|法尔ire|4632|4632|0|10000|||51.33|54.02|-1.49|-2.48|99f49bfd6a804281
38|2025-12-13T17:31:49.5650000+08:00|1050D146|法尔ire|00646408|4632|4632|730|730|0||51.33|54.02|-1.49|-2.48|0|0|0|1E016C|41F00000|E0000000|0|0|0|0|0|0|295E0030|4445BD2D|1050D146|58b9762f0bf5edd9
261|2025-12-13T17:31:50.4450000+08:00|Change|1052699C|NPCTargetID|E0000000|PCTargetID|0|12fc5d23c6ac97b9
265|2025-12-13T17:31:50.4450000+08:00|0084|格里达尼亚新街|False|0|0|0|0|0|50d18a8ae16f2946
39|2025-12-13T17:31:51.6120000+08:00|10508635|拂曉alex|247948|247948|10000|10000|||-67.64|-2.88|-0.50|0.52|dd636d5bf4f087fa
39|2025-12-13T17:31:52.0100000+08:00|1050D146|法尔ire|4632|4632|0|10000|||51.33|54.02|-1.49|-2.48|e6874d4f811aefbe
04|2025-12-13T17:31:51.5230000+08:00|10508635|拂曉alex|13|64|0000|434|BaiJinHuanXiang|0|0|247948|247948|10000|10000|||-67.64|-2.88|-0.50|0.52|4e03868514f12834
261|2025-12-13T17:31:51.5230000+08:00|Remove|10508635|fbccb80342fa2134
38|2025-12-13T17:31:52.8170000+08:00|1050D146|法尔ire|00646408|4632|4632|724|730|0||51.33|54.02|-1.49|-2.48|0|0|0|1E016C|41F00000|E0000000|0|0|0|0|0|0|295E0030|4444ED13|1050D146|1c1a8ff9562a4c35
38|2025-12-13T17:31:54.7890000+08:00|1050D146|法尔ire|00646408|4632|4632|724|730|0||51.33|54.02|-1.49|-2.48|0|0|0|1E016C|41F00000|E0000000|0200FB|0|1050D146|0|0|0|295E0030|44446EF7|1050D146|2a6802a8df8b1d6b
26|2025-12-13T17:31:54.7890000+08:00|FB|内静|9999.00|1050D146|法尔ire|1050D146|法尔ire|02|4632|4632|9c0426ac6730ef53
04|2025-12-13T17:31:54.5240000+08:00|1052699C|魔法窒息废料|1B|64|0000|459|LvRenZhanQiao|0|0|140312|140312|10000|10000|||32.30|33.89|2.11|2.97|6f52745f8f3e1166
261|2025-12-13T17:31:54.5240000+08:00|Remove|1052699C|83a4d36668461f5b
39|2025-12-13T17:31:55.0120000+08:00|1050D146|法尔ire|4632|4632|0|10000|||51.33|54.02|-1.49|-2.48|1cedc17275340e74
00|2025-12-13T17:31:55.0000000+08:00|0039||成功发送了参加申请。|1b56ced544dc50d0
38|2025-12-13T17:31:55.8160000+08:00|1050D146|法尔ire|00646408|4632|4632|724|730|0||51.33|54.02|-1.49|-2.48|0|0|0|1E016C|41F00000|E0000000|0200FB|0|1050D146|0|0|0|295E0030|44442D30|1050D146|76cd553dfeef3e9c
261|2025-12-13T17:31:57.0770000+08:00|Change|10530A8D|Heading|2.1911|ModelStatus|512|PosX|36.1745|PosY|38.8096|PosZ|1.2000|8573877c97bd837d
261|2025-12-13T17:31:58.2700000+08:00|Remove|1050D146|205903703f92fb01
261|2025-12-13T17:31:58.2700000+08:00|Remove|10530A8D|36d4f19224537b07
261|2025-12-13T17:31:58.2700000+08:00|Remove|10531FF4|397da77d178255c2
261|2025-12-13T17:31:58.2700000+08:00|Remove|10531CBB|e9d20e7a2e1c7bef
261|2025-12-13T17:31:58.2700000+08:00|Remove|1052E19B|93d7a125d79ac368
31|2025-12-13T17:31:58.7100000+08:00|10530A8D|1E|00|00|00|d5b4195e9ba8ea0a
31|2025-12-13T17:31:58.7100000+08:00|10530A8D|1E|00|00|00|f10a19838ae271df
261|2025-12-13T17:31:58.4720000+08:00|Add|40001405|BNpcID|3F56|BNpcNameID|3050|CastTargetID|E0000000|CurrentMP|10000|CurrentWorldID|65535|Heading|-3.1416|Level|90|MaxHP|69200|MaxMP|10000|ModelStatus|18688|Name|风球|NPCTargetID|E0000000|PosX|100.0000|PosY|100.0000|Radius|1.0000|Type|2|WorldID|65535|70b78c4d1d3a71cb
261|2025-12-13T17:31:58.4720000+08:00|Add|40001406|BNpcID|3F56|BNpcNameID|3050|CastTargetID|E0000000|CurrentMP|10000|CurrentWorldID|65535|Heading|-3.1416|Level|90|MaxHP|69200|MaxMP|10000|ModelStatus|18688|Name|风球|NPCTargetID|E0000000|PosX|100.0000|PosY|100.0000|Radius|1.0000|Type|2|WorldID|65535|1c76fb6c201baa68
272|2025-12-13T17:31:59.0200000+08:00|4000140A|E0000000|0000|00|7d4048d886aff988
272|2025-12-13T17:31:59.0200000+08:00|40001406|E0000000|0000|00|e75d76c62e65a12c
272|2025-12-13T17:31:59.0200000+08:00|4000140B|E0000000|0000|00|f54332c6a5c8d392
272|2025-12-13T17:31:59.0200000+08:00|4000140C|E0000000|0000|00|28c950e6b8e84b1d
272|2025-12-13T17:31:59.0200000+08:00|4000140E|E0000000|0000|00|7afee37e99359aa4
272|2025-12-13T17:31:59.0200000+08:00|4000140F|E0000000|0000|00|38bd922ac199834e
272|2025-12-13T17:31:59.0200000+08:00|40001411|E0000000|0000|00|e2d5b5b733afd916
272|2025-12-13T17:31:59.0200000+08:00|40001410|E0000000|0000|00|59762f1d871117f4
272|2025-12-13T17:31:59.0200000+08:00|40001407|E0000000|0000|00|cd2ed9ce6ecf1264
272|2025-12-13T17:31:59.0200000+08:00|40001412|E0000000|0000|00|67259e039b98ab27
272|2025-12-13T17:31:59.0200000+08:00|40001414|E0000000|0000|00|c0b552d81e0638a2
272|2025-12-13T17:31:59.0200000+08:00|40001416|E0000000|0000|00|ca74613e7ddf9f87
272|2025-12-13T17:31:59.0200000+08:00|40001413|E0000000|0000|00|613b9df24905a4a3
272|2025-12-13T17:31:59.0200000+08:00|40001417|E0000000|0000|00|a739797f559a716e
272|2025-12-13T17:31:59.0200000+08:00|40001419|E0000000|0000|00|5d689eee90c3370e
272|2025-12-13T17:31:59.0200000+08:00|4000141A|E0000000|0000|00|0e783d96c1d6292e
272|2025-12-13T17:31:59.0200000+08:00|4000141B|E0000000|0000|00|6cc4907f5c5c87a6
272|2025-12-13T17:31:59.0200000+08:00|40001418|E0000000|0000|00|e5ee902a23d84ef7
272|2025-12-13T17:31:59.0200000+08:00|40001415|E0000000|0000|00|f74ad2a9846eb414
261|2025-12-13T17:31:58.4720000+08:00|Add|40001407|BNpcID|3F56|BNpcNameID|3050|CastTargetID|E0000000|CurrentMP|10000|CurrentWorldID|65535|Heading|-3.1416|Level|90|MaxHP|69200|MaxMP|10000|ModelStatus|18688|Name|风球|NPCTargetID|E0000000|PosX|100.0000|PosY|100.0000|Radius|1.0000|Type|2|WorldID|65535|70d932cd8b3ae716
272|2025-12-13T17:31:59.0200000+08:00|40001409|E0000000|0000|00|d6be026312394179
272|2025-12-13T17:31:59.0200000+08:00|40001405|E0000000|0000|00|93ec1de2fc2595a4
272|2025-12-13T17:31:59.0200000+08:00|40001408|E0000000|0000|00|faaf675f07df6eda
261|2025-12-13T17:31:58.6000000+08:00|Add|10530A8D|CastTargetID|E0000000|CurrentMP|10000|CurrentWorldID|1076|Heading|-3.1416|Job|30|Level|100|MaxHP|145489|MaxMP|10000|ModelStatus|3328|Name|小祥客服|NPCTargetID|E0000000|PosX|100.6450|PosY|112.5060|Radius|0.5000|Type|1|WorldID|1076|46ef94ce9595f351
272|2025-12-13T17:31:59.0640000+08:00|4000140D|E0000000|0000|00|d6d684161d6a54ab
272|2025-12-13T17:31:59.0640000+08:00|4000141E|E0000000|0000|00|7810bf95dded6bc3
272|2025-12-13T17:31:59.0640000+08:00|4000141F|E0000000|0000|00|dcce9f9d045b1023
272|2025-12-13T17:31:59.0640000+08:00|40001420|E0000000|0000|00|236638fe3333cd84
272|2025-12-13T17:31:59.0640000+08:00|40001422|E0000000|0000|00|6bdb2fe143a3a025
272|2025-12-13T17:31:59.0640000+08:00|40001423|E0000000|0000|00|a903253e9bac5ecb
272|2025-12-13T17:31:59.0640000+08:00|40001421|E0000000|0000|00|317ea3c53bbfdf72
272|2025-12-13T17:31:59.0640000+08:00|40001424|E0000000|0000|00|3d002def1e6568ea
272|2025-12-13T17:31:59.0640000+08:00|40001425|E0000000|0000|00|f8222672a74bc71a
272|2025-12-13T17:31:59.0640000+08:00|40001426|E0000000|0000|00|91bc5e90dd10e694
272|2025-12-13T17:31:59.0640000+08:00|40001427|E0000000|0000|00|7e49e6f054745654
272|2025-12-13T17:31:59.0640000+08:00|40001428|E0000000|0000|00|1b4d6df17e4eb23d
272|2025-12-13T17:31:59.0640000+08:00|40001429|E0000000|0000|00|f323887b99cd0fd1
272|2025-12-13T17:31:59.0640000+08:00|4000142A|E0000000|0000|00|1b8f734661e50316
272|2025-12-13T17:31:59.0640000+08:00|4000142B|E0000000|0000|00|0b6899792514fdfb
272|2025-12-13T17:31:59.0640000+08:00|4000141D|E0000000|0000|00|c0ea8ce40279c672
272|2025-12-13T17:31:59.0640000+08:00|4000142D|E0000000|0000|00|6e8786b210df52a0
272|2025-12-13T17:31:59.0640000+08:00|4000142C|E0000000|0000|00|d88b49d41fd3bde0
272|2025-12-13T17:31:59.0640000+08:00|4000142E|E0000000|0000|00|ce775d9aeecc7552
272|2025-12-13T17:31:59.0640000+08:00|4000142F|E0000000|0000|00|6bf7f60bed8adf96
272|2025-12-13T17:31:59.0640000+08:00|40001430|E0000000|0000|00|e354a32effab0693
272|2025-12-13T17:31:59.0640000+08:00|4000141C|E0000000|0000|00|025347beeea9a9dd
272|2025-12-13T17:31:59.0640000+08:00|40001432|E0000000|0000|00|57a09815dfdf7760
261|2025-12-13T17:31:58.6000000+08:00|Add|40001409|BNpcID|3F56|BNpcNameID|3050|CastTargetID|E0000000|CurrentMP|10000|CurrentWorldID|65535|Heading|-3.1416|Level|90|MaxHP|69200|MaxMP|10000|ModelStatus|18688|Name|风球|NPCTargetID|E0000000|PosX|100.0000|PosY|100.0000|Radius|1.0000|Type|2|WorldID|65535|f91c4d6132fb5b16
261|2025-12-13T17:31:58.6000000+08:00|Add|4000140A|BNpcID|3F56|BNpcNameID|3050|CastTargetID|E0000000|CurrentMP|10000|CurrentWorldID|65535|Heading|-3.1416|Level|90|MaxHP|69200|MaxMP|10000|ModelStatus|18688|Name|风球|NPCTargetID|E0000000|PosX|100.0000|PosY|100.0000|Radius|1.0000|Type|2|WorldID|65535|c467068fd08908d9
261|2025-12-13T17:31:58.6000000+08:00|Add|40001408|BNpcID|3F56|BNpcNameID|3050|CastTargetID|E0000000|CurrentMP|10000|CurrentWorldID|65535|Heading|-3.1416|Level|90|MaxHP|69200|MaxMP|10000|ModelStatus|18688|Name|风球|NPCTargetID|E0000000|PosX|100.0000|PosY|100.0000|Radius|1.0000|Type|2|WorldID|65535|4d1c9257fbf10eb1
272|2025-12-13T17:31:59.1090000+08:00|40001433|E0000000|0000|00|94fa118dc0e48435
272|2025-12-13T17:31:59.1090000+08:00|40001431|E0000000|0000|00|73fca9574fc58a3f
31|2025-12-13T17:31:59.1090000+08:00|10530A8D|1E|00|00|00|f8ecf670023e1071
261|2025-12-13T17:31:58.6000000+08:00|Add|40001404|BNpcID|1E8536|CastBuffID|3101949968|CastGroundTargetX|0.0000|CastGroundTargetY|0.0000|CastTargetID|88E89FBB|CurrentWorldID|256|Heading|0.0000|IsCasting2|2|Level|43|MaxMP|687865856|ModelStatus|2304|NPCTargetID|4AFA1527|PosX|100.0000|PosY|112.0000|Radius|2.0000|Type|7|15d44b526d3655f6
261|2025-12-13T17:31:58.6000000+08:00|Add|40001403|BNpcID|1E850B|BNpcNameID|9187E984|CastBuffID|256|CastDurationMax|0.0000|CastGroundTargetX|32206.0400|CastGroundTargetY|0.0000|CastGroundTargetZ|175192200000000.0000|CastTargetID|42121A02|Heading|0.0000|Level|109|MaxMP|1795162112|ModelStatus|2304|Name|退出点|NPCTargetID|36000000|PCTargetID|18FA8813|PosX|100.0000|PosY|89.0000|Radius|0.5000|Type|7|WeaponId|3|757128198db7a220
261|2025-12-13T17:31:58.7250000+08:00|Add|4000140C|BNpcID|3F56|BNpcNameID|3050|CastTargetID|E0000000|CurrentMP|10000|CurrentWorldID|65535|Heading|-3.1416|Level|90|MaxHP|69200|MaxMP|10000|ModelStatus|18688|Name|风球|NPCTargetID|E0000000|PosX|100.0000|PosY|100.0000|Radius|1.0000|Type|2|WorldID|65535|7bac2f5008b22f99
261|2025-12-13T17:31:58.7250000+08:00|Add|4000140E|BNpcID|3F56|BNpcNameID|3050|CastTargetID|E0000000|CurrentMP|10000|CurrentWorldID|65535|Heading|-3.1416|Level|90|MaxHP|69200|MaxMP|10000|ModelStatus|18688|Name|风球|NPCTargetID|E0000000|PosX|100.0000|PosY|100.0000|Radius|1.0000|Type|2|WorldID|65535|a0aa1a780a1bff90
261|2025-12-13T17:31:58.7250000+08:00|Add|4000140B|BNpcID|3F56|BNpcNameID|3050|CastTargetID|E0000000|CurrentMP|10000|CurrentWorldID|65535|Heading|-3.1416|Level|90|MaxHP|69200|MaxMP|10000|ModelStatus|18688|Name|风球|NPCTargetID|E0000000|PosX|100.0000|PosY|100.0000|Radius|1.0000|Type|2|WorldID|65535|077d3fb13c6ba577
261|2025-12-13T17:31:58.7250000+08:00|Add|40001410|BNpcID|3F56|BNpcNameID|3050|CastTargetID|E0000000|CurrentMP|10000|CurrentWorldID|65535|Heading|-3.1416|Level|90|MaxHP|69200|MaxMP|10000|ModelStatus|18688|Name|风球|NPCTargetID|E0000000|PosX|100.0000|PosY|100.0000|Radius|1.0000|Type|2|WorldID|65535|df28fa1655018aeb
261|2025-12-13T17:31:58.7250000+08:00|Add|4000140F|BNpcID|3F56|BNpcNameID|3050|CastTargetID|E0000000|CurrentMP|10000|CurrentWorldID|65535|Heading|-3.1416|Level|90|MaxHP|69200|MaxMP|10000|ModelStatus|18688|Name|风球|NPCTargetID|E0000000|PosX|100.0000|PosY|100.0000|Radius|1.0000|Type|2|WorldID|65535|0c21bd82fa725a59
261|2025-12-13T17:31:58.7250000+08:00|Add|40001411|BNpcID|3F56|BNpcNameID|3050|CastTargetID|E0000000|CurrentMP|10000|CurrentWorldID|65535|Heading|-3.1416|Level|90|MaxHP|69200|MaxMP|10000|ModelStatus|18688|Name|风球|NPCTargetID|E0000000|PosX|100.0000|PosY|100.0000|Radius|1.0000|Type|2|WorldID|65535|59a547fe16a53fb9
261|2025-12-13T17:31:58.8450000+08:00|Add|40001414|BNpcID|3F56|BNpcNameID|3050|CastTargetID|E0000000|CurrentMP|10000|CurrentWorldID|65535|Heading|-3.1416|Level|90|MaxHP|69200|MaxMP|10000|ModelStatus|18688|Name|风球|NPCTargetID|E0000000|PosX|100.0000|PosY|100.0000|Radius|1.0000|Type|2|WorldID|65535|7c1c21d2a06c45f2
261|2025-12-13T17:31:58.8450000+08:00|Add|40001413|BNpcID|3F56|BNpcNameID|3050|CastTargetID|E0000000|CurrentMP|10000|CurrentWorldID|65535|Heading|-3.1416|Level|90|MaxHP|69200|MaxMP|10000|ModelStatus|18688|Name|风球|NPCTargetID|E0000000|PosX|100.0000|PosY|100.0000|Radius|1.0000|Type|2|WorldID|65535|3d7a305ef657c978
261|2025-12-13T17:31:58.8450000+08:00|Add|40001412|BNpcID|3F56|BNpcNameID|3050|CastTargetID|E0000000|CurrentMP|10000|CurrentWorldID|65535|Heading|-3.1416|Level|90|MaxHP|69200|MaxMP|10000|ModelStatus|18688|Name|风球|NPCTargetID|E0000000|PosX|100.0000|PosY|100.0000|Radius|1.0000|Type|2|WorldID|65535|88d9eaf5ab2f79c5
261|2025-12-13T17:31:58.8450000+08:00|Add|40001416|BNpcID|3F5A|BNpcNameID|304E|CastTargetID|E0000000|CurrentMP|10000|CurrentWorldID|65535|Heading|-3.1416|Level|90|MaxHP|69200|MaxMP|10000|ModelStatus|18688|Name|高贝扎的幻影|NPCTargetID|E0000000|PosX|100.0000|PosY|100.0000|Radius|7.5000|Type|2|WorldID|65535|4c5611f3cd6c09db
261|2025-12-13T17:31:58.8450000+08:00|Add|40001417|BNpcID|3F5A|BNpcNameID|304E|CastTargetID|E0000000|CurrentMP|10000|CurrentWorldID|65535|Heading|-3.1416|Level|90|MaxHP|69200|MaxMP|10000|ModelStatus|18688|Name|高贝扎的幻影|NPCTargetID|E0000000|PosX|100.0000|PosY|100.0000|Radius|7.5000|Type|2|WorldID|65535|38410a604e581f3c
261|2025-12-13T17:31:58.8450000+08:00|Add|40001415|BNpcID|3F5A|BNpcNameID|304E|CastTargetID|E0000000|CurrentMP|10000|CurrentWorldID|65535|Heading|-3.1416|Level|90|MaxHP|69200|MaxMP|10000|ModelStatus|18688|Name|高贝扎的幻影|NPCTargetID|E0000000|PosX|100.0000|PosY|100.0000|Radius|7.5000|Type|2|WorldID|65535|b18af69079692932
261|2025-12-13T17:31:58.9680000+08:00|Add|40001419|BNpcID|3F55|BNpcNameID|304F|CastTargetID|E0000000|CurrentMP|10000|CurrentWorldID|65535|Heading|0.0000|Level|90|MaxHP|69200|MaxMP|10000|ModelStatus|18688|Name|黑龙|NPCTargetID|E0000000|PosX|100.0000|PosY|100.0000|Radius|7.0000|Type|2|WorldID|65535|37e00d9a47d852aa
261|2025-12-13T17:31:58.9680000+08:00|Add|40001418|BNpcID|3F5A|BNpcNameID|304E|CastTargetID|E0000000|CurrentMP|10000|CurrentWorldID|65535|Heading|-3.1416|Level|90|MaxHP|69200|MaxMP|10000|ModelStatus|18688|Name|高贝扎的幻影|NPCTargetID|E0000000|PosX|100.0000|PosY|100.0000|Radius|7.5000|Type|2|WorldID|65535|6064bcbfb14530bb
261|2025-12-13T17:31:58.9680000+08:00|Add|4000141A|BNpcID|3F54|BNpcNameID|304D|CastTargetID|E0000000|CurrentMP|10000|CurrentWorldID|65535|Heading|0.0000|Level|90|MaxHP|26635080|MaxMP|10000|ModelStatus|2304|Name|高贝扎|NPCTargetID|E0000000|PosX|100.0000|PosY|90.0000|Radius|6.0000|Type|2|WorldID|65535|b089a537adf3bfc7
261|2025-12-13T17:31:58.9680000+08:00|Add|4000140D|BNpcID|3F56|BNpcNameID|3050|CastTargetID|E0000000|CurrentMP|10000|CurrentWorldID|65535|Heading|-3.1416|Level|90|MaxHP|69200|MaxMP|10000|ModelStatus|18688|Name|风球|NPCTargetID|E0000000|PosX|100.0000|PosY|100.0000|Radius|1.0000|Type|2|WorldID|65535|b04c6bb200a410d1
261|2025-12-13T17:31:58.9680000+08:00|Add|4000141D|BNpcID|233C|BNpcNameID|304D|CastTargetID|E0000000|CurrentWorldID|65535|Heading|0.0000|Level|1|MaxHP|44|ModelStatus|2304|Name|高贝扎|NPCTargetID|E0000000|PosX|100.0000|PosY|90.0000|Radius|0.5000|Type|2|WorldID|65535|f3ac399e36930351
261|2025-12-13T17:31:58.9680000+08:00|Add|4000141B|BNpcID|233C|BNpcNameID|304D|CastTargetID|E0000000|CurrentWorldID|65535|Heading|0.0000|Level|1|MaxHP|44|ModelStatus|2304|Name|高贝扎|NPCTargetID|E0000000|PosX|100.0000|PosY|90.0000|Radius|0.5000|Type|2|WorldID|65535|7179833f17f75fbe
261|2025-12-13T17:31:59.0910000+08:00|Add|40001420|BNpcID|233C|BNpcNameID|304D|CastTargetID|E0000000|CurrentWorldID|65535|Heading|0.0000|Level|1|MaxHP|44|ModelStatus|2304|Name|高贝扎|NPCTargetID|E0000000|PosX|100.0000|PosY|90.0000|Radius|0.5000|Type|2|WorldID|65535|48e322ed54bd90be
261|2025-12-13T17:31:59.0910000+08:00|Add|4000141F|BNpcID|233C|BNpcNameID|304D|CastTargetID|E0000000|CurrentWorldID|65535|Heading|0.0000|Level|1|MaxHP|44|ModelStatus|2304|Name|高贝扎|NPCTargetID|E0000000|PosX|100.0000|PosY|90.0000|Radius|0.5000|Type|2|WorldID|65535|4565597c03b8c3cb
261|2025-12-13T17:31:59.0910000+08:00|Add|4000141E|BNpcID|233C|BNpcNameID|304D|CastTargetID|E0000000|CurrentWorldID|65535|Heading|0.0000|Level|1|MaxHP|44|ModelStatus|2304|Name|高贝扎|NPCTargetID|E0000000|PosX|100.0000|PosY|90.0000|Radius|0.5000|Type|2|WorldID|65535|e2a44790ff928689
261|2025-12-13T17:31:59.0910000+08:00|Add|40001423|BNpcID|233C|BNpcNameID|304D|CastTargetID|E0000000|CurrentWorldID|65535|Heading|0.0000|Level|1|MaxHP|44|ModelStatus|2304|Name|高贝扎|NPCTargetID|E0000000|PosX|100.0000|PosY|90.0000|Radius|0.5000|Type|2|WorldID|65535|a119f53f73cf1be3
261|2025-12-13T17:31:59.0910000+08:00|Add|40001422|BNpcID|233C|BNpcNameID|304D|CastTargetID|E0000000|CurrentWorldID|65535|Heading|0.0000|Level|1|MaxHP|44|ModelStatus|2304|Name|高贝扎|NPCTargetID|E0000000|PosX|100.0000|PosY|90.0000|Radius|0.5000|Type|2|WorldID|65535|69df47fd0b8ef2d5
261|2025-12-13T17:31:59.0910000+08:00|Add|40001421|BNpcID|233C|BNpcNameID|304D|CastTargetID|E0000000|CurrentWorldID|65535|Heading|0.0000|Level|1|MaxHP|44|ModelStatus|2304|Name|高贝扎|NPCTargetID|E0000000|PosX|100.0000|PosY|90.0000|Radius|0.5000|Type|2|WorldID|65535|df119dfbedf3bb7b
261|2025-12-13T17:31:59.2130000+08:00|Add|40001426|BNpcID|233C|BNpcNameID|304D|CastTargetID|E0000000|CurrentWorldID|65535|Heading|0.0000|Level|1|MaxHP|44|ModelStatus|2304|Name|高贝扎|NPCTargetID|E0000000|PosX|100.0000|PosY|90.0000|Radius|0.5000|Type|2|WorldID|65535|64e543079ef63510
261|2025-12-13T17:31:59.2130000+08:00|Add|40001425|BNpcID|233C|BNpcNameID|304D|CastTargetID|E0000000|CurrentWorldID|65535|Heading|0.0000|Level|1|MaxHP|44|ModelStatus|2304|Name|高贝扎|NPCTargetID|E0000000|PosX|100.0000|PosY|90.0000|Radius|0.5000|Type|2|WorldID|65535|5fc732d6d7e1f70c
261|2025-12-13T17:31:59.2130000+08:00|Add|40001424|BNpcID|233C|BNpcNameID|304D|CastTargetID|E0000000|CurrentWorldID|65535|Heading|0.0000|Level|1|MaxHP|44|ModelStatus|2304|Name|高贝扎|NPCTargetID|E0000000|PosX|100.0000|PosY|90.0000|Radius|0.5000|Type|2|WorldID|65535|f8a9f03ba455e953
261|2025-12-13T17:31:59.2130000+08:00|Add|40001429|BNpcID|233C|BNpcNameID|304D|CastTargetID|E0000000|CurrentWorldID|65535|Heading|0.0000|Level|1|MaxHP|44|ModelStatus|2304|Name|高贝扎|NPCTargetID|E0000000|PosX|100.0000|PosY|90.0000|Radius|0.5000|Type|2|WorldID|65535|6aea438e0556d54b
261|2025-12-13T17:31:59.2130000+08:00|Add|40001428|BNpcID|233C|BNpcNameID|304D|CastTargetID|E0000000|CurrentWorldID|65535|Heading|0.0000|Level|1|MaxHP|44|ModelStatus|2304|Name|高贝扎|NPCTargetID|E0000000|PosX|100.0000|PosY|90.0000|Radius|0.5000|Type|2|WorldID|65535|6ca20b1dbe31d996
261|2025-12-13T17:31:59.2130000+08:00|Add|40001427|BNpcID|233C|BNpcNameID|304D|CastTargetID|E0000000|CurrentWorldID|65535|Heading|0.0000|Level|1|MaxHP|44|ModelStatus|2304|Name|高贝扎|NPCTargetID|E0000000|PosX|100.0000|PosY|90.0000|Radius|0.5000|Type|2|WorldID|65535|c970bbf7dd937046
261|2025-12-13T17:31:59.3470000+08:00|Add|4000142B|BNpcID|233C|BNpcNameID|304D|CastTargetID|E0000000|CurrentWorldID|65535|Heading|0.0000|Level|1|MaxHP|44|ModelStatus|2304|Name|高贝扎|NPCTargetID|E0000000|PosX|100.0000|PosY|90.0000|Radius|0.5000|Type|2|WorldID|65535|eb3eb30947e8fae6
261|2025-12-13T17:31:59.3470000+08:00|Add|4000142C|BNpcID|233C|BNpcNameID|304D|CastTargetID|E0000000|CurrentWorldID|65535|Heading|0.0000|Level|1|MaxHP|44|ModelStatus|2304|Name|高贝扎|NPCTargetID|E0000000|PosX|100.0000|PosY|90.0000|Radius|0.5000|Type|2|WorldID|65535|6d670a2e3d59d536
261|2025-12-13T17:31:59.3470000+08:00|Add|4000142A|BNpcID|233C|BNpcNameID|304D|CastTargetID|E0000000|CurrentWorldID|65535|Heading|0.0000|Level|1|MaxHP|44|ModelStatus|2304|Name|高贝扎|NPCTargetID|E0000000|PosX|100.0000|PosY|90.0000|Radius|0.5000|Type|2|WorldID|65535|0575e82ebb8aef47
261|2025-12-13T17:31:59.3470000+08:00|Add|4000142D|BNpcID|233C|BNpcNameID|304D|CastTargetID|E0000000|CurrentWorldID|65535|Heading|0.0000|Level|1|MaxHP|44|ModelStatus|2304|Name|高贝扎|NPCTargetID|E0000000|PosX|100.0000|PosY|90.0000|Radius|0.5000|Type|2|WorldID|65535|f118404f900fd5e0
261|2025-12-13T17:31:59.3470000+08:00|Add|4000142E|BNpcID|233C|BNpcNameID|304D|CastTargetID|E0000000|CurrentWorldID|65535|Heading|0.0000|Level|1|MaxHP|44|ModelStatus|2304|Name|高贝扎|NPCTargetID|E0000000|PosX|100.0000|PosY|90.0000|Radius|0.5000|Type|2|WorldID|65535|93ce0ae3a3a1f623
261|2025-12-13T17:31:59.3470000+08:00|Add|4000142F|BNpcID|233C|BNpcNameID|304D|CastTargetID|E0000000|CurrentWorldID|65535|Heading|0.0000|Level|1|MaxHP|44|ModelStatus|2304|Name|高贝扎|NPCTargetID|E0000000|PosX|100.0000|PosY|90.0000|Radius|0.5000|Type|2|WorldID|65535|80b26bcb46b05c25
01|2025-12-13T17:31:59.4700000+08:00|474|高贝扎歼灭战|f8733b6a9bbd745c
40|2025-12-13T17:31:59.4700000+08:00|830|？？？？|立方魔法阵||060e885595e0fc1a
02|2025-12-13T17:31:59.4700000+08:00|10530A8D|小祥客服|a9d2d570a8d046c6
03|2025-12-13T17:31:59.4700000+08:00|10530A8D|小祥客服|1E|64|0000|434|BaiJinHuanXiang|0|0|145489|145489|10000|10000|||100.65|112.51|0.00|-3.14|a04133fef02925b3
265|2025-12-13T17:31:57.1924479+08:00|474|高贝扎歼灭战|True|1|0|0|0|0|a6c8cd8037c56999
03|2025-12-13T17:31:59.4700000+08:00|40001409|风球|00|5A|0000|00||12368|16214|69200|69200|10000|10000|||100.00|100.00|0.00|-3.14|0d6429a277ad4d32
03|2025-12-13T17:31:59.4700000+08:00|40001406|风球|00|5A|0000|00||12368|16214|69200|69200|10000|10000|||100.00|100.00|0.00|-3.14|60cef09556636aeb
03|2025-12-13T17:31:59.4700000+08:00|40001419|黑龙|00|5A|0000|00||12367|16213|69200|69200|10000|10000|||100.00|100.00|0.00|0.00|2628dac2f24b053b
03|2025-12-13T17:31:59.4700000+08:00|4000140C|风球|00|5A|0000|00||12368|16214|69200|69200|10000|10000|||100.00|100.00|0.00|-3.14|26ae94938986ad69
03|2025-12-13T17:31:59.4700000+08:00|40001405|风球|00|5A|0000|00||12368|16214|69200|69200|10000|10000|||100.00|100.00|0.00|-3.14|f5eeb375405f2b10
03|2025-12-13T17:31:59.4700000+08:00|40001416|高贝扎的幻影|00|5A|0000|00||12366|16218|69200|69200|10000|10000|||100.00|100.00|0.00|-3.14|e9ed8d6d5de3cf56
03|2025-12-13T17:31:59.4700000+08:00|40001414|风球|00|5A|0000|00||12368|16214|69200|69200|10000|10000|||100.00|100.00|0.00|-3.14|99bbf9b350b986c5
03|2025-12-13T17:31:59.4700000+08:00|40001407|风球|00|5A|0000|00||12368|16214|69200|69200|10000|10000|||100.00|100.00|0.00|-3.14|3aa4a5cbe6dc59fa
03|2025-12-13T17:31:59.4700000+08:00|40001418|高贝扎的幻影|00|5A|0000|00||12366|16218|69200|69200|10000|10000|||100.00|100.00|0.00|-3.14|082e071b57c449ac
03|2025-12-13T17:31:59.4700000+08:00|40001413|风球|00|5A|0000|00||12368|16214|69200|69200|10000|10000|||100.00|100.00|0.00|-3.14|ef330395a9ec086d
03|2025-12-13T17:31:59.4700000+08:00|40001410|风球|00|5A|0000|00||12368|16214|69200|69200|10000|10000|||100.00|100.00|0.00|-3.14|9978d1fc623978b0
03|2025-12-13T17:31:59.4700000+08:00|40001417|高贝扎的幻影|00|5A|0000|00||12366|16218|69200|69200|10000|10000|||100.00|100.00|0.00|-3.14|f56087f622fe134f
03|2025-12-13T17:31:59.4700000+08:00|4000140E|风球|00|5A|0000|00||12368|16214|69200|69200|10000|10000|||100.00|100.00|0.00|-3.14|767a37173414c5a9
03|2025-12-13T17:31:59.4700000+08:00|4000140A|风球|00|5A|0000|00||12368|16214|69200|69200|10000|10000|||100.00|100.00|0.00|-3.14|e4bc388d40c0f7c3
03|2025-12-13T17:31:59.4700000+08:00|4000140D|风球|00|5A|0000|00||12368|16214|69200|69200|10000|10000|||100.00|100.00|0.00|-3.14|f6b90dc5a2ace6e5
03|2025-12-13T17:31:59.4700000+08:00|4000140F|风球|00|5A|0000|00||12368|16214|69200|69200|10000|10000|||100.00|100.00|0.00|-3.14|342af94214ca35f0
03|2025-12-13T17:31:59.4700000+08:00|4000140B|风球|00|5A|0000|00||12368|16214|69200|69200|10000|10000|||100.00|100.00|0.00|-3.14|6729ba8b3c1a5920
03|2025-12-13T17:31:59.4700000+08:00|40001415|高贝扎的幻影|00|5A|0000|00||12366|16218|69200|69200|10000|10000|||100.00|100.00|0.00|-3.14|9204d36d5b61d747
03|2025-12-13T17:31:59.4700000+08:00|40001411|风球|00|5A|0000|00||12368|16214|69200|69200|10000|10000|||100.00|100.00|0.00|-3.14|161a937e9b79e807
03|2025-12-13T17:31:59.4700000+08:00|40001412|风球|00|5A|0000|00||12368|16214|69200|69200|10000|10000|||100.00|100.00|0.00|-3.14|da4489fe4ecb675d
03|2025-12-13T17:31:59.4700000+08:00|40001408|风球|00|5A|0000|00||12368|16214|69200|69200|10000|10000|||100.00|100.00|0.00|-3.14|b1bfa31d61c74f42
03|2025-12-13T17:31:59.4700000+08:00|4000142B|高贝扎|00|1|0000|00||12365|9020|44|44|0|10000|||100.00|90.00|0.00|0.00|38512ade631345a3
03|2025-12-13T17:31:59.4700000+08:00|4000142D|高贝扎|00|1|0000|00||12365|9020|44|44|0|10000|||100.00|90.00|0.00|0.00|f5a4df382c5bd3b7
03|2025-12-13T17:31:59.4700000+08:00|4000142C|高贝扎|00|1|0000|00||12365|9020|44|44|0|10000|||100.00|90.00|0.00|0.00|df73fa276200c19e
03|2025-12-13T17:31:59.4700000+08:00|4000142A|高贝扎|00|1|0000|00||12365|9020|44|44|0|10000|||100.00|90.00|0.00|0.00|ad5828a6dc3574ca
03|2025-12-13T17:31:59.4700000+08:00|40001429|高贝扎|00|1|0000|00||12365|9020|44|44|0|10000|||100.00|90.00|0.00|0.00|09bcc310cae7b550
03|2025-12-13T17:31:59.4700000+08:00|40001428|高贝扎|00|1|0000|00||12365|9020|44|44|0|10000|||100.00|90.00|0.00|0.00|1af6d21b8aa6eb99
03|2025-12-13T17:31:59.4700000+08:00|40001427|高贝扎|00|1|0000|00||12365|9020|44|44|0|10000|||100.00|90.00|0.00|0.00|f889a5384106932a
03|2025-12-13T17:31:59.4700000+08:00|40001426|高贝扎|00|1|0000|00||12365|9020|44|44|0|10000|||100.00|90.00|0.00|0.00|8acf3670a95a6eb4
03|2025-12-13T17:31:59.4700000+08:00|40001425|高贝扎|00|1|0000|00||12365|9020|44|44|0|10000|||100.00|90.00|0.00|0.00|cac30d46544777a6
03|2025-12-13T17:31:59.4700000+08:00|40001424|高贝扎|00|1|0000|00||12365|9020|44|44|0|10000|||100.00|90.00|0.00|0.00|16ee3baddec25294
03|2025-12-13T17:31:59.4700000+08:00|40001423|高贝扎|00|1|0000|00||12365|9020|44|44|0|10000|||100.00|90.00|0.00|0.00|ae344307d37e73d7
03|2025-12-13T17:31:59.4700000+08:00|40001422|高贝扎|00|1|0000|00||12365|9020|44|44|0|10000|||100.00|90.00|0.00|0.00|76553ee1f7a3f836
03|2025-12-13T17:31:59.4700000+08:00|40001421|高贝扎|00|1|0000|00||12365|9020|44|44|0|10000|||100.00|90.00|0.00|0.00|6e10f5d0907965fc
03|2025-12-13T17:31:59.4700000+08:00|40001420|高贝扎|00|1|0000|00||12365|9020|44|44|0|10000|||100.00|90.00|0.00|0.00|075bd395d54d2942
03|2025-12-13T17:31:59.4700000+08:00|4000141F|高贝扎|00|1|0000|00||12365|9020|44|44|0|10000|||100.00|90.00|0.00|0.00|594d4fc2e3189e23
03|2025-12-13T17:31:59.4700000+08:00|4000141E|高贝扎|00|1|0000|00||12365|9020|44|44|0|10000|||100.00|90.00|0.00|0.00|5a0b0a090f8c2740
03|2025-12-13T17:31:59.4700000+08:00|4000141D|高贝扎|00|1|0000|00||12365|9020|44|44|0|10000|||100.00|90.00|0.00|0.00|4e9915ca05880e9c
03|2025-12-13T17:31:59.4700000+08:00|4000141C|高贝扎|00|1|0000|00||12365|9020|44|44|0|10000|||100.00|90.00|0.03|0.00|41ace2e03e3f4c0f
03|2025-12-13T17:31:59.4700000+08:00|4000141B|高贝扎|00|1|0000|00||12365|9020|44|44|0|10000|||100.00|90.00|0.00|0.00|ada7c7552304b5bc
03|2025-12-13T17:31:59.4700000+08:00|4000141A|高贝扎|00|5A|0000|00||12365|16212|26635080|26635080|10000|10000|||100.00|90.00|0.00|0.00|b615abb4e2d69c44
03|2025-12-13T17:31:59.4700000+08:00|4000142E|高贝扎|00|1|0000|00||12365|9020|44|44|0|10000|||100.00|90.00|0.00|0.00|4285b047a27934d5
03|2025-12-13T17:31:59.4700000+08:00|4000142F|高贝扎|00|1|0000|00||12365|9020|44|44|0|10000|||100.00|90.00|0.00|0.00|61bec0520065e96e
03|2025-12-13T17:31:59.4700000+08:00|40001432|高贝扎|00|1|0000|00||12365|9020|44|44|0|10000|||100.00|90.00|0.03|0.00|15d0cffb681a9aa9
03|2025-12-13T17:31:59.4700000+08:00|40001430|高贝扎|00|1|0000|00||12365|9020|44|44|0|10000|||100.00|90.00|0.03|0.00|b237c8e6ebffe5ee
00|2025-12-13T17:31:58.0000000+08:00|0039||离开了休息区。|e5d2b346414196b9
261|2025-12-13T17:31:59.4700000+08:00|Add|4000141C|BNpcID|233C|BNpcNameID|304D|CastTargetID|E0000000|CurrentWorldID|65535|Heading|0.0000|Level|1|MaxHP|44|ModelStatus|2304|Name|高贝扎|NPCTargetID|E0000000|PosX|100.0000|PosY|90.0000|PosZ|0.0300|Radius|0.5000|Type|2|WorldID|65535|81c6a5b5a85d3600
261|2025-12-13T17:31:59.4700000+08:00|Add|40001432|BNpcID|233C|BNpcNameID|304D|CastTargetID|E0000000|CurrentWorldID|65535|Heading|0.0000|Level|1|MaxHP|44|ModelStatus|2304|Name|高贝扎|NPCTargetID|E0000000|PosX|100.0000|PosY|90.0000|PosZ|0.0300|Radius|0.5000|Type|2|WorldID|65535|38c1c1ab695db94b
261|2025-12-13T17:31:59.4700000+08:00|Add|40001430|BNpcID|233C|BNpcNameID|304D|CastTargetID|E0000000|CurrentWorldID|65535|Heading|0.0000|Level|1|MaxHP|44|ModelStatus|2304|Name|高贝扎|NPCTargetID|E0000000|PosX|100.0000|PosY|90.0000|PosZ|0.0300|Radius|0.5000|Type|2|WorldID|65535|ae8490c1d32cf4cb
03|2025-12-13T17:31:59.4700000+08:00|40001431|高贝扎|00|1|0000|00||12365|9020|44|44|0|10000|||100.00|90.00|0.03|0.00|c128a080c3aaca68
03|2025-12-13T17:31:59.4700000+08:00|40001433|高贝扎|00|1|0000|00||12365|9020|44|44|0|10000|||100.00|90.00|0.03|0.00|685c726765dd1dd7
261|2025-12-13T17:31:59.4700000+08:00|Add|40001431|BNpcID|233C|BNpcNameID|304D|CastTargetID|E0000000|CurrentWorldID|65535|Heading|0.0000|Level|1|MaxHP|44|ModelStatus|2048|Name|高贝扎|NPCTargetID|E0000000|PosX|100.0000|PosY|90.0000|PosZ|0.0300|Radius|0.5000|Type|2|WorldID|65535|79a9049c4f3b270c
261|2025-12-13T17:31:59.4700000+08:00|Add|40001433|BNpcID|233C|BNpcNameID|304D|CastTargetID|E0000000|CurrentWorldID|65535|Heading|0.0000|Level|1|MaxHP|44|ModelStatus|2048|Name|高贝扎|NPCTargetID|E0000000|PosX|100.0000|PosY|90.0000|PosZ|0.0300|Radius|0.5000|Type|2|WorldID|65535|d670fa9ce90e5ebb
261|2025-12-13T17:31:59.6760000+08:00|Change|10530A8D|ModelStatus|1024|PosZ|0.0300|0c8bf398d27c8373
261|2025-12-13T17:31:59.6760000+08:00|Change|40001409|ModelStatus|16384|PosZ|0.0300|c551215bfe759609
261|2025-12-13T17:31:59.6760000+08:00|Change|4000140A|ModelStatus|16384|PosZ|0.0300|39871f3c29350619
261|2025-12-13T17:31:59.6760000+08:00|Change|40001408|ModelStatus|16384|PosZ|0.0300|4d8a83e044e006a4
261|2025-12-13T17:31:59.8010000+08:00|Change|4000140C|ModelStatus|16384|PosZ|0.0300|60ae2f758c3f7184
261|2025-12-13T17:31:59.8010000+08:00|Change|4000140E|ModelStatus|16384|PosZ|0.0300|8a2d8b398bad1a9c
261|2025-12-13T17:31:59.8010000+08:00|Change|4000140B|ModelStatus|16384|PosZ|0.0300|ff64e01403a604b4
261|2025-12-13T17:31:59.8010000+08:00|Change|40001410|ModelStatus|16384|PosZ|0.0300|e6afaa32acf529aa
261|2025-12-13T17:31:59.8010000+08:00|Change|4000140F|ModelStatus|16384|PosZ|0.0300|256cc9ea2bf19579
261|2025-12-13T17:31:59.8010000+08:00|Change|40001411|ModelStatus|16384|PosZ|0.0300|89881d32e761526c
261|2025-12-13T17:31:59.9120000+08:00|Change|40001414|ModelStatus|16384|PosZ|0.0300|bc0c50aac9458ebc
261|2025-12-13T17:31:59.9120000+08:00|Change|40001413|ModelStatus|16384|PosZ|0.0300|6e38f4439450af7f
261|2025-12-13T17:31:59.9120000+08:00|Change|40001412|ModelStatus|16384|PosZ|0.0300|ee9de58807acd771
261|2025-12-13T17:32:00.0270000+08:00|Change|40001416|ModelStatus|16384|PosZ|0.0300|9d1e8e4a0aac4095
261|2025-12-13T17:32:00.0270000+08:00|Change|40001417|ModelStatus|16384|PosZ|0.0300|ee9acc58c802e5e2
261|2025-12-13T17:32:00.0270000+08:00|Change|40001415|ModelStatus|16384|PosZ|0.0300|9e8cc324635856fe
261|2025-12-13T17:32:00.0270000+08:00|Change|40001419|ModelStatus|16384|PosZ|0.0300|b4806fd474667fe3
261|2025-12-13T17:32:00.0270000+08:00|Change|40001418|ModelStatus|16384|PosZ|0.0300|6dc4bbce34d6faa7
261|2025-12-13T17:32:00.0270000+08:00|Change|4000141A|ModelStatus|0|PosZ|0.0300|8b64785314735df4
261|2025-12-13T17:32:00.0270000+08:00|Change|4000140D|ModelStatus|16384|PosZ|0.0300|0a91e10361b97c9a
261|2025-12-13T17:32:00.0270000+08:00|Change|4000141D|ModelStatus|0|PosZ|0.0300|7c5ddfce9d191a32
261|2025-12-13T17:32:00.0270000+08:00|Change|4000141B|ModelStatus|0|PosZ|0.0300|2ea25e2554be7bea
261|2025-12-13T17:32:00.1390000+08:00|Change|40001420|ModelStatus|0|PosZ|0.0300|92276065fec6fd61
261|2025-12-13T17:32:00.1390000+08:00|Change|4000141F|ModelStatus|0|PosZ|0.0300|fff7d5e1eea4c7a8
261|2025-12-13T17:32:00.1390000+08:00|Change|4000141E|ModelStatus|0|PosZ|0.0300|b42ee9958af00f72
261|2025-12-13T17:32:00.2490000+08:00|Change|40001423|ModelStatus|0|PosZ|0.0300|5c730423e02c64ec
261|2025-12-13T17:32:00.2490000+08:00|Change|40001422|ModelStatus|0|PosZ|0.0300|ba08b07047dbf6a8
261|2025-12-13T17:32:00.2490000+08:00|Change|40001421|ModelStatus|0|PosZ|0.0300|f268ed16af7551c3
261|2025-12-13T17:32:00.2490000+08:00|Change|40001426|ModelStatus|0|PosZ|0.0300|f23484f02e7c1941
261|2025-12-13T17:32:00.2490000+08:00|Change|40001425|ModelStatus|0|PosZ|0.0300|2023e81f85cf7b64
261|2025-12-13T17:32:00.2490000+08:00|Change|40001424|ModelStatus|0|PosZ|0.0300|11bfc0da5f0db491
261|2025-12-13T17:32:00.3610000+08:00|Change|40001429|ModelStatus|0|PosZ|0.0300|5aecbe3850ed6a5f
261|2025-12-13T17:32:00.3610000+08:00|Change|40001428|ModelStatus|0|PosZ|0.0300|da787a153d0a962c
261|2025-12-13T17:32:00.3610000+08:00|Change|40001427|ModelStatus|0|PosZ|0.0300|d041d2e807dede3d
261|2025-12-13T17:32:00.3610000+08:00|Change|4000142B|ModelStatus|0|PosZ|0.0300|7fcf5ab3f9d1056b
261|2025-12-13T17:32:00.3610000+08:00|Change|4000142C|ModelStatus|0|PosZ|0.0300|e17ec2190517c13e
261|2025-12-13T17:32:00.3610000+08:00|Change|4000142A|ModelStatus|0|PosZ|0.0300|3d0c2008522c27d6
261|2025-12-13T17:32:00.5260000+08:00|Change|4000142D|ModelStatus|0|PosZ|0.0300|f0edf6fa88a51b4d
261|2025-12-13T17:32:00.5260000+08:00|Change|4000142E|ModelStatus|0|PosZ|0.0300|7d819f997ad03ab1
261|2025-12-13T17:32:00.5260000+08:00|Change|4000142F|ModelStatus|0|PosZ|0.0300|613cabae48cdcf35
261|2025-12-13T17:32:00.5260000+08:00|Change|4000141C|ModelStatus|0|d8e25359ae3b7c27
261|2025-12-13T17:32:00.5260000+08:00|Change|40001432|ModelStatus|0|752a04046d277052
261|2025-12-13T17:32:00.5260000+08:00|Change|40001430|ModelStatus|0|64f58f6fa2cbcb0d
261|2025-12-13T17:32:00.6470000+08:00|Change|40001431|ModelStatus|0|350d004a792efb96
261|2025-12-13T17:32:00.6470000+08:00|Change|40001433|ModelStatus|0|8fbc41aa03ddbcab
261|2025-12-13T17:32:00.7670000+08:00|Change|10530A8D|ModelStatus|0|Status|1|150493f67f44bd43
261|2025-12-13T17:32:02.5510000+08:00|Change|40001406|ModelStatus|16384|PosZ|0.0300|d2b40ab16e9c3b98
261|2025-12-13T17:32:02.5510000+08:00|Change|40001405|ModelStatus|16384|PosZ|0.0300|3ce3f831de9b29b4
261|2025-12-13T17:32:02.5510000+08:00|Change|40001407|ModelStatus|16384|PosZ|0.0300|38fd13a404675b00
261|2025-12-13T17:32:02.5510000+08:00|Change|40001404|MaxMP|687865857|ModelStatus|0|01125566770824c9
33|2025-12-13T17:32:05.2010000+08:00|80034E79|40000007|01|01|00|00|1d906e4cd2d90c46
33|2025-12-13T17:32:05.2010000+08:00|80034E79|40000001|E10|00|00|00|7adf4344f9f72c19
261|2025-12-13T17:32:04.9030000+08:00|Change|40001404|ModelStatus|256|70ec0f65696efbe5
00|2025-12-13T17:32:04.0000000+08:00|0839||“高贝扎歼灭战”任务开始。|5fd21e9e5559ffbb
33|2025-12-13T17:32:05.2460000+08:00|80034E79|80000004|E0F|00|00|00|0abd026e6122ddab
261|2025-12-13T17:32:05.7190000+08:00|Change|10530A8D|Heading|-2.6738|PCTargetID|4000141A|PosX|99.5493|PosY|111.0844|PosZ|0.0300|Status|0|44aef7ba9a141b19
21|2025-12-13T17:32:06.8910000+08:00|10530A8D|小祥客服|8D3|天之印|10530A8D|小祥客服|100000E|1F08000|0|0|0|0|0|0|0|0|0|0|0|0|0|0|145489|145489|10000|10000|||99.59|110.18|0.03|3.09|145489|145489|10000|10000|||99.59|110.18|0.03|3.09|0000005C|0|1|00||01|8D3|8D3|0.350|FE0F|ea33b9445d170a94
264|2025-12-13T17:32:06.8910000+08:00|10530A8D|08D3|0000005C|0||||3.094|10530A8D|2de97aa076e0f42d
38|2025-12-13T17:32:06.8910000+08:00|10530A8D|小祥客服|0064641E|145489|145489|10000|10000|0||99.59|110.18|0.03|3.09|0|0|0|0101F0|40C00000|10530A8D|a2fba2a393193141
26|2025-12-13T17:32:06.8910000+08:00|1F0|结印|6.00|10530A8D|小祥客服|10530A8D|小祥客服|01|145489|145489|a4e45e2769f8ae97
00|2025-12-13T17:32:07.0000000+08:00|0839||选用“解除限制”参加任务， 打倒怪物之后将不会获得经验值或掉落道具以及精炼度。|419e9f7c39cc82ba
00|2025-12-13T17:32:07.0000000+08:00|0839||当前任务会随着每次挑战失败而逐渐对队员进行强化。|eb9514d26c6c40b9
21|2025-12-13T17:32:07.3360000+08:00|10530A8D|小祥客服|4976|地之印|10530A8D|小祥客服|900000E|1F08000|0|0|0|0|0|0|0|0|0|0|0|0|0|0|145489|145489|10000|10000|||99.59|110.18|0.03|3.09|145489|145489|10000|10000|||99.59|110.18|0.03|3.09|0000005D|0|1|00||01|4976|4976|0.350|FE0F|826b6ae0bee7a40f
264|2025-12-13T17:32:07.3360000+08:00|10530A8D|4976|0000005D|0||||3.094|10530A8D|2bec8070de36f464
38|2025-12-13T17:32:07.3360000+08:00|10530A8D|小祥客服|0064641E|145489|145489|10000|10000|0||99.59|110.18|0.03|3.09|0|0|0|0901F0|40B1CABE|10530A8D|7a5f8eacbf4b392f
26|2025-12-13T17:32:07.3360000+08:00|1F0|结印|5.56|10530A8D|小祥客服|10530A8D|小祥客服|09|145489|145489|832b000564a216fe
21|2025-12-13T17:32:07.8690000+08:00|10530A8D|小祥客服|4977|人之印|10530A8D|小祥客服|3900000E|1F08000|0|0|0|0|0|0|0|0|0|0|0|0|0|0|145489|145489|10000|10000|||99.59|110.18|0.03|3.09|145489|145489|10000|10000|||99.59|110.18|0.03|3.09|0000005E|0|1|00||01|4977|4977|0.350|FE0F|093a6221b8b5a680
264|2025-12-13T17:32:07.8690000+08:00|10530A8D|4977|0000005E|0||||3.094|10530A8D|e52000f3f8f874ee
38|2025-12-13T17:32:07.8690000+08:00|10530A8D|小祥客服|0064641E|145489|145489|10000|10000|0||99.59|110.18|0.03|3.09|0|0|0|3901F0|40A0B434|10530A8D|bf90bed1d2a6d20c
26|2025-12-13T17:32:07.8690000+08:00|1F0|结印|5.02|10530A8D|小祥客服|10530A8D|小祥客服|39|145489|145489|c10c3adc5dd41d44
21|2025-12-13T17:32:08.4030000+08:00|10530A8D|小祥客服|8DF|水遁之术|4000141A|高贝扎|650003|73300000|F|F088000|0|0|0|0|0|0|0|0|0|0|0|0|26635080|26635080|10000|10000|||100.00|90.00|0.03|0.00|145489|145489|10000|10000|||99.73|107.21|0.03|3.13|0000005F|0|1|00||01|8DF|8DF|0.600|FF59|8fe1b23018cb3c04
264|2025-12-13T17:32:08.4030000+08:00|10530A8D|08DF|0000005F|0||||3.126|4000141A|b981f8952a18deae
38|2025-12-13T17:32:08.4030000+08:00|10530A8D|小祥客服|0064641E|145489|145489|10000|10000|0||99.73|107.21|0.03|3.13|0|0|0|0|0|0|0|0|0|0|0|0|0|0|0|0|0|0|0|0|0|0|0|0|0|0|0|0|0|0|0|0|0|0|0|0|0|0|0|0|0|0|0|0|0|0|0|0|0|0|0|0|0|0|0|0|0|0|0|0|0|0|0|0|0|0|0|0|0|0|0|0|0|0|0|0|0|0|0|0|0|0|0|0|0|0|0|0|0|0|0|0|0|0F08|C1A00000|10530A8D|e2629682a11f91ce
30|2025-12-13T17:32:08.4030000+08:00|1F0|结印|0.00|10530A8D|小祥客服|10530A8D|小祥客服|39|145489|145489|f78f0ac87ef5db5b
26|2025-12-13T17:32:08.4030000+08:00|F08|忍隐|20.00|10530A8D|小祥客服|10530A8D|小祥客服|00|145489|145489|7d265fb93744b720
260|2025-12-13T17:32:08.2950000+08:00|1|0|1|0|75bf2ac4bf5f7486
38|2025-12-13T17:32:09.1590000+08:00|10530A8D|小祥客服|0064641E|145489|145489|10000|10000|0||99.87|102.25|0.03|3.12|0|0|0|0|0|0|0|0|0|0|0|0|0|0|0|0|0|0|0|0|0|0|0|0|0|0|0|0|0|0|0|0|0|0|0|0|0|0|0|0|0|0|0|0|0|0|0|0|0|0|0|0|0|0|0|0|0|0|0|0|0|0|0|0|0|0|0|0|0|0|0|0|0|0|0|0|0|0|0|0|0|0|0|0|0|0|0|0|0|0|0|0|0|0F08|C1A00000|10530A8D|f66b5f5c96f8fac1
261|2025-12-13T17:32:09.0540000+08:00|Change|4000141A|NPCTargetID|10530A8D|3a1170b3b0737200
260|2025-12-13T17:32:09.0540000+08:00|1|1|0|1|78be57b09080139e
37|2025-12-13T17:32:09.3820000+08:00|4000141A|高贝扎|0000005F|26605592||||||100.00|90.00|0.03|0.00|afe5e064995ec9c8
261|2025-12-13T17:32:09.0540000+08:00|Change|10530A8D|Heading|-3.0551|PosX|99.8353|PosY|100.2663|PosZ|0.0300|d352605095bcffae
37|2025-12-13T17:32:09.3820000+08:00|10530A8D|小祥客服|0000005F|145489|145489|10000|10000|0||99.88|100.83|0.03|-3.08|1E00|0|0|01|1E000F08|0|41A00000|10530A8D|2df1206ef4838677
38|2025-12-13T17:32:09.3820000+08:00|10530A8D|小祥客服|0064641E|145489|145489|10000|10000|0||99.88|100.83|0.03|-3.08|0|0|0|0|0|0|0|0|0|0|0|0|0|0|0|0|0|0|0|0|0|0|0|0|0|0|0|0|0|0|0|0|0|0|0|0|0|0|0|0|0|0|0|0|0|0|0|0|0|0|0|0|0|0|0|0|0|0|0|0|0|0|0|0|0|0|0|0|0|0|0|0|0|0|0|0|0|0|0|0|0|0|0|0|0|0|0|0|0|0|0|0|0|0F08|419FA3D7|10530A8D|a1812af1c6e33e37
267|2025-12-13T17:32:09.4260000+08:00|4000141A|80034E79|304D|8F5C|4000|0|2|0|0|1873b6aa553fc1ef
00|2025-12-13T17:32:09.0000000+08:00|0044|高贝扎|你无法阻止伟大的圣战！|e2da1c6757f724d6
270|2025-12-13T17:32:09.6470000+08:00|4000141A|-0.0238|0000|005A|99.9787|91.0062|0.0305|dbf7520074bb4994
21|2025-12-13T17:32:09.8700000+08:00|10530A8D|小祥客服|8C0|双刃旋|4000141A|高贝扎|712003|5F7E0000|53E|9F8000|1B|8C08000|0|0|0|0|0|0|0|0|0|0|26605592|26635080|10000|10000|||99.98|90.50|0.03|-0.01|145489|145489|10000|10000|||99.71|99.00|0.03|3.11|00000060|0|1|00||01|8C0|8C0|0.600|FEB6|a58a94b2c7a214cf
264|2025-12-13T17:32:09.8700000+08:00|10530A8D|08C0|00000060|0||||3.110|4000141A|afe466ffc389e0e0
31|2025-12-13T17:32:09.8700000+08:00|10530A8D|5001E|00|00|00|fcba09df454d5b1b
37|2025-12-13T17:32:10.2710000+08:00|4000141A|高贝扎|00000060|26581146||||||99.96|90.99|0.03|-0.02|0efa0cf02b6b4202
21|2025-12-13T17:32:10.4490000+08:00|10530A8D|小祥客服|07|攻击|4000141A|高贝扎|710003|F1E0000|0|0|0|0|0|0|0|0|0|0|0|0|0|0|26581146|26635080|10000|10000|||99.96|90.99|0.03|-0.02|145489|145489|10000|10000|||99.72|99.09|0.03|2.93|00000061|0|1|00||01|07|07|0.100|FDE7|cacf8e84d7495c27
264|2025-12-13T17:32:10.4490000+08:00|10530A8D|0007|00000061|0||||3.090|4000141A|e58dc5b33d850518
37|2025-12-13T17:32:10.9840000+08:00|4000141A|高贝扎|00000061|26577276||||||99.96|90.99|0.03|-0.02|66616563dd431080
21|2025-12-13T17:32:12.0080000+08:00|10530A8D|小祥客服|8C2|绝风|4000141A|高贝扎|28710003|50F60000|53E|9F8000|11B|8C28000|0|0|0|0|0|0|0|0|0|0|26577276|26635080|10000|10000|||99.96|90.99|0.03|-0.02|145489|145489|10000|10000|||99.73|99.19|0.03|0.10|00000062|0|1|00||01|8C2|8C2|0.600|FED9|f15d8df0dab83697
264|2025-12-13T17:32:12.0080000+08:00|10530A8D|08C2|00000062|0||||3.113|4000141A|93cd3e1744af0e92
31|2025-12-13T17:32:12.0080000+08:00|10530A8D|A001E|00|00|00|51e399b7b7498486
37|2025-12-13T17:32:12.4090000+08:00|4000141A|高贝扎|00000062|26556550||||||99.96|90.99|0.03|-0.02|d700b05889e2479e
21|2025-12-13T17:32:12.4090000+08:00|4000141A|高贝扎|844B|unknown_844b|10530A8D|小祥客服|750003|582B0000|1B|844B8000|0|0|0|0|0|0|0|0|0|0|0|0|145489|145489|10000|10000|||99.73|99.19|0.03|3.11|26577276|26635080|10000|10000|||99.96|90.99|0.03|-0.02|00000063|0|1|00||01|844B|844B|0.100|7EC7|3f32acc4318ede71
264|2025-12-13T17:32:12.4090000+08:00|4000141A|844B|00000063|0||||-0.030|10530A8D|4f01ab632c88c634
21|2025-12-13T17:32:12.6310000+08:00|10530A8D|小祥客服|07|攻击|4000141A|高贝扎|714003|140B0000|0|0|0|0|0|0|0|0|0|0|0|0|0|0|26556550|26635080|10000|10000|||99.96|90.99|0.03|-0.03|145489|145489|10000|10000|||99.73|99.19|0.03|3.11|00000064|0|1|00||01|07|07|0.100|FED9|2ea08d2b4e499246
264|2025-12-13T17:32:12.6310000+08:00|10530A8D|0007|00000064|0||||3.113|4000141A|70dea7264106731c
37|2025-12-13T17:32:13.1660000+08:00|4000141A|高贝扎|00000064|26551419||||||99.96|90.99|0.03|-0.03|4a1add48da486ced
37|2025-12-13T17:32:13.5670000+08:00|10530A8D|小祥客服|00000063|122918||||||99.73|99.19|0.03|3.11|e008223231ae34f0
39|2025-12-13T17:32:13.6560000+08:00|10530A8D|小祥客服|124372|145489|10000|10000|||99.73|99.19|0.03|3.11|4c28c10075c99908
21|2025-12-13T17:32:14.1010000+08:00|10530A8D|小祥客服|8C0|双刃旋|4000141A|高贝扎|716003|78BE0000|53E|9F8000|1B|8C08000|0|0|0|0|0|0|0|0|0|0|26551419|26635080|10000|10000|||99.96|90.99|0.03|-0.03|124372|145489|10000|10000|||99.73|99.19|0.03|3.11|00000065|0|1|00||01|8C0|8C0|0.600|FED9|1910b3cee97048ba
264|2025-12-13T17:32:14.1010000+08:00|10530A8D|08C0|00000065|0||||3.113|4000141A|666193e1e777c50d
31|2025-12-13T17:32:14.1010000+08:00|10530A8D|F001E|00|00|00|752d216d0ba81c7d
267|2025-12-13T17:32:14.4570000+08:00|4000141A|80034E79|304D|8F5D|4000|0|2|0|0|29cce7e48f2dd13f
00|2025-12-13T17:32:14.0000000+08:00|0044|高贝扎|我会跨过你的尸体，完成最终的救赎！|17ddd5104f2f0d5f
37|2025-12-13T17:32:14.5020000+08:00|4000141A|高贝扎|00000065|26520509||||||99.96|90.99|0.03|-0.03|5340dca091f77744
21|2025-12-13T17:32:14.8140000+08:00|10530A8D|小祥客服|07|攻击|4000141A|高贝扎|714003|13E30000|0|0|0|0|0|0|0|0|0|0|0|0|0|0|26520509|26635080|10000|10000|||99.96|90.99|0.03|-0.03|124372|145489|10000|10000|||99.68|98.62|0.03|-3.07|00000066|0|1|00||01|07|07|0.100|00C7|0b8f50dffc358af5
264|2025-12-13T17:32:14.8140000+08:00|10530A8D|0007|00000066|0||||-3.123|4000141A|31d2baf96dafb9a7
261|2025-12-13T17:32:14.9270000+08:00|Change|10530A8D|Heading|2.7129|PosX|100.6675|PosY|95.2492|PosZ|0.0300|5e3ac63d581423ea
37|2025-12-13T17:32:15.3480000+08:00|4000141A|高贝扎|00000066|26515418||||||99.96|90.99|0.03|-0.03|c403b8cfb35027da
21|2025-12-13T17:32:15.4370000+08:00|4000141A|高贝扎|844B|unknown_844b|10530A8D|小祥客服|750003|58FD0000|1B|844B8000|0|0|0|0|0|0|0|0|0|0|0|0|124372|145489|10000|10000|||100.99|94.54|0.03|2.71|26515418|26635080|10000|10000|||99.96|90.99|0.03|-0.03|00000067|0|1|00||01|844B|844B|0.100|860D|1f1a1a25fd1ac639
264|2025-12-13T17:32:15.4370000+08:00|4000141A|844B|00000067|0||||0.149|10530A8D|04e4c938d7b540ea
270|2025-12-13T17:32:15.5260000+08:00|4000141A|0.1485|0000|005A|99.9787|91.0062|0.0305|2bd258af9ba9ae51
270|2025-12-13T17:32:15.8380000+08:00|4000141A|0.6429|0000|005A|99.9787|91.0062|0.0305|f4307c7f8bd0dbea
261|2025-12-13T17:32:15.7080000+08:00|Change|10530A8D|Heading|2.3042|PosX|104.6857|PosY|92.2639|PosZ|0.0300|3fbc0bd5dd45437f
270|2025-12-13T17:32:16.1490000+08:00|4000141A|1.1493|0000|005A|99.9787|91.0062|0.0305|20406a1ad7901603
21|2025-12-13T17:32:16.2380000+08:00|10530A8D|小祥客服|8C2|绝风|4000141A|高贝扎|28710003|51E90000|53E|9F8000|11B|8C28000|0|0|0|0|0|0|0|0|0|0|26515418|26635080|10000|10000|||99.96|90.99|0.03|0.51|124372|145489|10000|10000|||105.04|92.04|0.03|-1.81|00000068|0|1|00||01|8C2|8C2|0.600|370C|f8c9d4d47d62bd4c
31|2025-12-13T17:32:16.2380000+08:00|10530A8D|14001E|00|00|00|70d9c22a3c5428f7
264|2025-12-13T17:32:16.2380000+08:00|10530A8D|08C2|00000068|0||||-1.791|4000141A|f227c2c415e22893
270|2025-12-13T17:32:16.4610000+08:00|4000141A|1.4822|0000|005A|99.9787|91.0062|0.0305|4f36efd8163af57c
37|2025-12-13T17:32:16.5940000+08:00|10530A8D|小祥客服|00000067|101591||||||106.77|89.95|0.03|2.65|734ff084826d4174
37|2025-12-13T17:32:16.6390000+08:00|4000141A|高贝扎|00000068|26494449||||||99.96|90.99|0.03|1.12|05a56fa0d24530e6
39|2025-12-13T17:32:16.6390000+08:00|10530A8D|小祥客服|103045|145489|10000|10000|||106.77|89.95|0.03|2.65|eab424e7a1938f88
270|2025-12-13T17:32:16.7730000+08:00|4000141A|1.7647|0000|005A|99.9787|91.0062|0.0305|2a66875a655c280e
261|2025-12-13T17:32:16.4620000+08:00|Change|10530A8D|Heading|2.9035|PosX|107.5572|PosY|88.0001|PosZ|0.0300|7fef0c97134fa6c2
21|2025-12-13T17:32:16.9950000+08:00|10530A8D|小祥客服|07|攻击|4000141A|高贝扎|712003|182C0000|0|0|0|0|0|0|0|0|0|0|0|0|0|0|26494449|26635080|10000|10000|||99.96|90.99|0.03|1.48|103045|145489|10000|10000|||107.58|87.89|0.03|2.93|00000069|0|1|00||01|07|07|0.100|ECE8|2b60eae62147e4ff
264|2025-12-13T17:32:16.9950000+08:00|10530A8D|0007|00000069|0||||2.673|4000141A|222575a0fd82219a
270|2025-12-13T17:32:17.0850000+08:00|4000141A|1.9935|0000|005A|99.9787|91.0062|0.0305|328f17262675906b
270|2025-12-13T17:32:17.3960000+08:00|4000141A|2.2184|0000|005A|99.9787|91.0062|0.0305|8f99f37bb8f4302c
37|2025-12-13T17:32:17.5300000+08:00|4000141A|高贝扎|00000069|26488261||||||99.96|90.99|0.03|1.95|335a972e3891cd5a
261|2025-12-13T17:32:17.2060000+08:00|Change|10530A8D|Heading|-2.9357|PosX|106.8863|PosY|83.1474|PosZ|-1.0511|76d340f5d03f3523
31|2025-12-13T17:32:17.7090000+08:00|10530A8D|1E|00|00|00|9212f5d6b779e1f8
270|2025-12-13T17:32:17.7090000+08:00|4000141A|2.2184|0000|005A|100.6806|90.4874|0.0305|19b96358521c8f51
38|2025-12-13T17:32:17.7090000+08:00|10530A8D|小祥客服|0064641E|0|145489|0|10000|0||106.84|82.99|-1.34|-2.94|0|0|0|522bf76da82a9ca8
30|2025-12-13T17:32:17.7090000+08:00|F08|忍隐|0.00|10530A8D|小祥客服|10530A8D|小祥客服|00|145489|145489|6ccd1dacfd108b1a
261|2025-12-13T17:32:17.3120000+08:00|Change|10530A8D|CurrentMP|0|PCTargetID|0|PosX|106.7697|PosY|82.7376|PosZ|-1.8564|405abbab17c78876
261|2025-12-13T17:32:17.6000000+08:00|Change|10530A8D|Heading|-2.9357|PosX|106.3426|PosY|81.2360|PosZ|-6.7134|bcd0b511d81a75da
261|2025-12-13T17:32:17.9010000+08:00|Change|10530A8D|Heading|-2.9357|PosX|105.9636|PosY|79.9034|PosZ|-13.3303|bcb20f328dac6425
261|2025-12-13T17:32:18.1020000+08:00|Change|4000141A|Heading|2.2185|NPCTargetID|E0000000|PCTargetID|10530A8D|PosX|100.6637|PosY|90.4707|2f070261a0ff35d1
261|2025-12-13T17:32:18.1020000+08:00|Change|10530A8D|Heading|-2.9357|PosX|105.5761|PosY|78.5414|PosZ|-20.5057|72f6ef41105a6f4c
33|2025-12-13T17:32:18.7330000+08:00|80034E79|40000005|00|00|00|00|4f6196b6256081f6
260|2025-12-13T17:32:18.2990000+08:00|1|0|0|1|001e5196e3ea788e
21|2025-12-13T17:32:19.6240000+08:00|4000141A|高贝扎|84B8|unknown_84b8|E0000000||0|0|0|0|0|0|0|0|0|0|0|0|0|0|0|0|||||||||||26488261|26635080|10000|10000|||100.66|90.47|0.03|2.22|0000006A|0|0|00||01|84B8|84B8|2.100|7D15|fd24b3c88bd934ac
264|2025-12-13T17:32:19.6240000+08:00|4000141A|84B8|0000006A|1|100.009|100.009|0.000|-0.072|E0000000|a7a70fe06d3ea344
25|2025-12-13T17:32:19.7130000+08:00|10530A8D|小祥客服|E0000000||170c4f42b7dffde1
270|2025-12-13T17:32:19.8020000+08:00|4000141A|-0.0716|0000|005A|100.6806|90.4874|0.0305|e4862b86bafac484
261|2025-12-13T17:32:19.2390000+08:00|Change|10530A8D|Heading|-2.9357|PosX|103.8783|PosY|72.5727|PosZ|-52.0244|3bed7eca661f3694
271|2025-12-13T17:32:20.2030000+08:00|10530A8D|-3.1416|19|02|100.6450|112.5060|0.0300|a8f99baf968638ed
270|2025-12-13T17:32:20.6490000+08:00|4000141A|-0.0716|0000|005A|100.0092|100.0092|0.1831|b5788c607a4cc0b9
261|2025-12-13T17:32:20.5780000+08:00|Change|10530A8D|Heading|-3.1416|PosX|100.6450|PosY|112.5060|PosZ|0.0300|06b639f7ffc70ef1
261|2025-12-13T17:32:21.3820000+08:00|Remove|4000142A|58e4958558a3cbfd
261|2025-12-13T17:32:21.3820000+08:00|Remove|4000142C|a39645bc7eb57df3
261|2025-12-13T17:32:21.3820000+08:00|Remove|4000142D|c353ef0b2f394c58
261|2025-12-13T17:32:21.3820000+08:00|Remove|40001430|30898942acddce70
261|2025-12-13T17:32:21.3820000+08:00|Remove|40001431|1df0dff066302b15
261|2025-12-13T17:32:21.3820000+08:00|Remove|40001432|9fa6340a8eb8c9e2
33|2025-12-13T17:32:21.8100000+08:00|80034E79|8000000D|00|00|00|00|bc58a655d1a68a41
33|2025-12-13T17:32:21.8100000+08:00|80034E79|80000029|00|00|00|00|8403d0d37d15e579
33|2025-12-13T17:32:21.8100000+08:00|80034E79|40000013|00|00|00|00|8fc6144226c89ee8
261|2025-12-13T17:32:21.3820000+08:00|Remove|4000142E|1d57f31ca1dbffbd
261|2025-12-13T17:32:21.3820000+08:00|Remove|4000142F|6e08519a80042123
261|2025-12-13T17:32:21.3820000+08:00|Remove|4000142B|e9aef89e02899636
261|2025-12-13T17:32:21.3820000+08:00|Remove|40001433|22d378c0ec99d0f1
04|2025-12-13T17:32:21.3820000+08:00|40001409|风球|00|5A|0000|00||12368|16214|69200|69200|10000|10000|||100.00|100.00|0.03|-3.14|2b64ec22540a11bb
04|2025-12-13T17:32:21.3820000+08:00|40001406|风球|00|5A|0000|00||12368|16214|69200|69200|10000|10000|||100.00|100.00|0.03|-3.14|82f1c8773ff04145
04|2025-12-13T17:32:21.3820000+08:00|40001419|黑龙|00|5A|0000|00||12367|16213|69200|69200|10000|10000|||100.00|100.00|0.03|0.00|9d4c95656dda94a8
04|2025-12-13T17:32:21.3820000+08:00|4000140C|风球|00|5A|0000|00||12368|16214|69200|69200|10000|10000|||100.00|100.00|0.03|-3.14|309b4a6d10c2ca39
04|2025-12-13T17:32:21.3820000+08:00|40001405|风球|00|5A|0000|00||12368|16214|69200|69200|10000|10000|||100.00|100.00|0.03|-3.14|473ded77dcf07dc9
04|2025-12-13T17:32:21.3820000+08:00|40001416|高贝扎的幻影|00|5A|0000|00||12366|16218|69200|69200|10000|10000|||100.00|100.00|0.03|-3.14|b497308d4eeb3128
04|2025-12-13T17:32:21.3820000+08:00|40001414|风球|00|5A|0000|00||12368|16214|69200|69200|10000|10000|||100.00|100.00|0.03|-3.14|ed5bdbb2f75299de
04|2025-12-13T17:32:21.3820000+08:00|40001407|风球|00|5A|0000|00||12368|16214|69200|69200|10000|10000|||100.00|100.00|0.03|-3.14|4f8fb48f6a0a4d33
04|2025-12-13T17:32:21.3820000+08:00|40001418|高贝扎的幻影|00|5A|0000|00||12366|16218|69200|69200|10000|10000|||100.00|100.00|0.03|-3.14|d5c3f96dede11853
04|2025-12-13T17:32:21.3820000+08:00|40001413|风球|00|5A|0000|00||12368|16214|69200|69200|10000|10000|||100.00|100.00|0.03|-3.14|1d2d044c6be6e25d
04|2025-12-13T17:32:21.3820000+08:00|40001410|风球|00|5A|0000|00||12368|16214|69200|69200|10000|10000|||100.00|100.00|0.03|-3.14|00f96b20193b51d9
04|2025-12-13T17:32:21.3820000+08:00|40001417|高贝扎的幻影|00|5A|0000|00||12366|16218|69200|69200|10000|10000|||100.00|100.00|0.03|-3.14|49409328d425c6a2
04|2025-12-13T17:32:21.3820000+08:00|4000140E|风球|00|5A|0000|00||12368|16214|69200|69200|10000|10000|||100.00|100.00|0.03|-3.14|664e7167fbbeef10
04|2025-12-13T17:32:21.3820000+08:00|4000140A|风球|00|5A|0000|00||12368|16214|69200|69200|10000|10000|||100.00|100.00|0.03|-3.14|1714a1451ae3287c
04|2025-12-13T17:32:21.3820000+08:00|4000140D|风球|00|5A|0000|00||12368|16214|69200|69200|10000|10000|||100.00|100.00|0.03|-3.14|fdfb52a2d85b4405
04|2025-12-13T17:32:21.3820000+08:00|4000140F|风球|00|5A|0000|00||12368|16214|69200|69200|10000|10000|||100.00|100.00|0.03|-3.14|0830e06587a9af97
04|2025-12-13T17:32:21.3820000+08:00|4000140B|风球|00|5A|0000|00||12368|16214|69200|69200|10000|10000|||100.00|100.00|0.03|-3.14|a244d7c94aa962af
04|2025-12-13T17:32:21.3820000+08:00|40001415|高贝扎的幻影|00|5A|0000|00||12366|16218|69200|69200|10000|10000|||100.00|100.00|0.03|-3.14|adf7c02fc217f3ea
04|2025-12-13T17:32:21.3820000+08:00|40001411|风球|00|5A|0000|00||12368|16214|69200|69200|10000|10000|||100.00|100.00|0.03|-3.14|1893dccbb84fdcc0
04|2025-12-13T17:32:21.3820000+08:00|40001412|风球|00|5A|0000|00||12368|16214|69200|69200|10000|10000|||100.00|100.00|0.03|-3.14|f32b770b5ee58849
04|2025-12-13T17:32:21.3820000+08:00|40001408|风球|00|5A|0000|00||12368|16214|69200|69200|10000|10000|||100.00|100.00|0.03|-3.14|a34a635ddebd04f4
04|2025-12-13T17:32:21.3820000+08:00|4000142B|高贝扎|00|1|0000|00||12365|9020|44|44|0|10000|||100.00|90.00|0.03|0.00|75764b77bc667353
04|2025-12-13T17:32:21.3820000+08:00|4000142D|高贝扎|00|1|0000|00||12365|9020|44|44|0|10000|||100.00|90.00|0.03|0.00|33c1229f8a79b5db
04|2025-12-13T17:32:21.3820000+08:00|4000142C|高贝扎|00|1|0000|00||12365|9020|44|44|0|10000|||100.00|90.00|0.03|0.00|4c5d46391f24955c
04|2025-12-13T17:32:21.3820000+08:00|4000142A|高贝扎|00|1|0000|00||12365|9020|44|44|0|10000|||100.00|90.00|0.03|0.00|fa8744a526818299
04|2025-12-13T17:32:21.3820000+08:00|40001429|高贝扎|00|1|0000|00||12365|9020|44|44|0|10000|||100.00|90.00|0.03|0.00|0d7c399e2ae62a34
04|2025-12-13T17:32:21.3820000+08:00|40001428|高贝扎|00|1|0000|00||12365|9020|44|44|0|10000|||100.00|90.00|0.03|0.00|131f3a58e3cfbac1
04|2025-12-13T17:32:21.3820000+08:00|40001427|高贝扎|00|1|0000|00||12365|9020|44|44|0|10000|||100.00|90.00|0.03|0.00|9186331378bde9d1
04|2025-12-13T17:32:21.3820000+08:00|40001426|高贝扎|00|1|0000|00||12365|9020|44|44|0|10000|||100.00|90.00|0.03|0.00|a9e7c178e4efbc0d
04|2025-12-13T17:32:21.3820000+08:00|40001425|高贝扎|00|1|0000|00||12365|9020|44|44|0|10000|||100.00|90.00|0.03|0.00|aa3abff1915eaa04
04|2025-12-13T17:32:21.3820000+08:00|40001424|高贝扎|00|1|0000|00||12365|9020|44|44|0|10000|||100.00|90.00|0.03|0.00|354206a730776ecf
04|2025-12-13T17:32:21.3820000+08:00|40001423|高贝扎|00|1|0000|00||12365|9020|44|44|0|10000|||100.00|90.00|0.03|0.00|31b668e010c2250a
04|2025-12-13T17:32:21.3820000+08:00|40001422|高贝扎|00|1|0000|00||12365|9020|44|44|0|10000|||100.00|90.00|0.03|0.00|035f3894e58ad7b2
04|2025-12-13T17:32:21.3820000+08:00|40001421|高贝扎|00|1|0000|00||12365|9020|44|44|0|10000|||100.00|90.00|0.03|0.00|8000744a66399e71
04|2025-12-13T17:32:21.3820000+08:00|40001420|高贝扎|00|1|0000|00||12365|9020|44|44|0|10000|||100.00|90.00|0.03|0.00|21563ccb672a2d4c
04|2025-12-13T17:32:21.3820000+08:00|4000141F|高贝扎|00|1|0000|00||12365|9020|44|44|0|10000|||100.00|90.00|0.03|0.00|016222cdca43a56b
04|2025-12-13T17:32:21.3820000+08:00|4000141E|高贝扎|00|1|0000|00||12365|9020|44|44|0|10000|||100.00|90.00|0.03|0.00|83f377092077393a
04|2025-12-13T17:32:21.3820000+08:00|4000141D|高贝扎|00|1|0000|00||12365|9020|44|44|0|10000|||100.00|90.00|0.03|0.00|bc18d081abc4967d
04|2025-12-13T17:32:21.3820000+08:00|4000141C|高贝扎|00|1|0000|00||12365|9020|44|44|0|10000|||100.00|90.00|0.03|0.00|b6434d97f8bc38fa
04|2025-12-13T17:32:21.3820000+08:00|4000141B|高贝扎|00|1|0000|00||12365|9020|44|44|0|10000|||100.00|90.00|0.03|0.00|abb990d4e014eeb8
04|2025-12-13T17:32:21.3820000+08:00|4000141A|高贝扎|00|5A|0000|00||12365|16212|26488261|26635080|10000|10000|||99.99|99.99|0.03|-0.07|170c4c5ed5506444
04|2025-12-13T17:32:21.3820000+08:00|4000142E|高贝扎|00|1|0000|00||12365|9020|44|44|0|10000|||100.00|90.00|0.03|0.00|9390e514f4b6ea8a
04|2025-12-13T17:32:21.3820000+08:00|4000142F|高贝扎|00|1|0000|00||12365|9020|44|44|0|10000|||100.00|90.00|0.03|0.00|985c105e872ef1ce
04|2025-12-13T17:32:21.3820000+08:00|40001432|高贝扎|00|1|0000|00||12365|9020|44|44|0|10000|||100.00|90.00|0.03|0.00|f9a5768b282aa7aa
04|2025-12-13T17:32:21.3820000+08:00|40001431|高贝扎|00|1|0000|00||12365|9020|44|44|0|10000|||100.00|90.00|0.03|0.00|b9181a4b752ad377
04|2025-12-13T17:32:21.3820000+08:00|40001430|高贝扎|00|1|0000|00||12365|9020|44|44|0|10000|||100.00|90.00|0.03|0.00|098e57671e11ec71
04|2025-12-13T17:32:21.3820000+08:00|40001433|高贝扎|00|1|0000|00||12365|9020|44|44|0|10000|||100.00|90.00|0.03|0.00|bb009900c45801c1
261|2025-12-13T17:32:21.3820000+08:00|Remove|4000140E|a582f1de510f0292
261|2025-12-13T17:32:21.3820000+08:00|Remove|4000140F|9bab6363d077a1a2
261|2025-12-13T17:32:21.3820000+08:00|Remove|40001410|80116e79072ffac5
261|2025-12-13T17:32:21.3820000+08:00|Remove|40001411|83b131ce2b45d075
261|2025-12-13T17:32:21.3820000+08:00|Remove|40001412|a30e1ea4bbeb070a
261|2025-12-13T17:32:21.3820000+08:00|Remove|40001413|0fd37c4ecdc7566f
261|2025-12-13T17:32:21.3820000+08:00|Remove|40001414|456d999ef597da8a
261|2025-12-13T17:32:21.3820000+08:00|Remove|40001415|e180c4cad4325faa
261|2025-12-13T17:32:21.3820000+08:00|Remove|40001416|d1249a50e0101fe3
261|2025-12-13T17:32:21.3820000+08:00|Remove|40001417|a203efed4888dbc7
261|2025-12-13T17:32:21.3820000+08:00|Remove|40001418|52925efe302948bd
261|2025-12-13T17:32:21.3820000+08:00|Remove|40001419|2d3d91ad053b257b
261|2025-12-13T17:32:21.3820000+08:00|Remove|4000141A|a57901b419270aa1
261|2025-12-13T17:32:21.3820000+08:00|Remove|4000141B|071b2d71f88aa003
261|2025-12-13T17:32:21.3820000+08:00|Remove|4000141C|d8f1c564cc7fc2fe
261|2025-12-13T17:32:21.3820000+08:00|Remove|4000141D|4bb876ff1a612460
261|2025-12-13T17:32:21.3820000+08:00|Remove|4000141E|fdb9830ce4d2343f
261|2025-12-13T17:32:21.3820000+08:00|Remove|4000141F|9455556c14eb95d3
261|2025-12-13T17:32:21.3820000+08:00|Remove|40001420|c2244019e1834ad2
261|2025-12-13T17:32:21.3820000+08:00|Remove|40001421|c79005a4053bfad3
261|2025-12-13T17:32:21.3820000+08:00|Remove|40001422|d3351a926504ce3b
261|2025-12-13T17:32:21.3820000+08:00|Remove|40001423|ed9e1afa55775464
261|2025-12-13T17:32:21.3820000+08:00|Remove|40001424|45aa2181996dfed9
261|2025-12-13T17:32:21.3820000+08:00|Remove|40001425|6d7105b05f6a68b0
261|2025-12-13T17:32:21.3820000+08:00|Remove|40001426|5991e35e841c8f95
261|2025-12-13T17:32:21.3820000+08:00|Remove|40001427|1188b5230e27a76b
261|2025-12-13T17:32:21.3820000+08:00|Remove|40001428|c77b9206e68005ed
261|2025-12-13T17:32:21.3820000+08:00|Remove|40001429|4abff2a31ca30dc4
261|2025-12-13T17:32:21.3820000+08:00|Remove|40001403|55a46ab0227314e7
261|2025-12-13T17:32:21.3820000+08:00|Remove|40001404|429c33e124b228fc
261|2025-12-13T17:32:21.3820000+08:00|Remove|40001405|bd285fc04b48f662
261|2025-12-13T17:32:21.3820000+08:00|Remove|40001406|92596f3f8de87328
261|2025-12-13T17:32:21.3820000+08:00|Remove|40001407|f1d0514399a63d0a
261|2025-12-13T17:32:21.3820000+08:00|Remove|40001408|c4bfbc79ff2f8d96
261|2025-12-13T17:32:21.3820000+08:00|Remove|40001409|94d338fa9434e898
261|2025-12-13T17:32:21.3820000+08:00|Remove|4000140A|efa5ab7416757ac0
261|2025-12-13T17:32:21.3820000+08:00|Remove|4000140B|daaf0f4ba9357cab
261|2025-12-13T17:32:21.3820000+08:00|Remove|4000140C|f4c0254e432fc663
261|2025-12-13T17:32:21.3820000+08:00|Remove|4000140D|3c92e1d9ca56c16c
33|2025-12-13T17:32:21.9410000+08:00|80034E79|8000000D|01|00|00|00|8981a2adc9c05dd5
31|2025-12-13T17:32:21.9410000+08:00|10530A8D|1E|00|00|00|48cc5b7808775c59
33|2025-12-13T17:32:21.9410000+08:00|80034E79|4000000F|E03|00|00|00|af08c3f0d58cfefc
257|2025-12-13T17:32:21.9410000+08:00|80034E79|00040004|02|||a969ae44db0045da
257|2025-12-13T17:32:21.9410000+08:00|80034E79|00040004|07|||00fc3e63409c0c74
257|2025-12-13T17:32:21.9410000+08:00|80034E79|00040004|05|||2e12468a0f3c68b6
257|2025-12-13T17:32:21.9410000+08:00|80034E79|00040004|09|||e50d9587a85d685f
257|2025-12-13T17:32:21.9410000+08:00|80034E79|00040004|0C|||7aa6f856b06bc478
257|2025-12-13T17:32:21.9410000+08:00|80034E79|00040004|08|||71004e79225a7a0d
257|2025-12-13T17:32:21.9410000+08:00|80034E79|00040004|0A|||ab3c4df3aec83d8c
257|2025-12-13T17:32:21.9410000+08:00|80034E79|00040004|00|||2c985dcd1f6d192e
257|2025-12-13T17:32:21.9410000+08:00|80034E79|00040004|04|||512fac1af6a58b5c
257|2025-12-13T17:32:21.9410000+08:00|80034E79|00040004|03|||aa018b87ce47180d
257|2025-12-13T17:32:21.9410000+08:00|80034E79|00040004|0B|||17f35eefe6bfa4ee
257|2025-12-13T17:32:21.9410000+08:00|80034E79|00040004|01|||53b60184c2982888
257|2025-12-13T17:32:21.9410000+08:00|80034E79|00040004|06|||e333cb64eff23490
257|2025-12-13T17:32:21.9410000+08:00|80034E79|00040004|0D|||fd60a7f59ad42ac8
260|2025-12-13T17:32:21.5620000+08:00|0|0|1|0|46145fd658f631fa
272|2025-12-13T17:32:22.2530000+08:00|40001436|E0000000|0000|00|0fd5a51459c4f9cd
261|2025-12-13T17:32:21.6520000+08:00|Add|40001436|BNpcID|3F56|BNpcNameID|3050|CastTargetID|E0000000|CurrentMP|10000|CurrentWorldID|65535|Heading|-3.1416|Level|90|MaxHP|69200|MaxMP|10000|ModelStatus|18688|Name|风球|NPCTargetID|E0000000|PosX|100.0000|PosY|100.0000|PosZ|0.0300|Radius|1.0000|Type|2|WorldID|65535|e69274124109abf7
272|2025-12-13T17:32:22.2530000+08:00|40001438|E0000000|0000|00|31757c22bba40133
261|2025-12-13T17:32:21.6520000+08:00|Add|40001437|BNpcID|3F56|BNpcNameID|3050|CastTargetID|E0000000|CurrentMP|10000|CurrentWorldID|65535|Heading|-3.1416|Level|90|MaxHP|69200|MaxMP|10000|ModelStatus|18432|Name|风球|NPCTargetID|E0000000|PosX|100.0000|PosY|100.0000|PosZ|0.0300|Radius|1.0000|Type|2|WorldID|65535|dc5813ff330e0a40
272|2025-12-13T17:32:22.2530000+08:00|40001439|E0000000|0000|00|a42c8a12ce4b428a
261|2025-12-13T17:32:21.6520000+08:00|Add|40001438|BNpcID|3F56|BNpcNameID|3050|CastTargetID|E0000000|CurrentMP|10000|CurrentWorldID|65535|Heading|-3.1416|Level|90|MaxHP|69200|MaxMP|10000|ModelStatus|18432|Name|风球|NPCTargetID|E0000000|PosX|100.0000|PosY|100.0000|PosZ|0.0300|Radius|1.0000|Type|2|WorldID|65535|5dbecac590dfbe0b
272|2025-12-13T17:32:22.2530000+08:00|4000143A|E0000000|0000|00|6c2d09137335dfe4
272|2025-12-13T17:32:22.2530000+08:00|4000143B|E0000000|0000|00|bad128ee20be2fcd
272|2025-12-13T17:32:22.2530000+08:00|4000143C|E0000000|0000|00|7319758fac01b52b
272|2025-12-13T17:32:22.2530000+08:00|4000143D|E0000000|0000|00|6e4045b895eb0795
272|2025-12-13T17:32:22.2530000+08:00|4000143E|E0000000|0000|00|d72ef4be84255771
272|2025-12-13T17:32:22.2530000+08:00|4000143F|E0000000|0000|00|4a495746c0f584fe
272|2025-12-13T17:32:22.2530000+08:00|40001440|E0000000|0000|00|1accf35bb0f658f6
272|2025-12-13T17:32:22.2530000+08:00|40001441|E0000000|0000|00|77f828bace6d85f6
272|2025-12-13T17:32:22.2530000+08:00|40001442|E0000000|0000|00|b3de65f2104438e5
272|2025-12-13T17:32:22.2530000+08:00|40001437|E0000000|0000|00|d71e03d08125a3ea
272|2025-12-13T17:32:22.2530000+08:00|40001445|E0000000|0000|00|936e71ff6f5af28a
272|2025-12-13T17:32:22.2530000+08:00|40001446|E0000000|0000|00|085498986b6b1a10
272|2025-12-13T17:32:22.2530000+08:00|40001447|E0000000|0000|00|8ad632b117290b1e
272|2025-12-13T17:32:22.2530000+08:00|40001448|E0000000|0000|00|2e7695f8a111e0da
272|2025-12-13T17:32:22.2530000+08:00|40001449|E0000000|0000|00|5227d76472ebcfda
272|2025-12-13T17:32:22.2530000+08:00|4000144A|E0000000|0000|00|36202fe5e5f28dd5
272|2025-12-13T17:32:22.2530000+08:00|4000144B|E0000000|0000|00|d3e14097856e7637
272|2025-12-13T17:32:22.2530000+08:00|40001444|E0000000|0000|00|9d209c6bcf0b7e23
272|2025-12-13T17:32:22.2530000+08:00|4000144C|E0000000|0000|00|67b092359e554989
272|2025-12-13T17:32:22.2530000+08:00|40001443|E0000000|0000|00|82911e47b5fdb568
03|2025-12-13T17:32:21.7790000+08:00|40001438|风球|00|5A|0000|00||12368|16214|69200|69200|10000|10000|||100.00|100.00|0.03|-3.14|2df2eea89f9ce00c
03|2025-12-13T17:32:21.7790000+08:00|40001436|风球|00|5A|0000|00||12368|16214|69200|69200|10000|10000|||100.00|100.00|0.03|-3.14|a7eb31db27ffa56d
03|2025-12-13T17:32:21.7790000+08:00|40001437|风球|00|5A|0000|00||12368|16214|69200|69200|10000|10000|||100.00|100.00|0.03|-3.14|e65f8c46f1393360
03|2025-12-13T17:32:21.7790000+08:00|4000143A|风球|00|5A|0000|00||12368|16214|69200|69200|10000|10000|||100.00|100.00|0.03|-3.14|64a9da0a432731a5
03|2025-12-13T17:32:21.7790000+08:00|4000143B|风球|00|5A|0000|00||12368|16214|69200|69200|10000|10000|||100.00|100.00|0.03|-3.14|91a7e1c1a07d6211
03|2025-12-13T17:32:21.7790000+08:00|40001439|风球|00|5A|0000|00||12368|16214|69200|69200|10000|10000|||100.00|100.00|0.03|-3.14|a4cb6f956958a8b6
261|2025-12-13T17:32:21.7790000+08:00|Add|4000143A|BNpcID|3F56|BNpcNameID|3050|CastTargetID|E0000000|CurrentMP|10000|CurrentWorldID|65535|Heading|-3.1416|Level|90|MaxHP|69200|MaxMP|10000|ModelStatus|18432|Name|风球|NPCTargetID|E0000000|PosX|100.0000|PosY|100.0000|PosZ|0.0300|Radius|1.0000|Type|2|WorldID|65535|9305e88fe0c650c8
261|2025-12-13T17:32:21.7790000+08:00|Add|4000143B|BNpcID|3F56|BNpcNameID|3050|CastTargetID|E0000000|CurrentMP|10000|CurrentWorldID|65535|Heading|-3.1416|Level|90|MaxHP|69200|MaxMP|10000|ModelStatus|18432|Name|风球|NPCTargetID|E0000000|PosX|100.0000|PosY|100.0000|PosZ|0.0300|Radius|1.0000|Type|2|WorldID|65535|c6ebb2511b63b54a
261|2025-12-13T17:32:21.7790000+08:00|Add|40001439|BNpcID|3F56|BNpcNameID|3050|CastTargetID|E0000000|CurrentMP|10000|CurrentWorldID|65535|Heading|-3.1416|Level|90|MaxHP|69200|MaxMP|10000|ModelStatus|18432|Name|风球|NPCTargetID|E0000000|PosX|100.0000|PosY|100.0000|PosZ|0.0300|Radius|1.0000|Type|2|WorldID|65535|5f455611af37ccd4
03|2025-12-13T17:32:21.7790000+08:00|4000143C|风球|00|5A|0000|00||12368|16214|69200|69200|10000|10000|||100.00|100.00|0.03|-3.14|50b099941d4834b4
03|2025-12-13T17:32:21.7790000+08:00|4000143E|风球|00|5A|0000|00||12368|16214|69200|69200|10000|10000|||100.00|100.00|0.03|-3.14|36e70c2fecf07852
03|2025-12-13T17:32:21.7790000+08:00|4000143D|风球|00|5A|0000|00||12368|16214|69200|69200|10000|10000|||100.00|100.00|0.03|-3.14|2e1975e0f72698bd
272|2025-12-13T17:32:22.2970000+08:00|4000144D|E0000000|0000|00|4519ffa12a90b58a
272|2025-12-13T17:32:22.2970000+08:00|4000144E|E0000000|0000|00|b607a3345db353a4
272|2025-12-13T17:32:22.2970000+08:00|4000144F|E0000000|0000|00|3e558cc96b75b6a4
272|2025-12-13T17:32:22.2970000+08:00|40001450|E0000000|0000|00|1319b0a04f340a27
272|2025-12-13T17:32:22.2970000+08:00|40001451|E0000000|0000|00|fbc0c6b126006b99
272|2025-12-13T17:32:22.2970000+08:00|40001453|E0000000|0000|00|1bd3cd07b67de47a
272|2025-12-13T17:32:22.2970000+08:00|40001454|E0000000|0000|00|a1599505a02a3d97
272|2025-12-13T17:32:22.2970000+08:00|40001456|E0000000|0000|00|8f621de17b61beb8
272|2025-12-13T17:32:22.2970000+08:00|40001458|E0000000|0000|00|e6fc7c9752b0e456
272|2025-12-13T17:32:22.2970000+08:00|4000145A|E0000000|0000|00|abf03bfbad22f31e
272|2025-12-13T17:32:22.2970000+08:00|4000145D|E0000000|0000|00|db3032dfeb493346
272|2025-12-13T17:32:22.2970000+08:00|4000145B|E0000000|0000|00|dc01963be0e6630c
272|2025-12-13T17:32:22.2970000+08:00|4000145E|E0000000|0000|00|4c65aa37ba738829
272|2025-12-13T17:32:22.2970000+08:00|40001459|E0000000|0000|00|dda03c12cccd414e
272|2025-12-13T17:32:22.2970000+08:00|4000145C|E0000000|0000|00|a02e013fd7943f98
272|2025-12-13T17:32:22.2970000+08:00|4000145F|E0000000|0000|00|94f538ecad441911
261|2025-12-13T17:32:21.7790000+08:00|Add|4000143F|BNpcID|3F56|BNpcNameID|3050|CastTargetID|E0000000|CurrentMP|10000|CurrentWorldID|65535|Heading|-3.1416|Level|90|MaxHP|69200|MaxMP|10000|ModelStatus|18432|Name|风球|NPCTargetID|E0000000|PosX|100.0000|PosY|100.0000|PosZ|0.0300|Radius|1.0000|Type|2|WorldID|65535|6eb831920425cbc3
261|2025-12-13T17:32:21.7790000+08:00|Add|4000143C|BNpcID|3F56|BNpcNameID|3050|CastTargetID|E0000000|CurrentMP|10000|CurrentWorldID|65535|Heading|-3.1416|Level|90|MaxHP|69200|MaxMP|10000|ModelStatus|18432|Name|风球|NPCTargetID|E0000000|PosX|100.0000|PosY|100.0000|PosZ|0.0300|Radius|1.0000|Type|2|WorldID|65535|be0e9dff9fe4d916
261|2025-12-13T17:32:21.7790000+08:00|Add|40001441|BNpcID|3F56|BNpcNameID|3050|CastTargetID|E0000000|CurrentMP|10000|CurrentWorldID|65535|Heading|-3.1416|Level|90|MaxHP|69200|MaxMP|10000|ModelStatus|18432|Name|风球|NPCTargetID|E0000000|PosX|100.0000|PosY|100.0000|PosZ|0.0300|Radius|1.0000|Type|2|WorldID|65535|620251e23e806ea9
261|2025-12-13T17:32:21.7790000+08:00|Add|4000143E|BNpcID|3F56|BNpcNameID|3050|CastTargetID|E0000000|CurrentMP|10000|CurrentWorldID|65535|Heading|-3.1416|Level|90|MaxHP|69200|MaxMP|10000|ModelStatus|18432|Name|风球|NPCTargetID|E0000000|PosX|100.0000|PosY|100.0000|PosZ|0.0300|Radius|1.0000|Type|2|WorldID|65535|1650c90cd406f761
261|2025-12-13T17:32:21.7790000+08:00|Add|40001440|BNpcID|3F56|BNpcNameID|3050|CastTargetID|E0000000|CurrentMP|10000|CurrentWorldID|65535|Heading|-3.1416|Level|90|MaxHP|69200|MaxMP|10000|ModelStatus|18432|Name|风球|NPCTargetID|E0000000|PosX|100.0000|PosY|100.0000|PosZ|0.0300|Radius|1.0000|Type|2|WorldID|65535|4ababac5b18e3567
261|2025-12-13T17:32:21.7790000+08:00|Add|4000143D|BNpcID|3F56|BNpcNameID|3050|CastTargetID|E0000000|CurrentMP|10000|CurrentWorldID|65535|Heading|-3.1416|Level|90|MaxHP|69200|MaxMP|10000|ModelStatus|18432|Name|风球|NPCTargetID|E0000000|PosX|100.0000|PosY|100.0000|PosZ|0.0300|Radius|1.0000|Type|2|WorldID|65535|b2490b0bc8a98d1b
272|2025-12-13T17:32:22.2970000+08:00|40001460|E0000000|0000|00|25de75c9bf0efa0d
272|2025-12-13T17:32:22.2970000+08:00|40001462|E0000000|0000|00|d0856d52cebe3ff1
272|2025-12-13T17:32:22.2970000+08:00|40001463|E0000000|0000|00|4996b19c94be656a
272|2025-12-13T17:32:22.2970000+08:00|40001452|E0000000|0000|00|aa5e2c977e77ede0
272|2025-12-13T17:32:22.2970000+08:00|40001455|E0000000|0000|00|59c9953d4808ad41
272|2025-12-13T17:32:22.2970000+08:00|40001457|E0000000|0000|00|f24860eb40e7d188
272|2025-12-13T17:32:22.2970000+08:00|40001461|E0000000|0000|00|880043a708005f0a
03|2025-12-13T17:32:21.7790000+08:00|4000143F|风球|00|5A|0000|00||12368|16214|69200|69200|10000|10000|||100.00|100.00|0.03|-3.14|302e200d42df1eca
03|2025-12-13T17:32:21.7790000+08:00|40001441|风球|00|5A|0000|00||12368|16214|69200|69200|10000|10000|||100.00|100.00|0.03|-3.14|d494f09d81b15024
03|2025-12-13T17:32:21.7790000+08:00|40001440|风球|00|5A|0000|00||12368|16214|69200|69200|10000|10000|||100.00|100.00|0.03|-3.14|680e38d0deb40125
03|2025-12-13T17:32:21.7790000+08:00|40001444|风球|00|5A|0000|00||12368|16214|69200|69200|10000|10000|||100.00|100.00|0.03|-3.14|77bd4414895cbc1d
03|2025-12-13T17:32:21.7790000+08:00|40001442|风球|00|5A|0000|00||12368|16214|69200|69200|10000|10000|||100.00|100.00|0.03|-3.14|bea6d52f180446f1
03|2025-12-13T17:32:21.7790000+08:00|40001443|风球|00|5A|0000|00||12368|16214|69200|69200|10000|10000|||100.00|100.00|0.03|-3.14|bb7d0717127a713b
03|2025-12-13T17:32:21.7790000+08:00|40001445|风球|00|5A|0000|00||12368|16214|69200|69200|10000|10000|||100.00|100.00|0.03|-3.14|87111475702972d8
03|2025-12-13T17:32:21.7790000+08:00|40001447|高贝扎的幻影|00|5A|0000|00||12366|16218|69200|69200|10000|10000|||100.00|100.00|0.03|-3.14|2b493ace71dfbcf3
03|2025-12-13T17:32:21.7790000+08:00|40001446|高贝扎的幻影|00|5A|0000|00||12366|16218|69200|69200|10000|10000|||100.00|100.00|0.03|-3.14|3923d56fbbc2d3ef
261|2025-12-13T17:32:21.7790000+08:00|Add|40001444|BNpcID|3F56|BNpcNameID|3050|CastTargetID|E0000000|CurrentMP|10000|CurrentWorldID|65535|Heading|-3.1416|Level|90|MaxHP|69200|MaxMP|10000|ModelStatus|18432|Name|风球|NPCTargetID|E0000000|PosX|100.0000|PosY|100.0000|PosZ|0.0300|Radius|1.0000|Type|2|WorldID|65535|98697a0bfd010823
261|2025-12-13T17:32:21.7790000+08:00|Add|40001442|BNpcID|3F56|BNpcNameID|3050|CastTargetID|E0000000|CurrentMP|10000|CurrentWorldID|65535|Heading|-3.1416|Level|90|MaxHP|69200|MaxMP|10000|ModelStatus|18432|Name|风球|NPCTargetID|E0000000|PosX|100.0000|PosY|100.0000|PosZ|0.0300|Radius|1.0000|Type|2|WorldID|65535|76b2365f7dc015e7
261|2025-12-13T17:32:21.7790000+08:00|Add|40001443|BNpcID|3F56|BNpcNameID|3050|CastTargetID|E0000000|CurrentMP|10000|CurrentWorldID|65535|Heading|-3.1416|Level|90|MaxHP|69200|MaxMP|10000|ModelStatus|18432|Name|风球|NPCTargetID|E0000000|PosX|100.0000|PosY|100.0000|PosZ|0.0300|Radius|1.0000|Type|2|WorldID|65535|8a0f6536368cc674
261|2025-12-13T17:32:21.7790000+08:00|Add|40001445|BNpcID|3F56|BNpcNameID|3050|CastTargetID|E0000000|CurrentMP|10000|CurrentWorldID|65535|Heading|-3.1416|Level|90|MaxHP|69200|MaxMP|10000|ModelStatus|18432|Name|风球|NPCTargetID|E0000000|PosX|100.0000|PosY|100.0000|PosZ|0.0300|Radius|1.0000|Type|2|WorldID|65535|15747c10b099debf
261|2025-12-13T17:32:21.7790000+08:00|Add|40001447|BNpcID|3F5A|BNpcNameID|304E|CastTargetID|E0000000|CurrentMP|10000|CurrentWorldID|65535|Heading|-3.1416|Level|90|MaxHP|69200|MaxMP|10000|ModelStatus|18432|Name|高贝扎的幻影|NPCTargetID|E0000000|PosX|100.0000|PosY|100.0000|PosZ|0.0300|Radius|7.5000|Type|2|WorldID|65535|79509a6374c38488
261|2025-12-13T17:32:21.7790000+08:00|Add|40001446|BNpcID|3F5A|BNpcNameID|304E|CastTargetID|E0000000|CurrentMP|10000|CurrentWorldID|65535|Heading|-3.1416|Level|90|MaxHP|69200|MaxMP|10000|ModelStatus|18432|Name|高贝扎的幻影|NPCTargetID|E0000000|PosX|100.0000|PosY|100.0000|PosZ|0.0300|Radius|7.5000|Type|2|WorldID|65535|b7fca3420000a564
03|2025-12-13T17:32:21.8910000+08:00|40001448|高贝扎的幻影|00|5A|0000|00||12366|16218|69200|69200|10000|10000|||100.00|100.00|0.03|-3.14|6c548fce46cd2b17
03|2025-12-13T17:32:21.8910000+08:00|40001449|高贝扎的幻影|00|5A|0000|00||12366|16218|69200|69200|10000|10000|||100.00|100.00|0.03|-3.14|05cea66d039b8222
03|2025-12-13T17:32:21.8910000+08:00|4000144A|黑龙|00|5A|0000|00||12367|16213|69200|69200|10000|10000|||100.00|100.00|0.03|0.00|c20d54008ac743c6
261|2025-12-13T17:32:21.8910000+08:00|Add|40001448|BNpcID|3F5A|BNpcNameID|304E|CastTargetID|E0000000|CurrentMP|10000|CurrentWorldID|65535|Heading|-3.1416|Level|90|MaxHP|69200|MaxMP|10000|ModelStatus|18432|Name|高贝扎的幻影|NPCTargetID|E0000000|PosX|100.0000|PosY|100.0000|PosZ|0.0300|Radius|7.5000|Type|2|WorldID|65535|1ae0071776b69be0
261|2025-12-13T17:32:21.8910000+08:00|Add|40001449|BNpcID|3F5A|BNpcNameID|304E|CastTargetID|E0000000|CurrentMP|10000|CurrentWorldID|65535|Heading|-3.1416|Level|90|MaxHP|69200|MaxMP|10000|ModelStatus|18432|Name|高贝扎的幻影|NPCTargetID|E0000000|PosX|100.0000|PosY|100.0000|PosZ|0.0300|Radius|7.5000|Type|2|WorldID|65535|2966b628ad2453a9
261|2025-12-13T17:32:21.8910000+08:00|Add|4000144A|BNpcID|3F55|BNpcNameID|304F|CastTargetID|E0000000|CurrentMP|10000|CurrentWorldID|65535|Heading|0.0000|Level|90|MaxHP|69200|MaxMP|10000|ModelStatus|18432|Name|黑龙|NPCTargetID|E0000000|PosX|100.0000|PosY|100.0000|PosZ|0.0300|Radius|7.0000|Type|2|WorldID|65535|93092b32fc811b66
03|2025-12-13T17:32:21.8910000+08:00|4000144C|高贝扎|00|1|0000|00||12365|9020|44|44|0|10000|||100.00|90.00|0.03|0.00|9d670312ed110cb6
03|2025-12-13T17:32:21.8910000+08:00|4000144D|高贝扎|00|1|0000|00||12365|9020|44|44|0|10000|||100.00|90.00|0.03|0.00|0e5cfc94b60631ec
03|2025-12-13T17:32:21.8910000+08:00|4000144B|高贝扎|00|5A|0000|00||12365|16212|26635080|26635080|10000|10000|||100.00|90.00|0.03|0.00|afa39f5727ad7c5c
272|2025-12-13T17:32:22.3420000+08:00|40001464|E0000000|0000|00|8f3a24e271c267f5
261|2025-12-13T17:32:21.8910000+08:00|Add|40001434|BNpcID|1E850B|CastBuffID|3101949968|CastGroundTargetX|0.0000|CastGroundTargetY|0.0000|CastTargetID|88E89FBB|CurrentWorldID|256|Heading|0.0000|IsCasting2|2|Level|43|MaxMP|687865856|ModelStatus|2304|Name|退出点|NPCTargetID|4AFA1527|PosX|100.0000|PosY|89.0000|Radius|0.5000|Type|7|b69fe6b5333de2b4
261|2025-12-13T17:32:21.8910000+08:00|Add|40001435|BNpcID|1E8536|BNpcNameID|9187E984|CastBuffID|256|CastDurationMax|0.0000|CastGroundTargetX|32206.0400|CastGroundTargetY|0.0000|CastGroundTargetZ|175192200000000.0000|CastTargetID|42121A02|Heading|0.0000|Level|109|MaxMP|1795162113|NPCTargetID|36000000|PCTargetID|18FA8813|PosX|100.0000|PosY|112.0000|Radius|2.0000|Type|7|WeaponId|3|c9b2060f9c7b3349
03|2025-12-13T17:32:21.8910000+08:00|40001450|高贝扎|00|1|0000|00||12365|9020|44|44|0|10000|||100.00|90.00|0.03|0.00|537e966c6e868d7d
03|2025-12-13T17:32:21.8910000+08:00|4000144F|高贝扎|00|1|0000|00||12365|9020|44|44|0|10000|||100.00|90.00|0.03|0.00|cade2eeda95d4336
03|2025-12-13T17:32:21.8910000+08:00|4000144E|高贝扎|00|1|0000|00||12365|9020|44|44|0|10000|||100.00|90.00|0.03|0.00|2f2530c16280fb74
261|2025-12-13T17:32:21.8910000+08:00|Add|4000144C|BNpcID|233C|BNpcNameID|304D|CastTargetID|E0000000|CurrentWorldID|65535|Heading|0.0000|Level|1|MaxHP|44|Name|高贝扎|NPCTargetID|E0000000|PosX|100.0000|PosY|90.0000|PosZ|0.0300|Radius|0.5000|Type|2|WorldID|65535|0af661a00c42ee48
261|2025-12-13T17:32:21.8910000+08:00|Add|40001450|BNpcID|233C|BNpcNameID|304D|CastTargetID|E0000000|CurrentWorldID|65535|Heading|0.0000|Level|1|MaxHP|44|ModelStatus|2048|Name|高贝扎|NPCTargetID|E0000000|PosX|100.0000|PosY|90.0000|PosZ|0.0300|Radius|0.5000|Type|2|WorldID|65535|380ea52fe569676f
261|2025-12-13T17:32:21.8910000+08:00|Add|4000144D|BNpcID|233C|BNpcNameID|304D|CastTargetID|E0000000|CurrentWorldID|65535|Heading|0.0000|Level|1|MaxHP|44|Name|高贝扎|NPCTargetID|E0000000|PosX|100.0000|PosY|90.0000|PosZ|0.0300|Radius|0.5000|Type|2|WorldID|65535|3910f512114969f8
261|2025-12-13T17:32:21.8910000+08:00|Add|4000144B|BNpcID|3F54|BNpcNameID|304D|CastTargetID|E0000000|CurrentMP|10000|CurrentWorldID|65535|Heading|0.0000|Level|90|MaxHP|26635080|MaxMP|10000|ModelStatus|2048|Name|高贝扎|NPCTargetID|E0000000|PosX|100.0000|PosY|90.0000|PosZ|0.0300|Radius|6.0000|Type|2|WorldID|65535|fef2e4211baa33da
261|2025-12-13T17:32:21.8910000+08:00|Add|4000144F|BNpcID|233C|BNpcNameID|304D|CastTargetID|E0000000|CurrentWorldID|65535|Heading|0.0000|Level|1|MaxHP|44|ModelStatus|2048|Name|高贝扎|NPCTargetID|E0000000|PosX|100.0000|PosY|90.0000|PosZ|0.0300|Radius|0.5000|Type|2|WorldID|65535|2dac7e35dfb4b6bd
261|2025-12-13T17:32:21.8910000+08:00|Add|4000144E|BNpcID|233C|BNpcNameID|304D|CastTargetID|E0000000|CurrentWorldID|65535|Heading|0.0000|Level|1|MaxHP|44|ModelStatus|2048|Name|高贝扎|NPCTargetID|E0000000|PosX|100.0000|PosY|90.0000|PosZ|0.0300|Radius|0.5000|Type|2|WorldID|65535|c12c03c30607e8b1
03|2025-12-13T17:32:21.8910000+08:00|40001451|高贝扎|00|1|0000|00||12365|9020|44|44|0|10000|||100.00|90.00|0.03|0.00|2136216f9df4fd3d
03|2025-12-13T17:32:21.8910000+08:00|40001452|高贝扎|00|1|0000|00||12365|9020|44|44|0|10000|||100.00|90.00|0.03|0.00|83555d0b6667f8b2
03|2025-12-13T17:32:21.8910000+08:00|40001453|高贝扎|00|1|0000|00||12365|9020|44|44|0|10000|||100.00|90.00|0.03|0.00|222f072d86342fb8
03|2025-12-13T17:32:21.8910000+08:00|40001456|高贝扎|00|1|0000|00||12365|9020|44|44|0|10000|||100.00|90.00|0.03|0.00|8c2298d0bbb55f4b
03|2025-12-13T17:32:21.8910000+08:00|40001455|高贝扎|00|1|0000|00||12365|9020|44|44|0|10000|||100.00|90.00|0.03|0.00|802770e69c2a6e65
03|2025-12-13T17:32:21.8910000+08:00|40001454|高贝扎|00|1|0000|00||12365|9020|44|44|0|10000|||100.00|90.00|0.03|0.00|33607ee4e19755f8
261|2025-12-13T17:32:21.8910000+08:00|Add|40001451|BNpcID|233C|BNpcNameID|304D|CastTargetID|E0000000|CurrentWorldID|65535|Heading|0.0000|Level|1|MaxHP|44|Name|高贝扎|NPCTargetID|E0000000|PosX|100.0000|PosY|90.0000|PosZ|0.0300|Radius|0.5000|Type|2|WorldID|65535|200c4152efee1b9f
261|2025-12-13T17:32:21.8910000+08:00|Add|40001456|BNpcID|233C|BNpcNameID|304D|CastTargetID|E0000000|CurrentWorldID|65535|Heading|0.0000|Level|1|MaxHP|44|ModelStatus|2048|Name|高贝扎|NPCTargetID|E0000000|PosX|100.0000|PosY|90.0000|PosZ|0.0300|Radius|0.5000|Type|2|WorldID|65535|d5a69ac42d19e2fe
261|2025-12-13T17:32:21.8910000+08:00|Add|40001455|BNpcID|233C|BNpcNameID|304D|CastTargetID|E0000000|CurrentWorldID|65535|Heading|0.0000|Level|1|MaxHP|44|ModelStatus|2048|Name|高贝扎|NPCTargetID|E0000000|PosX|100.0000|PosY|90.0000|PosZ|0.0300|Radius|0.5000|Type|2|WorldID|65535|4e95acd59a34fd5f
261|2025-12-13T17:32:21.8910000+08:00|Add|40001454|BNpcID|233C|BNpcNameID|304D|CastTargetID|E0000000|CurrentWorldID|65535|Heading|0.0000|Level|1|MaxHP|44|ModelStatus|2048|Name|高贝扎|NPCTargetID|E0000000|PosX|100.0000|PosY|90.0000|PosZ|0.0300|Radius|0.5000|Type|2|WorldID|65535|72e47388b6cf0a63
261|2025-12-13T17:32:21.8910000+08:00|Add|40001452|BNpcID|233C|BNpcNameID|304D|CastTargetID|E0000000|CurrentWorldID|65535|Heading|0.0000|Level|1|MaxHP|44|Name|高贝扎|NPCTargetID|E0000000|PosX|100.0000|PosY|90.0000|PosZ|0.0300|Radius|0.5000|Type|2|WorldID|65535|e7ee2877e4bf2427
261|2025-12-13T17:32:21.8910000+08:00|Add|40001453|BNpcID|233C|BNpcNameID|304D|CastTargetID|E0000000|CurrentWorldID|65535|Heading|0.0000|Level|1|MaxHP|44|Name|高贝扎|NPCTargetID|E0000000|PosX|100.0000|PosY|90.0000|PosZ|0.0300|Radius|0.5000|Type|2|WorldID|65535|a1d8f4a414281260
03|2025-12-13T17:32:21.8910000+08:00|40001459|高贝扎|00|1|0000|00||12365|9020|44|44|0|10000|||100.00|90.00|0.03|0.00|d5e2ac54dfdc19f9
03|2025-12-13T17:32:21.8910000+08:00|40001458|高贝扎|00|1|0000|00||12365|9020|44|44|0|10000|||100.00|90.00|0.03|0.00|fe852f0b6855240f
03|2025-12-13T17:32:21.8910000+08:00|40001457|高贝扎|00|1|0000|00||12365|9020|44|44|0|10000|||100.00|90.00|0.03|0.00|1d8c09846395a89f
03|2025-12-13T17:32:22.0010000+08:00|4000145C|高贝扎|00|1|0000|00||12365|9020|44|44|0|10000|||100.00|90.00|0.03|0.00|9c1e8636f31efd49
03|2025-12-13T17:32:22.0010000+08:00|4000145B|高贝扎|00|1|0000|00||12365|9020|44|44|0|10000|||100.00|90.00|0.03|0.00|4cc5197daca65723
03|2025-12-13T17:32:22.0010000+08:00|4000145A|高贝扎|00|1|0000|00||12365|9020|44|44|0|10000|||100.00|90.00|0.03|0.00|8bdcdd1add4a3926
261|2025-12-13T17:32:22.0010000+08:00|Add|4000145C|BNpcID|233C|BNpcNameID|304D|CastTargetID|E0000000|CurrentWorldID|65535|Heading|0.0000|Level|1|MaxHP|44|ModelStatus|2048|Name|高贝扎|NPCTargetID|E0000000|PosX|100.0000|PosY|90.0000|PosZ|0.0300|Radius|0.5000|Type|2|WorldID|65535|70f27419713b5eee
261|2025-12-13T17:32:22.0010000+08:00|Add|4000145B|BNpcID|233C|BNpcNameID|304D|CastTargetID|E0000000|CurrentWorldID|65535|Heading|0.0000|Level|1|MaxHP|44|ModelStatus|2048|Name|高贝扎|NPCTargetID|E0000000|PosX|100.0000|PosY|90.0000|PosZ|0.0300|Radius|0.5000|Type|2|WorldID|65535|c3c60fbe0c449d7c
261|2025-12-13T17:32:22.0010000+08:00|Add|4000145A|BNpcID|233C|BNpcNameID|304D|CastTargetID|E0000000|CurrentWorldID|65535|Heading|0.0000|Level|1|MaxHP|44|ModelStatus|2048|Name|高贝扎|NPCTargetID|E0000000|PosX|100.0000|PosY|90.0000|PosZ|0.0300|Radius|0.5000|Type|2|WorldID|65535|aa22ee66a6a2e126
261|2025-12-13T17:32:22.0010000+08:00|Add|40001459|BNpcID|233C|BNpcNameID|304D|CastTargetID|E0000000|CurrentWorldID|65535|Heading|0.0000|Level|1|MaxHP|44|Name|高贝扎|NPCTargetID|E0000000|PosX|100.0000|PosY|90.0000|PosZ|0.0300|Radius|0.5000|Type|2|WorldID|65535|1bb1c41a0837aa08
261|2025-12-13T17:32:22.0010000+08:00|Add|40001458|BNpcID|233C|BNpcNameID|304D|CastTargetID|E0000000|CurrentWorldID|65535|Heading|0.0000|Level|1|MaxHP|44|Name|高贝扎|NPCTargetID|E0000000|PosX|100.0000|PosY|90.0000|PosZ|0.0300|Radius|0.5000|Type|2|WorldID|65535|cf3a45369a8583c3
261|2025-12-13T17:32:22.0010000+08:00|Add|40001457|BNpcID|233C|BNpcNameID|304D|CastTargetID|E0000000|CurrentWorldID|65535|Heading|0.0000|Level|1|MaxHP|44|Name|高贝扎|NPCTargetID|E0000000|PosX|100.0000|PosY|90.0000|PosZ|0.0300|Radius|0.5000|Type|2|WorldID|65535|8660a27f0952f2f4
03|2025-12-13T17:32:22.0010000+08:00|4000145F|高贝扎|00|1|0000|00||12365|9020|44|44|0|10000|||100.00|90.00|0.03|0.00|e50f7a439914f989
03|2025-12-13T17:32:22.0010000+08:00|4000145E|高贝扎|00|1|0000|00||12365|9020|44|44|0|10000|||100.00|90.00|0.03|0.00|f23792b2c503bd6c
03|2025-12-13T17:32:22.0010000+08:00|4000145D|高贝扎|00|1|0000|00||12365|9020|44|44|0|10000|||100.00|90.00|0.03|0.00|13f9a891b9e513d4
03|2025-12-13T17:32:22.0010000+08:00|40001461|高贝扎|00|1|0000|00||12365|9020|44|44|0|10000|||100.00|90.00|0.03|0.00|9420add7cc75be0d
03|2025-12-13T17:32:22.0010000+08:00|40001462|高贝扎|00|1|0000|00||12365|9020|44|44|0|10000|||100.00|90.00|0.03|0.00|c711577dad61fa9b
03|2025-12-13T17:32:22.0010000+08:00|40001460|高贝扎|00|1|0000|00||12365|9020|44|44|0|10000|||100.00|90.00|0.03|0.00|03725cb9fdd85be6
261|2025-12-13T17:32:22.0010000+08:00|Add|40001461|BNpcID|233C|BNpcNameID|304D|CastTargetID|E0000000|CurrentWorldID|65535|Heading|0.0000|Level|1|MaxHP|44|ModelStatus|2048|Name|高贝扎|NPCTargetID|E0000000|PosX|100.0000|PosY|90.0000|PosZ|0.0300|Radius|0.5000|Type|2|WorldID|65535|be80d03471a3b6f3
261|2025-12-13T17:32:22.0010000+08:00|Add|40001462|BNpcID|233C|BNpcNameID|304D|CastTargetID|E0000000|CurrentWorldID|65535|Heading|0.0000|Level|1|MaxHP|44|ModelStatus|2048|Name|高贝扎|NPCTargetID|E0000000|PosX|100.0000|PosY|90.0000|PosZ|0.0300|Radius|0.5000|Type|2|WorldID|65535|010652de912afa44
261|2025-12-13T17:32:22.0010000+08:00|Add|40001460|BNpcID|233C|BNpcNameID|304D|CastTargetID|E0000000|CurrentWorldID|65535|Heading|0.0000|Level|1|MaxHP|44|ModelStatus|2048|Name|高贝扎|NPCTargetID|E0000000|PosX|100.0000|PosY|90.0000|PosZ|0.0300|Radius|0.5000|Type|2|WorldID|65535|6dc35f765ce8dafa
261|2025-12-13T17:32:22.0010000+08:00|Add|4000145F|BNpcID|233C|BNpcNameID|304D|CastTargetID|E0000000|CurrentWorldID|65535|Heading|0.0000|Level|1|MaxHP|44|Name|高贝扎|NPCTargetID|E0000000|PosX|100.0000|PosY|90.0000|PosZ|0.0300|Radius|0.5000|Type|2|WorldID|65535|b09966c20bae0226
261|2025-12-13T17:32:22.0010000+08:00|Add|4000145E|BNpcID|233C|BNpcNameID|304D|CastTargetID|E0000000|CurrentWorldID|65535|Heading|0.0000|Level|1|MaxHP|44|Name|高贝扎|NPCTargetID|E0000000|PosX|100.0000|PosY|90.0000|PosZ|0.0300|Radius|0.5000|Type|2|WorldID|65535|37bfeb9538df4719
261|2025-12-13T17:32:22.0010000+08:00|Add|4000145D|BNpcID|233C|BNpcNameID|304D|CastTargetID|E0000000|CurrentWorldID|65535|Heading|0.0000|Level|1|MaxHP|44|Name|高贝扎|NPCTargetID|E0000000|PosX|100.0000|PosY|90.0000|PosZ|0.0300|Radius|0.5000|Type|2|WorldID|65535|2c521b15e2e54ee5
03|2025-12-13T17:32:22.0010000+08:00|40001463|高贝扎|00|1|0000|00||12365|9020|44|44|0|10000|||100.00|90.00|0.03|0.00|f4ca58d1c868a184
03|2025-12-13T17:32:22.0010000+08:00|40001464|高贝扎|00|1|0000|00||12365|9020|44|44|0|10000|||100.00|90.00|0.03|0.00|c921fa589ece96f0
261|2025-12-13T17:32:22.0010000+08:00|Add|40001463|BNpcID|233C|BNpcNameID|304D|CastTargetID|E0000000|CurrentWorldID|65535|Heading|0.0000|Level|1|MaxHP|44|Name|高贝扎|NPCTargetID|E0000000|PosX|100.0000|PosY|90.0000|PosZ|0.0300|Radius|0.5000|Type|2|WorldID|65535|d7e72c2c52e4247e
261|2025-12-13T17:32:22.0010000+08:00|Add|40001464|BNpcID|233C|BNpcNameID|304D|CastTargetID|E0000000|CurrentWorldID|65535|Heading|0.0000|Level|1|MaxHP|44|Name|高贝扎|NPCTargetID|E0000000|PosX|100.0000|PosY|90.0000|PosZ|0.0300|Radius|0.5000|Type|2|WorldID|65535|43ca28efae642174
261|2025-12-13T17:32:22.8050000+08:00|Change|4000143A|ModelStatus|16384|f24bfb100121c971
261|2025-12-13T17:32:22.8050000+08:00|Change|4000143B|ModelStatus|16384|65ba76266ba39113
261|2025-12-13T17:32:22.8050000+08:00|Change|40001439|ModelStatus|16384|48b5a90d58496cf5
261|2025-12-13T17:32:22.9290000+08:00|Change|4000143F|ModelStatus|16384|117bd80c40b1e7f7
261|2025-12-13T17:32:22.9290000+08:00|Change|4000143C|ModelStatus|16384|e474433c7677eef0
261|2025-12-13T17:32:22.9290000+08:00|Change|40001441|ModelStatus|16384|06d24f9fc6c8f23d
261|2025-12-13T17:32:22.9290000+08:00|Change|4000143E|ModelStatus|16384|f5b6cc8bb39d22da
261|2025-12-13T17:32:22.9290000+08:00|Change|40001440|ModelStatus|16384|0573b3738c95b5f8
261|2025-12-13T17:32:22.9290000+08:00|Change|4000143D|ModelStatus|16384|0fc31ba3566a94f0
261|2025-12-13T17:32:22.9290000+08:00|Change|40001444|ModelStatus|16384|52eb83800d6ae6ae
261|2025-12-13T17:32:22.9290000+08:00|Change|40001442|ModelStatus|16384|968210ec5000e188
261|2025-12-13T17:32:22.9290000+08:00|Change|40001443|ModelStatus|16384|0fc3988f6e7aa570
261|2025-12-13T17:32:22.9290000+08:00|Change|40001445|ModelStatus|16384|a6de94dea5428718
261|2025-12-13T17:32:22.9290000+08:00|Change|40001447|ModelStatus|16384|23884f8a0c85e044
261|2025-12-13T17:32:22.9290000+08:00|Change|40001446|ModelStatus|16384|824d0dad3c2eb054
261|2025-12-13T17:32:22.9290000+08:00|Change|40001448|ModelStatus|16384|e51def209884388b
261|2025-12-13T17:32:22.9290000+08:00|Change|40001449|ModelStatus|16384|4c9f15447c4892b4
261|2025-12-13T17:32:22.9290000+08:00|Change|4000144A|ModelStatus|16384|d4036c984b76c868
261|2025-12-13T17:32:23.0390000+08:00|Change|40001450|ModelStatus|0|3bab70a6349c8052
261|2025-12-13T17:32:23.0390000+08:00|Change|4000144B|ModelStatus|0|88600a587a70dbd2
261|2025-12-13T17:32:23.0390000+08:00|Change|4000144F|ModelStatus|0|035e7ec4c9d6ebae
261|2025-12-13T17:32:23.0390000+08:00|Change|4000144E|ModelStatus|0|cffce2193bb22296
261|2025-12-13T17:32:23.0390000+08:00|Change|40001456|ModelStatus|0|d60ca7001a9ff5f9
261|2025-12-13T17:32:23.0390000+08:00|Change|40001455|ModelStatus|0|77266bf056ed1526
261|2025-12-13T17:32:23.0390000+08:00|Change|40001454|ModelStatus|0|17b59b5d695e06b0
261|2025-12-13T17:32:23.0390000+08:00|Change|4000145C|ModelStatus|0|5c4b98e295878151
261|2025-12-13T17:32:23.0390000+08:00|Change|4000145B|ModelStatus|0|43e5b787b05c292b
261|2025-12-13T17:32:23.0390000+08:00|Change|4000145A|ModelStatus|0|8444f2f8fb015d60
261|2025-12-13T17:32:23.1510000+08:00|Change|40001461|ModelStatus|0|504af46bb8c1b339
261|2025-12-13T17:32:23.1510000+08:00|Change|40001462|ModelStatus|0|0dbe62c2f4bc625d
261|2025-12-13T17:32:23.1510000+08:00|Change|40001460|ModelStatus|0|505b0301c3edf510
33|2025-12-13T17:32:23.5430000+08:00|80034E79|40000011|00|00|00|00|596a789e4c102182
261|2025-12-13T17:32:23.1510000+08:00|Change|10530A8D|ModelStatus|512|0048939d1ebc9ba2
271|2025-12-13T17:32:23.5880000+08:00|10530A8D|-3.1416|19|02|99.8770|111.3550|0.0300|08652e3c25cb3a5c
38|2025-12-13T17:32:23.5880000+08:00|10530A8D|小祥客服|0064641E|145489|145489|10000|10000|0||100.65|112.51|0.03|-3.14|0|0|0|7d66533c228b3518
261|2025-12-13T17:32:24.0890000+08:00|Change|10530A8D|CurrentMP|10000|Heading|-1.5877|ModelStatus|0|PosX|99.0949|PosY|111.3723|PosZ|0.0300|5e4c41c1a8f07877
261|2025-12-13T17:32:25.2700000+08:00|Change|40001438|ModelStatus|16384|d0c828ce55bb853a
261|2025-12-13T17:32:25.2700000+08:00|Change|40001436|ModelStatus|16384|bb64c61afabe0988
261|2025-12-13T17:32:25.2700000+08:00|Change|40001437|ModelStatus|16384|7d8991f63ad5d14a
33|2025-12-13T17:32:28.9700000+08:00|80034E79|40000006|E03|00|00|00|9f822af9cb3ca589
261|2025-12-13T17:32:28.0950000+08:00|Change|40001435|ModelStatus|256|5281bc80dcd23668
31|2025-12-13T17:32:30.1710000+08:00|10530A8D|1E|00|00|00|d9ac578020513233
38|2025-12-13T17:32:30.1710000+08:00|10530A8D|小祥客服|0064641E|0|145489|0|10000|0||96.31|116.66|-3.59|-2.57|0|0|0|79f557d8f6cc7b96
261|2025-12-13T17:32:29.3220000+08:00|Change|10530A8D|CurrentMP|0|Heading|-2.5690|PosX|96.1891|PosY|116.7277|PosZ|-3.9677|7aeae7e10158889c
33|2025-12-13T17:32:31.1950000+08:00|80034E79|40000005|00|00|00|00|2d2de66dd20eaccb
261|2025-12-13T17:32:30.6360000+08:00|Change|10530A8D|Heading|-2.5690|PosX|88.8314|PosY|120.6804|PosZ|-35.0591|20c7030166097db2
25|2025-12-13T17:32:32.1730000+08:00|10530A8D|小祥客服|E0000000||2d5d895f1c5103d5
271|2025-12-13T17:32:32.6630000+08:00|10530A8D|-3.1416|19|02|100.0590|111.6670|0.0300|80631d74ae43cbce
261|2025-12-13T17:32:32.0220000+08:00|Change|10530A8D|Heading|-3.1416|PosX|100.0590|PosY|111.6670|PosZ|0.0300|3f029db2b88603d4
261|2025-12-13T17:32:33.6720000+08:00|Remove|40001451|615a43727753f6b7
261|2025-12-13T17:32:33.6720000+08:00|Remove|40001452|64a3f6db9208b67f
261|2025-12-13T17:32:33.6720000+08:00|Remove|40001454|8500bf74c7972ea6
261|2025-12-13T17:32:33.6720000+08:00|Remove|40001453|8da9280f18a57d8d
261|2025-12-13T17:32:33.6720000+08:00|Remove|40001455|edcc340bde3560e9
261|2025-12-13T17:32:33.6720000+08:00|Remove|40001456|f3958b7c80ab6ffa
261|2025-12-13T17:32:33.6720000+08:00|Remove|40001457|35422c8fb151b2f0
261|2025-12-13T17:32:33.6720000+08:00|Remove|40001458|1b3cb0245d4b8ddc
261|2025-12-13T17:32:33.6720000+08:00|Remove|40001459|2b172f521740ecdb
261|2025-12-13T17:32:33.6720000+08:00|Remove|4000145A|9b4a9088b71920e4
261|2025-12-13T17:32:33.6720000+08:00|Remove|4000145B|a486cfd717a10c32
261|2025-12-13T17:32:33.6720000+08:00|Remove|4000145D|81fa8f3a1dcc784a
261|2025-12-13T17:32:33.6720000+08:00|Remove|4000145E|6b87f7ec16355ad9
261|2025-12-13T17:32:33.6720000+08:00|Remove|4000145C|716c101ad6e5acc3
261|2025-12-13T17:32:33.6720000+08:00|Remove|40001450|13823a5fd19a1ad5
261|2025-12-13T17:32:33.6720000+08:00|Remove|40001460|8e96ea4c9d954c95
261|2025-12-13T17:32:33.6720000+08:00|Remove|40001461|1b69fd2af2fa6405
261|2025-12-13T17:32:33.6720000+08:00|Remove|40001462|c8a422322394c201
261|2025-12-13T17:32:33.6720000+08:00|Remove|40001463|9c2b0cf185daf531
261|2025-12-13T17:32:33.6720000+08:00|Remove|40001464|d73c8e3c4efd2539
261|2025-12-13T17:32:33.6720000+08:00|Remove|4000145F|93d3ef500e73d3d0
04|2025-12-13T17:32:33.6720000+08:00|40001444|风球|00|5A|0000|00||12368|16214|69200|69200|10000|10000|||100.00|100.00|0.03|-3.14|fdf8658d6e7a3208
04|2025-12-13T17:32:33.6720000+08:00|4000143F|风球|00|5A|0000|00||12368|16214|69200|69200|10000|10000|||100.00|100.00|0.03|-3.14|0aae83e2d4284b2d
04|2025-12-13T17:32:33.6720000+08:00|40001448|高贝扎的幻影|00|5A|0000|00||12366|16218|69200|69200|10000|10000|||100.00|100.00|0.03|-3.14|8dff7659752ebaef
04|2025-12-13T17:32:33.6720000+08:00|40001442|风球|00|5A|0000|00||12368|16214|69200|69200|10000|10000|||100.00|100.00|0.03|-3.14|26cd8346b3641c64
04|2025-12-13T17:32:33.6720000+08:00|4000143C|风球|00|5A|0000|00||12368|16214|69200|69200|10000|10000|||100.00|100.00|0.03|-3.14|1890bef31d4ada8b
04|2025-12-13T17:32:33.6720000+08:00|4000143A|风球|00|5A|0000|00||12368|16214|69200|69200|10000|10000|||100.00|100.00|0.03|-3.14|6683eaaac26a1964
04|2025-12-13T17:32:33.6720000+08:00|40001438|风球|00|5A|0000|00||12368|16214|69200|69200|10000|10000|||100.00|100.00|0.03|-3.14|41c203f4a2c493cc
04|2025-12-13T17:32:33.6720000+08:00|40001441|风球|00|5A|0000|00||12368|16214|69200|69200|10000|10000|||100.00|100.00|0.03|-3.14|dec1c47754b195a1
04|2025-12-13T17:32:33.6720000+08:00|40001449|高贝扎的幻影|00|5A|0000|00||12366|16218|69200|69200|10000|10000|||100.00|100.00|0.03|-3.14|e81a970fcaf2a424
04|2025-12-13T17:32:33.6720000+08:00|4000143B|风球|00|5A|0000|00||12368|16214|69200|69200|10000|10000|||100.00|100.00|0.03|-3.14|8553e03a0d3bbfee
04|2025-12-13T17:32:33.6720000+08:00|40001443|风球|00|5A|0000|00||12368|16214|69200|69200|10000|10000|||100.00|100.00|0.03|-3.14|3e8f6ae625bee916
04|2025-12-13T17:32:33.6720000+08:00|40001445|风球|00|5A|0000|00||12368|16214|69200|69200|10000|10000|||100.00|100.00|0.03|-3.14|e671a4f8c1357440
04|2025-12-13T17:32:33.6720000+08:00|40001447|高贝扎的幻影|00|5A|0000|00||12366|16218|69200|69200|10000|10000|||100.00|100.00|0.03|-3.14|19c0bdb483281323
04|2025-12-13T17:32:33.6720000+08:00|40001446|高贝扎的幻影|00|5A|0000|00||12366|16218|69200|69200|10000|10000|||100.00|100.00|0.03|-3.14|e4d2557133fc2a7f
04|2025-12-13T17:32:33.6720000+08:00|40001451|高贝扎|00|1|0000|00||12365|9020|44|44|0|10000|||100.00|90.00|0.03|0.00|05105a914a705d1c
04|2025-12-13T17:32:33.6720000+08:00|4000144A|黑龙|00|5A|0000|00||12367|16213|69200|69200|10000|10000|||100.00|100.00|0.03|0.00|86a1b019c7bd13f3
04|2025-12-13T17:32:33.6720000+08:00|4000143E|风球|00|5A|0000|00||12368|16214|69200|69200|10000|10000|||100.00|100.00|0.03|-3.14|c2e2aa32b9acc052
04|2025-12-13T17:32:33.6720000+08:00|40001436|风球|00|5A|0000|00||12368|16214|69200|69200|10000|10000|||100.00|100.00|0.03|-3.14|1ba137b8529d117f
04|2025-12-13T17:32:33.6720000+08:00|40001437|风球|00|5A|0000|00||12368|16214|69200|69200|10000|10000|||100.00|100.00|0.03|-3.14|a56cd3876c7da71b
04|2025-12-13T17:32:33.6720000+08:00|40001440|风球|00|5A|0000|00||12368|16214|69200|69200|10000|10000|||100.00|100.00|0.03|-3.14|7b784af99a6908fc
04|2025-12-13T17:32:33.6720000+08:00|40001439|风球|00|5A|0000|00||12368|16214|69200|69200|10000|10000|||100.00|100.00|0.03|-3.14|141e0a8866531ee7
04|2025-12-13T17:32:33.6720000+08:00|40001461|高贝扎|00|1|0000|00||12365|9020|44|44|0|10000|||100.00|90.00|0.03|0.00|e589ef39f5f7aabb
04|2025-12-13T17:32:33.6720000+08:00|40001463|高贝扎|00|1|0000|00||12365|9020|44|44|0|10000|||100.00|90.00|0.03|0.00|060016937fc56dcc
04|2025-12-13T17:32:33.6720000+08:00|40001462|高贝扎|00|1|0000|00||12365|9020|44|44|0|10000|||100.00|90.00|0.03|0.00|4bc2755d6cd2589d
04|2025-12-13T17:32:33.6720000+08:00|40001460|高贝扎|00|1|0000|00||12365|9020|44|44|0|10000|||100.00|90.00|0.03|0.00|d8b99ecae7b8192b
04|2025-12-13T17:32:33.6720000+08:00|4000145F|高贝扎|00|1|0000|00||12365|9020|44|44|0|10000|||100.00|90.00|0.03|0.00|abd5d4de012efee3
04|2025-12-13T17:32:33.6720000+08:00|4000145E|高贝扎|00|1|0000|00||12365|9020|44|44|0|10000|||100.00|90.00|0.03|0.00|c72b03916e92752c
04|2025-12-13T17:32:33.6720000+08:00|4000145D|高贝扎|00|1|0000|00||12365|9020|44|44|0|10000|||100.00|90.00|0.03|0.00|12ef7f9b6b3bce3e
04|2025-12-13T17:32:33.6720000+08:00|4000145C|高贝扎|00|1|0000|00||12365|9020|44|44|0|10000|||100.00|90.00|0.03|0.00|da6e9540608c1d93
04|2025-12-13T17:32:33.6720000+08:00|4000145B|高贝扎|00|1|0000|00||12365|9020|44|44|0|10000|||100.00|90.00|0.03|0.00|b4638b8365fa416f
04|2025-12-13T17:32:33.6720000+08:00|4000145A|高贝扎|00|1|0000|00||12365|9020|44|44|0|10000|||100.00|90.00|0.03|0.00|148cb0d58c866c19
04|2025-12-13T17:32:33.6720000+08:00|40001459|高贝扎|00|1|0000|00||12365|9020|44|44|0|10000|||100.00|90.00|0.03|0.00|9f2eda4b42bf4d87
04|2025-12-13T17:32:33.6720000+08:00|40001458|高贝扎|00|1|0000|00||12365|9020|44|44|0|10000|||100.00|90.00|0.03|0.00|9f96a5b201aaa06b
04|2025-12-13T17:32:33.6720000+08:00|40001457|高贝扎|00|1|0000|00||12365|9020|44|44|0|10000|||100.00|90.00|0.03|0.00|37b0a208ff0e6ead
04|2025-12-13T17:32:33.6720000+08:00|40001456|高贝扎|00|1|0000|00||12365|9020|44|44|0|10000|||100.00|90.00|0.03|0.00|f1d6d2fec32cad8a
04|2025-12-13T17:32:33.6720000+08:00|40001455|高贝扎|00|1|0000|00||12365|9020|44|44|0|10000|||100.00|90.00|0.03|0.00|0cad1a0bd64d9bd6
04|2025-12-13T17:32:33.6720000+08:00|40001454|高贝扎|00|1|0000|00||12365|9020|44|44|0|10000|||100.00|90.00|0.03|0.00|60199a89497fe4ae
04|2025-12-13T17:32:33.6720000+08:00|40001452|高贝扎|00|1|0000|00||12365|9020|44|44|0|10000|||100.00|90.00|0.03|0.00|53b7dbd3db152284
04|2025-12-13T17:32:33.6720000+08:00|4000144C|高贝扎|00|1|0000|00||12365|9020|44|44|0|10000|||100.00|90.00|0.03|0.00|24e78d207d8cb735
04|2025-12-13T17:32:33.6720000+08:00|40001453|高贝扎|00|1|0000|00||12365|9020|44|44|0|10000|||100.00|90.00|0.03|0.00|10849ac5e33c9285
04|2025-12-13T17:32:33.6720000+08:00|4000143D|风球|00|5A|0000|00||12368|16214|69200|69200|10000|10000|||100.00|100.00|0.03|-3.14|723efa514bd5ff6e
04|2025-12-13T17:32:33.6720000+08:00|40001464|高贝扎|00|1|0000|00||12365|9020|44|44|0|10000|||100.00|90.00|0.03|0.00|895b72411511de82
04|2025-12-13T17:32:33.6720000+08:00|40001450|高贝扎|00|1|0000|00||12365|9020|44|44|0|10000|||100.00|90.00|0.03|0.00|0f77266019661d2b
04|2025-12-13T17:32:33.6720000+08:00|4000144D|高贝扎|00|1|0000|00||12365|9020|44|44|0|10000|||100.00|90.00|0.03|0.00|8753b5c30b144f34
04|2025-12-13T17:32:33.6720000+08:00|4000144B|高贝扎|00|5A|0000|00||12365|16212|26635080|26635080|10000|10000|||100.00|90.00|0.03|0.00|36404afb13c613ee
04|2025-12-13T17:32:33.6720000+08:00|4000144F|高贝扎|00|1|0000|00||12365|9020|44|44|0|10000|||100.00|90.00|0.03|0.00|af701b84893345c3
04|2025-12-13T17:32:33.6720000+08:00|4000144E|高贝扎|00|1|0000|00||12365|9020|44|44|0|10000|||100.00|90.00|0.03|0.00|7afeace3efa77f78
261|2025-12-13T17:32:33.6720000+08:00|Remove|40001436|3db05ef0fa1ae661
261|2025-12-13T17:32:33.6720000+08:00|Remove|40001437|cddb4eca793084d4
261|2025-12-13T17:32:33.6720000+08:00|Remove|40001438|1f7d899b5f72fbf7
261|2025-12-13T17:32:33.6720000+08:00|Remove|40001439|d795fe6524fa5039
261|2025-12-13T17:32:33.6720000+08:00|Remove|4000143A|9c18b07eb56bc832
261|2025-12-13T17:32:33.6720000+08:00|Remove|4000143B|c61b5778aba53294
261|2025-12-13T17:32:33.6720000+08:00|Remove|4000143C|e0b0afe167123632
261|2025-12-13T17:32:33.6720000+08:00|Remove|4000143D|39dfaa3344556fea
261|2025-12-13T17:32:33.6720000+08:00|Remove|4000143E|5c91980e4c864357
261|2025-12-13T17:32:33.6720000+08:00|Remove|4000143F|a0119744a01a6e84
261|2025-12-13T17:32:33.6720000+08:00|Remove|40001440|51092011d97feab1
261|2025-12-13T17:32:33.6720000+08:00|Remove|40001441|c6b10a97244fe5f7
261|2025-12-13T17:32:33.6720000+08:00|Remove|40001442|cfde00e512a71936
261|2025-12-13T17:32:33.6720000+08:00|Remove|40001443|11480451925b3f7e
261|2025-12-13T17:32:33.6720000+08:00|Remove|40001444|cabefe9719a804dc
261|2025-12-13T17:32:33.6720000+08:00|Remove|40001445|9ad71d8b8ce2ae70
261|2025-12-13T17:32:33.6720000+08:00|Remove|40001446|14237c597e6ae7d9
261|2025-12-13T17:32:33.6720000+08:00|Remove|40001447|6eaa2a842e996d07
261|2025-12-13T17:32:33.6720000+08:00|Remove|40001448|32049deae38e4495
261|2025-12-13T17:32:33.6720000+08:00|Remove|40001449|71a01ae52580afec
261|2025-12-13T17:32:33.6720000+08:00|Remove|4000144A|4dacc7ad4cdec85c
261|2025-12-13T17:32:33.6720000+08:00|Remove|4000144B|58fa448a729954e1
261|2025-12-13T17:32:33.6720000+08:00|Remove|4000144C|e3ce0203975db903
261|2025-12-13T17:32:33.6720000+08:00|Remove|4000144D|3268d24a2e70ff68
261|2025-12-13T17:32:33.6720000+08:00|Remove|4000144E|efd79564d068f6b4
261|2025-12-13T17:32:33.6720000+08:00|Remove|4000144F|9f320c9f68fc7083
33|2025-12-13T17:32:34.2670000+08:00|80034E79|8000000D|00|00|00|00|376740c9a9d6e564
33|2025-12-13T17:32:34.2670000+08:00|80034E79|80000029|00|00|00|00|abfa901083626933
33|2025-12-13T17:32:34.2670000+08:00|80034E79|40000013|00|00|00|00|ba256c2e9ea0a08f
33|2025-12-13T17:32:34.3980000+08:00|80034E79|8000000D|01|00|00|00|9dcba4cf3ac2fce6
257|2025-12-13T17:32:34.3980000+08:00|80034E79|00040004|00|||c25dc55990127640
257|2025-12-13T17:32:34.3980000+08:00|80034E79|00040004|02|||c9bcffd9c999ba8f
257|2025-12-13T17:32:34.3980000+08:00|80034E79|00040004|03|||4cd9ff6bbc62fb87
257|2025-12-13T17:32:34.3980000+08:00|80034E79|00040004|04|||60db7c69b93123fc
257|2025-12-13T17:32:34.3980000+08:00|80034E79|00040004|05|||9372186d9e990d5c
257|2025-12-13T17:32:34.3980000+08:00|80034E79|00040004|07|||18f02cbd4f3cbfd0
257|2025-12-13T17:32:34.3980000+08:00|80034E79|00040004|09|||ddf42a2fa8b35fb3
257|2025-12-13T17:32:34.3980000+08:00|80034E79|00040004|08|||255cd230a09553bc
257|2025-12-13T17:32:34.3980000+08:00|80034E79|00040004|0D|||d638f4492bd33d8a
31|2025-12-13T17:32:34.3980000+08:00|10530A8D|1E|00|00|00|93b33b601f7a6054
257|2025-12-13T17:32:34.3980000+08:00|80034E79|00040004|0B|||ef1cb0af60ddaeb2
33|2025-12-13T17:32:34.3980000+08:00|80034E79|4000000F|E02|00|00|00|3431f2190a7989a0
257|2025-12-13T17:32:34.3980000+08:00|80034E79|00040004|0A|||241f32d907a96ba9
257|2025-12-13T17:32:34.3980000+08:00|80034E79|00040004|0C|||460e99d6bda52570
257|2025-12-13T17:32:34.3980000+08:00|80034E79|00040004|01|||78ceaa419c7f9edc
257|2025-12-13T17:32:34.3980000+08:00|80034E79|00040004|06|||58a4d40375c92736
272|2025-12-13T17:32:34.6650000+08:00|40001480|E0000000|0000|00|2de7d99048b70989
272|2025-12-13T17:32:34.6650000+08:00|40001481|E0000000|0000|00|f4da0b2dcf2f7b19
272|2025-12-13T17:32:34.6650000+08:00|40001482|E0000000|0000|00|fdf9981b85066827
272|2025-12-13T17:32:34.6650000+08:00|40001484|E0000000|0000|00|1a9b90f69fa3edb2
272|2025-12-13T17:32:34.6650000+08:00|40001485|E0000000|0000|00|ce552332e0b8c23a
272|2025-12-13T17:32:34.6650000+08:00|40001487|E0000000|0000|00|875dec6e5981ac3d
272|2025-12-13T17:32:34.6650000+08:00|40001486|E0000000|0000|00|569ae4003e46fb9d
261|2025-12-13T17:32:34.0310000+08:00|Add|40001482|BNpcID|233C|BNpcNameID|304D|CastTargetID|E0000000|CurrentWorldID|65535|Heading|0.0000|Level|1|MaxHP|44|ModelStatus|2048|Name|高贝扎|NPCTargetID|E0000000|PosX|100.0000|PosY|90.0000|PosZ|0.0300|Radius|0.5000|Type|2|WorldID|65535|880d4b607da4a78b
272|2025-12-13T17:32:34.6650000+08:00|40001489|E0000000|0000|00|92781737ca87569b
272|2025-12-13T17:32:34.6650000+08:00|4000148F|E0000000|0000|00|c68c89c4f185f036
272|2025-12-13T17:32:34.6650000+08:00|40001492|E0000000|0000|00|321ca5c3175b304a
272|2025-12-13T17:32:34.6650000+08:00|40001493|E0000000|0000|00|42b36f3fc8cdae22
261|2025-12-13T17:32:34.0310000+08:00|Add|40001480|BNpcID|233C|BNpcNameID|304D|CastTargetID|E0000000|CurrentWorldID|65535|Heading|0.0000|Level|1|MaxHP|44|ModelStatus|2048|Name|高贝扎|NPCTargetID|E0000000|PosX|100.0000|PosY|90.0000|PosZ|0.0300|Radius|0.5000|Type|2|WorldID|65535|54911ab406be509b
272|2025-12-13T17:32:34.6650000+08:00|4000148D|E0000000|0000|00|d56ac64a6647e7da
261|2025-12-13T17:32:34.0310000+08:00|Add|40001481|BNpcID|233C|BNpcNameID|304D|CastTargetID|E0000000|CurrentWorldID|65535|Heading|0.0000|Level|1|MaxHP|44|ModelStatus|2048|Name|高贝扎|NPCTargetID|E0000000|PosX|100.0000|PosY|90.0000|PosZ|0.0300|Radius|0.5000|Type|2|WorldID|65535|1ae0bd95420ed950
272|2025-12-13T17:32:34.6650000+08:00|40001483|E0000000|0000|00|2b73344172bdad58
272|2025-12-13T17:32:34.6650000+08:00|4000148A|E0000000|0000|00|8dd58ca2b24b1e76
272|2025-12-13T17:32:34.6650000+08:00|4000148C|E0000000|0000|00|e3c764842df0fe95
272|2025-12-13T17:32:34.6650000+08:00|4000148E|E0000000|0000|00|d8c3981f0ab736d8
272|2025-12-13T17:32:34.6650000+08:00|40001467|E0000000|0000|00|68f43006e2404a85
272|2025-12-13T17:32:34.6650000+08:00|40001490|E0000000|0000|00|c3c1e9fc03b87cbc
272|2025-12-13T17:32:34.6650000+08:00|4000148B|E0000000|0000|00|c12c8841b3d9f5a8
272|2025-12-13T17:32:34.6650000+08:00|40001491|E0000000|0000|00|cced457c8b7479b4
272|2025-12-13T17:32:34.6650000+08:00|40001488|E0000000|0000|00|b2ee4488e0dde895
272|2025-12-13T17:32:34.6650000+08:00|40001495|E0000000|0000|00|37d344f7586741e2
272|2025-12-13T17:32:34.6650000+08:00|40001494|E0000000|0000|00|e7211609710ad261
03|2025-12-13T17:32:34.1430000+08:00|40001480|高贝扎|00|1|0000|00||12365|9020|44|44|0|10000|||100.00|90.00|0.03|0.00|858ecba7be69473f
03|2025-12-13T17:32:34.1430000+08:00|40001481|高贝扎|00|1|0000|00||12365|9020|44|44|0|10000|||100.00|90.00|0.03|0.00|eb65902ca3812f4f
03|2025-12-13T17:32:34.1430000+08:00|40001482|高贝扎|00|1|0000|00||12365|9020|44|44|0|10000|||100.00|90.00|0.03|0.00|fccef69956a67261
03|2025-12-13T17:32:34.1430000+08:00|40001483|高贝扎|00|1|0000|00||12365|9020|44|44|0|10000|||100.00|90.00|0.03|0.00|dfb8282ed0005b55
03|2025-12-13T17:32:34.1430000+08:00|40001484|高贝扎|00|1|0000|00||12365|9020|44|44|0|10000|||100.00|90.00|0.03|0.00|8c2a03271f6a9734
03|2025-12-13T17:32:34.1430000+08:00|40001485|高贝扎|00|1|0000|00||12365|9020|44|44|0|10000|||100.00|90.00|0.03|0.00|4e214da12815ac9f
03|2025-12-13T17:32:34.1430000+08:00|40001486|高贝扎|00|1|0000|00||12365|9020|44|44|0|10000|||100.00|90.00|0.03|0.00|58bd802e4e8871f7
03|2025-12-13T17:32:34.1430000+08:00|40001487|高贝扎|00|1|0000|00||12365|9020|44|44|0|10000|||100.00|90.00|0.03|0.00|1629d2828784fa02
03|2025-12-13T17:32:34.1430000+08:00|40001488|高贝扎|00|1|0000|00||12365|9020|44|44|0|10000|||100.00|90.00|0.03|0.00|1c0d75c3845986df
261|2025-12-13T17:32:34.1430000+08:00|Add|40001483|BNpcID|233C|BNpcNameID|304D|CastTargetID|E0000000|CurrentWorldID|65535|Heading|0.0000|Level|1|MaxHP|44|Name|高贝扎|NPCTargetID|E0000000|PosX|100.0000|PosY|90.0000|PosZ|0.0300|Radius|0.5000|Type|2|WorldID|65535|cf057a3f0c4f19e7
261|2025-12-13T17:32:34.1430000+08:00|Add|40001484|BNpcID|233C|BNpcNameID|304D|CastTargetID|E0000000|CurrentWorldID|65535|Heading|0.0000|Level|1|MaxHP|44|Name|高贝扎|NPCTargetID|E0000000|PosX|100.0000|PosY|90.0000|PosZ|0.0300|Radius|0.5000|Type|2|WorldID|65535|5ecb47251cc99c42
261|2025-12-13T17:32:34.1430000+08:00|Add|40001485|BNpcID|233C|BNpcNameID|304D|CastTargetID|E0000000|CurrentWorldID|65535|Heading|0.0000|Level|1|MaxHP|44|Name|高贝扎|NPCTargetID|E0000000|PosX|100.0000|PosY|90.0000|PosZ|0.0300|Radius|0.5000|Type|2|WorldID|65535|86ddcd6e9de67aa8
261|2025-12-13T17:32:34.1430000+08:00|Add|40001486|BNpcID|233C|BNpcNameID|304D|CastTargetID|E0000000|CurrentWorldID|65535|Heading|0.0000|Level|1|MaxHP|44|ModelStatus|2048|Name|高贝扎|NPCTargetID|E0000000|PosX|100.0000|PosY|90.0000|PosZ|0.0300|Radius|0.5000|Type|2|WorldID|65535|734f8c3521427ec8
261|2025-12-13T17:32:34.1430000+08:00|Add|40001487|BNpcID|233C|BNpcNameID|304D|CastTargetID|E0000000|CurrentWorldID|65535|Heading|0.0000|Level|1|MaxHP|44|ModelStatus|2048|Name|高贝扎|NPCTargetID|E0000000|PosX|100.0000|PosY|90.0000|PosZ|0.0300|Radius|0.5000|Type|2|WorldID|65535|6b4081927cf1aa2a
261|2025-12-13T17:32:34.1430000+08:00|Add|40001488|BNpcID|233C|BNpcNameID|304D|CastTargetID|E0000000|CurrentWorldID|65535|Heading|0.0000|Level|1|MaxHP|44|ModelStatus|2048|Name|高贝扎|NPCTargetID|E0000000|PosX|100.0000|PosY|90.0000|PosZ|0.0300|Radius|0.5000|Type|2|WorldID|65535|5b4e114599b7a68b
03|2025-12-13T17:32:34.1430000+08:00|40001489|高贝扎|00|1|0000|00||12365|9020|44|44|0|10000|||100.00|90.00|0.03|0.00|042242fb901ffd90
03|2025-12-13T17:32:34.1430000+08:00|4000148A|高贝扎|00|1|0000|00||12365|9020|44|44|0|10000|||100.00|90.00|0.03|0.00|2b43c6cef1a3210d
03|2025-12-13T17:32:34.1430000+08:00|4000148B|高贝扎|00|1|0000|00||12365|9020|44|44|0|10000|||100.00|90.00|0.03|0.00|479104a5ce0979d5
272|2025-12-13T17:32:34.7100000+08:00|40001468|E0000000|0000|00|42dc97ef1908af03
272|2025-12-13T17:32:34.7100000+08:00|40001469|E0000000|0000|00|fecc459aa78a6c6f
272|2025-12-13T17:32:34.7100000+08:00|4000146A|E0000000|0000|00|5dfc48277cbb022d
272|2025-12-13T17:32:34.7100000+08:00|4000146B|E0000000|0000|00|893d905e2b431993
272|2025-12-13T17:32:34.7100000+08:00|4000146C|E0000000|0000|00|5cbffbe87e3a0c3e
272|2025-12-13T17:32:34.7100000+08:00|4000146E|E0000000|0000|00|ff3d6e35ca6df33d
272|2025-12-13T17:32:34.7100000+08:00|40001470|E0000000|0000|00|7d802d2c35e59345
272|2025-12-13T17:32:34.7100000+08:00|40001471|E0000000|0000|00|4cd0ce7871395cd9
272|2025-12-13T17:32:34.7100000+08:00|40001473|E0000000|0000|00|9ab779efb8d5223a
272|2025-12-13T17:32:34.7100000+08:00|40001474|E0000000|0000|00|d592106e8a4dfcc0
272|2025-12-13T17:32:34.7100000+08:00|40001475|E0000000|0000|00|3c50be1dcd403db4
272|2025-12-13T17:32:34.7100000+08:00|4000146D|E0000000|0000|00|4ab65270d02831a7
272|2025-12-13T17:32:34.7100000+08:00|40001476|E0000000|0000|00|2776a9c91a737086
272|2025-12-13T17:32:34.7100000+08:00|40001478|E0000000|0000|00|28f20a67a6228523
272|2025-12-13T17:32:34.7100000+08:00|40001479|E0000000|0000|00|a5485ddc02d18294
272|2025-12-13T17:32:34.7100000+08:00|4000147A|E0000000|0000|00|08183a955fd5fd98
272|2025-12-13T17:32:34.7100000+08:00|4000147B|E0000000|0000|00|6fd9bec419a929a0
272|2025-12-13T17:32:34.7100000+08:00|4000147C|E0000000|0000|00|c3b0c7264918b340
272|2025-12-13T17:32:34.7100000+08:00|4000147D|E0000000|0000|00|736cc0e61f25d074
272|2025-12-13T17:32:34.7100000+08:00|4000147E|E0000000|0000|00|48c2767c96071eaa
272|2025-12-13T17:32:34.7100000+08:00|4000146F|E0000000|0000|00|9b89c9d5454db7b2
272|2025-12-13T17:32:34.7100000+08:00|40001472|E0000000|0000|00|cc693571f7ba7068
272|2025-12-13T17:32:34.7100000+08:00|40001477|E0000000|0000|00|bd7e9c61ac06605c
03|2025-12-13T17:32:34.1430000+08:00|4000148C|高贝扎|00|1|0000|00||12365|9020|44|44|0|10000|||100.00|90.00|0.03|0.00|71b31b80a2b4b914
03|2025-12-13T17:32:34.1430000+08:00|4000148E|高贝扎|00|1|0000|00||12365|9020|44|44|0|10000|||100.00|90.00|0.03|0.00|a0c2cfce983b7475
03|2025-12-13T17:32:34.1430000+08:00|4000148F|高贝扎|00|1|0000|00||12365|9020|44|44|0|10000|||100.00|90.00|0.03|0.00|9f3b48a48eb7b447
261|2025-12-13T17:32:34.1430000+08:00|Add|40001489|BNpcID|233C|BNpcNameID|304D|CastTargetID|E0000000|CurrentWorldID|65535|Heading|0.0000|Level|1|MaxHP|44|Name|高贝扎|NPCTargetID|E0000000|PosX|100.0000|PosY|90.0000|PosZ|0.0300|Radius|0.5000|Type|2|WorldID|65535|402f296f1c57df2c
261|2025-12-13T17:32:34.1430000+08:00|Add|4000148A|BNpcID|233C|BNpcNameID|304D|CastTargetID|E0000000|CurrentWorldID|65535|Heading|0.0000|Level|1|MaxHP|44|Name|高贝扎|NPCTargetID|E0000000|PosX|100.0000|PosY|90.0000|PosZ|0.0300|Radius|0.5000|Type|2|WorldID|65535|e4de97a5f8b26173
261|2025-12-13T17:32:34.1430000+08:00|Add|4000148C|BNpcID|233C|BNpcNameID|304D|CastTargetID|E0000000|CurrentWorldID|65535|Heading|0.0000|Level|1|MaxHP|44|ModelStatus|2048|Name|高贝扎|NPCTargetID|E0000000|PosX|100.0000|PosY|90.0000|PosZ|0.0300|Radius|0.5000|Type|2|WorldID|65535|f64ac00ba0ec4f3f
261|2025-12-13T17:32:34.1430000+08:00|Add|4000148B|BNpcID|233C|BNpcNameID|304D|CastTargetID|E0000000|CurrentWorldID|65535|Heading|0.0000|Level|1|MaxHP|44|Name|高贝扎|NPCTargetID|E0000000|PosX|100.0000|PosY|90.0000|PosZ|0.0300|Radius|0.5000|Type|2|WorldID|65535|f75a143f81d6c169
261|2025-12-13T17:32:34.1430000+08:00|Add|4000148E|BNpcID|233C|BNpcNameID|304D|CastTargetID|E0000000|CurrentWorldID|65535|Heading|0.0000|Level|1|MaxHP|44|ModelStatus|2048|Name|高贝扎|NPCTargetID|E0000000|PosX|100.0000|PosY|90.0000|PosZ|0.0300|Radius|0.5000|Type|2|WorldID|65535|e2585b58800be016
261|2025-12-13T17:32:34.1430000+08:00|Add|4000148F|BNpcID|233C|BNpcNameID|304D|CastTargetID|E0000000|CurrentWorldID|65535|Heading|0.0000|Level|1|MaxHP|44|ModelStatus|2048|Name|高贝扎|NPCTargetID|E0000000|PosX|100.0000|PosY|90.0000|PosZ|0.0300|Radius|0.5000|Type|2|WorldID|65535|fbadcfcd01308a82
03|2025-12-13T17:32:34.1430000+08:00|40001492|高贝扎|00|1|0000|00||12365|9020|44|44|0|10000|||100.00|90.00|0.03|0.00|e9365ffd83baa2cb
03|2025-12-13T17:32:34.1430000+08:00|40001491|高贝扎|00|1|0000|00||12365|9020|44|44|0|10000|||100.00|90.00|0.03|0.00|7a94eb94214df554
03|2025-12-13T17:32:34.1430000+08:00|40001490|高贝扎|00|1|0000|00||12365|9020|44|44|0|10000|||100.00|90.00|0.03|0.00|41a43e837e2d7d65
03|2025-12-13T17:32:34.2340000+08:00|40001495|高贝扎|00|1|0000|00||12365|9020|44|44|0|10000|||100.00|90.00|0.03|0.00|1aff81f584c6e7ff
03|2025-12-13T17:32:34.2340000+08:00|40001494|高贝扎|00|1|0000|00||12365|9020|44|44|0|10000|||100.00|90.00|0.03|0.00|f8d6bb36cd399d43
03|2025-12-13T17:32:34.2340000+08:00|40001493|高贝扎|00|1|0000|00||12365|9020|44|44|0|10000|||100.00|90.00|0.03|0.00|feab2a5fa6c3b452
261|2025-12-13T17:32:34.2340000+08:00|Add|40001495|BNpcID|233C|BNpcNameID|304D|CastTargetID|E0000000|CurrentWorldID|65535|Heading|0.0000|Level|1|MaxHP|44|ModelStatus|2048|Name|高贝扎|NPCTargetID|E0000000|PosX|100.0000|PosY|90.0000|PosZ|0.0300|Radius|0.5000|Type|2|WorldID|65535|83be09da3b6dc3e5
261|2025-12-13T17:32:34.2340000+08:00|Add|40001494|BNpcID|233C|BNpcNameID|304D|CastTargetID|E0000000|CurrentWorldID|65535|Heading|0.0000|Level|1|MaxHP|44|ModelStatus|2048|Name|高贝扎|NPCTargetID|E0000000|PosX|100.0000|PosY|90.0000|PosZ|0.0300|Radius|0.5000|Type|2|WorldID|65535|34112d5def37cd3d
261|2025-12-13T17:32:34.2340000+08:00|Add|40001493|BNpcID|233C|BNpcNameID|304D|CastTargetID|E0000000|CurrentWorldID|65535|Heading|0.0000|Level|1|MaxHP|44|ModelStatus|2048|Name|高贝扎|NPCTargetID|E0000000|PosX|100.0000|PosY|90.0000|PosZ|0.0300|Radius|0.5000|Type|2|WorldID|65535|fc54b271114f3e4e
261|2025-12-13T17:32:34.2340000+08:00|Add|40001492|BNpcID|233C|BNpcNameID|304D|CastTargetID|E0000000|CurrentWorldID|65535|Heading|0.0000|Level|1|MaxHP|44|Name|高贝扎|NPCTargetID|E0000000|PosX|100.0000|PosY|90.0000|PosZ|0.0300|Radius|0.5000|Type|2|WorldID|65535|aee65c7fce0ad003
261|2025-12-13T17:32:34.2340000+08:00|Add|40001491|BNpcID|233C|BNpcNameID|304D|CastTargetID|E0000000|CurrentWorldID|65535|Heading|0.0000|Level|1|MaxHP|44|Name|高贝扎|NPCTargetID|E0000000|PosX|100.0000|PosY|90.0000|PosZ|0.0300|Radius|0.5000|Type|2|WorldID|65535|6242d3c04d3af0b5
261|2025-12-13T17:32:34.2340000+08:00|Add|40001490|BNpcID|233C|BNpcNameID|304D|CastTargetID|E0000000|CurrentWorldID|65535|Heading|0.0000|Level|1|MaxHP|44|Name|高贝扎|NPCTargetID|E0000000|PosX|100.0000|PosY|90.0000|PosZ|0.0300|Radius|0.5000|Type|2|WorldID|65535|0aca5e61bfd73c50
03|2025-12-13T17:32:34.2340000+08:00|40001467|风球|00|5A|0000|00||12368|16214|69200|69200|10000|10000|||100.00|100.00|0.03|-3.14|abbae22940df9842
03|2025-12-13T17:32:34.2340000+08:00|40001468|风球|00|5A|0000|00||12368|16214|69200|69200|10000|10000|||100.00|100.00|0.03|-3.14|945e994fade853c4
03|2025-12-13T17:32:34.2340000+08:00|4000148D|高贝扎|00|1|0000|00||12365|9020|44|44|0|10000|||100.00|90.00|0.03|0.00|36b5a2ed071a1d4e
03|2025-12-13T17:32:34.2340000+08:00|40001469|风球|00|5A|0000|00||12368|16214|69200|69200|10000|10000|||100.00|100.00|0.03|-3.14|e1477a43d11ea0fd
03|2025-12-13T17:32:34.2340000+08:00|4000146B|风球|00|5A|0000|00||12368|16214|69200|69200|10000|10000|||100.00|100.00|0.03|-3.14|34f9a079316baf4b
03|2025-12-13T17:32:34.2340000+08:00|4000146A|风球|00|5A|0000|00||12368|16214|69200|69200|10000|10000|||100.00|100.00|0.03|-3.14|8e1a3c5718cabc49
261|2025-12-13T17:32:34.2340000+08:00|Add|40001467|BNpcID|3F56|BNpcNameID|3050|CastTargetID|E0000000|CurrentMP|10000|CurrentWorldID|65535|Heading|-3.1416|Level|90|MaxHP|69200|MaxMP|10000|ModelStatus|18432|Name|风球|NPCTargetID|E0000000|PosX|100.0000|PosY|100.0000|PosZ|0.0300|Radius|1.0000|Type|2|WorldID|65535|7673b88a6e203099
261|2025-12-13T17:32:34.2340000+08:00|Add|40001468|BNpcID|3F56|BNpcNameID|3050|CastTargetID|E0000000|CurrentMP|10000|CurrentWorldID|65535|Heading|-3.1416|Level|90|MaxHP|69200|MaxMP|10000|ModelStatus|18432|Name|风球|NPCTargetID|E0000000|PosX|100.0000|PosY|100.0000|PosZ|0.0300|Radius|1.0000|Type|2|WorldID|65535|cb87a24ab6be168e
261|2025-12-13T17:32:34.2340000+08:00|Add|40001469|BNpcID|3F56|BNpcNameID|3050|CastTargetID|E0000000|CurrentMP|10000|CurrentWorldID|65535|Heading|-3.1416|Level|90|MaxHP|69200|MaxMP|10000|ModelStatus|18432|Name|风球|NPCTargetID|E0000000|PosX|100.0000|PosY|100.0000|PosZ|0.0300|Radius|1.0000|Type|2|WorldID|65535|a08cda443614ea8d
261|2025-12-13T17:32:34.2340000+08:00|Add|4000146B|BNpcID|3F56|BNpcNameID|3050|CastTargetID|E0000000|CurrentMP|10000|CurrentWorldID|65535|Heading|-3.1416|Level|90|MaxHP|69200|MaxMP|10000|ModelStatus|18432|Name|风球|NPCTargetID|E0000000|PosX|100.0000|PosY|100.0000|PosZ|0.0300|Radius|1.0000|Type|2|WorldID|65535|38887016fb6c9ecb
261|2025-12-13T17:32:34.2340000+08:00|Add|4000148D|BNpcID|233C|BNpcNameID|304D|CastTargetID|E0000000|CurrentWorldID|65535|Heading|0.0000|Level|1|MaxHP|44|Name|高贝扎|NPCTargetID|E0000000|PosX|100.0000|PosY|90.0000|PosZ|0.0300|Radius|0.5000|Type|2|WorldID|65535|95b5a2db9eca1c2c
261|2025-12-13T17:32:34.2340000+08:00|Add|4000146A|BNpcID|3F56|BNpcNameID|3050|CastTargetID|E0000000|CurrentMP|10000|CurrentWorldID|65535|Heading|-3.1416|Level|90|MaxHP|69200|MaxMP|10000|ModelStatus|18432|Name|风球|NPCTargetID|E0000000|PosX|100.0000|PosY|100.0000|PosZ|0.0300|Radius|1.0000|Type|2|WorldID|65535|e8e3f89c39960f98
272|2025-12-13T17:32:34.7540000+08:00|4000147F|E0000000|0000|00|8a05872b87053347
261|2025-12-13T17:32:34.2340000+08:00|Add|40001465|BNpcID|1E850B|CastBuffID|3101949968|CastGroundTargetX|0.0000|CastGroundTargetY|0.0000|CastTargetID|88E89FBB|CurrentWorldID|256|Heading|0.0000|IsCasting2|2|Level|43|MaxMP|687865856|ModelStatus|2304|Name|退出点|NPCTargetID|4AFA1527|PosX|100.0000|PosY|89.0000|Radius|0.5000|Type|7|b0285e3d036aa734
261|2025-12-13T17:32:34.2340000+08:00|Add|40001466|BNpcID|1E8536|BNpcNameID|9187E984|CastBuffID|256|CastDurationMax|0.0000|CastGroundTargetX|32206.0400|CastGroundTargetY|0.0000|CastGroundTargetZ|175192200000000.0000|CastTargetID|42121A02|Heading|0.0000|Level|109|MaxMP|1795162113|NPCTargetID|36000000|PCTargetID|18FA8813|PosX|100.0000|PosY|112.0000|Radius|2.0000|Type|7|WeaponId|3|cb5898c7de5b0b72
03|2025-12-13T17:32:34.2340000+08:00|4000146D|风球|00|5A|0000|00||12368|16214|69200|69200|10000|10000|||100.00|100.00|0.03|-3.14|38ae09cc1c4ae0b7
03|2025-12-13T17:32:34.2340000+08:00|4000146C|风球|00|5A|0000|00||12368|16214|69200|69200|10000|10000|||100.00|100.00|0.03|-3.14|65040785aa994e6b
03|2025-12-13T17:32:34.2340000+08:00|4000146E|风球|00|5A|0000|00||12368|16214|69200|69200|10000|10000|||100.00|100.00|0.03|-3.14|219be3a4ca145d2d
03|2025-12-13T17:32:34.2340000+08:00|40001471|风球|00|5A|0000|00||12368|16214|69200|69200|10000|10000|||100.00|100.00|0.03|-3.14|6ac833cdb7015ec1
03|2025-12-13T17:32:34.2340000+08:00|40001470|风球|00|5A|0000|00||12368|16214|69200|69200|10000|10000|||100.00|100.00|0.03|-3.14|0e5d018d1946e987
03|2025-12-13T17:32:34.2340000+08:00|4000146F|风球|00|5A|0000|00||12368|16214|69200|69200|10000|10000|||100.00|100.00|0.03|-3.14|aad814509b11870b
261|2025-12-13T17:32:34.2340000+08:00|Add|40001471|BNpcID|3F56|BNpcNameID|3050|CastTargetID|E0000000|CurrentMP|10000|CurrentWorldID|65535|Heading|-3.1416|Level|90|MaxHP|69200|MaxMP|10000|ModelStatus|18432|Name|风球|NPCTargetID|E0000000|PosX|100.0000|PosY|100.0000|PosZ|0.0300|Radius|1.0000|Type|2|WorldID|65535|6acca74a2d83643a
261|2025-12-13T17:32:34.2340000+08:00|Add|4000146D|BNpcID|3F56|BNpcNameID|3050|CastTargetID|E0000000|CurrentMP|10000|CurrentWorldID|65535|Heading|-3.1416|Level|90|MaxHP|69200|MaxMP|10000|ModelStatus|18432|Name|风球|NPCTargetID|E0000000|PosX|100.0000|PosY|100.0000|PosZ|0.0300|Radius|1.0000|Type|2|WorldID|65535|1c5d9b733bd3249e
261|2025-12-13T17:32:34.2340000+08:00|Add|40001470|BNpcID|3F56|BNpcNameID|3050|CastTargetID|E0000000|CurrentMP|10000|CurrentWorldID|65535|Heading|-3.1416|Level|90|MaxHP|69200|MaxMP|10000|ModelStatus|18432|Name|风球|NPCTargetID|E0000000|PosX|100.0000|PosY|100.0000|PosZ|0.0300|Radius|1.0000|Type|2|WorldID|65535|b9f3fc767197108b
261|2025-12-13T17:32:34.2340000+08:00|Add|4000146C|BNpcID|3F56|BNpcNameID|3050|CastTargetID|E0000000|CurrentMP|10000|CurrentWorldID|65535|Heading|-3.1416|Level|90|MaxHP|69200|MaxMP|10000|ModelStatus|18432|Name|风球|NPCTargetID|E0000000|PosX|100.0000|PosY|100.0000|PosZ|0.0300|Radius|1.0000|Type|2|WorldID|65535|cdd147479d3dd9f0
261|2025-12-13T17:32:34.2340000+08:00|Add|4000146E|BNpcID|3F56|BNpcNameID|3050|CastTargetID|E0000000|CurrentMP|10000|CurrentWorldID|65535|Heading|-3.1416|Level|90|MaxHP|69200|MaxMP|10000|ModelStatus|18432|Name|风球|NPCTargetID|E0000000|PosX|100.0000|PosY|100.0000|PosZ|0.0300|Radius|1.0000|Type|2|WorldID|65535|de3c6256003dad3f
261|2025-12-13T17:32:34.2340000+08:00|Add|4000146F|BNpcID|3F56|BNpcNameID|3050|CastTargetID|E0000000|CurrentMP|10000|CurrentWorldID|65535|Heading|-3.1416|Level|90|MaxHP|69200|MaxMP|10000|ModelStatus|18432|Name|风球|NPCTargetID|E0000000|PosX|100.0000|PosY|100.0000|PosZ|0.0300|Radius|1.0000|Type|2|WorldID|65535|a3dcabc628056cb5
261|2025-12-13T17:32:34.2340000+08:00|Remove|40001434|746467fd3ea179ac
261|2025-12-13T17:32:34.2340000+08:00|Remove|40001435|8104731255f4d065
03|2025-12-13T17:32:34.2340000+08:00|40001473|风球|00|5A|0000|00||12368|16214|69200|69200|10000|10000|||100.00|100.00|0.03|-3.14|f970adfc0b2e6c9e
03|2025-12-13T17:32:34.2340000+08:00|40001474|风球|00|5A|0000|00||12368|16214|69200|69200|10000|10000|||100.00|100.00|0.03|-3.14|5e1b1ce1e75098ee
03|2025-12-13T17:32:34.2340000+08:00|40001472|风球|00|5A|0000|00||12368|16214|69200|69200|10000|10000|||100.00|100.00|0.03|-3.14|3354d84e2ef98aae
261|2025-12-13T17:32:34.2340000+08:00|Add|40001473|BNpcID|3F56|BNpcNameID|3050|CastTargetID|E0000000|CurrentMP|10000|CurrentWorldID|65535|Heading|-3.1416|Level|90|MaxHP|69200|MaxMP|10000|ModelStatus|18432|Name|风球|NPCTargetID|E0000000|PosX|100.0000|PosY|100.0000|PosZ|0.0300|Radius|1.0000|Type|2|WorldID|65535|0cfdbf72d6e90fdd
261|2025-12-13T17:32:34.2340000+08:00|Add|40001474|BNpcID|3F56|BNpcNameID|3050|CastTargetID|E0000000|CurrentMP|10000|CurrentWorldID|65535|Heading|-3.1416|Level|90|MaxHP|69200|MaxMP|10000|ModelStatus|18432|Name|风球|NPCTargetID|E0000000|PosX|100.0000|PosY|100.0000|PosZ|0.0300|Radius|1.0000|Type|2|WorldID|65535|4ad98b98f50adc7c
261|2025-12-13T17:32:34.2340000+08:00|Add|40001472|BNpcID|3F56|BNpcNameID|3050|CastTargetID|E0000000|CurrentMP|10000|CurrentWorldID|65535|Heading|-3.1416|Level|90|MaxHP|69200|MaxMP|10000|ModelStatus|18432|Name|风球|NPCTargetID|E0000000|PosX|100.0000|PosY|100.0000|PosZ|0.0300|Radius|1.0000|Type|2|WorldID|65535|967ca89d11e5cb4d
03|2025-12-13T17:32:34.3240000+08:00|40001476|风球|00|5A|0000|00||12368|16214|69200|69200|10000|10000|||100.00|100.00|0.03|-3.14|e9341946256b25f8
03|2025-12-13T17:32:34.3240000+08:00|40001477|高贝扎的幻影|00|5A|0000|00||12366|16218|69200|69200|10000|10000|||100.00|100.00|0.03|-3.14|3fba18fe0991bcb2
03|2025-12-13T17:32:34.3240000+08:00|40001475|风球|00|5A|0000|00||12368|16214|69200|69200|10000|10000|||100.00|100.00|0.03|-3.14|94215d53040a6be3
03|2025-12-13T17:32:34.3240000+08:00|40001479|高贝扎的幻影|00|5A|0000|00||12366|16218|69200|69200|10000|10000|||100.00|100.00|0.03|-3.14|0ee4038e6b014bc4
03|2025-12-13T17:32:34.3240000+08:00|4000147A|高贝扎的幻影|00|5A|0000|00||12366|16218|69200|69200|10000|10000|||100.00|100.00|0.03|-3.14|17f603d7a583157c
03|2025-12-13T17:32:34.3240000+08:00|40001478|高贝扎的幻影|00|5A|0000|00||12366|16218|69200|69200|10000|10000|||100.00|100.00|0.03|-3.14|58e61b7ae1c61afb
261|2025-12-13T17:32:34.3240000+08:00|Add|40001479|BNpcID|3F5A|BNpcNameID|304E|CastTargetID|E0000000|CurrentMP|10000|CurrentWorldID|65535|Heading|-3.1416|Level|90|MaxHP|69200|MaxMP|10000|ModelStatus|18432|Name|高贝扎的幻影|NPCTargetID|E0000000|PosX|100.0000|PosY|100.0000|PosZ|0.0300|Radius|7.5000|Type|2|WorldID|65535|ce567a8253576c7e
261|2025-12-13T17:32:34.3240000+08:00|Add|4000147A|BNpcID|3F5A|BNpcNameID|304E|CastTargetID|E0000000|CurrentMP|10000|CurrentWorldID|65535|Heading|-3.1416|Level|90|MaxHP|69200|MaxMP|10000|ModelStatus|18432|Name|高贝扎的幻影|NPCTargetID|E0000000|PosX|100.0000|PosY|100.0000|PosZ|0.0300|Radius|7.5000|Type|2|WorldID|65535|07bb6bb2eb9e6dae
261|2025-12-13T17:32:34.3240000+08:00|Add|40001476|BNpcID|3F56|BNpcNameID|3050|CastTargetID|E0000000|CurrentMP|10000|CurrentWorldID|65535|Heading|-3.1416|Level|90|MaxHP|69200|MaxMP|10000|ModelStatus|18432|Name|风球|NPCTargetID|E0000000|PosX|100.0000|PosY|100.0000|PosZ|0.0300|Radius|1.0000|Type|2|WorldID|65535|03fa6d8177d601aa
261|2025-12-13T17:32:34.3240000+08:00|Add|40001477|BNpcID|3F5A|BNpcNameID|304E|CastTargetID|E0000000|CurrentMP|10000|CurrentWorldID|65535|Heading|-3.1416|Level|90|MaxHP|69200|MaxMP|10000|ModelStatus|18432|Name|高贝扎的幻影|NPCTargetID|E0000000|PosX|100.0000|PosY|100.0000|PosZ|0.0300|Radius|7.5000|Type|2|WorldID|65535|3b8766d65ea6bdb0
261|2025-12-13T17:32:34.3240000+08:00|Add|40001475|BNpcID|3F56|BNpcNameID|3050|CastTargetID|E0000000|CurrentMP|10000|CurrentWorldID|65535|Heading|-3.1416|Level|90|MaxHP|69200|MaxMP|10000|ModelStatus|18432|Name|风球|NPCTargetID|E0000000|PosX|100.0000|PosY|100.0000|PosZ|0.0300|Radius|1.0000|Type|2|WorldID|65535|ea8ac3e0a4c6c7c2
261|2025-12-13T17:32:34.3240000+08:00|Add|40001478|BNpcID|3F5A|BNpcNameID|304E|CastTargetID|E0000000|CurrentMP|10000|CurrentWorldID|65535|Heading|-3.1416|Level|90|MaxHP|69200|MaxMP|10000|ModelStatus|18432|Name|高贝扎的幻影|NPCTargetID|E0000000|PosX|100.0000|PosY|100.0000|PosZ|0.0300|Radius|7.5000|Type|2|WorldID|65535|8af9480e82130517
03|2025-12-13T17:32:34.3240000+08:00|4000147B|黑龙|00|5A|0000|00||12367|16213|69200|69200|10000|10000|||100.00|100.00|0.03|0.00|b64b6ea7715bc835
03|2025-12-13T17:32:34.3240000+08:00|4000147D|高贝扎|00|1|0000|00||12365|9020|44|44|0|10000|||100.00|90.00|0.03|0.00|9d73c84463af699d
03|2025-12-13T17:32:34.3240000+08:00|4000147C|高贝扎|00|5A|0000|00||12365|16212|26635080|26635080|10000|10000|||100.00|90.00|0.03|0.00|a8625b838e25c221
03|2025-12-13T17:32:34.3240000+08:00|4000147F|高贝扎|00|1|0000|00||12365|9020|44|44|0|10000|||100.00|90.00|0.03|0.00|6ada4754490bd325
03|2025-12-13T17:32:34.3240000+08:00|4000147E|高贝扎|00|1|0000|00||12365|9020|44|44|0|10000|||100.00|90.00|0.03|0.00|3f2c9b90233876e6
261|2025-12-13T17:32:34.3240000+08:00|Add|4000147B|BNpcID|3F55|BNpcNameID|304F|CastTargetID|E0000000|CurrentMP|10000|CurrentWorldID|65535|Heading|0.0000|Level|90|MaxHP|69200|MaxMP|10000|ModelStatus|18432|Name|黑龙|NPCTargetID|E0000000|PosX|100.0000|PosY|100.0000|PosZ|0.0300|Radius|7.0000|Type|2|WorldID|65535|437bff96725aaa27
261|2025-12-13T17:32:34.3240000+08:00|Add|4000147F|BNpcID|233C|BNpcNameID|304D|CastTargetID|E0000000|CurrentWorldID|65535|Heading|0.0000|Level|1|MaxHP|44|ModelStatus|2048|Name|高贝扎|NPCTargetID|E0000000|PosX|100.0000|PosY|90.0000|PosZ|0.0300|Radius|0.5000|Type|2|WorldID|65535|41649d7d12756852
261|2025-12-13T17:32:34.3240000+08:00|Add|4000147D|BNpcID|233C|BNpcNameID|304D|CastTargetID|E0000000|CurrentWorldID|65535|Heading|0.0000|Level|1|MaxHP|44|Name|高贝扎|NPCTargetID|E0000000|PosX|100.0000|PosY|90.0000|PosZ|0.0300|Radius|0.5000|Type|2|WorldID|65535|8478948433d7d859
261|2025-12-13T17:32:34.3240000+08:00|Add|4000147E|BNpcID|233C|BNpcNameID|304D|CastTargetID|E0000000|CurrentWorldID|65535|Heading|0.0000|Level|1|MaxHP|44|ModelStatus|2048|Name|高贝扎|NPCTargetID|E0000000|PosX|100.0000|PosY|90.0000|PosZ|0.0300|Radius|0.5000|Type|2|WorldID|65535|07c37893367cb5ab
261|2025-12-13T17:32:34.3240000+08:00|Add|4000147C|BNpcID|3F54|BNpcNameID|304D|CastTargetID|E0000000|CurrentMP|10000|CurrentWorldID|65535|Heading|0.0000|Level|90|MaxHP|26635080|MaxMP|10000|ModelStatus|2048|Name|高贝扎|NPCTargetID|E0000000|PosX|100.0000|PosY|90.0000|PosZ|0.0300|Radius|6.0000|Type|2|WorldID|65535|23fe3312be843bc4
261|2025-12-13T17:32:35.1060000+08:00|Change|40001486|ModelStatus|0|a19a3b2be1c4aa04
261|2025-12-13T17:32:35.1060000+08:00|Change|40001487|ModelStatus|0|2e04078a63ea2287
261|2025-12-13T17:32:35.1060000+08:00|Change|40001488|ModelStatus|0|95d3d3c8d26872fb
261|2025-12-13T17:32:35.1060000+08:00|Change|4000148C|ModelStatus|0|5ac02b23dc5aab7b
261|2025-12-13T17:32:35.1060000+08:00|Change|4000148E|ModelStatus|0|d992d37ef7c3443b
261|2025-12-13T17:32:35.1060000+08:00|Change|4000148F|ModelStatus|0|f3f4de9a31fca704
261|2025-12-13T17:32:35.1060000+08:00|Change|40001495|ModelStatus|0|b027a116cb53f81c
261|2025-12-13T17:32:35.1060000+08:00|Change|40001494|ModelStatus|0|0d98d5f91f975898
261|2025-12-13T17:32:35.1060000+08:00|Change|40001493|ModelStatus|0|82583a3c966cca81
261|2025-12-13T17:32:35.1060000+08:00|Change|40001467|ModelStatus|16384|bcb7237bed14684b
261|2025-12-13T17:32:35.1060000+08:00|Change|40001468|ModelStatus|16384|428a79983091c4ec
261|2025-12-13T17:32:35.1060000+08:00|Change|40001469|ModelStatus|16384|a78d60184b72c9fb
261|2025-12-13T17:32:35.1060000+08:00|Change|4000146B|ModelStatus|16384|c359519dcab26f90
261|2025-12-13T17:32:35.1060000+08:00|Change|4000146A|ModelStatus|16384|2397c2bd5996350e
261|2025-12-13T17:32:35.1970000+08:00|Change|40001471|ModelStatus|16384|18937c6424f89b28
261|2025-12-13T17:32:35.1970000+08:00|Change|4000146D|ModelStatus|16384|22579facfc438dca
261|2025-12-13T17:32:35.1970000+08:00|Change|40001470|ModelStatus|16384|1393b34f6b195925
261|2025-12-13T17:32:35.1970000+08:00|Change|4000146C|ModelStatus|16384|f204fd3370f9ec8d
261|2025-12-13T17:32:35.1970000+08:00|Change|4000146E|ModelStatus|16384|b8d8f79830c35191
261|2025-12-13T17:32:35.1970000+08:00|Change|4000146F|ModelStatus|16384|56fe3a6c3f18e09b
261|2025-12-13T17:32:35.1970000+08:00|Change|40001473|ModelStatus|16384|89e4d3800db0699a
261|2025-12-13T17:32:35.1970000+08:00|Change|40001474|ModelStatus|16384|2475e39f8cfcb10a
261|2025-12-13T17:32:35.1970000+08:00|Change|40001472|ModelStatus|16384|3bd16507b7d3fc92
261|2025-12-13T17:32:35.1970000+08:00|Change|40001479|ModelStatus|16384|9eeb1fe4b21db8b8
261|2025-12-13T17:32:35.1970000+08:00|Change|4000147A|ModelStatus|16384|f4167f21a997ef18
261|2025-12-13T17:32:35.1970000+08:00|Change|40001476|ModelStatus|16384|62e5c19f9d85375d
261|2025-12-13T17:32:35.1970000+08:00|Change|40001477|ModelStatus|16384|5172498ccd6f42b5
261|2025-12-13T17:32:35.1970000+08:00|Change|40001475|ModelStatus|16384|19f9114026e478f1
261|2025-12-13T17:32:35.1970000+08:00|Change|40001478|ModelStatus|16384|f06c7953929c5ccf
261|2025-12-13T17:32:35.2870000+08:00|Change|4000147B|ModelStatus|16384|25964f8b55ee85ce
261|2025-12-13T17:32:35.2870000+08:00|Change|4000147F|ModelStatus|0|a029396baaa844b3
261|2025-12-13T17:32:35.2870000+08:00|Change|4000147E|ModelStatus|0|4489a333ae372fc0
261|2025-12-13T17:32:35.2870000+08:00|Change|4000147C|ModelStatus|0|b66d105400b3009f
33|2025-12-13T17:32:36.0000000+08:00|80034E79|40000011|00|00|00|00|8ca5aa28ba3e13a5
261|2025-12-13T17:32:35.2870000+08:00|Change|10530A8D|ModelStatus|512|bd5f03bca03e57c5
271|2025-12-13T17:32:36.0440000+08:00|10530A8D|-3.1416|19|02|99.8020|112.9560|0.0300|fbea3e3a56856d9f
38|2025-12-13T17:32:36.0440000+08:00|10530A8D|小祥客服|0064641E|145489|145489|10000|10000|0||100.06|111.67|0.03|-3.14|0|0|0|4404f6e931339a5f
261|2025-12-13T17:32:36.4620000+08:00|Change|10530A8D|CurrentMP|10000|ModelStatus|0|PosX|99.8020|PosY|112.9560|fc0859264d5791a3
261|2025-12-13T17:32:37.8700000+08:00|Change|40001480|ModelStatus|0|d7b50e1a7d02ee68
261|2025-12-13T17:32:37.8700000+08:00|Change|40001481|ModelStatus|0|f4618f666084a162
261|2025-12-13T17:32:37.8700000+08:00|Change|40001482|ModelStatus|0|a0b38d7c94f2ce79
261|2025-12-13T17:32:40.5860000+08:00|Change|10530A8D|Heading|-3.1268|PCTargetID|4000147C|PosX|100.1398|PosY|111.8627|PosZ|0.0300|8d4111caafb9595f
33|2025-12-13T17:32:41.4250000+08:00|80034E79|40000006|E02|00|00|00|8410d3766ca610b6
261|2025-12-13T17:32:41.0820000+08:00|Change|40001466|ModelStatus|256|539a2d1fcfa80654
21|2025-12-13T17:32:43.5590000+08:00|10530A8D|小祥客服|8D3|天之印|10530A8D|小祥客服|100000E|1F08000|0|0|0|0|0|0|0|0|0|0|0|0|0|0|145489|145489|10000|10000|||100.10|109.28|0.03|-3.13|145489|145489|10000|10000|||100.10|109.28|0.03|-3.13|0000006B|0|1|00||01|8D3|8D3|0.350|0099|b005bbf9d281aaad
264|2025-12-13T17:32:43.5590000+08:00|10530A8D|08D3|0000006B|0||||-3.127|10530A8D|caded3f8cdd14fc6
38|2025-12-13T17:32:43.5590000+08:00|10530A8D|小祥客服|0064641E|145489|145489|10000|10000|0||100.10|109.28|0.03|-3.13|0|0|0|0101F0|40C00000|10530A8D|fc7f8b23d49b240b
26|2025-12-13T17:32:43.5590000+08:00|1F0|结印|6.00|10530A8D|小祥客服|10530A8D|小祥客服|01|145489|145489|411e776cb4e8b23a
21|2025-12-13T17:32:44.0480000+08:00|10530A8D|小祥客服|4976|地之印|10530A8D|小祥客服|900000E|1F08000|0|0|0|0|0|0|0|0|0|0|0|0|0|0|145489|145489|10000|10000|||100.10|109.28|0.03|-3.13|145489|145489|10000|10000|||100.10|109.28|0.03|-3.13|0000006C|0|1|00||01|4976|4976|0.350|0099|46154739758a0c78
264|2025-12-13T17:32:44.0480000+08:00|10530A8D|4976|0000006C|0||||-3.127|10530A8D|b6bfa5b01f230853
38|2025-12-13T17:32:44.0480000+08:00|10530A8D|小祥客服|0064641E|145489|145489|10000|10000|0||100.10|109.28|0.03|-3.13|0|0|0|0901F0|40B05A1A|10530A8D|cc25817ee41afc22
26|2025-12-13T17:32:44.0480000+08:00|1F0|结印|5.51|10530A8D|小祥客服|10530A8D|小祥客服|09|145489|145489|4d2fa12499d34cc9
21|2025-12-13T17:32:44.6260000+08:00|10530A8D|小祥客服|4977|人之印|10530A8D|小祥客服|3900000E|1F08000|0|0|0|0|0|0|0|0|0|0|0|0|0|0|145489|145489|10000|10000|||100.09|108.72|0.03|-3.13|145489|145489|10000|10000|||100.09|108.72|0.03|-3.13|0000006D|0|1|00||01|4977|4977|0.350|0099|1c866b3aec235874
264|2025-12-13T17:32:44.6260000+08:00|10530A8D|4977|0000006D|0||||-3.127|10530A8D|f92f301bc62a0f60
38|2025-12-13T17:32:44.6260000+08:00|10530A8D|小祥客服|0064641E|145489|145489|10000|10000|0||100.09|108.72|0.03|-3.13|0|0|0|3901F0|409DDB1D|10530A8D|21672b0963406a18
26|2025-12-13T17:32:44.6260000+08:00|1F0|结印|4.93|10530A8D|小祥客服|10530A8D|小祥客服|39|145489|145489|2b9bd746faf21a72
21|2025-12-13T17:32:45.1160000+08:00|10530A8D|小祥客服|8DF|水遁之术|4000147C|高贝扎|650003|79E30000|F|F088000|0|0|0|0|0|0|0|0|0|0|0|0|26635080|26635080|10000|10000|||100.00|90.00|0.03|0.00|145489|145489|10000|10000|||100.05|105.76|0.03|-3.13|0000006E|0|1|00||01|8DF|8DF|0.600|0026|5657015a3b754fe5
264|2025-12-13T17:32:45.1160000+08:00|10530A8D|08DF|0000006E|0||||-3.138|4000147C|5b7fe13292320736
38|2025-12-13T17:32:45.1160000+08:00|10530A8D|小祥客服|0064641E|145489|145489|10000|10000|0||100.05|105.76|0.03|-3.13|0|0|0|0|0|0|0|0|0|0|0|0|0|0|0|0|0|0|0|0|0|0|0|0|0|0|0|0|0|0|0|0|0|0|0|0|0|0|0|0|0|0|0|0|0|0|0|0|0|0|0|0|0|0|0|0|0|0|0|0|0|0|0|0|0|0|0|0|0|0|0|0|0|0|0|0|0|0|0|0|0|0|0|0|0|0|0|0|0|0|0|0|0|0F08|C1A00000|10530A8D|eea6ac1994dcc7e6
30|2025-12-13T17:32:45.1160000+08:00|1F0|结印|0.00|10530A8D|小祥客服|10530A8D|小祥客服|39|145489|145489|55ae9d7aa51cabfe
26|2025-12-13T17:32:45.1160000+08:00|F08|忍隐|20.00|10530A8D|小祥客服|10530A8D|小祥客服|00|145489|145489|bc5bd8b2c9ce08e2
38|2025-12-13T17:32:45.1600000+08:00|10530A8D|小祥客服|0064641E|145489|145489|10000|10000|0||100.04|105.11|0.03|-3.13|0|0|0|0|0|0|0|0|0|0|0|0|0|0|0|0|0|0|0|0|0|0|0|0|0|0|0|0|0|0|0|0|0|0|0|0|0|0|0|0|0|0|0|0|0|0|0|0|0|0|0|0|0|0|0|0|0|0|0|0|0|0|0|0|0|0|0|0|0|0|0|0|0|0|0|0|0|0|0|0|0|0|0|0|0|0|0|0|0|0|0|0|0|0F08|C1A00000|10530A8D|461bcbfa443a25fe
260|2025-12-13T17:32:44.9790000+08:00|1|0|1|0|c7cf7cd1b58e4d64
261|2025-12-13T17:32:45.4300000+08:00|Change|4000147C|NPCTargetID|10530A8D|PCTargetID|10530A8D|26eac6db999245bf
260|2025-12-13T17:32:45.5220000+08:00|1|1|0|1|3b0307973e3f22e0
261|2025-12-13T17:32:45.5220000+08:00|Change|10530A8D|Heading|-3.0996|PosX|99.9039|PosY|100.7196|PosZ|0.0300|01d5b5e5748b3474
267|2025-12-13T17:32:45.7840000+08:00|4000147C|80034E79|304D|8F5C|4000|0|2|0|0|501b0102097ac06e
00|2025-12-13T17:32:45.0000000+08:00|0044|高贝扎|你无法阻止伟大的圣战！|2605ba980332f89e
270|2025-12-13T17:32:46.0500000+08:00|4000147C|-0.0085|0000|005A|99.9787|91.6166|0.0305|9f921ac397eec5b2
37|2025-12-13T17:32:46.0950000+08:00|4000147C|高贝扎|0000006E|26603877||||||100.00|90.00|0.03|0.00|fc977954861aac01
37|2025-12-13T17:32:46.0950000+08:00|10530A8D|小祥客服|0000006E|145489|145489|10000|10000|0||99.84|99.30|0.03|-3.10|1E00|0|0|01|1E000F08|0|41A00000|10530A8D|df62cf4cb18a5845
21|2025-12-13T17:32:46.0950000+08:00|10530A8D|小祥客服|07|攻击|4000147C|高贝扎|714003|147C0000|0|0|0|0|0|0|0|0|0|0|0|0|0|0|26635080|26635080|10000|10000|||100.00|90.00|0.03|0.00|145489|145489|10000|10000|||99.84|99.30|0.03|-3.10|0000006F|0|1|00||01|07|07|0.100|01B5|5cf44c70df80711b
264|2025-12-13T17:32:46.0950000+08:00|10530A8D|0007|0000006F|0||||-3.100|4000147C|1d7b71c0dd706286
38|2025-12-13T17:32:46.0950000+08:00|10530A8D|小祥客服|0064641E|145489|145489|10000|10000|0||99.84|99.30|0.03|-3.10|0|0|0|0|0|0|0|0|0|0|0|0|0|0|0|0|0|0|0|0|0|0|0|0|0|0|0|0|0|0|0|0|0|0|0|0|0|0|0|0|0|0|0|0|0|0|0|0|0|0|0|0|0|0|0|0|0|0|0|0|0|0|0|0|0|0|0|0|0|0|0|0|0|0|0|0|0|0|0|0|0|0|0|0|0|0|0|0|0|0|0|0|0|0F08|419FA5E3|10530A8D|f4e05c760e886cfe
270|2025-12-13T17:32:46.3620000+08:00|4000147C|-0.0240|0000|005A|99.9787|92.3490|0.0305|cef134123426190a
21|2025-12-13T17:32:46.5850000+08:00|10530A8D|小祥客服|8C0|双刃旋|4000147C|高贝扎|710003|3F1C0000|53E|9F8000|1B|8C08000|0|0|0|0|0|0|0|0|0|0|26603877|26635080|10000|10000|||99.96|91.78|0.03|-0.02|145489|145489|10000|10000|||99.83|98.88|0.03|3.12|00000070|0|1|00||01|8C0|8C0|0.600|FF40|c44abeabf0f4ffe3
264|2025-12-13T17:32:46.5850000+08:00|10530A8D|08C0|00000070|0||||3.123|4000147C|e5b7b12429986891
31|2025-12-13T17:32:46.5850000+08:00|10530A8D|5001E|00|00|00|90edb212348ab1c1
37|2025-12-13T17:32:46.6290000+08:00|4000147C|高贝扎|0000006F|26598633||||||99.96|91.78|0.03|-0.02|5323f00600132441
37|2025-12-13T17:32:46.9860000+08:00|4000147C|高贝扎|00000070|26582477||||||99.96|92.33|0.03|-0.02|1b6cc46cce1d9065
21|2025-12-13T17:32:48.2770000+08:00|10530A8D|小祥客服|07|攻击|4000147C|高贝扎|710003|103D0000|0|0|0|0|0|0|0|0|0|0|0|0|0|0|26582477|26635080|10000|10000|||99.96|92.33|0.03|-0.02|145489|145489|10000|10000|||99.87|99.96|0.03|0.04|00000071|0|1|00||01|07|07|0.100|81B5|4fc205176c761618
264|2025-12-13T17:32:48.2770000+08:00|10530A8D|0007|00000071|0||||0.042|4000147C|6ddb6daef7382835
21|2025-12-13T17:32:48.6790000+08:00|10530A8D|小祥客服|8C2|绝风|4000147C|高贝扎|28712003|79690000|53E|9F8000|11B|8C28000|0|0|0|0|0|0|0|0|0|0|26582477|26635080|10000|10000|||99.96|92.33|0.03|-0.02|145489|145489|10000|10000|||99.87|99.96|0.03|3.13|00000072|0|1|00||01|8C2|8C2|0.600|FF84|2d3b318d20f4916e
31|2025-12-13T17:32:48.6790000+08:00|10530A8D|A001E|00|00|00|44220ffa6739d746
264|2025-12-13T17:32:48.6790000+08:00|10530A8D|08C2|00000072|0||||3.130|4000147C|89b274e1f1a8a1d6
21|2025-12-13T17:32:48.7670000+08:00|4000147C|高贝扎|844B|unknown_844b|10530A8D|小祥客服|750003|5E400000|1B|844B8000|0|0|0|0|0|0|0|0|0|0|0|0|145489|145489|10000|10000|||99.87|99.96|0.03|3.13|26582477|26635080|10000|10000|||99.96|92.33|0.03|-0.02|00000073|0|1|00||01|844B|844B|0.100|7F67|e6ff055dc41e6b8e
264|2025-12-13T17:32:48.7670000+08:00|4000147C|844B|00000073|0||||-0.015|10530A8D|c07d2dd6a0b31e30
37|2025-12-13T17:32:48.8120000+08:00|4000147C|高贝扎|00000071|26578320||||||99.96|92.33|0.03|-0.02|8142cea706dca146
37|2025-12-13T17:32:49.0790000+08:00|4000147C|高贝扎|00000072|26547239||||||99.96|92.33|0.03|-0.01|27ba0bac974f35cb
37|2025-12-13T17:32:49.9260000+08:00|10530A8D|小祥客服|00000073|121361||||||99.85|99.50|0.03|-3.10|809d81bfe79b554b
21|2025-12-13T17:32:49.9710000+08:00|10530A8D|小祥客服|905D|介毒之术|4000147C|高贝扎|710003|54B50000|5050E|F090000|3D|0|283E|9F8000|F|F0A8000|0|0|0|0|0|0|26547239|26635080|10000|10000|||99.96|92.33|0.03|-0.01|121361|145489|10000|10000|||99.85|99.50|0.03|3.13|00000074|0|1|00||01|905D|905D|0.600|FF5F|1f756f4d388484f2
264|2025-12-13T17:32:49.9710000+08:00|10530A8D|905D|00000074|0||||3.126|4000147C|ea655374ea05ac6c
38|2025-12-13T17:32:49.9710000+08:00|10530A8D|小祥客服|0064641E|121361|145489|10000|10000|0||99.85|99.50|0.03|3.13|0|0|0|0|0|0|0|0|0|0|0|0|0|0|0|0|0|0|0|0|0|0|0|0|0|0|0|0|0|0|0|0|0|0|0|0|0|0|0|0|0|0|0|0|0|0|0|0|0|0|0|0|0|0|0|0|0|0|0|0|0|0|0|0|0|0|0|0|0|0|0|0|0|0|0|0|0|0|0|0|0|0|0|0|0|0|0|0|0|0|0|0|0|0F08|4180A3C8|10530A8D|0F0A|C1F00000|10530A8D|7ee09a7d9d37bea8
26|2025-12-13T17:32:49.9710000+08:00|F0A|秘技预备|30.00|10530A8D|小祥客服|10530A8D|小祥客服|00|145489|145489|3b05d063d73b5cd3
38|2025-12-13T17:32:49.9710000+08:00|4000147C|高贝扎|005A5A00|26547239|26635080|10000|10000|0||99.96|92.33|0.03|-0.01|0|0|0|0F09|C1A00000|10530A8D|8f6383f17d5130c9
26|2025-12-13T17:32:49.9710000+08:00|F09|介毒之术|20.00|10530A8D|小祥客服|4000147C|高贝扎|00|26635080|145489|d84155cdadd09be2
31|2025-12-13T17:32:49.9710000+08:00|10530A8D|32001E|00|00|00|7e540dc140f3e070
21|2025-12-13T17:32:50.4610000+08:00|10530A8D|小祥客服|07|攻击|4000147C|高贝扎|714003|14FA0000|0|0|0|0|0|0|0|0|0|0|0|0|0|0|26547239|26635080|10000|10000|||99.96|92.33|0.03|-0.01|121361|145489|10000|10000|||99.85|99.50|0.03|3.13|00000075|0|1|00||01|07|07|0.110|FF5F|31bf889071ca518f
264|2025-12-13T17:32:50.4610000+08:00|10530A8D|0007|00000075|0||||3.126|4000147C|92fb92b8a70c31d8
21|2025-12-13T17:32:50.7730000+08:00|10530A8D|小祥客服|8D3|天之印|10530A8D|小祥客服|100000E|1F08000|0|0|0|0|0|0|0|0|0|0|0|0|0|0|121361|145489|10000|10000|||99.85|99.50|0.03|3.13|121361|145489|10000|10000|||99.85|99.50|0.03|3.13|00000076|0|1|00||01|8D3|8D3|0.350|FF5F|f8fdbcd7c72e1847
264|2025-12-13T17:32:50.7730000+08:00|10530A8D|08D3|00000076|0||||3.126|10530A8D|cf798d8213088bb1
38|2025-12-13T17:32:50.7730000+08:00|10530A8D|小祥客服|0064641E|121361|145489|10000|10000|0||99.85|99.50|0.03|3.13|0|0|0|0101F0|40C00000|10530A8D|0|0|0|0|0|0|0|0|0|0|0|0|0|0|0|0|0|0|0|0|0|0|0|0|0|0|0|0|0|0|0|0|0|0|0|0|0|0|0|0|0|0|0|0|0|0|0|0|0|0|0|0|0|0|0|0|0|0|0|0|0|0|0|0|0|0|0|0|0|0|0|0|0|0|0|0|0|0|0|0|0|0|0|0|0|0|0|0F08|41747294|10530A8D|0F0A|C1F00000|10530A8D|4906f00e07051831
26|2025-12-13T17:32:50.7730000+08:00|1F0|结印|6.00|10530A8D|小祥客服|10530A8D|小祥客服|01|145489|145489|ba31d310b25acec7
267|2025-12-13T17:32:50.8170000+08:00|4000147C|80034E79|304D|8F5D|4000|0|2|0|0|1ae971e50fbe1661
00|2025-12-13T17:32:50.0000000+08:00|0044|高贝扎|我会跨过你的尸体，完成最终的救赎！|519b92dc485d288f
37|2025-12-13T17:32:50.9060000+08:00|10530A8D|小祥客服|00000076|121361|145489|10000|10000|0||99.85|99.50|0.03|3.13|1E00|0|0|01|1F000F0A|0|C1F00000|10530A8D|c17b7280c2aa8dfe
37|2025-12-13T17:32:50.9960000+08:00|4000147C|高贝扎|00000075|26541869|26635080|10000|10000|0||99.96|92.33|0.03|-0.01|0|0|0|01|0F09|0|C1A00000|10530A8D|d0bbbdd507b74d9c
37|2025-12-13T17:32:50.9960000+08:00|10530A8D|小祥客服|00000075|121361|145489|10000|10000|0||99.85|99.50|0.03|3.13|1E00|0|0|01|1F000F0A|0|C1F00000|10530A8D|b7fc607a69f678cd
37|2025-12-13T17:32:51.0400000+08:00|4000147C|高贝扎|00000074|26520184|26635080|10000|10000|0||99.96|92.33|0.03|-0.01|0|0|0|01|0F09|0|41A00000|10530A8D|b8d1939ac6817b0e
37|2025-12-13T17:32:51.0400000+08:00|10530A8D|小祥客服|00000074|121361|145489|10000|10000|0||99.85|99.50|0.03|3.13|1E00|0|0|01|1F000F0A|0|41F00000|10530A8D|8e6fa3d4a4913d7b
38|2025-12-13T17:32:51.0400000+08:00|10530A8D|小祥客服|0064641E|121361|145489|10000|10000|0||99.85|99.50|0.03|3.13|0|0|0|0101F0|40B76C8A|10530A8D|0|0|0|0|0|0|0|0|0|0|0|0|0|0|0|0|0|0|0|0|0|0|0|0|0|0|0|0|0|0|0|0|0|0|0|0|0|0|0|0|0|0|0|0|0|0|0|0|0|0|0|0|0|0|0|0|0|0|0|0|0|0|0|0|0|0|0|0|0|0|0|0|0|0|0|0|0|0|0|0|0|0|0|0|0|0|0|0F08|417028DA|10530A8D|0F0A|41EFA3D7|10530A8D|c3c5b67cd7942dd0
38|2025-12-13T17:32:51.0400000+08:00|4000147C|高贝扎|005A5A00|26520184|26635080|10000|10000|0||99.96|92.33|0.03|-0.01|0|0|0|0F09|419FA3D7|10530A8D|2163e91a1a4d5372
21|2025-12-13T17:32:51.2630000+08:00|10530A8D|小祥客服|4976|地之印|10530A8D|小祥客服|900000E|1F08000|0|0|0|0|0|0|0|0|0|0|0|0|0|0|121361|145489|10000|10000|||99.85|99.50|0.03|3.13|121361|145489|10000|10000|||99.85|99.50|0.03|3.13|00000077|0|1|00||01|4976|4976|0.350|FF5F|de2fbd26ea3f2511
264|2025-12-13T17:32:51.2630000+08:00|10530A8D|4976|00000077|0||||3.126|10530A8D|cfc0014b9e5e3f50
38|2025-12-13T17:32:51.2630000+08:00|10530A8D|小祥客服|0064641E|121361|145489|10000|10000|0||99.85|99.50|0.03|3.13|0|0|0|0901F0|40B049B8|10530A8D|0|0|0|0|0|0|0|0|0|0|0|0|0|0|0|0|0|0|0|0|0|0|0|0|0|0|0|0|0|0|0|0|0|0|0|0|0|0|0|0|0|0|0|0|0|0|0|0|0|0|0|0|0|0|0|0|0|0|0|0|0|0|0|0|0|0|0|0|0|0|0|0|0|0|0|0|0|0|0|0|0|0|0|0|0|0|0|0F08|416C9772|10530A8D|0F0A|41EDDB22|10530A8D|a44ee62668d003d1
26|2025-12-13T17:32:51.2630000+08:00|1F0|结印|5.51|10530A8D|小祥客服|10530A8D|小祥客服|09|145489|145489|2f9e6e86ca9b510f
21|2025-12-13T17:32:51.7980000+08:00|10530A8D|小祥客服|8DB|雷遁之术|4000147C|高贝扎|550003|9E2C0000|100000F|A828000|0|0|0|0|0|0|0|0|0|0|0|0|26520184|26635080|10000|10000|||99.96|92.33|0.03|-0.01|121361|145489|10000|10000|||99.85|99.50|0.03|3.13|00000078|0|1|00||01|8DB|8DB|0.600|FF5F|3e774cc49fda62bb
264|2025-12-13T17:32:51.7980000+08:00|10530A8D|08DB|00000078|0||||3.126|4000147C|f517bdbca6d37697
21|2025-12-13T17:32:51.7980000+08:00|4000147C|高贝扎|844B|unknown_844b|10530A8D|小祥客服|750003|59690000|1B|844B8000|0|0|0|0|0|0|0|0|0|0|0|0|121361|145489|10000|10000|||99.85|99.50|0.03|3.13|26520184|26635080|10000|10000|||99.96|92.33|0.03|-0.01|00000079|0|1|00||01|844B|844B|0.100|7F41|14881ffe11220266
264|2025-12-13T17:32:51.7980000+08:00|4000147C|844B|00000079|0||||-0.018|10530A8D|c39bb647c897ed9a
38|2025-12-13T17:32:51.7980000+08:00|10530A8D|小祥客服|0064641E|121361|145489|10000|10000|0||99.85|99.50|0.03|3.13|0|0|0|0|0|0|0|0|0|0|0|0|0|0|0|0|0|0|0|0|0|0|0|0|0|0|0|0|0|0|0|0|0|0|0|0|0|0|0|0|0|0|0|0|0|0|0|0|0|0|0|0|0|0|0|0|0|0|0|0|0|0|0|0|0|0|0|0|0|0|0|0|0|0|0|0|0|0|0|0|0|0|0|0|0|0|0|0|0|0|0|0|0|0F08|41640817|10530A8D|0F0A|41E99372|10530A8D|010A82|C1F00000|10530A8D|17f4022a522355b2
30|2025-12-13T17:32:51.7980000+08:00|1F0|结印|0.00|10530A8D|小祥客服|10530A8D|小祥客服|09|145489|145489|9c30d2f8a7e9ca78
26|2025-12-13T17:32:51.7980000+08:00|A82|月影雷兽预备|30.00|10530A8D|小祥客服|10530A8D|小祥客服|01|145489|145489|f8f3909e4ffdec76
39|2025-12-13T17:32:52.4670000+08:00|10530A8D|小祥客服|122815|145489|10000|10000|||99.85|99.50|0.03|3.13|072659cb704183f2
21|2025-12-13T17:32:52.4670000+08:00|10530A8D|小祥客服|406D|分身之术|10530A8D|小祥客服|3E|9D8000|500000F|7A28000|F|AA38000|0|0|0|0|0|0|0|0|0|0|121361|145489|10000|10000|||99.85|99.50|0.03|3.13|121361|145489|10000|10000|||99.85|99.50|0.03|3.13|0000007A|0|1|00||01|406D|406D|0.600|FF5F|757635e6c5faef29
264|2025-12-13T17:32:52.4670000+08:00|10530A8D|406D|0000007A|0||||3.126|10530A8D|bb55242b1db814d0
38|2025-12-13T17:32:52.4670000+08:00|10530A8D|小祥客服|0064641E|122815|145489|10000|10000|0||99.85|99.50|0.03|3.13|0|0|0|0|0|0|0|0|0|0|0|0|0|0|0|0|0|0|0|0|0|0|0|0|0|0|0|0|0|0|0|0|0|0|0|0|0|0|0|0|0|0|0|0|0|0|0|0|0|0|0|0|0|0|0|0|0|0|0|0|0|0|0|0|0|0|0|0|0|0|0|0|0|0|0|0|0|0|0|0|0|0|0|0|0|0|0|0|0|0|0|0|0|0F08|415957F8|10530A8D|0F0A|41E43B5F|10530A8D|010A82|C1F00000|10530A8D|0507A2|C1F00000|10530A8D|0AA3|C2340000|10530A8D|c0241dd9257d2e41
26|2025-12-13T17:32:52.4670000+08:00|7A2|分身之术|30.00|10530A8D|小祥客服|10530A8D|小祥客服|05|145489|145489|35dea4acae90506b
26|2025-12-13T17:32:52.4670000+08:00|AA3|残影镰鼬预备|45.00|10530A8D|小祥客服|10530A8D|小祥客服|00|145489|145489|cddf43f50764912b
31|2025-12-13T17:32:52.4670000+08:00|10530A8D|1E|00|00|00|11bca20796272eea
38|2025-12-13T17:32:52.5120000+08:00|40001496||00646400|145078|145078|10000|10000|0||||||0|0|0|283a7b19db5c19e0
37|2025-12-13T17:32:52.5120000+08:00|4000147C|高贝扎|00000078|26479692||||||99.96|92.33|0.03|-0.02|f9a0738485623c69
37|2025-12-13T17:32:52.5120000+08:00|10530A8D|小祥客服|00000078|122815|145489|10000|10000|0||99.85|99.50|0.03|3.13|1E00|0|0|03|20000A82|01|41F00000|10530A8D|210007A2|05|C1F00000|10530A8D|22000AA3|0|C2340000|10530A8D|b097a4c6d41cd583
38|2025-12-13T17:32:52.5120000+08:00|10530A8D|小祥客服|0064641E|122815|145489|10000|10000|0||99.85|99.50|0.03|3.13|0|0|0|0|0|0|0|0|0|0|0|0|0|0|0|0|0|0|0|0|0|0|0|0|0|0|0|0|0|0|0|0|0|0|0|0|0|0|0|0|0|0|0|0|0|0|0|0|0|0|0|0|0|0|0|0|0|0|0|0|0|0|0|0|0|0|0|0|0|0|0|0|0|0|0|0|0|0|0|0|0|0|0|0|0|0|0|0|0|0|0|0|0|0F08|41589B8E|10530A8D|0F0A|41E3DD2A|10530A8D|010A82|41EFA1CB|10530A8D|0507A2|C1F00000|10530A8D|0AA3|C2340000|10530A8D|601294eab2777643
21|2025-12-13T17:32:52.6460000+08:00|10530A8D|小祥客服|07|攻击|4000147C|高贝扎|710003|10DF0000|0|0|0|0|0|0|0|0|0|0|0|0|0|0|26479692|26635080|10000|10000|||99.96|92.33|0.03|-0.02|122815|145489|10000|10000|||99.85|99.50|0.03|3.13|0000007B|0|1|00||01|07|07|0.421|FF5F|e4a8544de7df795c
264|2025-12-13T17:32:52.6460000+08:00|10530A8D|0007|0000007B|0||||3.126|4000147C|24371747373df002
272|2025-12-13T17:32:52.6900000+08:00|40001496|E0000000|0000|00|b23e46729a00c4df
261|2025-12-13T17:32:52.2690000+08:00|Add|40001496|BNpcID|2A91|BNpcNameID|2079|CastTargetID|E0000000|CurrentMP|10000|CurrentWorldID|65535|Heading|-0.0154|Level|100|MaxHP|145078|MaxMP|10000|ModelStatus|3072|Name|分身|NPCTargetID|4000147C|OwnerID|10530A8D|PosX|99.8802|PosY|97.6964|PosZ|0.0300|Radius|0.5000|Type|2|WorldID|65535|f7f2e83754ae6143
03|2025-12-13T17:32:52.2690000+08:00|40001496|分身|00|64|10530A8D|00||8313|10897|145078|145078|10000|10000|||99.88|97.70|0.03|-0.02|6a6432bf1a2be6c2
37|2025-12-13T17:32:52.9570000+08:00|10530A8D|小祥客服|00000079|99926|145489|10000|10000|0||99.85|99.50|0.03|3.13|1E00|0|0|02|210007A2|05|C1F00000|10530A8D|22000AA3|0|C2340000|10530A8D|f438b6401c991058
37|2025-12-13T17:32:53.1800000+08:00|4000147C|高贝扎|0000007B|26475373||||||99.96|92.33|0.03|-0.02|0349d2a4fbd97e5b
37|2025-12-13T17:32:53.1800000+08:00|10530A8D|小祥客服|0000007B|99926|145489|10000|10000|0||99.85|99.50|0.03|3.13|1E00|0|0|02|210007A2|05|C1F00000|10530A8D|22000AA3|0|C2340000|10530A8D|f5c349b1009875c0
37|2025-12-13T17:32:53.2250000+08:00|10530A8D|小祥客服|0000007A|99926|145489|10000|10000|0||99.85|99.50|0.03|3.13|1E00|0|0|02|210007A2|05|41F00000|10530A8D|22000AA3|0|42340000|10530A8D|de18f3aefbb3a31a
38|2025-12-13T17:32:53.2250000+08:00|10530A8D|小祥客服|0064641E|99926|145489|10000|10000|0||99.85|99.50|0.03|3.13|0|0|0|0|0|0|0|0|0|0|0|0|0|0|0|0|0|0|0|0|0|0|0|0|0|0|0|0|0|0|0|0|0|0|0|0|0|0|0|0|0|0|0|0|0|0|0|0|0|0|0|0|0|0|0|0|0|0|0|0|0|0|0|0|0|0|0|0|0|0|0|0|0|0|0|0|0|0|0|0|0|0|0|0|0|0|0|0|0|0|0|0|0|0F08|414D331D|10530A8D|0F0A|41DE28EE|10530A8D|010A82|41E9ED8F|10530A8D|0507A2|41EFA3D7|10530A8D|0AA3|4233D1EC|10530A8D|c09f1c07ed50f721
21|2025-12-13T17:32:53.2700000+08:00|10530A8D|小祥客服|64B2|月影雷兽牙|4000147C|高贝扎|550003|9A4A0000|53E|9F8000|0|0|0|0|0|0|0|0|0|0|0|0|26475373|26635080|10000|10000|||99.96|92.33|0.03|-0.02|99926|145489|10000|10000|||99.85|99.50|0.03|3.13|0000007C|0|1|00||01|64B2|64B2|0.600|FF5F|5acc99d8c74f8652
264|2025-12-13T17:32:53.2700000+08:00|10530A8D|64B2|0000007C|0||||3.126|4000147C|d83c4e1c692658ed
271|2025-12-13T17:32:53.2700000+08:00|40001496|3.1262|00|00|99.8526|99.4962|0.0300|439e3ee15f7caed1
38|2025-12-13T17:32:53.2700000+08:00|10530A8D|小祥客服|0064641E|99926|145489|10000|10000|0||99.85|99.50|0.03|3.13|0|0|0|0|0|0|0|0|0|0|0|0|0|0|0|0|0|0|0|0|0|0|0|0|0|0|0|0|0|0|0|0|0|0|0|0|0|0|0|0|0|0|0|0|0|0|0|0|0|0|0|0|0|0|0|0|0|0|0|0|0|0|0|0|0|0|0|0|0|0|0|0|0|0|0|0|0|0|0|0|0|0|0|0|0|0|0|0|0|0|0|0|0|0F08|414C7EE4|10530A8D|0F0A|41DDCED1|10530A8D|0|0|0|0407A2|41EF49BA|10530A8D|0AA3|4233A4DE|10530A8D|668bd93de6369281
30|2025-12-13T17:32:53.2700000+08:00|A82|月影雷兽预备|0.00|10530A8D|小祥客服|10530A8D|小祥客服|01|145489|145489|9f91fcd7c4d50395
26|2025-12-13T17:32:53.2700000+08:00|7A2|分身之术|29.91|10530A8D|小祥客服|10530A8D|小祥客服|04|145489|145489|45c759edc7abedbe
31|2025-12-13T17:32:53.2700000+08:00|10530A8D|5001E|00|00|00|d2fb1ce0b613e00a
21|2025-12-13T17:32:53.3590000+08:00|40001496|分身|6517|月影雷兽牙|4000147C|高贝扎|554003|2B0F0000|53E|9F8000|1B|65178000|0|0|0|0|0|0|0|0|0|0|26475373|26635080|10000|10000|||99.96|92.33|0.03|-0.02|145078|145078|10000|10000|||99.88|97.70|0.03|-0.02|0000007D|0|1|10530A8D|小祥客服|01|6517|6517|2.366|FF5F|1aa1003255917735
31|2025-12-13T17:32:53.3590000+08:00|10530A8D|A001E|00|00|00|8f18044d44e2694f
264|2025-12-13T17:32:53.3590000+08:00|40001496|6517|0000007D|0||||3.126|4000147C|b6680a883ae78dbc
37|2025-12-13T17:32:54.0270000+08:00|4000147C|高贝扎|0000007C|26435875||||||99.96|92.33|0.03|-0.02|9110990c60959119
37|2025-12-13T17:32:54.1160000+08:00|4000147C|高贝扎|0000007D|26424852||||||99.96|92.33|0.03|-0.02|a33e39bfbfbfc186
21|2025-12-13T17:32:54.5170000+08:00|10530A8D|小祥客服|905E|百雷铳|4000147C|高贝扎|712003|E81C0000|A0E|F420000|0|0|0|0|0|0|0|0|0|0|0|0|26424852|26635080|10000|10000|||99.96|92.33|0.03|-0.02|99926|145489|10000|10000|||99.85|99.50|0.03|3.13|0000007E|0|1|00||01|905E|905E|0.600|FF5F|9721a91b9ca0582d
264|2025-12-13T17:32:54.5170000+08:00|10530A8D|905E|0000007E|0||||3.126|4000147C|903f5969abf329b4
38|2025-12-13T17:32:54.5170000+08:00|10530A8D|小祥客服|0064641E|99926|145489|10000|10000|0||99.85|99.50|0.03|3.13|0|0|0|0|0|0|0|0|0|0|0|0|0|0|0|0|0|0|0|0|0|0|0|0|0|0|0|0|0|0|0|0|0|0|0|0|0|0|0|0|0|0|0|0|0|0|0|0|0|0|0|0|0|0|0|0|0|0|0|0|0|0|0|0|0|0|0|0|0|0|0|0|0|0|0|0|0|0|0|0|0|0|0|0|0|0|0|0|0|0|0|0|0|0|0|0|0F0A|41D3D2E5|10530A8D|0|0|0|0407A2|41E54DCE|10530A8D|0AA3|422EA6F6|10530A8D|e9476fc9682fa3e4
30|2025-12-13T17:32:54.5170000+08:00|F08|忍隐|0.00|10530A8D|小祥客服|10530A8D|小祥客服|00|145489|145489|3f73354c84121955
38|2025-12-13T17:32:54.5170000+08:00|4000147C|高贝扎|005A5A00|26424852|26635080|10000|10000|0||99.96|92.33|0.03|-0.02|0|0|0|0F09|4183D2E5|10530A8D|0F42|C1700000|10530A8D|b56e687ff3237e84
26|2025-12-13T17:32:54.5170000+08:00|F42|百雷铳|15.00|10530A8D|小祥客服|4000147C|高贝扎|00|26635080|145489|9bad603436582bdf
21|2025-12-13T17:32:54.8290000+08:00|10530A8D|小祥客服|07|攻击|4000147C|高贝扎|710003|119F0000|0|0|0|0|0|0|0|0|0|0|0|0|0|0|26424852|26635080|10000|10000|||99.96|92.33|0.03|-0.02|99926|145489|10000|10000|||99.85|99.50|0.03|3.13|0000007F|0|1|00||01|07|07|0.288|FF5F|c073e8bd950cbf4a
264|2025-12-13T17:32:54.8290000+08:00|10530A8D|0007|0000007F|0||||3.126|4000147C|2fa90698ba980dbb
21|2025-12-13T17:32:54.8290000+08:00|4000147C|高贝扎|844B|unknown_844b|10530A8D|小祥客服|1|0|1B|8000|0|0|0|0|0|0|0|0|0|0|0|0|99926|145489|10000|10000|||99.85|99.50|0.03|3.13|26424852|26635080|10000|10000|||99.96|92.33|0.03|-0.02|00000080|0|1|00||01|844B|844B|0.100|7F41|74e5adfbbabf372e
264|2025-12-13T17:32:54.8290000+08:00|4000147C|844B|00000080|0||||-0.018|10530A8D|f5cb75e6535d4519
261|2025-12-13T17:32:54.9270000+08:00|Change|40001496|Heading|3.1263|ModelStatus|0|PCTargetID|4000147C|PosX|99.8526|PosY|99.4962|7bacb27777d3de09
37|2025-12-13T17:32:55.3640000+08:00|4000147C|高贝扎|0000007F|26420341|26635080|10000|10000|0||99.96|92.33|0.03|-0.02|0|0|0|01|01000F42|0|C1700000|10530A8D|3ece6a6584cd0dcd
21|2025-12-13T17:32:55.4090000+08:00|10530A8D|小祥客服|64AE|残影镰鼬|4000147C|高贝扎|53E|9F8000|0|0|0|0|0|0|0|0|0|0|0|0|0|0|26424852|26635080|10000|10000|||99.96|92.33|0.03|-0.02|99926|145489|10000|10000|||99.85|99.50|0.03|3.13|00000081|0|1|00||01|64AE|64AE|0.600|FF5F|71980a3d32fc440d
264|2025-12-13T17:32:55.4090000+08:00|10530A8D|64AE|00000081|0||||3.126|4000147C|8ad79c32905357ac
271|2025-12-13T17:32:55.4090000+08:00|40001496|3.1262|00|00|99.8526|99.4962|0.0300|033eafb552d15fe9
38|2025-12-13T17:32:55.4090000+08:00|10530A8D|小祥客服|0064641E|99926|145489|10000|10000|0||99.85|99.50|0.03|3.13|0|0|0|0|0|0|0|0|0|0|0|0|0|0|0|0|0|0|0|0|0|0|0|0|0|0|0|0|0|0|0|0|0|0|0|0|0|0|0|0|0|0|0|0|0|0|0|0|0|0|0|0|0|0|0|0|0|0|0|0|0|0|0|0|0|0|0|0|0|0|0|0|0|0|0|0|0|0|0|0|0|0|0|0|0|0|0|0|0|0|0|0|0|0|0|0|0F0A|41CCB21D|10530A8D|0|0|0|0407A2|41DE2D06|10530A8D|764302208af25892
30|2025-12-13T17:32:55.4090000+08:00|AA3|残影镰鼬预备|0.00|10530A8D|小祥客服|10530A8D|小祥客服|00|145489|145489|b40f480f23c8559c
38|2025-12-13T17:32:55.4090000+08:00|4000147C|高贝扎|005A5A00|26420341|26635080|10000|10000|0||99.96|92.33|0.03|-0.02|0|0|0|0F09|4179643F|10530A8D|0F42|C1700000|10530A8D|2c208746cac05ba9
31|2025-12-13T17:32:55.4090000+08:00|10530A8D|F001E|00|00|00|84aedc08838fdafe
21|2025-12-13T17:32:55.4980000+08:00|40001496|分身|64AF|残影镰鼬|4000147C|高贝扎|354003|C8990000|53E|9F8000|1B|64AF8000|0|0|0|0|0|0|0|0|0|0|26420341|26635080|10000|10000|||99.96|92.33|0.03|-0.02|145078|145078|10000|10000|||99.85|99.50|0.03|3.13|00000082|0|1|10530A8D|小祥客服|01|64AF|64AF|2.433|FF40|db9685496db1ae93
264|2025-12-13T17:32:55.4980000+08:00|40001496|64AF|00000082|0||||3.123|4000147C|f05469299f49253b
39|2025-12-13T17:32:55.4980000+08:00|10530A8D|小祥客服|101380|145489|10000|10000|||99.85|99.50|0.03|3.13|6c3a9550f4dc74d0
31|2025-12-13T17:32:55.4980000+08:00|10530A8D|14001E|00|00|00|90eaf5662dfc5a49
37|2025-12-13T17:32:55.8100000+08:00|4000147C|高贝扎|0000007E|26360921|26635080|10000|10000|0||99.96|92.33|0.03|-0.02|0|0|0|01|01000F42|0|41700000|10530A8D|74a8a7a6402cd570
38|2025-12-13T17:32:55.8100000+08:00|4000147C|高贝扎|005A5A00|26360921|26635080|10000|10000|0||99.96|92.33|0.03|-0.02|0|0|0|0F09|4172F9C1|10530A8D|0F42|416F4BC7|10530A8D|273a5fc1c58ac632
270|2025-12-13T17:32:55.9440000+08:00|40001496|3.1232|0000|0000|99.8566|98.8495|0.1831|70acc3b4e5c42820
21|2025-12-13T17:32:55.9880000+08:00|4000147C|高贝扎|84B8|unknown_84b8|E0000000||0|0|0|0|0|0|0|0|0|0|0|0|0|0|0|0|||||||||||26360921|26635080|10000|10000|||99.96|92.33|0.03|-0.02|00000083|0|0|00||01|84B8|84B8|2.100|8016|1894bc1eb7b731ff
264|2025-12-13T17:32:55.9880000+08:00|4000147C|84B8|00000083|1|100.009|100.009|0.000|0.002|E0000000|0a59ce8740aa02db
270|2025-12-13T17:32:56.0330000+08:00|4000147C|0.0021|0000|005A|99.9787|92.3490|0.0305|d2407206d5a06743
21|2025-12-13T17:32:56.6120000+08:00|10530A8D|小祥客服|8D8|生杀予夺|10530A8D|小祥客服|1E0E|1F10000|0|0|0|0|0|0|0|0|0|0|0|0|0|0|101380|145489|10000|10000|||99.85|99.50|0.03|3.13|101380|145489|10000|10000|||99.85|99.50|0.03|3.13|00000084|0|1|00||01|8D8|8D8|0.600|FF5F|a06390202abb4f08
264|2025-12-13T17:32:56.6120000+08:00|10530A8D|08D8|00000084|0||||3.126|10530A8D|2a8d9b1bdf9c16fa
38|2025-12-13T17:32:56.6120000+08:00|10530A8D|小祥客服|0064641E|101380|145489|10000|10000|0||99.85|99.50|0.03|3.13|0|0|0|01F1|C1700000|10530A8D|0|0|0|0|0|0|0|0|0|0|0|0|0|0|0|0|0|0|0|0|0|0|0|0|0|0|0|0|0|0|0|0|0|0|0|0|0|0|0|0|0|0|0|0|0|0|0|0|0|0|0|0|0|0|0|0|0|0|0|0|0|0|0|0|0|0|0|0|0|0|0|0|0|0|0|0|0|0|0|0|0|0|0|0|0|0|0|0|0|0|0F0A|41C3125A|10530A8D|0|0|0|0407A2|41D48D43|10530A8D|aefa38cfb4ebafc4
26|2025-12-13T17:32:56.6120000+08:00|1F1|生杀予夺|15.00|10530A8D|小祥客服|10530A8D|小祥客服|00|145489|145489|0d8450581112598b
261|2025-12-13T17:32:56.4580000+08:00|Change|4000147C|Heading|0.0022|PosX|99.9748|PosY|95.5957|PosZ|0.0299|915f988a6e8b8294
270|2025-12-13T17:32:57.0130000+08:00|4000147C|0.0021|0000|005A|100.0092|100.0092|0.1831|97b06f7d1e8282ba
21|2025-12-13T17:32:57.0130000+08:00|10530A8D|小祥客服|07|攻击|4000147C|高贝扎|714003|159D0000|0|0|0|0|0|0|0|0|0|0|0|0|0|0|26360921|26635080|10000|10000|||99.99|98.98|0.03|0.00|101380|145489|10000|10000|||99.85|99.50|0.03|3.01|00000085|0|1|00||01|07|07|0.199|FE77|e78196488dbcbe11
264|2025-12-13T17:32:57.0130000+08:00|10530A8D|0007|00000085|0||||3.104|4000147C|bf1f67c6558dd1a9
37|2025-12-13T17:32:57.0570000+08:00|4000147C|高贝扎|00000082|26309568||||||99.99|98.98|0.03|0.00|784331425bdc83d8
38|2025-12-13T17:32:57.1470000+08:00|10530A8D|小祥客服|0064641E|101380|145489|10000|10000|0||99.85|99.50|0.03|0.27|0|0|0|01F1|C1700000|10530A8D|0|0|0|0|0|0|0|0|0|0|0|0|0|0|0|0|0|0|0|0|0|0|0|0|0|0|0|0|0|0|0|0|0|0|0|0|0|0|0|0|0|0|0|0|0|0|0|0|0|0|0|0|0|0|0|0|0|0|0|0|0|0|0|0|0|0|0|0|0|0|0|0|0|0|0|0|0|0|0|0|0|0|0|0|0|0|0|0|0|0|0F0A|41BECAAA|10530A8D|0|0|0|0407A2|41D04593|10530A8D|f757fbff7927cb7e
21|2025-12-13T17:32:57.5030000+08:00|10530A8D|小祥客服|4975|天之印|10530A8D|小祥客服|100000E|1F08000|0|0|0|0|0|0|0|0|0|0|0|0|0|0|101380|145489|10000|10000|||99.85|99.50|0.03|0.27|101380|145489|10000|10000|||99.85|99.50|0.03|0.27|00000086|0|1|00||01|4975|4975|0.350|8B2F|61ecb7fa5aeb647b
264|2025-12-13T17:32:57.5030000+08:00|10530A8D|4975|00000086|0||||0.274|10530A8D|7d093bedaa29c70a
38|2025-12-13T17:32:57.5030000+08:00|10530A8D|小祥客服|0064641E|101380|145489|10000|10000|0||99.85|99.50|0.03|0.27|0|0|0|01F1|C1700000|10530A8D|0101F0|40C00000|10530A8D|0|0|0|0|0|0|0|0|0|0|0|0|0|0|0|0|0|0|0|0|0|0|0|0|0|0|0|0|0|0|0|0|0|0|0|0|0|0|0|0|0|0|0|0|0|0|0|0|0|0|0|0|0|0|0|0|0|0|0|0|0|0|0|0|0|0|0|0|0|0|0|0|0|0|0|0|0|0|0|0|0|0|0|0|0|0|0|0F0A|41BBEF86|10530A8D|0|0|0|0407A2|41CD6A6F|10530A8D|74af87c6cd6f8fe0
26|2025-12-13T17:32:57.5030000+08:00|1F0|结印|6.00|10530A8D|小祥客服|10530A8D|小祥客服|01|145489|145489|388049c4bad5e0bd
37|2025-12-13T17:32:57.5480000+08:00|4000147C|高贝扎|00000085|26304035||||||99.99|99.99|0.03|0.00|8da8707bbb6504a1
37|2025-12-13T17:32:57.5480000+08:00|10530A8D|小祥客服|00000085|101380|145489|10000|10000|0||99.85|99.50|0.03|0.27|1E00|0|0|01|01F1|0|C1700000|10530A8D|f989b727dd147f0a
37|2025-12-13T17:32:57.5920000+08:00|10530A8D|小祥客服|00000084|101380|145489|10000|10000|0||99.85|99.50|0.03|0.27|1E00|0|0|01|01F1|0|41700000|10530A8D|4b265584fed170f1
38|2025-12-13T17:32:57.5920000+08:00|10530A8D|小祥客服|0064641E|101380|145489|10000|10000|0||99.85|99.50|0.03|0.27|0|0|0|01F1|416F47AE|10530A8D|0101F0|40BD26E9|10530A8D|0|0|0|0|0|0|0|0|0|0|0|0|0|0|0|0|0|0|0|0|0|0|0|0|0|0|0|0|0|0|0|0|0|0|0|0|0|0|0|0|0|0|0|0|0|0|0|0|0|0|0|0|0|0|0|0|0|0|0|0|0|0|0|0|0|0|0|0|0|0|0|0|0|0|0|0|0|0|0|0|0|0|0|0|0|0|0|0F0A|41BB3940|10530A8D|0|0|0|0407A2|41CCB429|10530A8D|06b09fc6048e1773
261|2025-12-13T17:32:57.4470000+08:00|Change|40001496|Heading|3.1233|ModelStatus|8388608|PosX|99.8397|PosY|98.8326|PosZ|0.0300|c5222faaf4ef00a0
21|2025-12-13T17:32:58.0380000+08:00|10530A8D|小祥客服|4977|人之印|10530A8D|小祥客服|D00000E|1F08000|0|0|0|0|0|0|0|0|0|0|0|0|0|0|101380|145489|10000|10000|||99.85|99.50|0.03|0.27|101380|145489|10000|10000|||99.85|99.50|0.03|0.27|00000087|0|1|00||01|4977|4977|0.350|8B2F|0b878d5c2fa32f43
264|2025-12-13T17:32:58.0380000+08:00|10530A8D|4977|00000087|0||||0.274|10530A8D|60d9e6c9a0c8365f
38|2025-12-13T17:32:58.0380000+08:00|10530A8D|小祥客服|0064641E|101380|145489|10000|10000|0||99.85|99.50|0.03|0.27|0|0|0|01F1|416824DE|10530A8D|0D01F0|40AEE145|10530A8D|0|0|0|0|0|0|0|0|0|0|0|0|0|0|0|0|0|0|0|0|0|0|0|0|0|0|0|0|0|0|0|0|0|0|0|0|0|0|0|0|0|0|0|0|0|0|0|0|0|0|0|0|0|0|0|0|0|0|0|0|0|0|0|0|0|0|0|0|0|0|0|0|0|0|0|0|0|0|0|0|0|0|0|0|0|0|0|0F0A|41B7A7D6|10530A8D|0|0|0|0407A2|41C922BF|10530A8D|7ced3c7cae9067b1
26|2025-12-13T17:32:58.0380000+08:00|1F0|结印|5.46|10530A8D|小祥客服|10530A8D|小祥客服|0D|145489|145489|dff19049b3737f4c
270|2025-12-13T17:32:58.2160000+08:00|4000147C|2.2388|0000|005A|100.0092|100.0092|0.1831|dca9cc3f81533c2a
267|2025-12-13T17:32:58.3050000+08:00|4000147C|80034E79|304D|8F66|4000|0|2|0|0|e847f62dfa338b5a
00|2025-12-13T17:32:57.0000000+08:00|0044|高贝扎|这里就是你的葬身之地！|409f9c0077945d0b
20|2025-12-13T17:32:58.3940000+08:00|4000147C|高贝扎|8463|迟缓地暴|4000147C|高贝扎|2.700|99.99|99.99|0.03|0.35|3ad0353b495ad70f
261|2025-12-13T17:32:57.9930000+08:00|Change|4000147C|CastBuffID|33891|CastDurationCurrent|0.0176|CastDurationMax|2.7000|CastTargetID|4000147C|Heading|0.8782|IsCasting1|1|IsCasting2|1|PosX|99.9923|PosY|99.9923|PosZ|0.0300|1ac5bac8e5a4e4e2
263|2025-12-13T17:32:58.3940000+08:00|4000147C|8463|100.009|100.009|0.183|3.141|511953fba1457be8
39|2025-12-13T17:32:58.4840000+08:00|10530A8D|小祥客服|102834|145489|10000|10000|||99.85|99.50|0.03|0.27|3ca789ef96920e27
39|2025-12-13T17:32:58.4840000+08:00|40001496|分身|145078|145078|10000|10000|||99.84|98.83|0.03|3.12|0a9d145613a2965a
270|2025-12-13T17:32:58.5280000+08:00|4000147C|3.1415|0000|005A|100.0092|100.0092|0.1831|25a9cc86d62c5df4
21|2025-12-13T17:32:58.5280000+08:00|10530A8D|小祥客服|406C|冰晶乱流之术|4000147C|高贝扎|254003|F6D64001|0|0|0|0|0|0|0|0|0|0|0|0|0|0|26304035|26635080|10000|10000|||99.99|99.99|0.03|1.50|102834|145489|10000|10000|||99.85|99.50|0.03|0.27|00000088|0|1|00||01|406C|406C|0.600|8B2F|1544bd916fd6cf8d
264|2025-12-13T17:32:58.5280000+08:00|10530A8D|406C|00000088|0||||0.274|4000147C|8ef26f64a0dfc9a5
38|2025-12-13T17:32:58.5280000+08:00|10530A8D|小祥客服|0064641E|102834|145489|10000|10000|0||99.85|99.50|0.03|0.27|0|0|0|0|0|0|0|0|0|0|0|0|0|0|0|0|0|0|0|0|0|0|0|0|0|0|0|0|0|0|0|0|0|0|0|0|0|0|0|0|0|0|0|0|0|0|0|0|0|0|0|0|0|0|0|0|0|0|0|0|0|0|0|0|0|0|0|0|0|0|0|0|0|0|0|0|0|0|0|0|0|0|0|0|0|0|0|0|0|0|0|0|0|0|0|0|0F0A|41B3BC4F|10530A8D|0|0|0|0407A2|41C53738|10530A8D|fcbf008da9535a1d
30|2025-12-13T17:32:58.5280000+08:00|1F1|生杀予夺|0.00|10530A8D|小祥客服|10530A8D|小祥客服|00|145489|145489|4f22ec42311bf246
30|2025-12-13T17:32:58.5280000+08:00|1F0|结印|0.00|10530A8D|小祥客服|10530A8D|小祥客服|0D|145489|145489|8d336492608130dd
37|2025-12-13T17:32:59.1530000+08:00|4000147C|高贝扎|00000088|26175309||||||99.99|99.99|0.03|3.14|0035eeb592a465e5
21|2025-12-13T17:32:59.1970000+08:00|10530A8D|小祥客服|07|攻击|4000147C|高贝扎|712003|1C430000|0|0|0|0|0|0|0|0|0|0|0|0|0|0|26175309|26635080|10000|10000|||99.99|99.99|0.03|3.14|102834|145489|10000|10000|||99.85|99.55|0.03|0.18|00000089|0|1|00||01|07|07|0.100|8B2F|16d1cd18be4055a3
264|2025-12-13T17:32:59.1970000+08:00|10530A8D|0007|00000089|0||||0.274|4000147C|7ae3e3b2ed2de658
21|2025-12-13T17:32:59.2870000+08:00|10530A8D|小祥客服|1CEB|天地人|10530A8D|小祥客服|3960F|4A28000|F|F0B8000|0|0|0|0|0|0|0|0|0|0|0|0|102834|145489|10000|10000|||99.85|99.55|0.03|0.18|102834|145489|10000|10000|||99.85|99.55|0.03|0.18|0000008A|0|1|00||01|1CEB|1CEB|0.600|8A7E|4c0978aec804c9c3
264|2025-12-13T17:32:59.2870000+08:00|10530A8D|1CEB|0000008A|0||||0.258|10530A8D|231e1b42cf5be196
38|2025-12-13T17:32:59.2870000+08:00|10530A8D|小祥客服|0064641E|102834|145489|10000|10000|0||99.85|99.55|0.03|0.18|0|0|0|0|0|0|0|0|0|0|0|0|0|0|0|0|0|0|0|0|0|0|0|0|0|0|0|0|0|0|0|0|0|0|0|0|0|0|0|0|0|0|0|0|0|0|0|0|0|0|0|0|0|0|0|0|0|0|0|0|0|0|0|0|0|0|0|0|0|0|0|0|0|0|0|0|0|0|0|0|0|0|0|0|0|0|0|0|0|0|0|0|0|04A2|C0C00000|10530A8D|0F0A|41ADABEA|10530A8D|0F0B|C1F00000|10530A8D|0407A2|41BF26D3|10530A8D|7679e2d2de889eba
26|2025-12-13T17:32:59.2870000+08:00|4A2|天地人|6.00|10530A8D|小祥客服|10530A8D|小祥客服|00|145489|145489|6368eee83f6a9d60
26|2025-12-13T17:32:59.2870000+08:00|F0B|天理人道预备|30.00|10530A8D|小祥客服|10530A8D|小祥客服|00|145489|145489|0c44f1beca81204d
37|2025-12-13T17:32:59.6880000+08:00|10530A8D|小祥客服|0000008A|102834|145489|10000|10000|0||99.93|101.25|0.03|0.04|1E00|0|0|02|1E0004A2|0|40C00000|10530A8D|20000F0B|0|41F00000|10530A8D|1f8bc9db8b326ca1
38|2025-12-13T17:32:59.6880000+08:00|10530A8D|小祥客服|0064641E|102834|145489|10000|10000|0||99.93|101.25|0.03|0.04|0|0|0|0|0|0|0|0|0|0|0|0|0|0|0|0|0|0|0|0|0|0|0|0|0|0|0|0|0|0|0|0|0|0|0|0|0|0|0|0|0|0|0|0|0|0|0|0|0|0|0|0|0|0|0|0|0|0|0|0|0|0|0|0|0|0|0|0|0|0|0|0|0|0|0|0|0|0|0|0|0|0|0|0|0|0|0|0|0|0|0|0|0|04A2|40BE978D|10530A8D|0F0A|41AA76A9|10530A8D|0F0B|41EFA5E3|10530A8D|0407A2|41BBF192|10530A8D|76d4ab318974f494
37|2025-12-13T17:32:59.7320000+08:00|4000147C|高贝扎|00000089|26168074||||||99.99|99.99|0.03|3.14|48df36b8006cab1c
261|2025-12-13T17:32:59.2950000+08:00|Change|4000147C|CastDurationCurrent|1.3862|Heading|3.1416|PosX|99.9923|PosY|99.9923|PosZ|0.0300|ce886cc8b4c6f3c5
21|2025-12-13T17:33:00.1330000+08:00|10530A8D|小祥客服|49B9|风魔手里剑|4000147C|高贝扎|710003|76320000|100000E|4A28000|0|0|0|0|0|0|0|0|0|0|0|0|26168074|26635080|10000|10000|||99.99|99.99|0.03|3.14|102834|145489|10000|10000|||99.93|101.25|0.03|0.04|0000008B|0|1|00||01|49B9|49B9|0.600|FDDD|d90597ea5c1ceb0c
264|2025-12-13T17:33:00.1330000+08:00|10530A8D|49B9|0000008B|0||||3.089|4000147C|6032ef690aea8c6b
38|2025-12-13T17:33:00.1330000+08:00|10530A8D|小祥客服|0064641E|102834|145489|10000|10000|0||99.93|101.25|0.03|0.04|0|0|0|0|0|0|0|0|0|0|0|0|0|0|0|0|0|0|0|0|0|0|0|0|0|0|0|0|0|0|0|0|0|0|0|0|0|0|0|0|0|0|0|0|0|0|0|0|0|0|0|0|0|0|0|0|0|0|0|0|0|0|0|0|0|0|0|0|0|0|0|0|0|0|0|0|0|0|0|0|0|0|0|0|0|0|0|0|0|0|0|0|0|0104A2|40B051E9|10530A8D|0F0A|41A6E53F|10530A8D|0F0B|41EC1479|10530A8D|0407A2|41B86028|10530A8D|bfe6baddaa5da110
26|2025-12-13T17:33:00.1330000+08:00|4A2|天地人|5.51|10530A8D|小祥客服|10530A8D|小祥客服|01|145489|145489|546af8dbcf5890be
37|2025-12-13T17:33:01.0240000+08:00|4000147C|高贝扎|0000008B|26137816||||||99.99|99.99|0.03|3.14|b2ebe609f48e64ea
37|2025-12-13T17:33:01.0240000+08:00|10530A8D|小祥客服|0000008B|102834|145489|10000|10000|0||99.93|101.25|0.03|3.09|1E00|0|0|01|1E0004A2|01|40953F76|10530A8D|2b64df59387042ce
21|2025-12-13T17:33:01.1580000+08:00|10530A8D|小祥客服|49BD|雷遁之术|4000147C|高贝扎|552003|F564001|900000E|4A28000|100000F|A828000|0|0|0|0|0|0|0|0|0|0|26137816|26635080|10000|10000|||99.99|99.99|0.03|3.14|102834|145489|10000|10000|||99.93|101.25|0.03|3.09|0000008C|0|1|00||01|49BD|49BD|0.600|FDDD|9ce54cfb3c3d2000
264|2025-12-13T17:33:01.1580000+08:00|10530A8D|49BD|0000008C|0||||3.089|4000147C|fa4efec0dc15795d
38|2025-12-13T17:33:01.1580000+08:00|10530A8D|小祥客服|0064641E|102834|145489|10000|10000|0||99.93|101.25|0.03|3.09|0|0|0|0|0|0|0|0|0|0|0|0|0|0|0|0|0|0|0|0|0|0|0|0|0|0|0|0|0|0|0|0|0|0|0|0|0|0|0|0|0|0|0|0|0|0|0|0|0|0|0|0|0|0|0|0|0|0|0|0|0|0|0|0|0|0|0|0|0|0|0|0|0|0|0|0|0|0|0|0|0|0|0|0|0|0|0|0|0|0|0|0|0|0904A2|408F8517|10530A8D|0F0A|419EB208|10530A8D|0F0B|41E3E142|10530A8D|0407A2|41B02CF1|10530A8D|010A82|C1F00000|10530A8D|0fc47fcc5291d74e
26|2025-12-13T17:33:01.1580000+08:00|4A2|天地人|4.48|10530A8D|小祥客服|10530A8D|小祥客服|09|145489|145489|803b4f2218d22d3e
26|2025-12-13T17:33:01.1580000+08:00|A82|月影雷兽预备|30.00|10530A8D|小祥客服|10530A8D|小祥客服|01|145489|145489|05c0cb1ffcc49841
21|2025-12-13T17:33:01.3810000+08:00|4000147C|高贝扎|8463|迟缓地暴|4000147C|高贝扎|1B|84638000|0|0|0|0|0|0|0|0|0|0|0|0|0|0|26137816|26635080|10000|10000|||99.99|99.99|0.03|3.14|26137816|26635080|10000|10000|||99.99|99.99|0.03|3.14|0000008D|0|1|00||01|8463|8463|3.100|FFFF|2407c5139ffd7c09
264|2025-12-13T17:33:01.3810000+08:00|4000147C|8463|0000008D|0||||3.141|4000147C|e047680ef427b3d3
261|2025-12-13T17:33:01.0040000+08:00|Change|4000147C|CastDurationCurrent|2.9982|IsCasting1|0|6a41808a8bbb7ad8
39|2025-12-13T17:33:01.4700000+08:00|10530A8D|小祥客服|104288|145489|10000|10000|||99.93|101.25|0.03|3.09|2d923e8a17389b43
39|2025-12-13T17:33:01.4700000+08:00|40001496|分身|145078|145078|10000|10000|||99.84|98.83|0.03|3.12|743d61e83d9d89c3
37|2025-12-13T17:33:01.8710000+08:00|4000147C|高贝扎|0000008C|26068354||||||99.99|99.99|0.03|3.14|6fc3a4d377fd3f45
37|2025-12-13T17:33:01.8710000+08:00|10530A8D|小祥客服|0000008C|104288|145489|10000|10000|0||99.93|101.25|0.03|3.09|1E00|0|0|02|1E0004A2|09|407449A6|10530A8D|22000A82|01|41F00000|10530A8D|b04bce8e79e8f045
38|2025-12-13T17:33:01.8710000+08:00|10530A8D|小祥客服|0064641E|104288|145489|10000|10000|0||99.93|101.25|0.03|3.09|0|0|0|0|0|0|0|0|0|0|0|0|0|0|0|0|0|0|0|0|0|0|0|0|0|0|0|0|0|0|0|0|0|0|0|0|0|0|0|0|0|0|0|0|0|0|0|0|0|0|0|0|0|0|0|0|0|0|0|0|0|0|0|0|0|0|0|0|0|0|0|0|0|0|0|0|0|0|0|0|0|0|0|0|0|0|0|0|0|0|0|0|0|0904A2|4071685E|10530A8D|0F0A|4198FDCC|10530A8D|0F0B|41DE2D06|10530A8D|0407A2|41AA78B5|10530A8D|010A82|41EFA3D7|10530A8D|c14fb57541d5b542
21|2025-12-13T17:33:02.1390000+08:00|10530A8D|小祥客服|49C1|水遁之术|4000147C|高贝扎|656003|2AE4001|F|F088000|0|0|0|0|0|0|0|0|0|0|0|0|26068354|26635080|10000|10000|||99.99|99.99|0.03|3.14|104288|145489|10000|10000|||99.93|101.25|0.03|3.09|0000008E|0|1|00||01|49C1|49C1|0.600|FDDD|96b3d443f9d24d57
264|2025-12-13T17:33:02.1390000+08:00|10530A8D|49C1|0000008E|0||||3.089|4000147C|ddfbc6766a4a9349
38|2025-12-13T17:33:02.1390000+08:00|10530A8D|小祥客服|0064641E|104288|145489|10000|10000|0||99.93|101.25|0.03|3.09|0|0|0|0|0|0|0|0|0|0|0|0|0|0|0|0|0|0|0|0|0|0|0|0|0|0|0|0|0|0|0|0|0|0|0|0|0|0|0|0|0|0|0|0|0|0|0|0|0|0|0|0|0|0|0|0|0|0|0|0|0|0|0|0|0|0|0|0|0|0|0|0|0|0|0|0|0|0|0|0|0|0|0|0|0|0|0|0|0|0|0|0|0|0F08|C1A00000|10530A8D|0F0A|4196D8EE|10530A8D|0F0B|41DC0828|10530A8D|0407A2|41A853D7|10530A8D|010A82|41ED7EF9|10530A8D|b1c7e30649822910
30|2025-12-13T17:33:02.1390000+08:00|4A2|天地人|0.00|10530A8D|小祥客服|10530A8D|小祥客服|09|145489|145489|0a01c3f66f70dab8
26|2025-12-13T17:33:02.1390000+08:00|F08|忍隐|20.00|10530A8D|小祥客服|10530A8D|小祥客服|00|145489|145489|abd2c8604b117b16
21|2025-12-13T17:33:02.4070000+08:00|10530A8D|小祥客服|07|攻击|4000147C|高贝扎|714003|15840000|0|0|0|0|0|0|0|0|0|0|0|0|0|0|26068354|26635080|10000|10000|||99.99|99.99|0.03|3.14|104288|145489|10000|10000|||99.93|101.25|0.03|3.09|0000008F|0|1|00||01|07|07|0.332|FDDD|1fc5f4b47ebaea77
264|2025-12-13T17:33:02.4070000+08:00|10530A8D|0007|0000008F|0||||3.089|4000147C|b3a1344803cc44c9
257|2025-12-13T17:33:02.4960000+08:00|80034E79|00010004|08|||aa482c5b04d3d7f6
271|2025-12-13T17:33:02.4960000+08:00|40001495|0.7853|00|00|88.6863|88.6863|0.0000|2facc9e9df37d4ba
261|2025-12-13T17:33:02.1680000+08:00|Change|40001495|Heading|0.7854|PosX|88.6863|PosY|88.6863|PosZ|0.0300|3625bdbda6eb775c
20|2025-12-13T17:33:02.5420000+08:00|40001495|高贝扎|8465|迟缓地暴|40001495|高贝扎|7.700|88.69|88.69|0.03|0.79|5c504c30321e7462
263|2025-12-13T17:33:02.5420000+08:00|40001495|8465|88.687|88.687|0.000|0.785|56547dd6b454abd8
22|2025-12-13T17:33:02.8090000+08:00|10530A8D|小祥客服|DEE|梦幻三段|4000147C|高贝扎|710003|28FB0000|0|0|0|0|0|0|0|0|0|0|0|0|0|0|26068354|26635080|10000|10000|||99.99|99.99|0.03|3.14|104288|145489|10000|10000|||99.93|101.30|0.03|3.09|00000090|0|3|00||01|DEE|DEE|0.600|FDDD|2a43e1f588d462bc
22|2025-12-13T17:33:02.8090000+08:00|10530A8D|小祥客服|DEE|梦幻三段|4000147C|高贝扎|710003|2A250000|0|0|0|0|0|0|0|0|0|0|0|0|0|0|26068354|26635080|10000|10000|||99.99|99.99|0.03|3.14|104288|145489|10000|10000|||99.93|101.30|0.03|3.09|00000090|1|3|00||01|DEE|DEE|0.600|FDDD|6c0a1eaf9da32a47
22|2025-12-13T17:33:02.8090000+08:00|10530A8D|小祥客服|DEE|梦幻三段|4000147C|高贝扎|710003|2B3B0000|0|0|0|0|0|0|0|0|0|0|0|0|0|0|26068354|26635080|10000|10000|||99.99|99.99|0.03|3.14|104288|145489|10000|10000|||99.93|101.30|0.03|3.09|00000090|2|3|00||01|DEE|DEE|0.600|FDDD|eed2ef077174af28
264|2025-12-13T17:33:02.8090000+08:00|10530A8D|0DEE|00000090|1|0.000|0.000|0.000|3.089|4000147C|2f4779a9dea97d2c
37|2025-12-13T17:33:02.9430000+08:00|4000147C|高贝扎|0000008F|26062846||||||99.99|99.99|0.03|3.14|b52594de1e2b2eb7
37|2025-12-13T17:33:02.9430000+08:00|10530A8D|小祥客服|0000008F|104288|145489|10000|10000|0||99.94|101.65|0.03|2.63|1E00|0|0|01|1E000F08|0|C1A00000|10530A8D|c10edc70c7bb58e1
37|2025-12-13T17:33:03.1220000+08:00|4000147C|高贝扎|0000008E|25996624||||||99.99|99.99|0.03|3.14|550ffdd860e07840
37|2025-12-13T17:33:03.1220000+08:00|10530A8D|小祥客服|0000008E|104288|145489|10000|10000|0||99.98|102.87|0.03|0.30|1E00|0|0|01|1E000F08|0|41A00000|10530A8D|b0f8340d729531b0
38|2025-12-13T17:33:03.1220000+08:00|10530A8D|小祥客服|0064641E|104288|145489|10000|10000|0||99.98|102.87|0.03|0.30|0|0|0|0|0|0|0|0|0|0|0|0|0|0|0|0|0|0|0|0|0|0|0|0|0|0|0|0|0|0|0|0|0|0|0|0|0|0|0|0|0|0|0|0|0|0|0|0|0|0|0|0|0|0|0|0|0|0|0|0|0|0|0|0|0|0|0|0|0|0|0|0|0|0|0|0|0|0|0|0|0|0|0|0|0|0|0|0|0|0|0|0|0|0F08|419FA5E3|10530A8D|0F0A|418EFDC8|10530A8D|0F0B|41D42D02|10530A8D|0407A2|41A078B1|10530A8D|010A82|41E5A3D3|10530A8D|bc4e65780b3e66d9
37|2025-12-13T17:33:03.5230000+08:00|4000147C|高贝扎|00000090|25986133||||||99.99|99.99|0.03|3.14|2f19f6b8ad1daf2b
37|2025-12-13T17:33:03.6570000+08:00|4000147C|高贝扎|00000090|25975344||||||99.99|99.99|0.03|3.14|97db0d53be898daf
21|2025-12-13T17:33:03.6570000+08:00|10530A8D|小祥客服|64B2|月影雷兽牙|4000147C|高贝扎|550003|A0A90000|53E|9F8000|0|0|0|0|0|0|0|0|0|0|0|0|25986133|26635080|10000|10000|||99.99|99.99|0.03|3.14|104288|145489|10000|10000|||99.98|102.87|0.03|3.14|00000091|0|1|00||01|64B2|64B2|0.600|FFDF|ce51b4472fe21d65
264|2025-12-13T17:33:03.6570000+08:00|10530A8D|64B2|00000091|0||||3.138|4000147C|eb5caec7c6fbc76a
271|2025-12-13T17:33:03.6570000+08:00|40001496|3.1384|00|00|99.9840|102.8660|0.0300|50daa93c72cbb832
38|2025-12-13T17:33:03.6570000+08:00|10530A8D|小祥客服|0064641E|104288|145489|10000|10000|0||99.98|102.87|0.03|3.14|0|0|0|0|0|0|0|0|0|0|0|0|0|0|0|0|0|0|0|0|0|0|0|0|0|0|0|0|0|0|0|0|0|0|0|0|0|0|0|0|0|0|0|0|0|0|0|0|0|0|0|0|0|0|0|0|0|0|0|0|0|0|0|0|0|0|0|0|0|0|0|0|0|0|0|0|0|0|0|0|0|0|0|0|0|0|0|0|0|0|0|0|0|0F08|419B5C27|10530A8D|0F0A|418AB40C|10530A8D|0F0B|41CFE346|10530A8D|0307A2|419C2EF5|10530A8D|58d1811c6f0b3da3
26|2025-12-13T17:33:03.6570000+08:00|7A2|分身之术|19.52|10530A8D|小祥客服|10530A8D|小祥客服|03|145489|145489|7049ad62501ebb07
30|2025-12-13T17:33:03.6570000+08:00|A82|月影雷兽预备|0.00|10530A8D|小祥客服|10530A8D|小祥客服|01|145489|145489|0261fdf566b7eefa
31|2025-12-13T17:33:03.6570000+08:00|10530A8D|19001E|00|00|00|8d90682e603b38ce
21|2025-12-13T17:33:03.7460000+08:00|40001496|分身|6517|月影雷兽牙|4000147C|高贝扎|554003|2EC50000|53E|9F8000|1B|65178000|0|0|0|0|0|0|0|0|0|0|25975344|26635080|10000|10000|||99.99|99.99|0.03|3.14|145078|145078|10000|10000|||99.98|102.87|0.03|3.14|00000092|0|1|10530A8D|小祥客服|01|6517|6517|2.366|FFDF|26c02c7db25be033
264|2025-12-13T17:33:03.7460000+08:00|40001496|6517|00000092|0||||3.138|4000147C|c757602a95d53ced
31|2025-12-13T17:33:03.7460000+08:00|10530A8D|1E001E|00|00|00|fb6052e0a4543cdb
261|2025-12-13T17:33:03.2980000+08:00|Change|40001496|Heading|3.1385|ModelStatus|0|PosX|99.9840|PosY|102.8660|PosZ|0.0300|e9296f6f46915152
37|2025-12-13T17:33:03.7910000+08:00|4000147C|高贝扎|00000090|25964277||||||99.99|99.99|0.03|3.14|397fd725f2ece760
21|2025-12-13T17:33:04.3250000+08:00|10530A8D|小祥客服|9061|天理人道|4000147C|高贝扎|750003|FABE0000|0|0|0|0|0|0|0|0|0|0|0|0|0|0|25964277|26635080|10000|10000|||99.99|99.99|0.03|3.14|104288|145489|10000|10000|||99.98|102.87|0.03|3.14|00000093|0|1|00||01|9061|9061|0.600|FFDF|87423a7d1822ed56
264|2025-12-13T17:33:04.3250000+08:00|10530A8D|9061|00000093|0||||3.138|4000147C|1b8ef618e3bc0c46
38|2025-12-13T17:33:04.3250000+08:00|10530A8D|小祥客服|0064641E|104288|145489|10000|10000|0||99.98|102.87|0.03|3.14|0|0|0|0|0|0|0|0|0|0|0|0|0|0|0|0|0|0|0|0|0|0|0|0|0|0|0|0|0|0|0|0|0|0|0|0|0|0|0|0|0|0|0|0|0|0|0|0|0|0|0|0|0|0|0|0|0|0|0|0|0|0|0|0|0|0|0|0|0|0|0|0|0|0|0|0|0|0|0|0|0|0|0|0|0|0|0|0|0|0|0|0|0|0F08|41960414|10530A8D|0F0A|41855BF9|10530A8D|0|0|0|0307A2|4196D6E2|10530A8D|c1485a2e471727a9
30|2025-12-13T17:33:04.3250000+08:00|F0B|天理人道预备|0.00|10530A8D|小祥客服|10530A8D|小祥客服|00|145489|145489|cafec69de48c040a
37|2025-12-13T17:33:04.4140000+08:00|4000147C|高贝扎|00000091|25923148||||||99.99|99.99|0.03|3.14|6676fb4f9279aa73
37|2025-12-13T17:33:04.5040000+08:00|4000147C|高贝扎|00000092|25911175||||||99.99|99.99|0.03|3.14|833e84b874a361d6
39|2025-12-13T17:33:04.5040000+08:00|10530A8D|小祥客服|105742|145489|10000|10000|||99.98|102.87|0.03|3.14|f76956902cecee36
39|2025-12-13T17:33:04.5040000+08:00|40001496|分身|145078|145078|10000|10000|||99.98|102.87|0.03|3.14|d8cf25bbe710e5dd
21|2025-12-13T17:33:04.5930000+08:00|10530A8D|小祥客服|07|攻击|4000147C|高贝扎|710003|11F70000|0|0|0|0|0|0|0|0|0|0|0|0|0|0|25911175|26635080|10000|10000|||99.99|99.99|0.03|3.14|105742|145489|10000|10000|||99.98|102.87|0.03|3.14|00000094|0|1|00||01|07|07|0.332|FFDF|4e158ef9cf1f8196
264|2025-12-13T17:33:04.5930000+08:00|10530A8D|0007|00000094|0||||3.138|4000147C|be4aefaedb3a542c
270|2025-12-13T17:33:04.6370000+08:00|4000147C|-0.9049|0000|005A|100.0092|100.0092|0.1831|7101226777c4bbbf
37|2025-12-13T17:33:04.6820000+08:00|4000147C|高贝扎|00000093|25846985||||||99.99|99.99|0.03|-2.83|6427cdbef59c138d
261|2025-12-13T17:33:04.2840000+08:00|Change|4000147C|CastBuffID|0|CastDurationCurrent|0.0000|CastDurationMax|0.0000|CastTargetID|E0000000|Heading|-2.3226|IsCasting2|0|PosX|99.9923|PosY|99.9923|PosZ|0.0300|0117a0aa7cbcf7fb
270|2025-12-13T17:33:04.9490000+08:00|4000147C|-0.0057|0000|005A|100.0092|100.0092|0.1831|789ea456dc1f6ecf
261|2025-12-13T17:33:04.5830000+08:00|Change|4000147C|Heading|-1.0650|PosX|99.9923|PosY|99.9923|PosZ|0.0300|db8c23ee17018dbb
37|2025-12-13T17:33:05.1270000+08:00|4000147C|高贝扎|00000094|25842386||||||99.99|99.99|0.03|-1.32|716541c84cb61f3a
261|2025-12-13T17:33:04.9320000+08:00|Change|4000147C|Heading|-0.1428|PosX|99.9923|PosY|99.9923|PosZ|0.0300|a836b131aebeef15
21|2025-12-13T17:33:05.4830000+08:00|4000147C|高贝扎|844B|unknown_844b|10530A8D|小祥客服|750003|5CFB0000|1B|844B8000|0|0|0|0|0|0|0|0|0|0|0|0|105742|145489|10000|10000|||99.98|102.87|0.03|3.14|25842386|26635080|10000|10000|||99.99|99.99|0.03|-0.01|00000095|0|1|00||01|844B|844B|0.100|7FC5|446752d1bea82420
264|2025-12-13T17:33:05.4830000+08:00|4000147C|844B|00000095|0||||-0.006|10530A8D|9f4ed1bbb0d1d912
21|2025-12-13T17:33:05.7510000+08:00|10530A8D|小祥客服|8D3|天之印|10530A8D|小祥客服|100000E|1F08000|0|0|0|0|0|0|0|0|0|0|0|0|0|0|105742|145489|10000|10000|||99.98|102.87|0.03|3.14|105742|145489|10000|10000|||99.98|102.87|0.03|3.14|00000096|0|1|00||01|8D3|8D3|0.350|FFDF|8f495149f1ce0773
264|2025-12-13T17:33:05.7510000+08:00|10530A8D|08D3|00000096|0||||3.138|10530A8D|64a5f421fe26187f
38|2025-12-13T17:33:05.7510000+08:00|10530A8D|小祥客服|0064641E|105742|145489|10000|10000|0||99.98|102.87|0.03|3.14|0|0|0|0101F0|40C00000|10530A8D|0|0|0|0|0|0|0|0|0|0|0|0|0|0|0|0|0|0|0|0|0|0|0|0|0|0|0|0|0|0|0|0|0|0|0|0|0|0|0|0|0|0|0|0|0|0|0|0|0|0|0|0|0|0|0|0|0|0|0|0|0|0|0|0|0|0|0|0|0|0|0|0|0|0|0|0|0|0|0|0|0|0|0|0|0|0|0|0F08|418A9DA8|10530A8D|0F0A|4173EB22|10530A8D|0|0|0|0307A2|418B7076|10530A8D|0dfb9b3abb6474f4
26|2025-12-13T17:33:05.7510000+08:00|1F0|结印|6.00|10530A8D|小祥客服|10530A8D|小祥客服|01|145489|145489|dfbaa22be8418912
261|2025-12-13T17:33:05.6610000+08:00|Change|40001495|CastBuffID|33893|CastDurationCurrent|3.5850|CastDurationMax|7.7000|CastTargetID|40001495|IsCasting1|1|IsCasting2|1|951d3cdf08064f51
21|2025-12-13T17:33:06.2850000+08:00|10530A8D|小祥客服|4976|地之印|10530A8D|小祥客服|900000E|1F08000|0|0|0|0|0|0|0|0|0|0|0|0|0|0|105742|145489|10000|10000|||99.98|102.87|0.03|3.14|105742|145489|10000|10000|||99.98|102.87|0.03|3.14|00000097|0|1|00||01|4976|4976|0.350|FFDF|95f04b93584a6c28
264|2025-12-13T17:33:06.2850000+08:00|10530A8D|4976|00000097|0||||3.138|10530A8D|c57c911ab0eea7c8
38|2025-12-13T17:33:06.2850000+08:00|10530A8D|小祥客服|0064641E|105742|145489|10000|10000|0||99.98|102.87|0.03|3.14|0|0|0|0901F0|40AEE976|10530A8D|0|0|0|0|0|0|0|0|0|0|0|0|0|0|0|0|0|0|0|0|0|0|0|0|0|0|0|0|0|0|0|0|0|0|0|0|0|0|0|0|0|0|0|0|0|0|0|0|0|0|0|0|0|0|0|0|0|0|0|0|0|0|0|0|0|0|0|0|0|0|0|0|0|0|0|0|0|0|0|0|0|0|0|0|0|0|0|0F08|41865804|10530A8D|0F0A|416B5FE0|10530A8D|0|0|0|0307A2|41872AD2|10530A8D|ff2bfca5f85f1358
26|2025-12-13T17:33:06.2850000+08:00|1F0|结印|5.47|10530A8D|小祥客服|10530A8D|小祥客服|09|145489|145489|66252d8f45a632e1
261|2025-12-13T17:33:05.8820000+08:00|Change|40001496|ModelStatus|8388608|54041a53c06b922d
37|2025-12-13T17:33:06.6410000+08:00|10530A8D|小祥客服|00000095|81939||||||99.98|102.87|0.03|3.14|ed2d25d08c39fe91
21|2025-12-13T17:33:06.7750000+08:00|10530A8D|小祥客服|8DB|雷遁之术|4000147C|高贝扎|552003|FE0D0000|100000F|A828000|0|0|0|0|0|0|0|0|0|0|0|0|25842386|26635080|10000|10000|||99.99|99.99|0.03|-0.01|81939|145489|10000|10000|||99.98|102.87|0.03|3.14|00000098|0|1|00||01|8DB|8DB|0.600|FFDF|d8e7d412f1c07a2d
264|2025-12-13T17:33:06.7750000+08:00|10530A8D|08DB|00000098|0||||3.138|4000147C|322f8688b0ee6caf
21|2025-12-13T17:33:06.7750000+08:00|10530A8D|小祥客服|07|攻击|4000147C|高贝扎|710003|12830000|0|0|0|0|0|0|0|0|0|0|0|0|0|0|25842386|26635080|10000|10000|||99.99|99.99|0.03|-0.01|81939|145489|10000|10000|||99.98|102.87|0.03|3.14|00000099|0|1|00||01|07|07|0.600|FFDF|be6df97033cbc3da
264|2025-12-13T17:33:06.7750000+08:00|10530A8D|0007|00000099|0||||3.138|4000147C|0ddb707ea9b1d6a8
38|2025-12-13T17:33:06.7750000+08:00|10530A8D|小祥客服|0064641E|81939|145489|10000|10000|0||99.98|102.87|0.03|3.14|0|0|0|0|0|0|0|0|0|0|0|0|0|0|0|0|0|0|0|0|0|0|0|0|0|0|0|0|0|0|0|0|0|0|0|0|0|0|0|0|0|0|0|0|0|0|0|0|0|0|0|0|0|0|0|0|0|0|0|0|0|0|0|0|0|0|0|0|0|0|0|0|0|0|0|0|0|0|0|0|0|0|0|0|0|0|0|0|0|0|0|0|0|0F08|41826C7D|10530A8D|0F0A|416388D7|10530A8D|010A82|C1F00000|10530A8D|0307A2|41833F4B|10530A8D|7de0f6acff821d94
30|2025-12-13T17:33:06.7750000+08:00|1F0|结印|0.00|10530A8D|小祥客服|10530A8D|小祥客服|09|145489|145489|918d34cae8f41a2f
26|2025-12-13T17:33:06.7750000+08:00|A82|月影雷兽预备|30.00|10530A8D|小祥客服|10530A8D|小祥客服|01|145489|145489|94f10461cb12ec9f
37|2025-12-13T17:33:07.3090000+08:00|4000147C|高贝扎|00000099|25837647||||||99.99|99.99|0.03|-0.01|88601e544f6006ce
37|2025-12-13T17:33:07.3090000+08:00|10530A8D|小祥客服|00000099|81939|145489|10000|10000|0||99.98|102.87|0.03|3.14|1E00|0|0|01|20000A82|01|C1F00000|10530A8D|2eada47d97db39fb
21|2025-12-13T17:33:07.4430000+08:00|10530A8D|小祥客服|4069|命水|10530A8D|小祥客服|323E|9F8000|F|A818000|0|0|0|0|0|0|0|0|0|0|0|0|81939|145489|10000|10000|||99.98|102.87|0.03|3.14|81939|145489|10000|10000|||99.98|102.87|0.03|3.14|0000009A|0|1|00||01|4069|4069|0.600|FFDF|813739756f4b18be
264|2025-12-13T17:33:07.4430000+08:00|10530A8D|4069|0000009A|0||||3.138|10530A8D|f0e8f992ff2e85a0
38|2025-12-13T17:33:07.4430000+08:00|10530A8D|小祥客服|0064641E|81939|145489|10000|10000|0||99.98|102.87|0.03|3.14|0|0|0|0|0|0|0|0|0|0|0|0|0|0|0|0|0|0|0|0|0|0|0|0|0|0|0|0|0|0|0|0|0|0|0|0|0|0|0|0|0|0|0|0|0|0|0|0|0|0|0|0|0|0|0|0|0|0|0|0|0|0|0|0|0|0|0|0|0|0|0|0|0|0|0|0|0|0|0|0|0|0|0|0|0|0|0|0|0|0|0|0|0|0A81|C1F00000|10530A8D|0F0A|4158D49F|10530A8D|010A82|C1F00000|10530A8D|0307A2|417BCA5A|10530A8D|3dc68cbc6765b01d
30|2025-12-13T17:33:07.4430000+08:00|F08|忍隐|0.00|10530A8D|小祥客服|10530A8D|小祥客服|00|145489|145489|76e65dc6aeb72ca9
26|2025-12-13T17:33:07.4430000+08:00|A81|命水|30.00|10530A8D|小祥客服|10530A8D|小祥客服|00|145489|145489|09f47706f08ed5c3
31|2025-12-13T17:33:07.4430000+08:00|10530A8D|50001E|00|00|00|c02ebb20fa6daa95
37|2025-12-13T17:33:07.4870000+08:00|4000147C|高贝扎|00000098|25772610||||||99.99|99.99|0.03|-0.01|99d877272ef0f7d6
37|2025-12-13T17:33:07.4870000+08:00|10530A8D|小祥客服|00000098|81939|145489|10000|10000|0||99.98|102.87|0.03|3.14|1E00|0|0|02|1E000A81|0|C1F00000|10530A8D|20000A82|01|41F00000|10530A8D|7f18250124cae90a
39|2025-12-13T17:33:07.4870000+08:00|10530A8D|小祥客服|83393|145489|10000|10000|||99.98|102.87|0.03|3.14|d5e015c83686c146
39|2025-12-13T17:33:07.4870000+08:00|40001496|分身|145078|145078|10000|10000|||99.98|102.87|0.03|3.14|534273d5b7664e82
38|2025-12-13T17:33:07.4870000+08:00|10530A8D|小祥客服|0064641E|83393|145489|10000|10000|0||99.98|102.87|0.03|3.14|0|0|0|0|0|0|0|0|0|0|0|0|0|0|0|0|0|0|0|0|0|0|0|0|0|0|0|0|0|0|0|0|0|0|0|0|0|0|0|0|0|0|0|0|0|0|0|0|0|0|0|0|0|0|0|0|0|0|0|0|0|0|0|0|0|0|0|0|0|0|0|0|0|0|0|0|0|0|0|0|0|0|0|0|0|0|0|0|0|0|0|0|0|0A81|C1F00000|10530A8D|0F0A|41582066|10530A8D|010A82|41EFA5E3|10530A8D|0307A2|417B1621|10530A8D|1bb49758b4b38bf3
37|2025-12-13T17:33:08.0660000+08:00|10530A8D|小祥客服|0000009A|83393|145489|10000|10000|0||102.23|103.55|0.03|1.25|1E00|0|0|01|1E000A81|0|41F00000|10530A8D|fe309a8dcd899a9a
38|2025-12-13T17:33:08.0660000+08:00|10530A8D|小祥客服|0064641E|83393|145489|10000|10000|0||102.23|103.55|0.03|1.25|0|0|0|0|0|0|0|0|0|0|0|0|0|0|0|0|0|0|0|0|0|0|0|0|0|0|0|0|0|0|0|0|0|0|0|0|0|0|0|0|0|0|0|0|0|0|0|0|0|0|0|0|0|0|0|0|0|0|0|0|0|0|0|0|0|0|0|0|0|0|0|0|0|0|0|0|0|0|0|0|0|0|0|0|0|0|0|0|0|0|0|0|0|0A81|41EFA5E3|10530A8D|0F0A|414EDCD2|10530A8D|010A82|41EB0416|10530A8D|0307A2|4171D28D|10530A8D|b3623a6552c86da3
270|2025-12-13T17:33:08.1550000+08:00|4000147C|0.4484|0000|005A|100.0092|100.0092|0.1831|62694a599e87ae32
21|2025-12-13T17:33:08.2890000+08:00|10530A8D|小祥客服|64B2|月影雷兽牙|4000147C|高贝扎|552003|F90C0000|53E|9F8000|0|0|0|0|0|0|0|0|0|0|0|0|25772610|26635080|10000|10000|||99.99|99.99|0.03|0.05|83393|145489|10000|10000|||102.98|103.80|0.03|1.21|0000009B|0|1|00||01|64B2|64B2|0.600|1B14|156f45f3a120fe97
264|2025-12-13T17:33:08.2890000+08:00|10530A8D|64B2|0000009B|0||||-2.477|4000147C|6f87ad6224f7c8af
271|2025-12-13T17:33:08.2890000+08:00|40001496|-2.4770|00|00|102.9763|103.8007|0.0300|c567637665cdc387
38|2025-12-13T17:33:08.2890000+08:00|10530A8D|小祥客服|0064641E|83393|145489|10000|10000|0||102.98|103.80|0.03|1.21|0|0|0|0|0|0|0|0|0|0|0|0|0|0|0|0|0|0|0|0|0|0|0|0|0|0|0|0|0|0|0|0|0|0|0|0|0|0|0|0|0|0|0|0|0|0|0|0|0|0|0|0|0|0|0|0|0|0|0|0|0|0|0|0|0|0|0|0|0|0|0|0|0|0|0|0|0|0|0|0|0|0|0|0|0|0|0|0|0|0|0|0|0|0A81|41EDDD2E|10530A8D|0F0A|414B4B6A|10530A8D|0|0|0|0207A2|416E4125|10530A8D|af5a3b0bf92ebee9
30|2025-12-13T17:33:08.2890000+08:00|A82|月影雷兽预备|0.00|10530A8D|小祥客服|10530A8D|小祥客服|01|145489|145489|025a795909d2d49a
26|2025-12-13T17:33:08.2890000+08:00|7A2|分身之术|14.89|10530A8D|小祥客服|10530A8D|小祥客服|02|145489|145489|72bc612ded1960ca
31|2025-12-13T17:33:08.2890000+08:00|10530A8D|55001E|00|00|00|a0d6f652689dab44
21|2025-12-13T17:33:08.3780000+08:00|40001496|分身|6517|月影雷兽牙|4000147C|高贝扎|550003|234B0000|53E|9F8000|1B|65178000|0|0|0|0|0|0|0|0|0|0|25772610|26635080|10000|10000|||99.99|99.99|0.03|0.15|145078|145078|10000|10000|||102.98|103.80|0.03|-2.48|0000009C|0|1|10530A8D|小祥客服|01|6517|6517|2.366|1B14|066891191a56086e
31|2025-12-13T17:33:08.3780000+08:00|10530A8D|5A001E|00|00|00|c6c45bfa77e39f35
264|2025-12-13T17:33:08.3780000+08:00|40001496|6517|0000009C|0||||-2.477|4000147C|c76249a2c989ab29
261|2025-12-13T17:33:07.8910000+08:00|Change|40001496|Heading|-2.4770|ModelStatus|0|PosX|102.9763|PosY|103.8007|90c116fe57b7e46c
270|2025-12-13T17:33:08.4670000+08:00|4000147C|0.6642|0000|005A|100.0092|100.0092|0.1831|15ec52ea8b652f29
21|2025-12-13T17:33:08.5120000+08:00|4000147C|高贝扎|844B|unknown_844b|10530A8D|小祥客服|750003|59190000|1B|844B8000|0|0|0|0|0|0|0|0|0|0|0|0|83393|145489|10000|10000|||102.98|103.80|0.03|-2.48|25772610|26635080|10000|10000|||99.99|99.99|0.03|0.37|0000009D|0|1|00||01|844B|844B|0.100|9B10|e352741564dc435a
264|2025-12-13T17:33:08.5120000+08:00|4000147C|844B|0000009D|0||||0.664|10530A8D|9d73ffb1e5108b10
261|2025-12-13T17:33:08.1440000+08:00|Change|4000147C|Heading|0.6643|PosX|99.9923|PosY|99.9923|PosZ|0.0300|c96b3609a41e63a9
21|2025-12-13T17:33:08.9570000+08:00|10530A8D|小祥客服|9060|是生灭法|4000147C|高贝扎|750003|CF8E0000|0|0|0|0|0|0|0|0|0|0|0|0|0|0|25772610|26635080|10000|10000|||99.99|99.99|0.03|0.66|83393|145489|10000|10000|||103.02|103.73|0.03|-2.55|0000009E|0|1|00||01|9060|9060|0.600|1B14|1721710c4cad779e
264|2025-12-13T17:33:08.9570000+08:00|10530A8D|9060|0000009E|0||||-2.477|4000147C|30f8901889a53b3c
21|2025-12-13T17:33:08.9570000+08:00|10530A8D|小祥客服|07|攻击|4000147C|高贝扎|714003|17890000|0|0|0|0|0|0|0|0|0|0|0|0|0|0|25772610|26635080|10000|10000|||99.99|99.99|0.03|0.66|83393|145489|10000|10000|||103.02|103.73|0.03|-2.55|0000009F|0|1|00||01|07|07|0.600|1B14|e5aed73358718d08
264|2025-12-13T17:33:08.9570000+08:00|10530A8D|0007|0000009F|0||||-2.477|4000147C|d586ada3ed741f12
38|2025-12-13T17:33:08.9570000+08:00|10530A8D|小祥客服|0064641E|83393|145489|10000|10000|0||103.02|103.73|0.03|-2.55|0|0|0|0|0|0|0|0|0|0|0|0|0|0|0|0|0|0|0|0|0|0|0|0|0|0|0|0|0|0|0|0|0|0|0|0|0|0|0|0|0|0|0|0|0|0|0|0|0|0|0|0|0|0|0|0|0|0|0|0|0|0|0|0|0|0|0|0|0|0|0|0|0|0|0|0|0|0|0|0|0|0|0|0|0|0|0|0|0|0|0|0|0|0|0|0|0|0|0|0|0|0|0207A2|41639106|10530A8D|0b137183f6f4e990
30|2025-12-13T17:33:08.9570000+08:00|A81|命水|0.00|10530A8D|小祥客服|10530A8D|小祥客服|00|145489|145489|3d3d7f1ca93468b5
30|2025-12-13T17:33:08.9570000+08:00|F0A|秘技预备|0.00|10530A8D|小祥客服|10530A8D|小祥客服|00|145489|145489|2cc2e67d00c6d62c
31|2025-12-13T17:33:08.9570000+08:00|10530A8D|28001E|00|00|00|45c9e1126a14e06a
37|2025-12-13T17:33:09.0460000+08:00|4000147C|高贝扎|0000009B|25708854||||||99.99|99.99|0.03|0.66|25ebecfdd846aac1
37|2025-12-13T17:33:09.1360000+08:00|4000147C|高贝扎|0000009C|25699819||||||99.99|99.99|0.03|0.66|4b6df648c397050c
261|2025-12-13T17:33:08.9640000+08:00|Change|10530A8D|Heading|2.3259|PosX|104.8249|PosY|101.7928|PosZ|0.0300|257ee0a8ee3052aa
270|2025-12-13T17:33:09.4470000+08:00|4000147C|1.0051|0000|005A|100.0092|100.0092|0.1831|02008b2d53d18527
37|2025-12-13T17:33:09.4920000+08:00|4000147C|高贝扎|0000009F|25693794||||||99.99|99.99|0.03|0.70|5858413bf3216a6a
37|2025-12-13T17:33:09.6700000+08:00|10530A8D|小祥客服|0000009D|60584||||||105.10|100.53|0.03|-3.01|9b3dab8819215034
270|2025-12-13T17:33:09.7590000+08:00|4000147C|1.4109|0000|005A|100.0092|100.0092|0.1831|74a5184f38e3000f
37|2025-12-13T17:33:09.9820000+08:00|4000147C|高贝扎|0000009E|25640660||||||99.99|99.99|0.03|1.12|212f0d2012f39ba8
270|2025-12-13T17:33:10.0710000+08:00|4000147C|1.8042|0000|005A|100.0092|100.0092|0.1831|c4bedca21b27d8e8
270|2025-12-13T17:33:10.3820000+08:00|4000147C|2.2234|0000|005A|100.0092|100.0092|0.1831|d2254f3ad78960c3
261|2025-12-13T17:33:09.9530000+08:00|Change|4000147C|Heading|1.6672|PosX|99.9923|PosY|99.9923|PosZ|0.0300|b65ef5906c650483
21|2025-12-13T17:33:10.4270000+08:00|10530A8D|小祥客服|DEB|强甲破点突|4000147C|高贝扎|2D710003|64760000|23E|1478000|A3E|9F8000|53E|9F8000|11B|DEB8000|0|0|0|0|0|0|25640660|26635080|10000|10000|||99.99|99.99|0.03|1.63|60584|145489|10000|10000|||103.23|97.53|0.03|-0.92|000000A0|0|1|00||01|DEB|DEB|0.600|5A7B|c6e6799ac9eb3aff
264|2025-12-13T17:33:10.4270000+08:00|10530A8D|0DEB|000000A0|0||||-0.921|4000147C|50c4f0b07dfebc45
38|2025-12-13T17:33:10.4270000+08:00|10530A8D|小祥客服|0064641E|60584|145489|10000|10000|0||103.23|97.53|0.03|-0.92|0|0|0|0|0|0|0|0|0|0|0|0|0|0|0|0|0|0|0|0|0|0|0|0|0|0|0|0|0|0|0|0|0|0|0|0|0|0|0|0|0|0|0|0|0|0|0|0|0|0|0|0|0|0|0|0|0|0|0|0|0|0|0|0|0|0|0|0|0|0|0|0|0|0|0|0|0|0|0|0|0|0|0|0|0|0|0|0|0|0|0|0|0|0|0|0|0|0|0|0|0|0|0107A2|414C0BEB|10530A8D|f945ea91060fe525
26|2025-12-13T17:33:10.4270000+08:00|7A2|分身之术|12.75|10530A8D|小祥客服|10530A8D|小祥客服|01|145489|145489|b9573b65adf18fec
271|2025-12-13T17:33:10.4270000+08:00|40001496|-0.9209|00|00|103.2254|97.5338|0.0300|e8fd242ff16f27e5
31|2025-12-13T17:33:10.4270000+08:00|10530A8D|37001E|02|00|00|0e1a81841d2ac1a2
261|2025-12-13T17:33:10.0630000+08:00|Change|40001496|Heading|-0.9208|PosX|103.2254|PosY|97.5338|PosZ|0.0300|38d542fe786e4671
39|2025-12-13T17:33:10.4720000+08:00|10530A8D|小祥客服|62038|145489|10000|10000|||103.46|97.56|0.03|-0.45|48fc3843ca09d726
39|2025-12-13T17:33:10.4720000+08:00|40001496|分身|145078|145078|10000|10000|||103.23|97.53|0.03|-0.92|668e8a18a407ea0e
21|2025-12-13T17:33:10.5160000+08:00|40001496|分身|4409|强甲破点突|4000147C|高贝扎|710003|24050000|53E|9F8000|1B|44098000|0|0|0|0|0|0|0|0|0|0|25640660|26635080|10000|10000|||99.99|99.99|0.03|1.78|145078|145078|10000|10000|||103.23|97.53|0.03|-0.92|000000A1|0|1|10530A8D|小祥客服|01|4409|4409|2.233|5A7B|f5dfadc14d87d86c
264|2025-12-13T17:33:10.5160000+08:00|40001496|4409|000000A1|0||||-0.921|4000147C|e6c732c51edd23a6
21|2025-12-13T17:33:10.5160000+08:00|40001495|高贝扎|8465|迟缓地暴|E0000000||0|0|0|0|0|0|0|0|0|0|0|0|0|0|0|0|||||||||||44|44|0|10000|||88.69|88.69|0.03|0.79|000000A2|0|0|00||01|8465|8465|1.100|9FFF|32e02d37650f0b31
264|2025-12-13T17:33:10.5160000+08:00|40001495|8465|000000A2|1|0.000|0.000|0.000|0.785|40001495|059851c6c34a457b
31|2025-12-13T17:33:10.5160000+08:00|10530A8D|3C001E|02|00|00|bb55bd932766eb9c
261|2025-12-13T17:33:10.0630000+08:00|Change|40001495|CastBuffID|0|CastDurationCurrent|0.0000|CastDurationMax|0.0000|CastTargetID|E0000000|IsCasting1|0|IsCasting2|0|8393eb91d01ce9ef
267|2025-12-13T17:33:10.5610000+08:00|4000147C|80034E79|304D|8F5E|4000|0|2|0|0|69861168c442b7db
00|2025-12-13T17:33:10.0000000+08:00|0044|高贝扎|我要拯救这个世界！|272f34b28f250314
20|2025-12-13T17:33:10.6500000+08:00|4000147C|高贝扎|846B|弦月剑|4000147C|高贝扎|4.700|99.99|99.99|0.03|2.06|b616b70b13d7d2da
263|2025-12-13T17:33:10.6500000+08:00|4000147C|846B|100.009|100.009|0.183|2.223|07b05e712c285ce3
38|2025-12-13T17:33:10.7840000+08:00|4000147C|高贝扎|005A5A00|25640660|26635080|10000|10000|0||99.99|99.99|0.03|2.06|0|0|0|0F09|3E580B45|10530A8D|7bc4fe4b66581066
30|2025-12-13T17:33:10.7840000+08:00|F42|百雷铳|0.00|10530A8D|小祥客服|4000147C|高贝扎|00|26635080|145489|473c0429c8fc0093
38|2025-12-13T17:33:11.0070000+08:00|4000147C|高贝扎|005A5A00|25640660|26635080|10000|10000|0||99.99|99.99|0.03|2.22|0|0|0|08e5707fe237a1ab
30|2025-12-13T17:33:11.0070000+08:00|F09|介毒之术|0.00|10530A8D|小祥客服|4000147C|高贝扎|00|26635080|145489|57d8998e9ccf2ad8
37|2025-12-13T17:33:11.0510000+08:00|4000147C|高贝扎|000000A0|25614942||||||99.99|99.99|0.03|2.22|4b5f45f0ab2e69c0
37|2025-12-13T17:33:11.1400000+08:00|4000147C|高贝扎|000000A1|25605721||||||99.99|99.99|0.03|2.22|50918164a2f2e82f
21|2025-12-13T17:33:11.1400000+08:00|10530A8D|小祥客服|07|攻击|4000147C|高贝扎|714003|148F0000|0|0|0|0|0|0|0|0|0|0|0|0|0|0|25614942|26635080|10000|10000|||99.99|99.99|0.03|2.22|62038|145489|10000|10000|||104.70|97.11|0.03|1.99|000000A3|0|1|00||01|07|07|0.100|D147|49b92870ee70c37c
264|2025-12-13T17:33:11.1400000+08:00|10530A8D|0007|000000A3|0||||1.995|4000147C|ebde5bcd26eaaa55
21|2025-12-13T17:33:11.4520000+08:00|10530A8D|小祥客服|1D75|内丹|10530A8D|小祥客服|4|7C710000|0|0|0|0|0|0|0|0|0|0|0|0|0|0|62038|145489|10000|10000|||104.70|97.11|0.03|1.99|62038|145489|10000|10000|||104.70|97.11|0.03|1.99|000000A4|0|1|00||01|1D75|1D75|0.600|D147|e3e535d4101ed08f
264|2025-12-13T17:33:11.4520000+08:00|10530A8D|1D75|000000A4|0||||1.995|10530A8D|6ff46019f9dd7aa5
37|2025-12-13T17:33:11.6750000+08:00|4000147C|高贝扎|000000A3|25600458||||||99.99|99.99|0.03|2.22|d5e6afd19b40adbd
261|2025-12-13T17:33:11.2240000+08:00|Change|4000147C|CastBuffID|33899|CastDurationCurrent|1.0041|CastDurationMax|4.7000|CastTargetID|4000147C|Heading|2.2235|IsCasting1|1|IsCasting2|1|09fd3c9466d7bf92
261|2025-12-13T17:33:11.3170000+08:00|Change|10530A8D|Heading|3.0636|PosX|104.3565|PosY|96.7564|PosZ|0.0300|0ce35f915733bc1c
37|2025-12-13T17:33:12.0760000+08:00|10530A8D|小祥客服|000000A4|93895||||||102.63|96.55|0.03|-1.43|9cf2b694391a6d78
21|2025-12-13T17:33:12.5220000+08:00|10530A8D|小祥客服|8C0|双刃旋|4000147C|高贝扎|710003|3BD50000|53E|9F8000|1B|8C08000|0|0|0|0|0|0|0|0|0|0|25600458|26635080|10000|10000|||99.99|99.99|0.03|2.22|93895|145489|10000|10000|||99.99|97.36|0.03|-1.80|000000A5|0|1|00||01|8C0|8C0|0.600|7FFB|85021bd976e33911
264|2025-12-13T17:33:12.5220000+08:00|10530A8D|08C0|000000A5|0||||0.000|4000147C|421ebf32a53add48
271|2025-12-13T17:33:12.5220000+08:00|40001496|-0.0003|00|00|99.9928|97.3551|0.0300|801968993f477b3c
38|2025-12-13T17:33:12.5220000+08:00|10530A8D|小祥客服|0064641E|93895|145489|10000|10000|0||99.99|97.36|0.03|-1.80|0|0|0|4b3e9303721ced27
30|2025-12-13T17:33:12.5220000+08:00|7A2|分身之术|0.00|10530A8D|小祥客服|10530A8D|小祥客服|01|145489|145489|ae65d72016fd2e0d
31|2025-12-13T17:33:12.5220000+08:00|10530A8D|41001E|02|00|00|f137da18fef4f545
261|2025-12-13T17:33:12.1500000+08:00|Change|10530A8D|Heading|-0.4037|PosX|99.1940|PosY|97.1298|PosZ|0.0300|49344d08e097b8ee
21|2025-12-13T17:33:12.6110000+08:00|40001496|分身|4405|双刃旋|4000147C|高贝扎|710003|20850000|53E|9F8000|1B|44058000|0|0|0|0|0|0|0|0|0|0|25600458|26635080|10000|10000|||99.99|99.99|0.03|2.22|145078|145078|10000|10000|||99.99|97.36|0.03|0.00|000000A6|0|1|10530A8D|小祥客服|01|4405|4405|1.966|7FFD|f9ef844b041ea8df
264|2025-12-13T17:33:12.6110000+08:00|40001496|4405|000000A6|0||||0.000|4000147C|3c4d540f8afeef5a
31|2025-12-13T17:33:12.6110000+08:00|10530A8D|46001E|02|00|00|c8c9c4fcfa7fa956
37|2025-12-13T17:33:12.9220000+08:00|4000147C|高贝扎|000000A5|25585141||||||99.99|99.99|0.03|2.22|547ece915187810e
37|2025-12-13T17:33:13.0120000+08:00|4000147C|高贝扎|000000A6|25576816||||||99.99|99.99|0.03|2.22|38e4da14807a703b
21|2025-12-13T17:33:13.2350000+08:00|10530A8D|小祥客服|1CEA|六道轮回|4000147C|高贝扎|752003|7F480000|0|0|0|0|0|0|0|0|0|0|0|0|0|0|25576816|26635080|10000|10000|||99.99|99.99|0.03|2.22|93895|145489|10000|10000|||95.16|97.78|0.03|0.86|000000A7|0|1|00||01|1CEA|1CEA|0.600|AB2D|dc8d32c4aa677ab1
31|2025-12-13T17:33:13.2350000+08:00|10530A8D|14001E|02|00|00|82566f8753e46acc
264|2025-12-13T17:33:13.2350000+08:00|10530A8D|1CEA|000000A7|0||||1.060|4000147C|4cadac0cea0a29bd
21|2025-12-13T17:33:13.3240000+08:00|10530A8D|小祥客服|07|攻击|4000147C|高贝扎|710003|FEF0000|0|0|0|0|0|0|0|0|0|0|0|0|0|0|25576816|26635080|10000|10000|||99.99|99.99|0.03|2.22|93895|145489|10000|10000|||94.59|97.58|0.03|0.06|000000A8|0|1|00||01|07|07|0.511|9043|5efa9d01d15b4346
264|2025-12-13T17:33:13.3240000+08:00|10530A8D|0007|000000A8|0||||0.399|4000147C|51d010a06f3a0f74
39|2025-12-13T17:33:13.5020000+08:00|10530A8D|小祥客服|95349|145489|10000|10000|||94.27|97.49|0.03|-1.38|2d40883c73d25c85
39|2025-12-13T17:33:13.5020000+08:00|40001496|分身|145078|145078|10000|10000|||99.99|97.36|0.03|0.00|ac5d65fb73f19e53
261|2025-12-13T17:33:13.3710000+08:00|Change|10530A8D|Heading|-1.3256|PosX|94.1898|PosY|97.6491|PosZ|0.0300|70260b86beb78758
37|2025-12-13T17:33:13.8580000+08:00|4000147C|高贝扎|000000A7|25544232||||||99.99|99.99|0.03|2.22|3e5a24096d997e6a
37|2025-12-13T17:33:13.8580000+08:00|4000147C|高贝扎|000000A8|25540153||||||99.99|99.99|0.03|2.22|5acf6206cdcc83f4
261|2025-12-13T17:33:14.1160000+08:00|Change|40001496|Heading|-0.0002|ModelStatus|8388608|PosX|99.9928|PosY|97.3551|c822e81c969bdce0
21|2025-12-13T17:33:14.6150000+08:00|10530A8D|小祥客服|8C2|绝风|4000147C|高贝扎|28710003|517B0000|53E|9F8000|11B|8C28000|0|0|0|0|0|0|0|0|0|0|25540153|26635080|10000|10000|||99.99|99.99|0.03|2.22|95349|145489|10000|10000|||93.68|100.20|0.03|1.60|000000A9|0|1|00||01|8C2|8C2|0.600|C14F|3e01c5cd346cf548
264|2025-12-13T17:33:14.6150000+08:00|10530A8D|08C2|000000A9|0||||1.603|4000147C|7bd8871ec6ff809f
31|2025-12-13T17:33:14.6150000+08:00|10530A8D|1619001E|02|00|00|4a9ae2ed26ca6877
31|2025-12-13T17:33:14.6600000+08:00|10530A8D|19001E|02|00|00|35372244a3f9910a
261|2025-12-13T17:33:14.3180000+08:00|Remove|40001496|62266ec1cbe97b91
04|2025-12-13T17:33:14.3180000+08:00|40001496|分身|00|64|10530A8D|00||8313|10897|145078|145078|10000|10000|||99.99|97.36|0.03|0.00|c38a09dae6eb662e
37|2025-12-13T17:33:15.0160000+08:00|4000147C|高贝扎|000000A9|25519294||||||99.99|99.99|0.03|2.22|ddf5cdd19d6fedd4
21|2025-12-13T17:33:15.5060000+08:00|10530A8D|小祥客服|07|攻击|4000147C|高贝扎|710003|10050000|0|0|0|0|0|0|0|0|0|0|0|0|0|0|25519294|26635080|10000|10000|||99.99|99.99|0.03|2.22|95349|145489|10000|10000|||93.67|99.74|0.03|2.51|000000AA|0|1|00||01|07|07|0.100|C234|07ed1185fa0d1198
264|2025-12-13T17:33:15.5060000+08:00|10530A8D|0007|000000AA|0||||1.625|4000147C|5f01baf1f25b0c09
21|2025-12-13T17:33:15.6400000+08:00|4000147C|高贝扎|846B|弦月剑|E0000000||0|0|0|0|0|0|0|0|0|0|0|0|0|0|0|0|||||||||||25519294|26635080|10000|10000|||99.99|99.99|0.03|2.22|000000AB|0|0|00||01|846B|846B|3.500|DA97|f3c6da71a1b39fe4
264|2025-12-13T17:33:15.6400000+08:00|4000147C|846B|000000AB|1|0.000|0.000|0.000|2.223|4000147C|00dada9ff3178c5a
261|2025-12-13T17:33:15.1920000+08:00|Change|4000147C|CastBuffID|0|CastDurationCurrent|0.0000|CastDurationMax|0.0000|CastTargetID|E0000000|IsCasting1|0|IsCasting2|0|e99e592ffafbe3e2
37|2025-12-13T17:33:16.0420000+08:00|4000147C|高贝扎|000000AA|25515193||||||99.99|99.99|0.03|2.22|fc64b1b9eb5f1086
39|2025-12-13T17:33:16.4860000+08:00|10530A8D|小祥客服|96803|145489|10000|10000|||95.18|100.65|0.03|0.30|4b1ba29ff0078ac3
261|2025-12-13T17:33:16.3730000+08:00|Change|10530A8D|Heading|1.7747|PosX|95.8653|PosY|102.5005|PosZ|0.0300|fcb8aefebae0a908
21|2025-12-13T17:33:16.7540000+08:00|10530A8D|小祥客服|8CF|旋风刃|4000147C|高贝扎|2A714003|90340000|A3E|9F8000|53E|9F8000|11B|8CF8000|0|0|0|0|0|0|0|0|25515193|26635080|10000|10000|||99.99|99.99|0.03|2.22|96803|145489|10000|10000|||95.63|102.01|0.03|1.84|000000AC|0|1|00||01|8CF|8CF|0.600|D0B1|af1b9884f456cd25
264|2025-12-13T17:33:16.7540000+08:00|10530A8D|08CF|000000AC|0||||1.980|4000147C|e3d9f49810af65a4
31|2025-12-13T17:33:16.7540000+08:00|10530A8D|28001E|01|00|00|e64e44a52ded2e93
37|2025-12-13T17:33:17.2880000+08:00|4000147C|高贝扎|000000AC|25478277||||||99.99|99.99|0.03|2.22|06f43c486698eaba
261|2025-12-13T17:33:17.1870000+08:00|Change|10530A8D|Heading|1.9439|PosX|101.0246|PosY|102.8369|PosZ|0.0300|ce709605d6e00546
21|2025-12-13T17:33:17.6890000+08:00|10530A8D|小祥客服|07|攻击|4000147C|高贝扎|714003|13D90000|0|0|0|0|0|0|0|0|0|0|0|0|0|0|25478277|26635080|10000|10000|||99.99|99.99|0.03|2.22|96803|145489|10000|10000|||101.44|102.67|0.03|1.97|000000AD|0|1|00||01|07|07|0.100|C8F8|54073fb118314523
264|2025-12-13T17:33:17.6890000+08:00|10530A8D|0007|000000AD|0||||1.791|4000147C|75aabf02e9e94519
37|2025-12-13T17:33:18.2230000+08:00|4000147C|高贝扎|000000AD|25473196||||||99.99|99.99|0.03|2.22|759d9be1fe38a5c8
21|2025-12-13T17:33:18.6230000+08:00|4000147C|高贝扎|844B|unknown_844b|10530A8D|小祥客服|750003|5E520000|1B|844B8000|0|0|0|0|0|0|0|0|0|0|0|0|96803|145489|10000|10000|||104.22|100.56|0.03|-2.85|25473196|26635080|10000|10000|||99.99|99.99|0.03|2.22|000000AE|0|1|00||01|844B|844B|0.560|DA97|946b8c74d3447ff0
264|2025-12-13T17:33:18.6230000+08:00|4000147C|844B|000000AE|0||||2.223|10530A8D|a722db5476a1e3ef
21|2025-12-13T17:33:18.8470000+08:00|10530A8D|小祥客服|8C0|双刃旋|4000147C|高贝扎|710003|3F470000|53E|9F8000|1B|8C08000|0|0|0|0|0|0|0|0|0|0|25473196|26635080|10000|10000|||99.99|99.99|0.03|2.22|96803|145489|10000|10000|||104.22|100.56|0.03|-1.70|000000AF|0|1|00||01|8C0|8C0|0.600|3A9A|49c8cf211c626845
264|2025-12-13T17:33:18.8470000+08:00|10530A8D|08C0|000000AF|0||||-1.703|4000147C|dd18dbeb95774a39
31|2025-12-13T17:33:18.8470000+08:00|10530A8D|2D001E|01|00|00|a79be87d715de902
270|2025-12-13T17:33:19.1580000+08:00|4000147C|1.6579|0000|005A|100.0092|100.0092|0.1831|0d2bdd0b98888ca6
37|2025-12-13T17:33:19.2470000+08:00|4000147C|高贝扎|000000AF|25456997||||||99.99|99.99|0.03|2.21|720134f458443f55
270|2025-12-13T17:33:19.4700000+08:00|4000147C|1.4398|0000|005A|100.0092|100.0092|0.1831|162fdffe5270a2ec
39|2025-12-13T17:33:19.4700000+08:00|10530A8D|小祥客服|98257|145489|10000|10000|||104.22|100.56|0.03|-1.70|5e8b9c90f323db38
37|2025-12-13T17:33:19.7810000+08:00|10530A8D|小祥客服|000000AE|74111||||||104.22|100.56|0.03|-1.70|7e38e4890b36c692
21|2025-12-13T17:33:19.8710000+08:00|10530A8D|小祥客服|07|攻击|4000147C|高贝扎|710003|100C0000|0|0|0|0|0|0|0|0|0|0|0|0|0|0|25456997|26635080|10000|10000|||99.99|99.99|0.03|1.51|74111|145489|10000|10000|||104.22|100.56|0.03|-1.70|000000B0|0|1|00||01|07|07|0.100|3A9A|91a41c05a7e1d31c
264|2025-12-13T17:33:19.8710000+08:00|10530A8D|0007|000000B0|0||||-1.703|4000147C|0f4097ff259f8da6
37|2025-12-13T17:33:20.4050000+08:00|4000147C|高贝扎|000000B0|25452889||||||99.99|99.99|0.03|1.44|aa76b841348a512a
21|2025-12-13T17:33:20.9400000+08:00|10530A8D|小祥客服|8C2|绝风|4000147C|高贝扎|28710003|4FE60000|53E|9F8000|11B|8C28000|0|0|0|0|0|0|0|0|0|0|25452889|26635080|10000|10000|||99.99|99.99|0.03|1.44|74111|145489|10000|10000|||104.22|100.56|0.03|-1.70|000000B1|0|1|00||01|8C2|8C2|0.600|3A9A|438e6845a9b89e9a
264|2025-12-13T17:33:20.9400000+08:00|10530A8D|08C2|000000B1|0||||-1.703|4000147C|30beae183a15e1a5
31|2025-12-13T17:33:20.9400000+08:00|10530A8D|32001E|01|00|00|75565bd9ace99b2f
37|2025-12-13T17:33:21.3410000+08:00|4000147C|高贝扎|000000B1|25432435||||||99.99|99.99|0.03|1.44|0f8b95dbe1ce83fc
21|2025-12-13T17:33:21.6530000+08:00|4000147C|高贝扎|844B|unknown_844b|10530A8D|小祥客服|750003|5A0B0000|1B|844B8000|0|0|0|0|0|0|0|0|0|0|0|0|74111|145489|10000|10000|||104.22|100.56|0.03|-1.70|25432435|26635080|10000|10000|||99.99|99.99|0.03|1.44|000000B2|0|1|00||01|844B|844B|0.100|BAAA|5fb1a92686e43ddf
264|2025-12-13T17:33:21.6530000+08:00|4000147C|844B|000000B2|0||||1.440|10530A8D|a85499179d2ac2c1
21|2025-12-13T17:33:21.9650000+08:00|10530A8D|小祥客服|1CEA|六道轮回|4000147C|高贝扎|754003|6A610000|0|0|0|0|0|0|0|0|0|0|0|0|0|0|25432435|26635080|10000|10000|||99.99|99.99|0.03|1.44|74111|145489|10000|10000|||104.22|100.56|0.03|-1.70|000000B3|0|1|00||01|1CEA|1CEA|0.600|3A9A|5552886ed72cd19e
264|2025-12-13T17:33:21.9650000+08:00|10530A8D|1CEA|000000B3|0||||-1.703|4000147C|432699c4528db0df
31|2025-12-13T17:33:21.9650000+08:00|10530A8D|1E|01|00|00|985ca38448294f5b
21|2025-12-13T17:33:22.0540000+08:00|10530A8D|小祥客服|07|攻击|4000147C|高贝扎|714003|131E0000|0|0|0|0|0|0|0|0|0|0|0|0|0|0|25432435|26635080|10000|10000|||99.99|99.99|0.03|1.44|74111|145489|10000|10000|||104.22|100.54|0.03|-1.73|000000B4|0|1|00||01|07|07|0.511|3962|4264dcad55e5914b
264|2025-12-13T17:33:22.0540000+08:00|10530A8D|0007|000000B4|0||||-1.733|4000147C|801f52ade53b4fd1
21|2025-12-13T17:33:22.2770000+08:00|4000147C|高贝扎|84B8|unknown_84b8|E0000000||0|0|0|0|0|0|0|0|0|0|0|0|0|0|0|0|||||||||||25432435|26635080|10000|10000|||99.99|99.99|0.03|1.44|000000B5|0|0|00||01|84B8|84B8|2.100|BACC|e282c6f09b9478b9
264|2025-12-13T17:33:22.2770000+08:00|4000147C|84B8|000000B5|1|100.009|100.009|0.000|1.443|E0000000|a7a7fc4763c39b86
39|2025-12-13T17:33:22.5000000+08:00|10530A8D|小祥客服|75565|145489|10000|10000|||102.45|99.23|0.03|-2.18|6db0c36e97817b35
37|2025-12-13T17:33:22.5890000+08:00|4000147C|高贝扎|000000B3|25405202||||||99.99|99.99|0.03|1.44|8c21cac9be249abb
37|2025-12-13T17:33:22.5890000+08:00|4000147C|高贝扎|000000B4|25400308||||||99.99|99.99|0.03|1.44|6e1d9b3b97ec1a7c
37|2025-12-13T17:33:22.8120000+08:00|10530A8D|小祥客服|000000B2|52514||||||100.62|98.04|0.03|-2.05|cdda7afabff8f0a8
261|2025-12-13T17:33:22.3720000+08:00|Change|10530A8D|Heading|-1.7506|PosX|100.1861|PosY|97.9044|PosZ|0.0300|89c894d103963df7
21|2025-12-13T17:33:23.0800000+08:00|10530A8D|小祥客服|8CF|旋风刃|4000147C|高贝扎|24714003|80840000|A3E|9F8000|53E|9F8000|11B|8CF8000|0|0|0|0|0|0|0|0|25400308|26635080|10000|10000|||99.99|99.99|0.03|1.44|52514|145489|10000|10000|||98.61|98.39|0.03|0.07|000000B6|0|1|00||01|8CF|8CF|0.600|8D94|6977a231f371fc5e
31|2025-12-13T17:33:23.0800000+08:00|10530A8D|F001E|00|00|00|ad483238c7367698
264|2025-12-13T17:33:23.0800000+08:00|10530A8D|08CF|000000B6|0||||0.333|4000147C|1425cb35ab7982e7
270|2025-12-13T17:33:23.3020000+08:00|4000147C|1.4431|0000|005A|100.0092|100.0092|0.1831|7fc7567f6d779108
37|2025-12-13T17:33:23.6140000+08:00|4000147C|高贝扎|000000B6|25367408||||||99.99|99.99|0.03|1.44|ba807354016eae01
21|2025-12-13T17:33:24.2380000+08:00|10530A8D|小祥客服|07|攻击|4000147C|高贝扎|710003|10320000|0|0|0|0|0|0|0|0|0|0|0|0|0|0|25367408|26635080|10000|10000|||99.99|99.99|0.03|1.44|52514|145489|10000|10000|||101.00|98.55|0.03|0.63|000000B7|0|1|00||01|07|07|0.100|9B3B|669f9045898fa3f2
264|2025-12-13T17:33:24.2380000+08:00|10530A8D|0007|000000B7|0||||0.668|4000147C|50598b87740cfd9e
270|2025-12-13T17:33:24.5060000+08:00|4000147C|3.1415|0000|005A|100.0092|100.0092|0.1831|d4213d38546bc693
267|2025-12-13T17:33:24.5060000+08:00|4000147C|80034E79|304D|8F64|4000|0|2|0|0|8f58fa3f4a133fef
00|2025-12-13T17:33:24.0000000+08:00|0044|高贝扎|寒光尖锐！|90d7f96465d932db
20|2025-12-13T17:33:24.5950000+08:00|4000147C|高贝扎|845E|极寒突袭|4000147C|高贝扎|2.700|99.99|99.99|0.03|1.51|f0a66dbaa0740113
263|2025-12-13T17:33:24.5950000+08:00|4000147C|845E|100.009|100.009|0.183|3.141|7a73a830d7a9c9d3
257|2025-12-13T17:33:24.5950000+08:00|80034E79|00020001|07|||fe56c17172ecc05b
271|2025-12-13T17:33:24.5950000+08:00|40001495|-3.1416|00|00|107.5000|100.0000|0.0000|bdaa7a62d2b5fc14
271|2025-12-13T17:33:24.5950000+08:00|40001494|-0.0001|00|00|92.5000|100.0000|0.0000|f31947c1cd0a49d0
261|2025-12-13T17:33:24.2820000+08:00|Change|40001495|Heading|-3.1416|PosX|107.5000|PosY|100.0000|PosZ|0.0300|015e6c4300b39463
261|2025-12-13T17:33:24.2820000+08:00|Change|40001494|Heading|0.0000|PosX|92.5000|PosY|100.0000|PosZ|0.0300|8720a44f9dbf057d
257|2025-12-13T17:33:24.5950000+08:00|80034E79|00020001|02|||0f5a142470f3f0e9
261|2025-12-13T17:33:24.2820000+08:00|Change|4000147C|CastBuffID|33886|CastDurationCurrent|0.0153|CastDurationMax|2.7000|CastTargetID|4000147C|Heading|1.8330|IsCasting1|1|IsCasting2|1|58a0c9eaa3686540
20|2025-12-13T17:33:24.6840000+08:00|40001494|高贝扎|8460|极寒突袭|40001494|高贝扎|3.700|92.50|100.00|0.03|0.00|dca2bc53b6ee1b10
263|2025-12-13T17:33:24.6840000+08:00|40001494|8460|92.502|100.009|0.000|0.000|37c41eaa8ccce98d
20|2025-12-13T17:33:24.6840000+08:00|40001495|高贝扎|8460|极寒突袭|40001495|高贝扎|3.700|107.50|100.00|0.03|-3.14|b62ca9d048ad62c8
263|2025-12-13T17:33:24.6840000+08:00|40001495|8460|107.517|100.009|0.000|-3.142|a5a0851d0797d7ad
37|2025-12-13T17:33:24.7730000+08:00|4000147C|高贝扎|000000B7|25363262||||||99.99|99.99|0.03|1.96|28b465f7e825afbb
21|2025-12-13T17:33:25.1750000+08:00|10530A8D|小祥客服|8C0|双刃旋|4000147C|高贝扎|714003|4A4F0000|53E|9F8000|1B|8C08000|0|0|0|0|0|0|0|0|0|0|25363262|26635080|10000|10000|||99.99|99.99|0.03|3.14|52514|145489|10000|10000|||103.58|100.60|0.03|-1.74|000000B8|0|1|00||01|8C0|8C0|0.600|3934|994feba1cc18af68
264|2025-12-13T17:33:25.1750000+08:00|10530A8D|08C0|000000B8|0||||-1.738|4000147C|b59e666bbe4e5b80
31|2025-12-13T17:33:25.1750000+08:00|10530A8D|14001E|00|00|00|8f6373cb856dac69
39|2025-12-13T17:33:25.4860000+08:00|10530A8D|小祥客服|53968|145489|10000|10000|||103.58|100.60|0.03|-1.74|3f510d9902ec7f55
37|2025-12-13T17:33:25.5750000+08:00|4000147C|高贝扎|000000B8|25344239||||||99.99|99.99|0.03|3.14|e4a7fe9eecd9e334
21|2025-12-13T17:33:26.4210000+08:00|10530A8D|小祥客服|07|攻击|4000147C|高贝扎|714003|14040000|0|0|0|0|0|0|0|0|0|0|0|0|0|0|25344239|26635080|10000|10000|||99.99|99.99|0.03|3.14|53968|145489|10000|10000|||103.58|100.60|0.03|-1.74|000000B9|0|1|00||01|07|07|0.100|3934|19a20bfac56799fb
264|2025-12-13T17:33:26.4210000+08:00|10530A8D|0007|000000B9|0||||-1.738|4000147C|3b52a3a5446de05e
37|2025-12-13T17:33:26.9560000+08:00|4000147C|高贝扎|000000B9|25339115||||||99.99|99.99|0.03|3.14|681c6fa28fcb2f47
261|2025-12-13T17:33:26.5980000+08:00|Change|4000147C|CastDurationCurrent|2.3002|Heading|3.1416|PosX|99.9923|PosY|99.9923|PosZ|0.0300|89bcbce5cc56bb4d
21|2025-12-13T17:33:27.2680000+08:00|10530A8D|小祥客服|8C2|绝风|4000147C|高贝扎|28710003|51150000|53E|9F8000|11B|8C28000|0|0|0|0|0|0|0|0|0|0|25339115|26635080|10000|10000|||99.99|99.99|0.03|3.14|53968|145489|10000|10000|||104.03|98.79|0.03|-1.28|000000BA|0|1|00||01|8C2|8C2|0.600|4BC4|abf75f36f88de87d
31|2025-12-13T17:33:27.2680000+08:00|10530A8D|19001E|00|00|00|7a828b085d3be1a1
264|2025-12-13T17:33:27.2680000+08:00|10530A8D|08C2|000000BA|0||||-1.282|4000147C|fc1829c13e349817
21|2025-12-13T17:33:27.5800000+08:00|4000147C|高贝扎|845E|极寒突袭|4000147C|高贝扎|1B|845E8000|0|0|0|0|0|0|0|0|0|0|0|0|0|0|25339115|26635080|10000|10000|||99.99|99.99|0.03|3.14|25339115|26635080|10000|10000|||99.99|99.99|0.03|3.14|000000BB|0|1|00||01|845E|845E|3.100|FFFF|c7db01da42c99414
264|2025-12-13T17:33:27.5800000+08:00|4000147C|845E|000000BB|0||||3.141|4000147C|2946017260f43f50
37|2025-12-13T17:33:27.6690000+08:00|4000147C|高贝扎|000000BA|25318358||||||99.99|99.99|0.03|3.14|02fa8b6be71ecbb0
261|2025-12-13T17:33:27.8150000+08:00|Change|40001495|CastBuffID|33888|CastDurationCurrent|3.5324|CastDurationMax|3.7000|CastTargetID|40001495|IsCasting1|1|IsCasting2|1|c93af1d389b96705
261|2025-12-13T17:33:27.8150000+08:00|Change|40001494|CastBuffID|33888|CastDurationCurrent|3.5324|CastDurationMax|3.7000|CastTargetID|40001494|IsCasting1|1|IsCasting2|1|89c91954ef6a7822
21|2025-12-13T17:33:28.3820000+08:00|10530A8D|小祥客服|1D7A|真北|10530A8D|小祥客服|E|4E20000|0|0|0|0|0|0|0|0|0|0|0|0|0|0|53968|145489|10000|10000|||104.03|98.79|0.03|-1.28|53968|145489|10000|10000|||104.03|98.79|0.03|-1.28|000000BC|0|1|00||01|1D7A|1D7A|0.600|4BC4|9ee94afaa9518f12
264|2025-12-13T17:33:28.3820000+08:00|10530A8D|1D7A|000000BC|0||||-1.282|10530A8D|056db7efeb439b8a
38|2025-12-13T17:33:28.3820000+08:00|10530A8D|小祥客服|0064641E|53968|145489|10000|10000|0||104.03|98.79|0.03|-1.28|0|0|0|0|0|0|0|0|0|0|0|0|0|0|0|0|0|0|0|0|0|0|0|0|0|0|0|0|0|0|0|0|0|0|0|0|0|0|0|0|0|0|0|0|0|0|0|0|0|0|0|0|0|0|0|0|0|0|0|0|0|0|0|0|0|0|0|0|0|0|0|0|0|0|0|0|0|0|0|0|0|0|0|0|0|0|0|0|0|0|0|0|0|04E2|C1200000|10530A8D|46b89d090dcd1b22
26|2025-12-13T17:33:28.3820000+08:00|4E2|真北|10.00|10530A8D|小祥客服|10530A8D|小祥客服|00|145489|145489|5edb79c7396dac05
39|2025-12-13T17:33:28.4710000+08:00|10530A8D|小祥客服|55422|145489|10000|10000|||104.03|98.79|0.03|-1.28|71addc9adcb77087
21|2025-12-13T17:33:28.6050000+08:00|10530A8D|小祥客服|07|攻击|4000147C|高贝扎|710003|F390000|0|0|0|0|0|0|0|0|0|0|0|0|0|0|25318358|26635080|10000|10000|||99.99|99.99|0.03|3.14|55422|145489|10000|10000|||104.03|98.79|0.03|-1.28|000000BD|0|1|00||01|07|07|0.377|4BC4|cf4e2139c7012fbe
264|2025-12-13T17:33:28.6050000+08:00|10530A8D|0007|000000BD|0||||-1.282|4000147C|8e71001480be732e
21|2025-12-13T17:33:28.6490000+08:00|40001494|高贝扎|8460|极寒突袭|E0000000||0|0|0|0|0|0|0|0|0|0|0|0|0|0|0|0|||||||||||44|44|0|10000|||92.50|100.00|0.03|0.00|000000BE|0|0|00||01|8460|8460|1.100|7FFF|84854823431b6c09
264|2025-12-13T17:33:28.6490000+08:00|40001494|8460|000000BE|1|0.000|0.000|0.000|0.000|40001494|83c82d331af7549a
21|2025-12-13T17:33:28.6490000+08:00|40001495|高贝扎|8460|极寒突袭|10530A8D|小祥客服|250003|CC7F0000|100140E|6FD0000|1B|84608000|0|0|0|0|0|0|0|0|0|0|55422|145489|10000|10000|||104.03|98.79|0.03|-1.28|44|44|0|10000|||107.50|100.00|0.03|-3.14|000000BF|0|1|00||01|8460|8460|1.100|0000|c9f46d35787c1f16
264|2025-12-13T17:33:28.6490000+08:00|40001495|8460|000000BF|0||||-3.142|40001495|c48d413f721bea3c
261|2025-12-13T17:33:28.2500000+08:00|Change|40001494|CastBuffID|0|CastDurationCurrent|0.0000|CastDurationMax|0.0000|CastTargetID|E0000000|IsCasting1|0|IsCasting2|0|561837a81ea9cbdc
261|2025-12-13T17:33:28.2500000+08:00|Change|40001495|CastBuffID|0|CastDurationCurrent|0.0000|CastDurationMax|0.0000|CastTargetID|E0000000|IsCasting1|0|IsCasting2|0|03b1bf8b2dea955f
257|2025-12-13T17:33:28.6940000+08:00|80034E79|00080004|02|||f74819bd494577cc
257|2025-12-13T17:33:28.6940000+08:00|80034E79|00080004|07|||1b14972b633388b0
37|2025-12-13T17:33:28.8280000+08:00|10530A8D|小祥客服|000000BF|3071|145489|10000|10000|0||104.03|98.79|0.03|-1.28|1E00|0|0|02|06FD|01|42700000|40001495|1E0004E2|0|C1200000|10530A8D|7f03a75f149346e6
26|2025-12-13T17:33:28.8280000+08:00|6FD|受伤加重|60.00|40001495|高贝扎|10530A8D|小祥客服|01|145489|44|c5df8d34d8e65dc7
37|2025-12-13T17:33:28.9170000+08:00|10530A8D|小祥客服|000000BC|3071|145489|10000|10000|0||104.03|98.79|0.03|-1.28|1E00|0|0|01|1E0004E2|0|41200000|10530A8D|d690e4c243514416
38|2025-12-13T17:33:28.9170000+08:00|10530A8D|小祥客服|0064641E|3071|145489|10000|10000|0||104.03|98.79|0.03|-1.28|0|0|0|0106FD|426F76CA|40001495|0|0|0|0|0|0|0|0|0|0|0|0|0|0|0|0|0|0|0|0|0|0|0|0|0|0|0|0|0|0|0|0|0|0|0|0|0|0|0|0|0|0|0|0|0|0|0|0|0|0|0|0|0|0|0|0|0|0|0|0|0|0|0|0|0|0|0|0|0|0|0|0|0|0|0|0|0|0|0|0|0|0|0|0|0|0|0|04E2|411F47AE|10530A8D|490b78827c2ffbb7
37|2025-12-13T17:33:29.1390000+08:00|4000147C|高贝扎|000000BD|25314461||||||99.99|99.99|0.03|3.14|a0f8bf9f0e2aa739
261|2025-12-13T17:33:28.6290000+08:00|Change|4000147C|CastBuffID|0|CastDurationCurrent|0.0000|CastDurationMax|0.0000|CastTargetID|E0000000|IsCasting1|0|IsCasting2|0|22c8c71b8c98785a
21|2025-12-13T17:33:29.3630000+08:00|10530A8D|小祥客服|DEB|强甲破点突|4000147C|高贝扎|34710003|67E40000|23E|1478000|A3E|9F8000|53E|9F8000|11B|DEB8000|0|0|0|0|0|0|25314461|26635080|10000|10000|||99.99|99.99|0.03|3.14|3071|145489|10000|10000|||104.03|98.79|0.03|-1.28|000000C0|0|1|00||01|DEB|DEB|0.600|4BC4|aab17f4f927fa941
264|2025-12-13T17:33:29.3630000+08:00|10530A8D|0DEB|000000C0|0||||-1.282|4000147C|b53be6f636517c2e
31|2025-12-13T17:33:29.3630000+08:00|10530A8D|28001E|02|00|00|cb2c09d02b6f618e
37|2025-12-13T17:33:29.9860000+08:00|4000147C|高贝扎|000000C0|25287865||||||99.99|99.99|0.03|3.14|f2fd9965531bd95f
21|2025-12-13T17:33:30.7880000+08:00|10530A8D|小祥客服|07|攻击|4000147C|高贝扎|710003|F380000|0|0|0|0|0|0|0|0|0|0|0|0|0|0|25287865|26635080|10000|10000|||99.99|99.99|0.03|3.14|3071|145489|10000|10000|||104.03|98.79|0.03|-1.28|000000C1|0|1|00||01|07|07|0.100|4BC4|6f2972559df0d123
264|2025-12-13T17:33:30.7880000+08:00|10530A8D|0007|000000C1|0||||-1.282|4000147C|8ac9aea39414ed1e
270|2025-12-13T17:33:30.8330000+08:00|4000147C|1.8620|0000|005A|100.0092|100.0092|0.1831|7ab67e22530980fa
267|2025-12-13T17:33:30.8330000+08:00|4000147C|80034E79|304D|8F5F|4000|0|2|0|0|c19d432d4833ac00
00|2025-12-13T17:33:30.0000000+08:00|0044|高贝扎|别来妨碍我！|c06f447956727156
20|2025-12-13T17:33:30.9220000+08:00|4000147C|高贝扎|846B|弦月剑|4000147C|高贝扎|4.700|99.99|99.99|0.03|2.99|7a3359d5f7581395
263|2025-12-13T17:33:30.9220000+08:00|4000147C|846B|100.009|100.009|0.183|1.862|bf74250899608061
261|2025-12-13T17:33:30.4020000+08:00|Change|4000147C|CastBuffID|33899|CastDurationCurrent|0.0161|CastDurationMax|4.7000|CastTargetID|4000147C|Heading|2.8463|IsCasting1|1|IsCasting2|1|ae1edf3f43d157eb
37|2025-12-13T17:33:31.3230000+08:00|4000147C|高贝扎|000000C1|25283969||||||99.99|99.99|0.03|2.08|6d5e13d7e436cc94
21|2025-12-13T17:33:31.4560000+08:00|10530A8D|小祥客服|8C0|双刃旋|4000147C|高贝扎|710003|3D3B0000|53E|9F8000|1B|8C08000|0|0|0|0|0|0|0|0|0|0|25283969|26635080|10000|10000|||99.99|99.99|0.03|1.86|3071|145489|10000|10000|||104.03|98.79|0.03|-1.28|000000C2|0|1|00||01|8C0|8C0|0.600|4BC4|5fe88dfd599eb981
264|2025-12-13T17:33:31.4560000+08:00|10530A8D|08C0|000000C2|0||||-1.282|4000147C|413831d24187ee1b
31|2025-12-13T17:33:31.4560000+08:00|10530A8D|2D001E|02|00|00|f0b78f009cee55be
39|2025-12-13T17:33:31.5010000+08:00|10530A8D|小祥客服|4525|145489|10000|10000|||104.03|98.79|0.03|-1.28|e27780afef07be61
37|2025-12-13T17:33:31.8570000+08:00|4000147C|高贝扎|000000C2|25268294||||||99.99|99.99|0.03|1.86|563f90b6f9dc9c9e
21|2025-12-13T17:33:32.9710000+08:00|10530A8D|小祥客服|07|攻击|4000147C|高贝扎|712003|18AE0000|0|0|0|0|0|0|0|0|0|0|0|0|0|0|25268294|26635080|10000|10000|||99.99|99.99|0.03|1.86|4525|145489|10000|10000|||104.76|98.50|0.03|1.87|000000C3|0|1|00||01|07|07|0.100|D995|a2f34e32e4cfaf58
264|2025-12-13T17:33:32.9710000+08:00|10530A8D|0007|000000C3|0||||2.199|4000147C|462cb37ed76c2e81
37|2025-12-13T17:33:33.5050000+08:00|4000147C|高贝扎|000000C3|25261976||||||99.99|99.99|0.03|1.86|eb57bf619f045e54
21|2025-12-13T17:33:33.5950000+08:00|10530A8D|小祥客服|8C2|绝风|4000147C|高贝扎|28710003|4DE40000|53E|9F8000|11B|8C28000|0|0|0|0|0|0|0|0|0|0|25268294|26635080|10000|10000|||99.99|99.99|0.03|1.86|4525|145489|10000|10000|||104.76|98.50|0.03|1.49|000000C4|0|1|00||01|8C2|8C2|0.600|4C52|d743c4a7f655650e
264|2025-12-13T17:33:33.5950000+08:00|10530A8D|08C2|000000C4|0||||-1.268|4000147C|e10fb42d3afaad1d
31|2025-12-13T17:33:33.5950000+08:00|10530A8D|32001E|02|00|00|ea29be8570d91b34
37|2025-12-13T17:33:33.9960000+08:00|4000147C|高贝扎|000000C4|25242036||||||99.99|99.99|0.03|1.86|fac3d1471dd610c3
39|2025-12-13T17:33:34.4850000+08:00|10530A8D|小祥客服|5979|145489|10000|10000|||104.76|98.50|0.03|-1.27|2589d3d8d0072c5b
21|2025-12-13T17:33:34.8420000+08:00|10530A8D|小祥客服|1CEA|六道轮回|4000147C|高贝扎|750003|51210000|0|0|0|0|0|0|0|0|0|0|0|0|0|0|25242036|26635080|10000|10000|||99.99|99.99|0.03|1.86|5979|145489|10000|10000|||104.76|98.50|0.03|-1.27|000000C5|0|1|00||01|1CEA|1CEA|0.600|4C52|4ae644877b8ef581
31|2025-12-13T17:33:34.8420000+08:00|10530A8D|1E|02|00|00|278a4902744d70ff
264|2025-12-13T17:33:34.8420000+08:00|10530A8D|1CEA|000000C5|0||||-1.268|4000147C|5906974c4ae8d3a2
21|2025-12-13T17:33:35.1540000+08:00|10530A8D|小祥客服|07|攻击|4000147C|高贝扎|714003|14670000|0|0|0|0|0|0|0|0|0|0|0|0|0|0|25242036|26635080|10000|10000|||99.99|99.99|0.03|1.86|5979|145489|10000|10000|||104.76|98.50|0.03|-1.27|000000C6|0|1|00||01|07|07|0.288|4C52|a4c2eab295be3905
264|2025-12-13T17:33:35.1540000+08:00|10530A8D|0007|000000C6|0||||-1.268|4000147C|d88b4472cd4bde1d
37|2025-12-13T17:33:35.4660000+08:00|4000147C|高贝扎|000000C5|25221267||||||99.99|99.99|0.03|1.86|c03d89cd4449d169
37|2025-12-13T17:33:35.6890000+08:00|4000147C|高贝扎|000000C6|25216044||||||99.99|99.99|0.03|1.86|2028d031e3eb7a69
21|2025-12-13T17:33:35.6890000+08:00|10530A8D|小祥客服|8CF|旋风刃|4000147C|高贝扎|2A710003|707D0000|A3E|9F8000|53E|9F8000|11B|8CF8000|0|0|0|0|0|0|0|0|25221267|26635080|10000|10000|||99.99|99.99|0.03|1.86|5979|145489|10000|10000|||104.76|98.50|0.03|-1.27|000000C7|0|1|00||01|8CF|8CF|0.600|4C52|0d4e39210e6fa5cf
264|2025-12-13T17:33:35.6890000+08:00|10530A8D|08CF|000000C7|0||||-1.268|4000147C|72f8741137f41e7b
31|2025-12-13T17:33:35.6890000+08:00|10530A8D|F001E|01|00|00|e7b7c6c39d7a4ff9
21|2025-12-13T17:33:35.9120000+08:00|4000147C|高贝扎|846B|弦月剑|10530A8D|小祥客服|710003|D51F0000|200140E|6FD0000|1B|846B8000|0|0|0|0|0|0|0|0|0|0|5979|145489|10000|10000|||104.76|98.50|0.03|-1.27|25216044|26635080|10000|10000|||99.99|99.99|0.03|1.86|000000C8|0|1|00||01|846B|846B|3.500|CBDD|f81c18415f691b12
264|2025-12-13T17:33:35.9120000+08:00|4000147C|846B|000000C8|0||||1.862|4000147C|9b80a8a74df85a57
261|2025-12-13T17:33:35.3640000+08:00|Change|4000147C|CastBuffID|0|CastDurationCurrent|0.0000|CastDurationMax|0.0000|CastTargetID|E0000000|Heading|1.8620|IsCasting1|0|IsCasting2|0|fb375e8d1aefffa3
37|2025-12-13T17:33:36.2240000+08:00|4000147C|高贝扎|000000C7|25187247||||||99.99|99.99|0.03|1.86|4d5f4523ca818431
31|2025-12-13T17:33:37.0710000+08:00|10530A8D|1E|00|00|00|508bbc3fb196a951
37|2025-12-13T17:33:37.0710000+08:00|10530A8D|小祥客服|000000C8|0|145489|0|10000|0||104.76|98.50|0.03|-1.27|1E00|0|0|02|0|0|0|E0000000|1E000000|0|0|E0000000|26851b9d1d484d82
38|2025-12-13T17:33:37.0710000+08:00|10530A8D|小祥客服|0064641E|0|145489|0|10000|0||104.76|98.50|0.03|-1.27|0|0|0|6ef0765a203b35e5
30|2025-12-13T17:33:37.0710000+08:00|6FD|受伤加重|0.00|40001495|高贝扎|10530A8D|小祥客服|01|145489|44|f6e55b8c22012911
30|2025-12-13T17:33:37.0710000+08:00|4E2|真北|0.00|10530A8D|小祥客服|10530A8D|小祥客服|00|145489|145489|6a6b624ead570647
261|2025-12-13T17:33:36.5620000+08:00|Change|10530A8D|CurrentMP|0|Heading|-1.2683|PCTargetID|0|PosX|104.7589|PosY|98.5045|267cf2bd78c6a5c1
261|2025-12-13T17:33:37.5200000+08:00|Change|4000147C|NPCTargetID|E0000000|PCTargetID|0|f44df4765cd4c2ff
33|2025-12-13T17:33:38.0960000+08:00|80034E79|40000005|00|00|00|00|b7e61e1dc71d4d45
260|2025-12-13T17:33:37.7560000+08:00|1|0|0|1|dca78d4e021f54da
25|2025-12-13T17:33:39.0760000+08:00|10530A8D|小祥客服|4000147C|高贝扎|029c1f6759a1bdec
261|2025-12-13T17:33:41.0700000+08:00|Remove|4000148C|f40c9980e401c4b3
261|2025-12-13T17:33:41.0700000+08:00|Remove|4000148E|38db506c13a28c7a
261|2025-12-13T17:33:41.0700000+08:00|Remove|40001489|bb7efa34c5a70ee4
261|2025-12-13T17:33:41.0700000+08:00|Remove|40001488|2596d7a3b333d67d
261|2025-12-13T17:33:41.0700000+08:00|Remove|40001492|e5e61a8fb20caaa4
261|2025-12-13T17:33:41.0700000+08:00|Remove|40001487|d7dd5832ebc98f40
261|2025-12-13T17:33:41.0700000+08:00|Remove|40001493|fcd5b17d94b0f4ce
261|2025-12-13T17:33:41.0700000+08:00|Remove|40001494|bf6bd03c98bd9101
261|2025-12-13T17:33:41.0700000+08:00|Remove|40001491|9dfc4bef2f390488
33|2025-12-13T17:33:41.1710000+08:00|80034E79|8000000D|00|00|00|00|ce4bc2816d0468ee
261|2025-12-13T17:33:41.0700000+08:00|Remove|4000148B|0d10bf65d753033b
261|2025-12-13T17:33:41.0700000+08:00|Remove|4000148A|613c151be09b2f95
33|2025-12-13T17:33:41.1710000+08:00|80034E79|80000029|00|00|00|00|309ece0174868b9c
33|2025-12-13T17:33:41.1710000+08:00|80034E79|40000013|00|00|00|00|adafde610c09d7c2
261|2025-12-13T17:33:41.0700000+08:00|Remove|4000148F|7d25f30dd1f14cca
261|2025-12-13T17:33:41.0700000+08:00|Remove|4000148D|ca5e5aefbf8eeb4d
261|2025-12-13T17:33:41.0700000+08:00|Remove|40001490|45af5e3d2eebfc61
261|2025-12-13T17:33:41.0700000+08:00|Remove|40001495|0941d3cb7d7cf0f2
04|2025-12-13T17:33:41.0700000+08:00|40001479|高贝扎的幻影|00|5A|0000|00||12366|16218|69200|69200|10000|10000|||100.00|100.00|0.03|-3.14|900ec61642120962
04|2025-12-13T17:33:41.0700000+08:00|40001467|风球|00|5A|0000|00||12368|16214|69200|69200|10000|10000|||100.00|100.00|0.03|-3.14|ca7e37d870eba52e
04|2025-12-13T17:33:41.0700000+08:00|40001468|风球|00|5A|0000|00||12368|16214|69200|69200|10000|10000|||100.00|100.00|0.03|-3.14|83ab28e6ef1f41aa
04|2025-12-13T17:33:41.0700000+08:00|40001471|风球|00|5A|0000|00||12368|16214|69200|69200|10000|10000|||100.00|100.00|0.03|-3.14|afcd78b56a2b90da
04|2025-12-13T17:33:41.0700000+08:00|40001473|风球|00|5A|0000|00||12368|16214|69200|69200|10000|10000|||100.00|100.00|0.03|-3.14|051a1f42c54624c0
04|2025-12-13T17:33:41.0700000+08:00|4000146D|风球|00|5A|0000|00||12368|16214|69200|69200|10000|10000|||100.00|100.00|0.03|-3.14|ddf392372372ecaf
04|2025-12-13T17:33:41.0700000+08:00|40001470|风球|00|5A|0000|00||12368|16214|69200|69200|10000|10000|||100.00|100.00|0.03|-3.14|c0a6809fd7981985
04|2025-12-13T17:33:41.0700000+08:00|4000147A|高贝扎的幻影|00|5A|0000|00||12366|16218|69200|69200|10000|10000|||100.00|100.00|0.03|-3.14|353e8a8daa627fc3
04|2025-12-13T17:33:41.0700000+08:00|40001469|风球|00|5A|0000|00||12368|16214|69200|69200|10000|10000|||100.00|100.00|0.03|-3.14|0e81dcf3f0b16688
04|2025-12-13T17:33:41.0700000+08:00|4000146B|风球|00|5A|0000|00||12368|16214|69200|69200|10000|10000|||100.00|100.00|0.03|-3.14|845c0b2a4bc49e2b
04|2025-12-13T17:33:41.0700000+08:00|40001476|风球|00|5A|0000|00||12368|16214|69200|69200|10000|10000|||100.00|100.00|0.03|-3.14|94315fe788ce603d
04|2025-12-13T17:33:41.0700000+08:00|4000147B|黑龙|00|5A|0000|00||12367|16213|69200|69200|10000|10000|||100.00|100.00|0.03|0.00|f3762e766868b839
04|2025-12-13T17:33:41.0700000+08:00|4000146C|风球|00|5A|0000|00||12368|16214|69200|69200|10000|10000|||100.00|100.00|0.03|-3.14|194630169028ccd9
04|2025-12-13T17:33:41.0700000+08:00|40001477|高贝扎的幻影|00|5A|0000|00||12366|16218|69200|69200|10000|10000|||100.00|100.00|0.03|-3.14|531e7c02fdea629e
04|2025-12-13T17:33:41.0700000+08:00|4000148D|高贝扎|00|1|0000|00||12365|9020|44|44|0|10000|||100.00|90.00|0.03|0.00|1d72811376112ddb
04|2025-12-13T17:33:41.0700000+08:00|40001474|风球|00|5A|0000|00||12368|16214|69200|69200|10000|10000|||100.00|100.00|0.03|-3.14|795236bca8b7d510
04|2025-12-13T17:33:41.0700000+08:00|4000146A|风球|00|5A|0000|00||12368|16214|69200|69200|10000|10000|||100.00|100.00|0.03|-3.14|67eef95036a011c8
04|2025-12-13T17:33:41.0700000+08:00|40001475|风球|00|5A|0000|00||12368|16214|69200|69200|10000|10000|||100.00|100.00|0.03|-3.14|0b15331dbace822c
04|2025-12-13T17:33:41.0700000+08:00|40001472|风球|00|5A|0000|00||12368|16214|69200|69200|10000|10000|||100.00|100.00|0.03|-3.14|f6a97a6caf4457dc
04|2025-12-13T17:33:41.0700000+08:00|4000146E|风球|00|5A|0000|00||12368|16214|69200|69200|10000|10000|||100.00|100.00|0.03|-3.14|9e1d9b9a1c7f32ea
04|2025-12-13T17:33:41.0700000+08:00|40001478|高贝扎的幻影|00|5A|0000|00||12366|16218|69200|69200|10000|10000|||100.00|100.00|0.03|-3.14|5713e88c3ce1aa14
04|2025-12-13T17:33:41.0700000+08:00|4000147F|高贝扎|00|1|0000|00||12365|9020|44|44|0|10000|||100.00|90.00|0.03|0.00|6420fffdadc18e30
04|2025-12-13T17:33:41.0700000+08:00|4000147D|高贝扎|00|1|0000|00||12365|9020|44|44|0|10000|||100.00|90.00|0.03|0.00|0fba6841a274df47
04|2025-12-13T17:33:41.0700000+08:00|4000147E|高贝扎|00|1|0000|00||12365|9020|44|44|0|10000|||100.00|90.00|0.03|0.00|f43c08bf35f9fea3
04|2025-12-13T17:33:41.0700000+08:00|40001495|高贝扎|00|1|0000|00||12365|9020|44|44|0|10000|||107.50|100.00|0.03|-3.14|1ab153d01201a423
04|2025-12-13T17:33:41.0700000+08:00|40001494|高贝扎|00|1|0000|00||12365|9020|44|44|0|10000|||92.50|100.00|0.03|0.00|e558e52a12188769
04|2025-12-13T17:33:41.0700000+08:00|40001480|高贝扎|00|1|0000|00||12365|9020|44|44|0|10000|||100.00|90.00|0.03|0.00|cdcb6e283990505d
04|2025-12-13T17:33:41.0700000+08:00|40001481|高贝扎|00|1|0000|00||12365|9020|44|44|0|10000|||100.00|90.00|0.03|0.00|6dbf23b520006342
04|2025-12-13T17:33:41.0700000+08:00|40001482|高贝扎|00|1|0000|00||12365|9020|44|44|0|10000|||100.00|90.00|0.03|0.00|12505f17d14d6d89
04|2025-12-13T17:33:41.0700000+08:00|40001483|高贝扎|00|1|0000|00||12365|9020|44|44|0|10000|||100.00|90.00|0.03|0.00|6b83a574845f3d98
04|2025-12-13T17:33:41.0700000+08:00|40001484|高贝扎|00|1|0000|00||12365|9020|44|44|0|10000|||100.00|90.00|0.03|0.00|919318b8775aa09f
04|2025-12-13T17:33:41.0700000+08:00|40001485|高贝扎|00|1|0000|00||12365|9020|44|44|0|10000|||100.00|90.00|0.03|0.00|8a05b0c3840444fe
04|2025-12-13T17:33:41.0700000+08:00|40001486|高贝扎|00|1|0000|00||12365|9020|44|44|0|10000|||100.00|90.00|0.03|0.00|417989954f4f5d9d
04|2025-12-13T17:33:41.0700000+08:00|40001487|高贝扎|00|1|0000|00||12365|9020|44|44|0|10000|||100.00|90.00|0.03|0.00|ae258dbb7e266613
04|2025-12-13T17:33:41.0700000+08:00|40001488|高贝扎|00|1|0000|00||12365|9020|44|44|0|10000|||100.00|90.00|0.03|0.00|9d5dfc9f5f09d8e3
04|2025-12-13T17:33:41.0700000+08:00|40001489|高贝扎|00|1|0000|00||12365|9020|44|44|0|10000|||100.00|90.00|0.03|0.00|8b4c3b00b21fd27c
04|2025-12-13T17:33:41.0700000+08:00|4000148A|高贝扎|00|1|0000|00||12365|9020|44|44|0|10000|||100.00|90.00|0.03|0.00|424679a517b18635
04|2025-12-13T17:33:41.0700000+08:00|4000148C|高贝扎|00|1|0000|00||12365|9020|44|44|0|10000|||100.00|90.00|0.03|0.00|963c3aa58149fe6d
04|2025-12-13T17:33:41.0700000+08:00|40001493|高贝扎|00|1|0000|00||12365|9020|44|44|0|10000|||100.00|90.00|0.03|0.00|e8143f2c90cad0c2
04|2025-12-13T17:33:41.0700000+08:00|4000148B|高贝扎|00|1|0000|00||12365|9020|44|44|0|10000|||100.00|90.00|0.03|0.00|1db0053cdc64c810
04|2025-12-13T17:33:41.0700000+08:00|4000146F|风球|00|5A|0000|00||12368|16214|69200|69200|10000|10000|||100.00|100.00|0.03|-3.14|f668d70bd33eb220
04|2025-12-13T17:33:41.0700000+08:00|4000147C|高贝扎|00|5A|0000|00||12365|16212|25187247|26635080|10000|10000|||99.99|99.99|0.03|1.86|eadbb4f9e96499f4
04|2025-12-13T17:33:41.0700000+08:00|4000148E|高贝扎|00|1|0000|00||12365|9020|44|44|0|10000|||100.00|90.00|0.03|0.00|daabaee97351081a
04|2025-12-13T17:33:41.0700000+08:00|40001492|高贝扎|00|1|0000|00||12365|9020|44|44|0|10000|||100.00|90.00|0.03|0.00|6f9924bf42602731
04|2025-12-13T17:33:41.0700000+08:00|40001491|高贝扎|00|1|0000|00||12365|9020|44|44|0|10000|||100.00|90.00|0.03|0.00|a27b10d5352208ff
04|2025-12-13T17:33:41.0700000+08:00|4000148F|高贝扎|00|1|0000|00||12365|9020|44|44|0|10000|||100.00|90.00|0.03|0.00|fac3f21ee5570b95
04|2025-12-13T17:33:41.0700000+08:00|40001490|高贝扎|00|1|0000|00||12365|9020|44|44|0|10000|||100.00|90.00|0.03|0.00|ef4778737457a851
261|2025-12-13T17:33:41.0700000+08:00|Remove|40001465|69f3087f9c9090c1
261|2025-12-13T17:33:41.0700000+08:00|Remove|40001466|3b21b2855c01f7ff
261|2025-12-13T17:33:41.0700000+08:00|Remove|40001467|f9c9dfb8cd1c18ab
261|2025-12-13T17:33:41.0700000+08:00|Remove|40001468|ac68efadf6f5d19c
261|2025-12-13T17:33:41.0700000+08:00|Remove|40001469|0d7ade83a58b85dc
261|2025-12-13T17:33:41.0700000+08:00|Remove|4000146A|acce4ae27e0347dd
261|2025-12-13T17:33:41.0700000+08:00|Remove|4000146B|c0e88fc583686042
261|2025-12-13T17:33:41.0700000+08:00|Remove|4000146C|b51b1e1ce2529456
261|2025-12-13T17:33:41.0700000+08:00|Remove|4000146D|4b8077c3a16b925f
261|2025-12-13T17:33:41.0700000+08:00|Remove|4000146E|4d61a431e191a7eb
261|2025-12-13T17:33:41.0700000+08:00|Remove|4000146F|62b5cb12466ce64a
261|2025-12-13T17:33:41.0700000+08:00|Remove|40001470|2d2a8fdcf4b8f325
261|2025-12-13T17:33:41.0700000+08:00|Remove|40001471|8b35d5bce8e5e4a7
261|2025-12-13T17:33:41.0700000+08:00|Remove|40001472|468ddd472f9f8a26
261|2025-12-13T17:33:41.0700000+08:00|Remove|40001473|2e0aee1a5b723379
261|2025-12-13T17:33:41.0700000+08:00|Remove|40001474|42ea567090823de9
261|2025-12-13T17:33:41.0700000+08:00|Remove|40001475|53674aa97ef7c228
261|2025-12-13T17:33:41.0700000+08:00|Remove|40001476|b55d5505b3374270
261|2025-12-13T17:33:41.0700000+08:00|Remove|40001477|4f1bf098daca92e9
261|2025-12-13T17:33:41.0700000+08:00|Remove|40001478|020e8ef332bc66ef
261|2025-12-13T17:33:41.0700000+08:00|Remove|40001479|a66e2417d3397d16
261|2025-12-13T17:33:41.0700000+08:00|Remove|4000147A|85a411e6641a8ae3
261|2025-12-13T17:33:41.0700000+08:00|Remove|4000147B|122fca6c90e92fae
261|2025-12-13T17:33:41.0700000+08:00|Remove|4000147C|3ac24711f0b96e61
261|2025-12-13T17:33:41.0700000+08:00|Remove|4000147D|f331f039c8f5cdf9
261|2025-12-13T17:33:41.0700000+08:00|Remove|4000147E|6676c1dfb2494e15
261|2025-12-13T17:33:41.0700000+08:00|Remove|4000147F|9e418c624d318283
261|2025-12-13T17:33:41.0700000+08:00|Remove|40001480|37c0865b06c509c4
261|2025-12-13T17:33:41.0700000+08:00|Remove|40001481|ec0daeecc170b2ef
261|2025-12-13T17:33:41.0700000+08:00|Remove|40001482|ec892428ebb3f50a
261|2025-12-13T17:33:41.0700000+08:00|Remove|40001483|c197ee82e9c82843
261|2025-12-13T17:33:41.0700000+08:00|Remove|40001484|c407af832dd8c42b
261|2025-12-13T17:33:41.0700000+08:00|Remove|40001485|db2b6b0437712d96
261|2025-12-13T17:33:41.0700000+08:00|Remove|40001486|fdd51ecd951b6132
33|2025-12-13T17:33:41.3020000+08:00|80034E79|8000000D|01|00|00|00|88ce16e7be3d31ab
257|2025-12-13T17:33:41.3020000+08:00|80034E79|00040004|00|||b2c7c93f373dbcb2
257|2025-12-13T17:33:41.3020000+08:00|80034E79|00040004|01|||77f176f643de63a9
257|2025-12-13T17:33:41.3020000+08:00|80034E79|00040004|02|||c84ea35eb0c54b7c
257|2025-12-13T17:33:41.3020000+08:00|80034E79|00040004|03|||4865f5d756103ef2
257|2025-12-13T17:33:41.3020000+08:00|80034E79|00040004|05|||dc1851c1accb3e2a
257|2025-12-13T17:33:41.3020000+08:00|80034E79|00040004|04|||029ee8ae7ded1024
257|2025-12-13T17:33:41.3020000+08:00|80034E79|00040004|07|||c82fb6d0407e5ec3
257|2025-12-13T17:33:41.3020000+08:00|80034E79|00040004|08|||daac5aad7f7e4920
257|2025-12-13T17:33:41.3020000+08:00|80034E79|00040004|09|||33338571a9989784
257|2025-12-13T17:33:41.3020000+08:00|80034E79|00040004|0B|||89e031ce2dfb9936
257|2025-12-13T17:33:41.3020000+08:00|80034E79|00040004|0A|||5fab13b64f8cd52a
257|2025-12-13T17:33:41.3020000+08:00|80034E79|00040004|0C|||4ac878f5ac91c018
257|2025-12-13T17:33:41.3020000+08:00|80034E79|00040004|0D|||6e192bd5a2bebc36
257|2025-12-13T17:33:41.3020000+08:00|80034E79|00040004|06|||dfe2555c23d4b753
31|2025-12-13T17:33:41.3020000+08:00|10530A8D|1E|00|00|00|4b574c55605c66b6
33|2025-12-13T17:33:41.3020000+08:00|80034E79|4000000F|DCA|00|00|00|ab7c24eed51957b5
260|2025-12-13T17:33:41.2520000+08:00|0|0|1|0|3c2410b4a9a0f1f2
33|2025-12-13T17:33:41.3490000+08:00|80034E79|40000011|00|00|00|00|990ef9e661f5e3a0
261|2025-12-13T17:33:41.2520000+08:00|Change|10530A8D|ModelStatus|512|aab978269b39b2c6
271|2025-12-13T17:33:41.3940000+08:00|10530A8D|-3.1416|19|02|98.8180|111.5140|0.0300|f0527a38056e1e8f
38|2025-12-13T17:33:41.3940000+08:00|10530A8D|小祥客服|0064641E|145489|145489|10000|10000|0||104.76|98.50|0.03|-1.27|0|0|0|8fd7f362f471d264
272|2025-12-13T17:33:41.6140000+08:00|40001499|E0000000|0000|00|6bd8144a9c1adf7a
261|2025-12-13T17:33:41.4350000+08:00|Add|40001499|BNpcID|3F56|BNpcNameID|3050|CastTargetID|E0000000|CurrentMP|10000|CurrentWorldID|65535|Heading|-3.1416|Level|90|MaxHP|69200|MaxMP|10000|ModelStatus|18432|Name|风球|NPCTargetID|E0000000|PosX|100.0000|PosY|100.0000|Radius|1.0000|Type|2|WorldID|65535|90c4b4059c63fbe4
272|2025-12-13T17:33:41.6140000+08:00|4000149B|E0000000|0000|00|7ca16a18bc1b8853
261|2025-12-13T17:33:41.4350000+08:00|Add|4000149B|BNpcID|3F56|BNpcNameID|3050|CastTargetID|E0000000|CurrentMP|10000|CurrentWorldID|65535|Heading|-3.1416|Level|90|MaxHP|69200|MaxMP|10000|ModelStatus|18432|Name|风球|NPCTargetID|E0000000|PosX|100.0000|PosY|100.0000|Radius|1.0000|Type|2|WorldID|65535|9acb7bcbfb4dacc6
272|2025-12-13T17:33:41.6140000+08:00|4000149D|E0000000|0000|00|6b25a8f8361c6910
272|2025-12-13T17:33:41.6140000+08:00|400014A6|E0000000|0000|00|1cbe3f72588fc989
272|2025-12-13T17:33:41.6140000+08:00|4000149E|E0000000|0000|00|ee5814abae61465c
272|2025-12-13T17:33:41.6140000+08:00|400014AC|E0000000|0000|00|56363db3321162e0
272|2025-12-13T17:33:41.6140000+08:00|400014A0|E0000000|0000|00|88cfab09e4effa2a
272|2025-12-13T17:33:41.6140000+08:00|4000149C|E0000000|0000|00|15cf8b27217b8d03
272|2025-12-13T17:33:41.6140000+08:00|400014AE|E0000000|0000|00|9f60237debd2260c
272|2025-12-13T17:33:41.6140000+08:00|400014A9|E0000000|0000|00|f67d99b0ad5b5f2c
272|2025-12-13T17:33:41.6140000+08:00|400014AF|E0000000|0000|00|cf56f5a18a0c3f2e
272|2025-12-13T17:33:41.6140000+08:00|400014AD|E0000000|0000|00|34b730a095d9b842
261|2025-12-13T17:33:41.4350000+08:00|Add|4000149A|BNpcID|3F56|BNpcNameID|3050|CastTargetID|E0000000|CurrentMP|10000|CurrentWorldID|65535|Heading|-3.1416|Level|90|MaxHP|69200|MaxMP|10000|ModelStatus|18432|Name|风球|NPCTargetID|E0000000|PosX|100.0000|PosY|100.0000|Radius|1.0000|Type|2|WorldID|65535|5e41f7a678c3dbde
272|2025-12-13T17:33:41.6140000+08:00|400014A1|E0000000|0000|00|2173272ca0c11fc2
272|2025-12-13T17:33:41.6140000+08:00|4000149A|E0000000|0000|00|336c53df429d1c6c
03|2025-12-13T17:33:41.4350000+08:00|40001499|风球|00|5A|0000|00||12368|16214|69200|69200|10000|10000|||100.00|100.00|0.00|-3.14|7ea3d1a9bf77fe9a
03|2025-12-13T17:33:41.4350000+08:00|4000149B|风球|00|5A|0000|00||12368|16214|69200|69200|10000|10000|||100.00|100.00|0.00|-3.14|7b8fbb87fe88d762
272|2025-12-13T17:33:41.6140000+08:00|400014A2|E0000000|0000|00|f93d38aa70ba7842
03|2025-12-13T17:33:41.4350000+08:00|4000149A|风球|00|5A|0000|00||12368|16214|69200|69200|10000|10000|||100.00|100.00|0.00|-3.14|399d401f1e1c13d8
272|2025-12-13T17:33:41.6140000+08:00|400014A4|E0000000|0000|00|c7df2fb8c80178d9
272|2025-12-13T17:33:41.6140000+08:00|4000149F|E0000000|0000|00|1970fedd84f11f9f
272|2025-12-13T17:33:41.6140000+08:00|400014A7|E0000000|0000|00|99d1928ab7f65a9d
272|2025-12-13T17:33:41.6140000+08:00|400014A3|E0000000|0000|00|4f604c4519835b48
272|2025-12-13T17:33:41.6140000+08:00|400014A5|E0000000|0000|00|dd1410dfb07c1ede
272|2025-12-13T17:33:41.6140000+08:00|400014A8|E0000000|0000|00|5a34eb951e2e81c7
272|2025-12-13T17:33:41.6140000+08:00|400014AA|E0000000|0000|00|dda9731dfaca3bae
272|2025-12-13T17:33:41.6140000+08:00|400014AB|E0000000|0000|00|a9a39dffdb30308d
03|2025-12-13T17:33:41.4350000+08:00|4000149D|风球|00|5A|0000|00||12368|16214|69200|69200|10000|10000|||100.00|100.00|0.00|-3.14|a83561d3d843b8a1
03|2025-12-13T17:33:41.4350000+08:00|4000149E|风球|00|5A|0000|00||12368|16214|69200|69200|10000|10000|||100.00|100.00|0.00|-3.14|692573af262fa7e3
03|2025-12-13T17:33:41.4350000+08:00|4000149C|风球|00|5A|0000|00||12368|16214|69200|69200|10000|10000|||100.00|100.00|0.00|-3.14|5676ecf5b0dd6829
261|2025-12-13T17:33:41.4350000+08:00|Add|4000149D|BNpcID|3F56|BNpcNameID|3050|CastTargetID|E0000000|CurrentMP|10000|CurrentWorldID|65535|Heading|-3.1416|Level|90|MaxHP|69200|MaxMP|10000|ModelStatus|18432|Name|风球|NPCTargetID|E0000000|PosX|100.0000|PosY|100.0000|Radius|1.0000|Type|2|WorldID|65535|e63200c7b8e7af7d
261|2025-12-13T17:33:41.4350000+08:00|Add|4000149E|BNpcID|3F56|BNpcNameID|3050|CastTargetID|E0000000|CurrentMP|10000|CurrentWorldID|65535|Heading|-3.1416|Level|90|MaxHP|69200|MaxMP|10000|ModelStatus|18432|Name|风球|NPCTargetID|E0000000|PosX|100.0000|PosY|100.0000|Radius|1.0000|Type|2|WorldID|65535|3a5a2afd4e6c82e5
261|2025-12-13T17:33:41.4350000+08:00|Add|4000149C|BNpcID|3F56|BNpcNameID|3050|CastTargetID|E0000000|CurrentMP|10000|CurrentWorldID|65535|Heading|-3.1416|Level|90|MaxHP|69200|MaxMP|10000|ModelStatus|18432|Name|风球|NPCTargetID|E0000000|PosX|100.0000|PosY|100.0000|Radius|1.0000|Type|2|WorldID|65535|5c48aeb4957b8ea0
272|2025-12-13T17:33:41.6590000+08:00|400014B0|E0000000|0000|00|45ff982972241796
272|2025-12-13T17:33:41.6590000+08:00|400014B1|E0000000|0000|00|f083102af5c9f0ac
272|2025-12-13T17:33:41.6590000+08:00|400014B2|E0000000|0000|00|05506424b1c1e5ac
272|2025-12-13T17:33:41.6590000+08:00|400014B3|E0000000|0000|00|3a382e209c7dfc69
272|2025-12-13T17:33:41.6590000+08:00|400014B4|E0000000|0000|00|d0c9dfa9e080231a
272|2025-12-13T17:33:41.6590000+08:00|400014B5|E0000000|0000|00|8ac332f72bb93b7c
272|2025-12-13T17:33:41.6590000+08:00|400014B8|E0000000|0000|00|79ce3163a6f7fece
272|2025-12-13T17:33:41.6590000+08:00|400014BA|E0000000|0000|00|b57931a46682865c
272|2025-12-13T17:33:41.6590000+08:00|400014BE|E0000000|0000|00|e09f82948cb97dd8
272|2025-12-13T17:33:41.6590000+08:00|400014B6|E0000000|0000|00|1dd81a550c0bd000
272|2025-12-13T17:33:41.6590000+08:00|400014B7|E0000000|0000|00|cf72e49f18f80477
272|2025-12-13T17:33:41.6590000+08:00|400014C5|E0000000|0000|00|a79cf07233a229c7
272|2025-12-13T17:33:41.6590000+08:00|400014BB|E0000000|0000|00|be81fd024af05989
272|2025-12-13T17:33:41.6590000+08:00|400014B9|E0000000|0000|00|c57809b6b9be01f7
272|2025-12-13T17:33:41.6590000+08:00|400014BD|E0000000|0000|00|1ab09c10242c96ed
272|2025-12-13T17:33:41.6590000+08:00|400014BF|E0000000|0000|00|30868ade95755a10
272|2025-12-13T17:33:41.6590000+08:00|400014BC|E0000000|0000|00|ee0344cf887f1b38
272|2025-12-13T17:33:41.6590000+08:00|400014C1|E0000000|0000|00|80b8b79977a5391e
272|2025-12-13T17:33:41.6590000+08:00|400014C3|E0000000|0000|00|c08e9c3cf461045b
272|2025-12-13T17:33:41.6590000+08:00|400014C0|E0000000|0000|00|4c2864cfb438e8c4
272|2025-12-13T17:33:41.6590000+08:00|400014C2|E0000000|0000|00|f88cd7fae800bcff
272|2025-12-13T17:33:41.6590000+08:00|400014C6|E0000000|0000|00|0388bd0dd1460043
272|2025-12-13T17:33:41.6590000+08:00|400014C4|E0000000|0000|00|f44259375e054230
03|2025-12-13T17:33:41.4350000+08:00|400014A1|风球|00|5A|0000|00||12368|16214|69200|69200|10000|10000|||100.00|100.00|0.00|-3.14|112426cc83ff60d3
03|2025-12-13T17:33:41.4350000+08:00|400014A0|风球|00|5A|0000|00||12368|16214|69200|69200|10000|10000|||100.00|100.00|0.00|-3.14|b8edcc39cc964856
03|2025-12-13T17:33:41.4350000+08:00|4000149F|风球|00|5A|0000|00||12368|16214|69200|69200|10000|10000|||100.00|100.00|0.00|-3.14|50dd0746574bca5c
03|2025-12-13T17:33:41.5320000+08:00|400014A3|风球|00|5A|0000|00||12368|16214|69200|69200|10000|10000|||100.00|100.00|0.00|-3.14|ef3f0517ec5e03b7
03|2025-12-13T17:33:41.5320000+08:00|400014A2|风球|00|5A|0000|00||12368|16214|69200|69200|10000|10000|||100.00|100.00|0.00|-3.14|89854c9abeb20471
03|2025-12-13T17:33:41.5320000+08:00|400014A4|风球|00|5A|0000|00||12368|16214|69200|69200|10000|10000|||100.00|100.00|0.00|-3.14|dede3f703d2e9c7b
261|2025-12-13T17:33:41.5320000+08:00|Add|400014A1|BNpcID|3F56|BNpcNameID|3050|CastTargetID|E0000000|CurrentMP|10000|CurrentWorldID|65535|Heading|-3.1416|Level|90|MaxHP|69200|MaxMP|10000|ModelStatus|18432|Name|风球|NPCTargetID|E0000000|PosX|100.0000|PosY|100.0000|Radius|1.0000|Type|2|WorldID|65535|a7a347f6a9e2935f
261|2025-12-13T17:33:41.5320000+08:00|Add|400014A0|BNpcID|3F56|BNpcNameID|3050|CastTargetID|E0000000|CurrentMP|10000|CurrentWorldID|65535|Heading|-3.1416|Level|90|MaxHP|69200|MaxMP|10000|ModelStatus|18432|Name|风球|NPCTargetID|E0000000|PosX|100.0000|PosY|100.0000|Radius|1.0000|Type|2|WorldID|65535|158569b1e6be2401
261|2025-12-13T17:33:41.5320000+08:00|Add|400014A3|BNpcID|3F56|BNpcNameID|3050|CastTargetID|E0000000|CurrentMP|10000|CurrentWorldID|65535|Heading|-3.1416|Level|90|MaxHP|69200|MaxMP|10000|ModelStatus|18432|Name|风球|NPCTargetID|E0000000|PosX|100.0000|PosY|100.0000|Radius|1.0000|Type|2|WorldID|65535|9897add0f2d0c89c
261|2025-12-13T17:33:41.5320000+08:00|Add|400014A2|BNpcID|3F56|BNpcNameID|3050|CastTargetID|E0000000|CurrentMP|10000|CurrentWorldID|65535|Heading|-3.1416|Level|90|MaxHP|69200|MaxMP|10000|ModelStatus|18432|Name|风球|NPCTargetID|E0000000|PosX|100.0000|PosY|100.0000|Radius|1.0000|Type|2|WorldID|65535|89e239d7e924ce50
261|2025-12-13T17:33:41.5320000+08:00|Add|400014A4|BNpcID|3F56|BNpcNameID|3050|CastTargetID|E0000000|CurrentMP|10000|CurrentWorldID|65535|Heading|-3.1416|Level|90|MaxHP|69200|MaxMP|10000|ModelStatus|18432|Name|风球|NPCTargetID|E0000000|PosX|100.0000|PosY|100.0000|Radius|1.0000|Type|2|WorldID|65535|a526de4b2111336c
261|2025-12-13T17:33:41.5320000+08:00|Add|4000149F|BNpcID|3F56|BNpcNameID|3050|CastTargetID|E0000000|CurrentMP|10000|CurrentWorldID|65535|Heading|-3.1416|Level|90|MaxHP|69200|MaxMP|10000|ModelStatus|18432|Name|风球|NPCTargetID|E0000000|PosX|100.0000|PosY|100.0000|Radius|1.0000|Type|2|WorldID|65535|08b28cf841cf07b5
03|2025-12-13T17:33:41.5320000+08:00|400014A5|风球|00|5A|0000|00||12368|16214|69200|69200|10000|10000|||100.00|100.00|0.00|-3.14|f617ab45381980da
03|2025-12-13T17:33:41.5320000+08:00|400014A6|风球|00|5A|0000|00||12368|16214|69200|69200|10000|10000|||100.00|100.00|0.00|-3.14|aa22ea4f8444dd2c
03|2025-12-13T17:33:41.5320000+08:00|400014A7|风球|00|5A|0000|00||12368|16214|69200|69200|10000|10000|||100.00|100.00|0.00|-3.14|7d3cf73a3400bdc4
03|2025-12-13T17:33:41.5320000+08:00|400014A8|风球|00|5A|0000|00||12368|16214|69200|69200|10000|10000|||100.00|100.00|0.03|-3.14|aa699235158dc83c
03|2025-12-13T17:33:41.5320000+08:00|400014AA|高贝扎的幻影|00|5A|0000|00||12366|16218|69200|69200|10000|10000|||100.00|100.00|0.03|-3.14|0f47fdd6be98a769
03|2025-12-13T17:33:41.5320000+08:00|400014A9|高贝扎的幻影|00|5A|0000|00||12366|16218|69200|69200|10000|10000|||100.00|100.00|0.03|-3.14|e6671ef6c532cdd5
261|2025-12-13T17:33:41.5320000+08:00|Add|400014A5|BNpcID|3F56|BNpcNameID|3050|CastTargetID|E0000000|CurrentMP|10000|CurrentWorldID|65535|Heading|-3.1416|Level|90|MaxHP|69200|MaxMP|10000|ModelStatus|18432|Name|风球|NPCTargetID|E0000000|PosX|100.0000|PosY|100.0000|PosZ|0.0300|Radius|1.0000|Type|2|WorldID|65535|305bfd5340e3bd00
261|2025-12-13T17:33:41.5320000+08:00|Add|400014A8|BNpcID|3F56|BNpcNameID|3050|CastTargetID|E0000000|CurrentMP|10000|CurrentWorldID|65535|Heading|-3.1416|Level|90|MaxHP|69200|MaxMP|10000|ModelStatus|18432|Name|风球|NPCTargetID|E0000000|PosX|100.0000|PosY|100.0000|PosZ|0.0300|Radius|1.0000|Type|2|WorldID|65535|7501bb35f804dabf
261|2025-12-13T17:33:41.5320000+08:00|Add|400014AA|BNpcID|3F5A|BNpcNameID|304E|CastTargetID|E0000000|CurrentMP|10000|CurrentWorldID|65535|Heading|-3.1416|Level|90|MaxHP|69200|MaxMP|10000|ModelStatus|18432|Name|高贝扎的幻影|NPCTargetID|E0000000|PosX|100.0000|PosY|100.0000|PosZ|0.0300|Radius|7.5000|Type|2|WorldID|65535|0d372a17c3805c10
261|2025-12-13T17:33:41.5320000+08:00|Add|400014A6|BNpcID|3F56|BNpcNameID|3050|CastTargetID|E0000000|CurrentMP|10000|CurrentWorldID|65535|Heading|-3.1416|Level|90|MaxHP|69200|MaxMP|10000|ModelStatus|18432|Name|风球|NPCTargetID|E0000000|PosX|100.0000|PosY|100.0000|PosZ|0.0300|Radius|1.0000|Type|2|WorldID|65535|02cf99ef78f47d73
261|2025-12-13T17:33:41.5320000+08:00|Add|400014A7|BNpcID|3F56|BNpcNameID|3050|CastTargetID|E0000000|CurrentMP|10000|CurrentWorldID|65535|Heading|-3.1416|Level|90|MaxHP|69200|MaxMP|10000|ModelStatus|18432|Name|风球|NPCTargetID|E0000000|PosX|100.0000|PosY|100.0000|PosZ|0.0300|Radius|1.0000|Type|2|WorldID|65535|232862f7050b6e73
261|2025-12-13T17:33:41.5320000+08:00|Add|400014A9|BNpcID|3F5A|BNpcNameID|304E|CastTargetID|E0000000|CurrentMP|10000|CurrentWorldID|65535|Heading|-3.1416|Level|90|MaxHP|69200|MaxMP|10000|ModelStatus|18432|Name|高贝扎的幻影|NPCTargetID|E0000000|PosX|100.0000|PosY|100.0000|PosZ|0.0300|Radius|7.5000|Type|2|WorldID|65535|4d93175b71d495f1
272|2025-12-13T17:33:41.7030000+08:00|400014C7|E0000000|0000|00|74465d0c531ab2da
261|2025-12-13T17:33:41.5320000+08:00|Add|40001498|BNpcID|1E8536|CastBuffID|3101949968|CastGroundTargetX|0.0000|CastGroundTargetY|0.0000|CastTargetID|88E89FBB|CurrentWorldID|256|Heading|0.0000|IsCasting2|2|Level|43|MaxMP|687865857|NPCTargetID|4AFA1527|PosX|100.0000|PosY|112.0000|Radius|2.0000|Type|7|389a54cf2d298b98
261|2025-12-13T17:33:41.5320000+08:00|Add|40001497|BNpcID|1E850B|BNpcNameID|9187E984|CastBuffID|256|CastDurationMax|0.0000|CastGroundTargetX|32206.0400|CastGroundTargetY|0.0000|CastGroundTargetZ|175192200000000.0000|CastTargetID|42121A02|Heading|0.0000|Level|109|MaxMP|1795162112|ModelStatus|2304|Name|退出点|NPCTargetID|36000000|PCTargetID|18FA8813|PosX|100.0000|PosY|89.0000|Radius|0.5000|Type|7|WeaponId|3|ce51914d4c4b9760
03|2025-12-13T17:33:41.5320000+08:00|400014AC|高贝扎的幻影|00|5A|0000|00||12366|16218|69200|69200|10000|10000|||100.00|100.00|0.03|-3.14|000e73f0807efb82
03|2025-12-13T17:33:41.5320000+08:00|400014AB|高贝扎的幻影|00|5A|0000|00||12366|16218|69200|69200|10000|10000|||100.00|100.00|0.03|-3.14|f6745cb949e80246
03|2025-12-13T17:33:41.5320000+08:00|400014AD|黑龙|00|5A|0000|00||12367|16213|69200|69200|10000|10000|||100.00|100.00|0.03|0.00|177da8f442c0e81f
03|2025-12-13T17:33:41.5320000+08:00|400014AE|高贝扎|00|5A|0000|00||12365|16212|26635080|26635080|10000|10000|||100.00|90.00|0.03|0.00|fd43920202e27732
03|2025-12-13T17:33:41.5320000+08:00|400014AF|高贝扎|00|1|0000|00||12365|9020|44|44|0|10000|||100.00|90.00|0.03|0.00|482291225f371a55
03|2025-12-13T17:33:41.5320000+08:00|400014B0|高贝扎|00|1|0000|00||12365|9020|44|44|0|10000|||100.00|90.00|0.03|0.00|bf0c616dccfda16d
261|2025-12-13T17:33:41.5320000+08:00|Add|400014AE|BNpcID|3F54|BNpcNameID|304D|CastTargetID|E0000000|CurrentMP|10000|CurrentWorldID|65535|Heading|0.0000|Level|90|MaxHP|26635080|MaxMP|10000|ModelStatus|2048|Name|高贝扎|NPCTargetID|E0000000|PosX|100.0000|PosY|90.0000|PosZ|0.0300|Radius|6.0000|Type|2|WorldID|65535|2d197c84d2d70c0a
261|2025-12-13T17:33:41.5320000+08:00|Add|400014AF|BNpcID|233C|BNpcNameID|304D|CastTargetID|E0000000|CurrentWorldID|65535|Heading|0.0000|Level|1|MaxHP|44|ModelStatus|2048|Name|高贝扎|NPCTargetID|E0000000|PosX|100.0000|PosY|90.0000|PosZ|0.0300|Radius|0.5000|Type|2|WorldID|65535|43acaf231fffadf2
261|2025-12-13T17:33:41.5320000+08:00|Add|400014B0|BNpcID|233C|BNpcNameID|304D|CastTargetID|E0000000|CurrentWorldID|65535|Heading|0.0000|Level|1|MaxHP|44|ModelStatus|2048|Name|高贝扎|NPCTargetID|E0000000|PosX|100.0000|PosY|90.0000|PosZ|0.0300|Radius|0.5000|Type|2|WorldID|65535|33c661067b1c4293
261|2025-12-13T17:33:41.5320000+08:00|Add|400014AC|BNpcID|3F5A|BNpcNameID|304E|CastTargetID|E0000000|CurrentMP|10000|CurrentWorldID|65535|Heading|-3.1416|Level|90|MaxHP|69200|MaxMP|10000|ModelStatus|18432|Name|高贝扎的幻影|NPCTargetID|E0000000|PosX|100.0000|PosY|100.0000|PosZ|0.0300|Radius|7.5000|Type|2|WorldID|65535|dfce4e48e00cd8e5
261|2025-12-13T17:33:41.5320000+08:00|Add|400014AB|BNpcID|3F5A|BNpcNameID|304E|CastTargetID|E0000000|CurrentMP|10000|CurrentWorldID|65535|Heading|-3.1416|Level|90|MaxHP|69200|MaxMP|10000|ModelStatus|18432|Name|高贝扎的幻影|NPCTargetID|E0000000|PosX|100.0000|PosY|100.0000|PosZ|0.0300|Radius|7.5000|Type|2|WorldID|65535|1e1c5bba5809fcce
261|2025-12-13T17:33:41.5320000+08:00|Add|400014AD|BNpcID|3F55|BNpcNameID|304F|CastTargetID|E0000000|CurrentMP|10000|CurrentWorldID|65535|Heading|0.0000|Level|90|MaxHP|69200|MaxMP|10000|ModelStatus|18432|Name|黑龙|NPCTargetID|E0000000|PosX|100.0000|PosY|100.0000|PosZ|0.0300|Radius|7.0000|Type|2|WorldID|65535|4dfae609ceb8a789
03|2025-12-13T17:33:41.5320000+08:00|400014B1|高贝扎|00|1|0000|00||12365|9020|44|44|0|10000|||100.00|90.00|0.03|0.00|382bd23cfc85673a
03|2025-12-13T17:33:41.5320000+08:00|400014B3|高贝扎|00|1|0000|00||12365|9020|44|44|0|10000|||100.00|90.00|0.03|0.00|60f3893e2a464a03
03|2025-12-13T17:33:41.5320000+08:00|400014B2|高贝扎|00|1|0000|00||12365|9020|44|44|0|10000|||100.00|90.00|0.03|0.00|2b601cb7d7de47cd
03|2025-12-13T17:33:41.5320000+08:00|400014B5|高贝扎|00|1|0000|00||12365|9020|44|44|0|10000|||100.00|90.00|0.03|0.00|7437de1760bb4cff
03|2025-12-13T17:33:41.5320000+08:00|400014B4|高贝扎|00|1|0000|00||12365|9020|44|44|0|10000|||100.00|90.00|0.03|0.00|f1dc3e6f6f5bf9bb
03|2025-12-13T17:33:41.5320000+08:00|400014B6|高贝扎|00|1|0000|00||12365|9020|44|44|0|10000|||100.00|90.00|0.03|0.00|ada06dac10d0bee8
261|2025-12-13T17:33:41.5320000+08:00|Add|400014B5|BNpcID|233C|BNpcNameID|304D|CastTargetID|E0000000|CurrentWorldID|65535|Heading|0.0000|Level|1|MaxHP|44|ModelStatus|2048|Name|高贝扎|NPCTargetID|E0000000|PosX|100.0000|PosY|90.0000|PosZ|0.0300|Radius|0.5000|Type|2|WorldID|65535|b7a4b64412acd660
261|2025-12-13T17:33:41.5320000+08:00|Add|400014B1|BNpcID|233C|BNpcNameID|304D|CastTargetID|E0000000|CurrentWorldID|65535|Heading|0.0000|Level|1|MaxHP|44|Name|高贝扎|NPCTargetID|E0000000|PosX|100.0000|PosY|90.0000|PosZ|0.0300|Radius|0.5000|Type|2|WorldID|65535|ead4973d41604174
261|2025-12-13T17:33:41.5320000+08:00|Add|400014B3|BNpcID|233C|BNpcNameID|304D|CastTargetID|E0000000|CurrentWorldID|65535|Heading|0.0000|Level|1|MaxHP|44|Name|高贝扎|NPCTargetID|E0000000|PosX|100.0000|PosY|90.0000|PosZ|0.0300|Radius|0.5000|Type|2|WorldID|65535|4b82556023f271da
261|2025-12-13T17:33:41.5320000+08:00|Add|400014B4|BNpcID|233C|BNpcNameID|304D|CastTargetID|E0000000|CurrentWorldID|65535|Heading|0.0000|Level|1|MaxHP|44|ModelStatus|2048|Name|高贝扎|NPCTargetID|E0000000|PosX|100.0000|PosY|90.0000|PosZ|0.0300|Radius|0.5000|Type|2|WorldID|65535|4c2681e4288613f5
261|2025-12-13T17:33:41.5320000+08:00|Add|400014B2|BNpcID|233C|BNpcNameID|304D|CastTargetID|E0000000|CurrentWorldID|65535|Heading|0.0000|Level|1|MaxHP|44|Name|高贝扎|NPCTargetID|E0000000|PosX|100.0000|PosY|90.0000|PosZ|0.0300|Radius|0.5000|Type|2|WorldID|65535|e606c5b7fcdebdf8
261|2025-12-13T17:33:41.5320000+08:00|Add|400014B6|BNpcID|233C|BNpcNameID|304D|CastTargetID|E0000000|CurrentWorldID|65535|Heading|0.0000|Level|1|MaxHP|44|ModelStatus|2048|Name|高贝扎|NPCTargetID|E0000000|PosX|100.0000|PosY|90.0000|PosZ|0.0300|Radius|0.5000|Type|2|WorldID|65535|f701efae2c31b7d6
03|2025-12-13T17:33:41.6380000+08:00|400014B9|高贝扎|00|1|0000|00||12365|9020|44|44|0|10000|||100.00|90.00|0.03|0.00|614f7ad72b02dd3c
03|2025-12-13T17:33:41.6380000+08:00|400014B8|高贝扎|00|1|0000|00||12365|9020|44|44|0|10000|||100.00|90.00|0.03|0.00|75dd804b61f3eb15
03|2025-12-13T17:33:41.6380000+08:00|400014B7|高贝扎|00|1|0000|00||12365|9020|44|44|0|10000|||100.00|90.00|0.03|0.00|6583a4024957f898
03|2025-12-13T17:33:41.6380000+08:00|400014BB|高贝扎|00|1|0000|00||12365|9020|44|44|0|10000|||100.00|90.00|0.03|0.00|309cb5144bdf57a2
03|2025-12-13T17:33:41.6380000+08:00|400014BC|高贝扎|00|1|0000|00||12365|9020|44|44|0|10000|||100.00|90.00|0.03|0.00|ea39c61c346803ee
03|2025-12-13T17:33:41.6380000+08:00|400014BA|高贝扎|00|1|0000|00||12365|9020|44|44|0|10000|||100.00|90.00|0.03|0.00|cbfe99f0d66a9dfd
261|2025-12-13T17:33:41.6380000+08:00|Add|400014B9|BNpcID|233C|BNpcNameID|304D|CastTargetID|E0000000|CurrentWorldID|65535|Heading|0.0000|Level|1|MaxHP|44|Name|高贝扎|NPCTargetID|E0000000|PosX|100.0000|PosY|90.0000|PosZ|0.0300|Radius|0.5000|Type|2|WorldID|65535|563cbec60f4fefa2
261|2025-12-13T17:33:41.6380000+08:00|Add|400014BB|BNpcID|233C|BNpcNameID|304D|CastTargetID|E0000000|CurrentWorldID|65535|Heading|0.0000|Level|1|MaxHP|44|ModelStatus|2048|Name|高贝扎|NPCTargetID|E0000000|PosX|100.0000|PosY|90.0000|PosZ|0.0300|Radius|0.5000|Type|2|WorldID|65535|e475d0ed16b105c4
261|2025-12-13T17:33:41.6380000+08:00|Add|400014B8|BNpcID|233C|BNpcNameID|304D|CastTargetID|E0000000|CurrentWorldID|65535|Heading|0.0000|Level|1|MaxHP|44|Name|高贝扎|NPCTargetID|E0000000|PosX|100.0000|PosY|90.0000|PosZ|0.0300|Radius|0.5000|Type|2|WorldID|65535|1cef665d4ea88e7b
261|2025-12-13T17:33:41.6380000+08:00|Add|400014BC|BNpcID|233C|BNpcNameID|304D|CastTargetID|E0000000|CurrentWorldID|65535|Heading|0.0000|Level|1|MaxHP|44|ModelStatus|2048|Name|高贝扎|NPCTargetID|E0000000|PosX|100.0000|PosY|90.0000|PosZ|0.0300|Radius|0.5000|Type|2|WorldID|65535|f5d3aeebb1ca0f99
261|2025-12-13T17:33:41.6380000+08:00|Add|400014BA|BNpcID|233C|BNpcNameID|304D|CastTargetID|E0000000|CurrentWorldID|65535|Heading|0.0000|Level|1|MaxHP|44|ModelStatus|2048|Name|高贝扎|NPCTargetID|E0000000|PosX|100.0000|PosY|90.0000|PosZ|0.0300|Radius|0.5000|Type|2|WorldID|65535|2edc42eb2832bc7d
261|2025-12-13T17:33:41.6380000+08:00|Add|400014B7|BNpcID|233C|BNpcNameID|304D|CastTargetID|E0000000|CurrentWorldID|65535|Heading|0.0000|Level|1|MaxHP|44|Name|高贝扎|NPCTargetID|E0000000|PosX|100.0000|PosY|90.0000|PosZ|0.0300|Radius|0.5000|Type|2|WorldID|65535|e0dc40f6b81c9249
03|2025-12-13T17:33:41.6380000+08:00|400014BE|高贝扎|00|1|0000|00||12365|9020|44|44|0|10000|||100.00|90.00|0.03|0.00|628e2a7a45f758d2
03|2025-12-13T17:33:41.6380000+08:00|400014BF|高贝扎|00|1|0000|00||12365|9020|44|44|0|10000|||100.00|90.00|0.03|0.00|07a76631598f1a04
03|2025-12-13T17:33:41.6380000+08:00|400014BD|高贝扎|00|1|0000|00||12365|9020|44|44|0|10000|||100.00|90.00|0.03|0.00|f90fa301bbab274e
261|2025-12-13T17:33:41.6380000+08:00|Add|400014BE|BNpcID|233C|BNpcNameID|304D|CastTargetID|E0000000|CurrentWorldID|65535|Heading|0.0000|Level|1|MaxHP|44|ModelStatus|2048|Name|高贝扎|NPCTargetID|E0000000|PosX|100.0000|PosY|90.0000|PosZ|0.0300|Radius|0.5000|Type|2|WorldID|65535|997c20c144f04ca1
261|2025-12-13T17:33:41.6380000+08:00|Add|400014BF|BNpcID|233C|BNpcNameID|304D|CastTargetID|E0000000|CurrentWorldID|65535|Heading|0.0000|Level|1|MaxHP|44|ModelStatus|2048|Name|高贝扎|NPCTargetID|E0000000|PosX|100.0000|PosY|90.0000|PosZ|0.0300|Radius|0.5000|Type|2|WorldID|65535|056a9ca8e8a7d7f3
261|2025-12-13T17:33:41.6380000+08:00|Add|400014BD|BNpcID|233C|BNpcNameID|304D|CastTargetID|E0000000|CurrentWorldID|65535|Heading|0.0000|Level|1|MaxHP|44|ModelStatus|2048|Name|高贝扎|NPCTargetID|E0000000|PosX|100.0000|PosY|90.0000|PosZ|0.0300|Radius|0.5000|Type|2|WorldID|65535|b1f6d5325ad7e8ec
03|2025-12-13T17:33:41.6380000+08:00|400014C1|高贝扎|00|1|0000|00||12365|9020|44|44|0|10000|||100.00|90.00|0.03|0.00|e42846172b06362b
03|2025-12-13T17:33:41.6380000+08:00|400014C0|高贝扎|00|1|0000|00||12365|9020|44|44|0|10000|||100.00|90.00|0.03|0.00|ae347330c311c0e0
03|2025-12-13T17:33:41.6380000+08:00|400014C2|高贝扎|00|1|0000|00||12365|9020|44|44|0|10000|||100.00|90.00|0.03|0.00|fc006bcfcc48a6f5
03|2025-12-13T17:33:41.6380000+08:00|400014C5|高贝扎|00|1|0000|00||12365|9020|44|44|0|10000|||100.00|90.00|0.03|0.00|2b9a0e9588c73d24
03|2025-12-13T17:33:41.6380000+08:00|400014C3|高贝扎|00|1|0000|00||12365|9020|44|44|0|10000|||100.00|90.00|0.03|0.00|c26d3b536ba20f75
03|2025-12-13T17:33:41.6380000+08:00|400014C4|高贝扎|00|1|0000|00||12365|9020|44|44|0|10000|||100.00|90.00|0.03|0.00|1ad52111549effa8
261|2025-12-13T17:33:41.6380000+08:00|Add|400014C1|BNpcID|233C|BNpcNameID|304D|CastTargetID|E0000000|CurrentWorldID|65535|Heading|0.0000|Level|1|MaxHP|44|Name|高贝扎|NPCTargetID|E0000000|PosX|100.0000|PosY|90.0000|PosZ|0.0300|Radius|0.5000|Type|2|WorldID|65535|e246230838b4c941
261|2025-12-13T17:33:41.6380000+08:00|Add|400014C5|BNpcID|233C|BNpcNameID|304D|CastTargetID|E0000000|CurrentWorldID|65535|Heading|0.0000|Level|1|MaxHP|44|ModelStatus|2048|Name|高贝扎|NPCTargetID|E0000000|PosX|100.0000|PosY|90.0000|PosZ|0.0300|Radius|0.5000|Type|2|WorldID|65535|891cd73c870804d9
261|2025-12-13T17:33:41.6380000+08:00|Add|400014C0|BNpcID|233C|BNpcNameID|304D|CastTargetID|E0000000|CurrentWorldID|65535|Heading|0.0000|Level|1|MaxHP|44|Name|高贝扎|NPCTargetID|E0000000|PosX|100.0000|PosY|90.0000|PosZ|0.0300|Radius|0.5000|Type|2|WorldID|65535|4fe6cb679e891af3
261|2025-12-13T17:33:41.6380000+08:00|Add|400014C3|BNpcID|233C|BNpcNameID|304D|CastTargetID|E0000000|CurrentWorldID|65535|Heading|0.0000|Level|1|MaxHP|44|ModelStatus|2048|Name|高贝扎|NPCTargetID|E0000000|PosX|100.0000|PosY|90.0000|PosZ|0.0300|Radius|0.5000|Type|2|WorldID|65535|cea3e0492cf2bc3a
261|2025-12-13T17:33:41.6380000+08:00|Add|400014C4|BNpcID|233C|BNpcNameID|304D|CastTargetID|E0000000|CurrentWorldID|65535|Heading|0.0000|Level|1|MaxHP|44|ModelStatus|2048|Name|高贝扎|NPCTargetID|E0000000|PosX|100.0000|PosY|90.0000|PosZ|0.0300|Radius|0.5000|Type|2|WorldID|65535|6ec36c1396f535ed
261|2025-12-13T17:33:41.6380000+08:00|Add|400014C2|BNpcID|233C|BNpcNameID|304D|CastTargetID|E0000000|CurrentWorldID|65535|Heading|0.0000|Level|1|MaxHP|44|Name|高贝扎|NPCTargetID|E0000000|PosX|100.0000|PosY|90.0000|PosZ|0.0300|Radius|0.5000|Type|2|WorldID|65535|f39c24678779e9e6
03|2025-12-13T17:33:41.6380000+08:00|400014C6|高贝扎|00|1|0000|00||12365|9020|44|44|0|10000|||100.00|90.00|0.03|0.00|07faea000c7aae17
03|2025-12-13T17:33:41.6380000+08:00|400014C7|高贝扎|00|1|0000|00||12365|9020|44|44|0|10000|||100.00|90.00|0.03|0.00|d936290fd2e7e1eb
261|2025-12-13T17:33:41.7310000+08:00|Add|400014C6|BNpcID|233C|BNpcNameID|304D|CastTargetID|E0000000|CurrentWorldID|65535|Heading|0.0000|Level|1|MaxHP|44|Name|高贝扎|NPCTargetID|E0000000|PosX|100.0000|PosY|90.0000|PosZ|0.0300|Radius|0.5000|Type|2|WorldID|65535|14115bd9a965e92e
261|2025-12-13T17:33:41.7310000+08:00|Add|400014C7|BNpcID|233C|BNpcNameID|304D|CastTargetID|E0000000|CurrentWorldID|65535|Heading|0.0000|Level|1|MaxHP|44|Name|高贝扎|NPCTargetID|E0000000|PosX|100.0000|PosY|90.0000|PosZ|0.0300|Radius|0.5000|Type|2|WorldID|65535|109f11a5a088fa8e
261|2025-12-13T17:33:42.1850000+08:00|Change|10530A8D|CurrentMP|10000|Heading|-3.1416|ModelStatus|0|PosX|98.8180|PosY|111.5140|PosZ|0.0300|6e506f65fd73607a
261|2025-12-13T17:33:42.3810000+08:00|Change|4000149D|ModelStatus|16384|PosZ|0.0300|74512d9c4b5594eb
261|2025-12-13T17:33:42.3810000+08:00|Change|4000149E|ModelStatus|16384|PosZ|0.0300|71959a4fd6489561
261|2025-12-13T17:33:42.3810000+08:00|Change|4000149C|ModelStatus|16384|PosZ|0.0300|1f7e79e0dbf9dd53
261|2025-12-13T17:33:42.3810000+08:00|Change|400014A1|ModelStatus|16384|PosZ|0.0300|5fa9e1c7fab95560
261|2025-12-13T17:33:42.3810000+08:00|Change|400014A0|ModelStatus|16384|PosZ|0.0300|a0b4cc519d9a5622
261|2025-12-13T17:33:42.3810000+08:00|Change|400014A3|ModelStatus|16384|PosZ|0.0300|5185cc2510f34b76
261|2025-12-13T17:33:42.3810000+08:00|Change|400014A2|ModelStatus|16384|PosZ|0.0300|56ccd1db4697880f
261|2025-12-13T17:33:42.3810000+08:00|Change|400014A4|ModelStatus|16384|PosZ|0.0300|97d109f02c42a6f6
261|2025-12-13T17:33:42.3810000+08:00|Change|4000149F|ModelStatus|16384|PosZ|0.0300|9432e658618ff702
261|2025-12-13T17:33:42.4850000+08:00|Change|400014A5|ModelStatus|16384|92142a4d3e2f95ef
261|2025-12-13T17:33:42.4850000+08:00|Change|400014A8|ModelStatus|16384|e31168bd1468c9c2
261|2025-12-13T17:33:42.4850000+08:00|Change|400014AA|ModelStatus|16384|379e63627d04127e
261|2025-12-13T17:33:42.4850000+08:00|Change|400014A6|ModelStatus|16384|adfaf1e05624c024
261|2025-12-13T17:33:42.4850000+08:00|Change|400014A7|ModelStatus|16384|778826a7ea825921
261|2025-12-13T17:33:42.4850000+08:00|Change|400014A9|ModelStatus|16384|4dc63fea548e1a1c
261|2025-12-13T17:33:42.4850000+08:00|Change|400014AE|ModelStatus|0|29fa81fa738f95d3
261|2025-12-13T17:33:42.4850000+08:00|Change|400014AF|ModelStatus|0|a176e52fa9bb67b0
261|2025-12-13T17:33:42.4850000+08:00|Change|400014B0|ModelStatus|0|afb9fc7063c080c1
261|2025-12-13T17:33:42.4850000+08:00|Change|400014AC|ModelStatus|16384|31b925dd275f3b86
261|2025-12-13T17:33:42.4850000+08:00|Change|400014AB|ModelStatus|16384|a1456b5301d23012
261|2025-12-13T17:33:42.4850000+08:00|Change|400014AD|ModelStatus|16384|836364ec5a1acfdd
261|2025-12-13T17:33:42.4850000+08:00|Change|400014B5|ModelStatus|0|21bbc1391da4fbf4
261|2025-12-13T17:33:42.4850000+08:00|Change|400014B4|ModelStatus|0|4bb076df23c3bef2
261|2025-12-13T17:33:42.4850000+08:00|Change|400014B6|ModelStatus|0|46567023142c9330
261|2025-12-13T17:33:42.5760000+08:00|Change|400014BB|ModelStatus|0|69fa4deb5c67db12
261|2025-12-13T17:33:42.5760000+08:00|Change|400014BC|ModelStatus|0|88722099ff36b4d5
261|2025-12-13T17:33:42.5760000+08:00|Change|400014BA|ModelStatus|0|12dbedfd8af64cbe
261|2025-12-13T17:33:42.5760000+08:00|Change|400014BE|ModelStatus|0|0a8555c007cc5cfd
261|2025-12-13T17:33:42.5760000+08:00|Change|400014BF|ModelStatus|0|ed4e11856feebfbc
261|2025-12-13T17:33:42.5760000+08:00|Change|400014BD|ModelStatus|0|0ee13954ece77bf5
261|2025-12-13T17:33:42.5760000+08:00|Change|400014C5|ModelStatus|0|541682a65ed61735
261|2025-12-13T17:33:42.5760000+08:00|Change|400014C3|ModelStatus|0|acce140d4d5b30de
261|2025-12-13T17:33:42.5760000+08:00|Change|400014C4|ModelStatus|0|7818a851ee48cf4c
261|2025-12-13T17:33:44.7700000+08:00|Change|40001499|ModelStatus|16384|PosZ|0.0300|f5d1c844850d6120
261|2025-12-13T17:33:44.7700000+08:00|Change|4000149B|ModelStatus|16384|PosZ|0.0300|00399d7bb5715c05
261|2025-12-13T17:33:44.7700000+08:00|Change|4000149A|ModelStatus|16384|PosZ|0.0300|118c345338033394
33|2025-12-13T17:33:48.3300000+08:00|80034E79|40000006|DCA|00|00|00|fba4cb33b420776a
261|2025-12-13T17:33:47.6490000+08:00|Change|40001498|ModelStatus|256|c822f08be0976466
253|2025-12-13T17:42:51.0868095+08:00|FFXIV_ACT_Plugin Version: 2.7.4.6 (50BCD605C50A749F)|251711a2a64521bf
249|2025-12-13T17:42:51.0868095+08:00|Selected Language ID: Chinese, Disable Damage Shield: False, Disable Combine Pets: False, Parse Filter: Party, DoTCrits: False, RealDoTs: False|c809a2a00a7cf2c0
249|2025-12-13T17:42:51.0868095+08:00|Selected Process ID: 0, Dump All Network Data: False, Disable Combat Log: False|3a4fd93c311dcace
253|2025-12-13T18:10:44.1123231+08:00|FFXIV_ACT_Plugin Version: 2.7.4.6 (50BCD605C50A749F)|49e8812d877b8172
249|2025-12-13T18:10:44.1123231+08:00|Selected Language ID: Chinese, Disable Damage Shield: False, Disable Combine Pets: False, Parse Filter: Party, DoTCrits: False, RealDoTs: False|b888693874f444b6
249|2025-12-13T18:10:44.1123231+08:00|Selected Process ID: 0, Dump All Network Data: False, Disable Combat Log: False|9dbd78ea96acb4f3
253|2025-12-13T18:32:19.4687413+08:00|FFXIV_ACT_Plugin Version: 2.7.4.6 (50BCD605C50A749F)|b2d2c0ed5b34ae79
249|2025-12-13T18:32:19.4687413+08:00|Selected Language ID: Chinese, Disable Damage Shield: False, Disable Combine Pets: False, Parse Filter: Party, DoTCrits: False, RealDoTs: False|66471b1e427b1ffc
249|2025-12-13T18:32:19.4687413+08:00|Selected Process ID: 0, Dump All Network Data: False, Disable Combat Log: False|a188600708fb6642
253|2025-12-13T18:46:49.8744365+08:00|FFXIV_ACT_Plugin Version: 2.7.4.6 (50BCD605C50A749F)|ff1e99a2d143612c
249|2025-12-13T18:46:49.8744365+08:00|Selected Language ID: Chinese, Disable Damage Shield: False, Disable Combine Pets: False, Parse Filter: Party, DoTCrits: False, RealDoTs: False|cded161fb902f092
249|2025-12-13T18:46:49.8744365+08:00|Selected Process ID: 0, Dump All Network Data: False, Disable Combat Log: False|b096597dba66ca45
253|2025-12-13T18:49:26.6552624+08:00|FFXIV_ACT_Plugin Version: 2.7.4.6 (50BCD605C50A749F)|3be9cebf294649ee
249|2025-12-13T18:49:26.6552624+08:00|Selected Language ID: Chinese, Disable Damage Shield: False, Disable Combine Pets: False, Parse Filter: Party, DoTCrits: False, RealDoTs: False|869512326bbcfdb0
249|2025-12-13T18:49:26.6552624+08:00|Selected Process ID: 0, Dump All Network Data: False, Disable Combat Log: False|dce2d52f642fce6d
253|2025-12-13T19:18:25.4993844+08:00|FFXIV_ACT_Plugin Version: 2.7.4.6 (50BCD605C50A749F)|9787b248b19bf8f6
249|2025-12-13T19:18:25.4993844+08:00|Selected Language ID: Chinese, Disable Damage Shield: False, Disable Combine Pets: False, Parse Filter: Party, DoTCrits: False, RealDoTs: False|bf37a68f0f265dac
249|2025-12-13T19:18:25.4993844+08:00|Selected Process ID: 0, Dump All Network Data: False, Disable Combat Log: False|0481601c0940cee0
253|2025-12-13T19:19:38.8382998+08:00|FFXIV_ACT_Plugin Version: 2.7.4.6 (50BCD605C50A749F)|118f42a4e3c1af41
249|2025-12-13T19:19:38.8382998+08:00|Selected Language ID: Chinese, Disable Damage Shield: False, Disable Combine Pets: False, Parse Filter: Party, DoTCrits: False, RealDoTs: False|147fdee5d154b003
249|2025-12-13T19:19:38.8382998+08:00|Selected Process ID: 0, Dump All Network Data: False, Disable Combat Log: False|0b3724001a8caa84
