253|2025-12-15T21:00:52.0786006+08:00|FFXIV_ACT_Plugin Version: 2.7.4.6 (50BCD605C50A749F)|20770695ac223978
251|2025-12-15T21:00:52.0786006+08:00|Process ffxiv_dx11 (29852) 最终幻想XIV started on 2025/12/15 21:00:26 Found, Verifying.|93a76583708ba48a
251|2025-12-15T21:00:52.0786006+08:00|Found possible FFXIV process 29852 with version file C:\WeGameApps\rail_apps\ffxiv(2000340)\game\ffxivgame.ver.|1f38514439c26ec7
251|2025-12-15T21:00:52.0786006+08:00|Process ffxiv_dx11 (29852) Verified.|84513442109a6625
249|2025-12-15T21:00:52.0786006+08:00|Selected Language ID: Chinese, Disable Damage Shield: False, Disable Combine Pets: False, Parse Filter: Party, DoTCrits: False, RealDoTs: False|c8314052636bf0c6
249|2025-12-15T21:00:52.0786006+08:00|Selected Process ID: 0, Dump All Network Data: False, Disable Combat Log: False|818c283d962d78f4
251|2025-12-15T21:00:52.0786006+08:00|Process ffxiv_dx11 (29852) 最终幻想XIV started on 2025/12/15 21:00:26 Found, Verifying.|01d6ff7fe6cf3387
251|2025-12-15T21:00:52.0786006+08:00|Found possible FFXIV process 29852 with version file C:\WeGameApps\rail_apps\ffxiv(2000340)\game\ffxivgame.ver.|f0148b8dec013c27
251|2025-12-15T21:00:52.0786006+08:00|Process ffxiv_dx11 (29852) Verified.|01d58822f97e4d26
251|2025-12-15T21:00:52.0786006+08:00|Found Signature [PartyList] at offset [027356E0]|030c48903cd4f9c7
251|2025-12-15T21:00:52.0786006+08:00|Found Signature [MobArray] at offset [0272FD30]|719a7c2d439a1e62
251|2025-12-15T21:00:52.0786006+08:00|Found Signature [ChatLog] at offset [02060D40]|370823ddcef819ec
251|2025-12-15T21:00:52.0786006+08:00|Found Signature [Player] at offset [0294C758]|8a5c64e2dbf9cff0
251|2025-12-15T21:00:52.0786006+08:00|Found Signature [ServerTime] at offset [0277C080]|647956ac0cf65906
251|2025-12-15T21:00:52.0786006+08:00|Found Signature [MapID] at offset [027354F4]|d1fb4e534b93d514
251|2025-12-15T21:00:52.0786006+08:00|Found Signature [ZoneID] at offset [0291D4D8]|e8e8baf57b6ebf84
251|2025-12-15T21:00:52.0786006+08:00|Found VTable for [ChatLog] at address [188444331F0]|17dad2971b9ba18d
251|2025-12-15T21:00:52.0786006+08:00|DeucalionInjector: Successfully injected Deucalion dll into process id 29852.|e49f8d6fb9deb0f9
251|2025-12-15T21:00:52.0786006+08:00|DeucalionClient: Debug Channel 9000 Opcode Debug message: SERVER HELLO. VERSION: 1.4.0. HOOK STATUS: RECV ON. SEND ON. SEND_LOBBY ON. CREATE_TARGET ON.|6eb0b69fe066e8ed
250|2025-12-15T21:00:52.0786006+08:00|Detected Process ID: 29852, Client Mode: FFXIV_64, IsAdmin: True, Game Version: 2025.10.23.0000.0000|a461ae54f63a481c
251|2025-12-15T21:00:52.0786006+08:00|DeucalionClient: Debug Channel Lobby Opcode Debug message: Packet filters set: 0b00010010|9965543ca2c2eba8
251|2025-12-15T21:00:52.0786006+08:00|DeucalionClient: Debug Channel 9000 Opcode Debug message: CHANGED NICKNAME: FFXIV_ACT_Plugin (subscriber 0)|4ae1818b52be1509
42|2025-12-15T21:02:01.8590000+08:00|10533299||0|0|0|624ff6503c1d67eb
31|2025-12-15T21:02:02.3050000+08:00|10533299|17|00|00|00|7ef5a78833319ebb
01|2025-12-15T21:02:05.1530000+08:00|84|格里达尼亚新街|d81c57ef83d0e816
40|2025-12-15T21:02:05.1530000+08:00|2|黑衣森林|格里达尼亚新街||b65e446cbad46119
02|2025-12-15T21:02:05.1530000+08:00|10533299|小祥客服|976ed8447e956f8a
03|2025-12-15T21:02:05.1530000+08:00|10533299|小祥客服|17|64|0000|434|BaiJinHuanXiang|0|0|102295|102295|10000|10000|||53.64|51.08|-1.28|2.56|b10ce5c0e3281bf0
03|2025-12-15T21:02:05.1530000+08:00|105352E4|Euridy|1E|64|0000|434|BaiJinHuanXiang|0|0|146060|146060|10000|10000|||40.48|33.88|1.20|-2.06|ec4bed61f1193ef3
03|2025-12-15T21:02:05.1530000+08:00|10533C1A|皮卡秋却却|1F|64|0000|434|BaiJinHuanXiang|0|0|153797|153797|10000|10000|||39.90|31.71|1.20|-1.72|e0a8d4312fb67e33
03|2025-12-15T21:02:05.1530000+08:00|105347B6|幻灯机械|22|64|0000|493|ShenQuanHen|0|0|156575|156575|10000|10000|||42.35|30.93|5.87|-1.47|8b82fcbcac542a67
03|2025-12-15T21:02:05.1530000+08:00|1053521D|Hernia|21|64|0000|434|BaiJinHuanXiang|0|0|132094|132094|10000|10000|||40.59|34.71|1.20|-2.06|60ee484cfdc97c51
03|2025-12-15T21:02:05.1530000+08:00|105352EC|果汁芝士|2A|64|0000|4B1|HongChaChuan2|0|0|137693|137693|10000|10000|||37.82|35.34|1.20|-2.16|e70640204111f1c3
03|2025-12-15T21:02:05.1530000+08:00|105352EF|战鸮|1C|64|0000|412|LaNuoXiYa|0|0|154579|154579|10000|10000|||40.59|34.71|1.20|-2.06|4a8996946d30ac32
03|2025-12-15T21:02:05.1530000+08:00|1053118C|东方月初'|19|64|0000|499|HaiMaoChaWu|0|0|95312|95312|10000|10000|||37.71|36.52|1.20|-2.71|c8cbb6517591893d
03|2025-12-15T21:02:05.1530000+08:00|10535013|Skanzn|1E|64|0000|4B1|HongChaChuan2|0|0|142810|142810|10000|10000|||41.51|45.41|1.24|-2.52|e698c66c2166280c
03|2025-12-15T21:02:05.1530000+08:00|10533B23|青嘉|1C|64|0000|434|BaiJinHuanXiang|0|0|128874|128874|10000|10000|||36.29|43.49|1.31|-1.34|237787b3980b0ef5
03|2025-12-15T21:02:05.1530000+08:00|1042BD17|阿娜娜|0F|5E|0000|434|BaiJinHuanXiang|0|0|2257|2257|0|10000|||43.29|27.02|1.70|-1.43|417d987fb421ae5f
03|2025-12-15T21:02:05.1530000+08:00|10535043|Phelia|19|64|0000|496|WoXianXiRan|0|0|128513|128513|10000|10000|||46.28|45.73|-2.81|0.80|a3bbbc538d3401fc
03|2025-12-15T21:02:05.1530000+08:00|103FBBC5|裴煜|1F|64|0000|434|BaiJinHuanXiang|0|0|152562|152562|10000|10000|||8.44|20.55|-1.33|-1.81|315f7f2fd67089f7
03|2025-12-15T21:02:05.1530000+08:00|10507A4F|恋妹癖|23|48|0000|434|BaiJinHuanXiang|0|0|11380|11380|10000|10000|||29.66|31.20|2.20|1.70|2fc7248ed21d588f
03|2025-12-15T21:02:05.1530000+08:00|10534655|Omi|29|64|0000|434|BaiJinHuanXiang|0|0|152652|152652|10000|10000|||28.66|40.13|1.20|-2.51|14b7641e703ca74b
03|2025-12-15T21:02:05.1530000+08:00|10533C37|无情夜行|28|64|0000|439|ShenYiZhiDi|0|0|79660|79660|10000|10000|||33.77|41.99|2.07|-3.00|26752b8a7f009b8c
03|2025-12-15T21:02:05.1530000+08:00|105352A2|薛殃|27|64|0000|48F|HongYuHai|0|0|143752|143752|10000|10000|||22.26|32.97|1.17|-2.00|e6ce675903e247d3
03|2025-12-15T21:02:05.1530000+08:00|10535007|污血绝志竟成|20|64|0000|49A|RouFengHaiWan|0|0|212559|212559|10000|10000|||32.48|38.59|1.20|2.96|c0f5cdd2a7a26657
03|2025-12-15T21:02:05.1530000+08:00|10530A19|铁棍|26|64|0000|434|BaiJinHuanXiang|0|0|152472|152472|10000|10000|||80.49|27.18|10.72|-1.40|883cdec729dd6505
03|2025-12-15T21:02:05.1530000+08:00|10535243|昔卡历|13|64|0000|493|ShenQuanHen|0|0|228254|228254|10000|10000|||24.24|31.37|1.20|0.65|c63711c38f5cd60c
03|2025-12-15T21:02:05.1530000+08:00|10532F06|旅行棕熊|20|64|0000|48E|Longchaoshendian|0|0|210796|210796|10000|10000|||23.96|32.15|1.20|2.11|6f07b245d8ad5c97
03|2025-12-15T21:02:05.1530000+08:00|10532CE7|·光之战士·|22|64|0000|434|BaiJinHuanXiang|0|0|157508|157508|10000|10000|||24.44|32.74|1.20|2.77|8c55c0c94609c165
03|2025-12-15T21:02:05.1530000+08:00|105351E2|盖烏斯巴埃萨|20|50|0000|49B|HuPoYuan|0|0|39853|39853|10000|10000|||25.32|32.23|1.20|-2.19|f5cbb6b14faa7fdd
03|2025-12-15T21:02:05.1530000+08:00|10534316|艾默狸克|18|41|0000|498|MengYuBaoJing|0|0|10887|10887|10000|10000|||24.25|36.68|1.70|2.23|a89d01d5c80a804d
03|2025-12-15T21:02:05.1530000+08:00|1052DD9B|Aeoian|1E|5F|0000|434|BaiJinHuanXiang|0|0|76295|76295|10000|10000|||10.00|21.46|-0.67|1.75|d81067f81c1e1722
03|2025-12-15T21:02:05.1530000+08:00|105351E3|鸢霖不欧吖|11|64|0000|434|BaiJinHuanXiang|0|0|41655|41655|0|10000|||-6.75|31.97|-3.77|-2.12|2f1dde4a14fcbbd0
03|2025-12-15T21:02:05.1530000+08:00|105350D6|異世界情緒|29|64|0000|434|BaiJinHuanXiang|0|0|149461|149461|10000|10000|||-15.46|-2.52|3.83|0.41|211af0875a233ef3
03|2025-12-15T21:02:05.1530000+08:00|10526E24|暮暮暮暮十岁|18|64|0000|434|BaiJinHuanXiang|0|0|109008|109008|10000|10000|||31.78|37.67|1.20|2.96|454b52a1bba5c43b
12|2025-12-15T21:02:05.1530000+08:00|23|399|3427|3699|374|350|440|3427|1127|1588|374|350|1917|749|420|420|40000BE01CDF89|5bac4097c98e07ed
03|2025-12-15T21:02:06.0740000+08:00|105352F4|月坠天明|18|64|0000|434|BaiJinHuanXiang|0|0|102807|102807|10000|10000|||40.97|32.07|1.20|-2.06|40eb4eaee8d907ca
39|2025-12-15T21:02:08.2600000+08:00|10526E24|暮暮暮暮十岁|109008|109008|10000|10000|||28.91|30.10|1.94|-2.55|601701f0ae9c98e1
42|2025-12-15T21:02:10.9380000+08:00|10533299|小祥客服|0|0|0|59e248bc8d13a565
21|2025-12-15T21:02:11.0720000+08:00|10526E24|暮暮暮暮十岁|9090|以太变移|10526E24|暮暮暮暮十岁|0|0|0|0|0|0|0|0|0|0|0|0|0|0|0|0|109008|109008|10000|10000|||13.74|22.37|0.68|-1.82|109008|109008|10000|10000|||13.74|22.37|0.68|-1.82|00017244|0|1|00||01|9090|9090|0.700|3600|3f73e63ea518b95c
39|2025-12-15T21:02:11.2940000+08:00|10526E24|暮暮暮暮十岁|109008|109008|10000|10000|||12.83|22.15|0.46|-1.82|7afdd10e565d2403
03|2025-12-15T21:02:12.1900000+08:00|10535084|和泉守兼定·|27|64|0000|434|BaiJinHuanXiang|0|0|125301|125301|10000|10000|||44.06|44.75|1.28|-2.78|591a6a0d0cd66d0d
04|2025-12-15T21:02:13.4400000+08:00|103FBBC5|裴煜|1F|64|0000|434|BaiJinHuanXiang|0|0|152562|152562|10000|10000|||-52.81|11.06|-3.04|-1.65|e8c24b57fd861085
39|2025-12-15T21:02:14.2730000+08:00|10526E24|暮暮暮暮十岁|109008|109008|10000|10000|||-11.00|16.18|-3.36|-1.82|f1f1b1bbea9f2133
04|2025-12-15T21:02:13.7710000+08:00|10535013|Skanzn|1E|64|0000|4B1|HongChaChuan2|0|0|142810|142810|10000|10000|||41.51|45.41|1.24|-2.52|54a1c32c8c11b7c7
38|2025-12-15T21:02:15.5150000+08:00|10535084|和泉守兼定·|00646427|121418|121418|10000|10000|0||44.06|44.75|1.28|-2.78|0|0|0|a1656237377303aa
03|2025-12-15T21:02:15.3420000+08:00|105352F4|月坠天明|16|64|0000|434|BaiJinHuanXiang|0|0|102807|102807|10000|10000|||40.97|32.06|1.20|-2.06|129a7bb2d89fbe9d
38|2025-12-15T21:02:15.8260000+08:00|105352F4|月坠天明|00646416|102807|125210|10000|10000|0||40.97|32.06|1.20|-2.06|0|0|0|14016A|41F00000|E0000000|e84b7fd30789c857
39|2025-12-15T21:02:17.2870000+08:00|10526E24|暮暮暮暮十岁|109008|109008|10000|10000|||-33.01|11.58|-3.22|-1.68|05a217f1e413bf4c
39|2025-12-15T21:02:18.4830000+08:00|105352F4|月坠天明|115328|125210|10000|10000|||40.97|32.06|1.20|-2.06|f8ab7ffd9ef18fc1
39|2025-12-15T21:02:20.3010000+08:00|10526E24|暮暮暮暮十岁|109008|109008|10000|10000|||-48.17|9.96|-4.04|-1.68|df0fcca8a88330aa
39|2025-12-15T21:02:21.4990000+08:00|105352F4|月坠天明|125210|125210|10000|10000|||40.97|32.06|1.20|-2.06|c75e28aea072660a
39|2025-12-15T21:02:23.2740000+08:00|10526E24|暮暮暮暮十岁|109008|109008|10000|10000|||-51.99|10.30|-3.25|-1.29|456c38bac694edfb
04|2025-12-15T21:02:23.0760000+08:00|10526E24|暮暮暮暮十岁|18|64|0000|434|BaiJinHuanXiang|0|0|109008|109008|10000|10000|||-51.99|10.30|-3.25|-1.29|5ce7b3dc95b9b877
04|2025-12-15T21:02:30.3020000+08:00|105352F4|月坠天明|16|64|0000|434|BaiJinHuanXiang|0|0|125210|125210|10000|10000|||40.97|32.06|1.20|-2.06|f85d946cd9d9aed6
20|2025-12-15T21:02:35.9550000+08:00|105352EC|果汁芝士|05|传送|105352EC|果汁芝士|5.000|37.82|35.34|1.20|-2.16|392a2915c8557ca6
21|2025-12-15T21:02:40.4440000+08:00|105352EC|果汁芝士|05|传送|105352EC|果汁芝士|3D|2810000|1B|58000|0|0|0|0|0|0|0|0|0|0|0|0|137693|137693|10000|10000|||37.82|35.34|1.20|-2.16|137693|137693|10000|10000|||37.82|35.34|1.20|-2.16|00017246|0|1|00||01|05|05|2.100|2825|36491854356fbe62
04|2025-12-15T21:02:41.5380000+08:00|105352EC|果汁芝士|2A|64|0000|4B1|HongChaChuan2|0|0|137693|137693|10000|10000|||37.82|35.34|1.20|-2.16|aed55fddd184bfc3
21|2025-12-15T21:02:44.8330000+08:00|105351E3|鸢霖不欧吖|03|冲刺|105351E3|鸢霖不欧吖|1E00000E|320000|0|0|0|0|0|0|0|0|0|0|0|0|0|0|41655|41655|0|10000|||-6.75|31.97|-3.77|-2.12|41655|41655|0|10000|||-6.75|31.97|-3.77|-2.12|00017247|0|1|00||01|03|03|0.600|814C|1207ae4ff88ab1fa
37|2025-12-15T21:02:44.9650000+08:00|105351E3|鸢霖不欧吖|00017247|41655|41655|971|10000|0||-6.75|31.97|-3.77|0.03|1100|0|0|01|04000032|1E|41A00000|105351E3|44a44b08b58ab220
26|2025-12-15T21:02:44.9650000+08:00|32|冲刺|20.00|105351E3|鸢霖不欧吖|105351E3|鸢霖不欧吖|1E|41655|41655|8e3cbe9fcb3f3e97
03|2025-12-15T21:02:46.7030000+08:00|10388AF2|光与影交织|10|5C|0000|434|BaiJinHuanXiang|0|0|17957|17957|0|10000|||29.62|22.97|1.20|0.47|808201f88fd372b9
03|2025-12-15T21:02:48.2720000+08:00|105352FE|错|28|64|0000|498|MengYuBaoJing|0|0|141124|141124|10000|10000|||31.37|39.07|1.20|2.96|f8d6f6f63dbedc56
39|2025-12-15T21:02:52.9070000+08:00|10388AF2|光与影交织|17957|17957|0|10000|||29.59|22.96|1.20|0.47|8d311ed776432731
00|2025-12-15T21:02:53.0000000+08:00|0039||已将参加条件设置为如下内容：|7cc8fd7b3c3d33e3
00|2025-12-15T21:02:53.0000000+08:00|0039||自由探索。|bf26dc5abe119e10
03|2025-12-15T21:02:54.0820000+08:00|1007E63F|崔思痛|1F|64|0000|434|BaiJinHuanXiang|0|0|128422|128422|10000|10000|||28.35|93.44|-8.00|0.80|cc310ada4ea45934
03|2025-12-15T21:02:54.4810000+08:00|10535123|特维莱特|23|64|0000|48F|HongYuHai|0|0|129355|129355|10000|10000|||41.90|33.41|1.20|-2.06|5fc1fea5f24d5748
39|2025-12-15T21:02:55.8910000+08:00|10388AF2|光与影交织|17957|17957|0|10000|||29.59|22.96|1.20|0.47|d2a20983386d2f44
03|2025-12-15T21:02:56.1850000+08:00|10534EFD|小瓜神|13|64|0000|434|BaiJinHuanXiang|0|0|223137|223137|10000|10000|||32.12|37.85|1.20|2.96|61c78a29f1c6cf8d
39|2025-12-15T21:02:58.8870000+08:00|10388AF2|光与影交织|17957|17957|0|10000|||29.59|22.96|1.20|0.47|ae488f54870a0828
39|2025-12-15T21:03:00.3930000+08:00|1007E63F|崔思痛|128422|128422|10000|10000|||28.34|93.43|-8.00|0.80|795354a42f60abce
39|2025-12-15T21:03:01.9030000+08:00|10388AF2|光与影交织|17957|17957|0|10000|||29.59|22.96|1.20|0.47|aeac5594a8d93bef
39|2025-12-15T21:03:02.2140000+08:00|10534EFD|小瓜神|223137|223137|10000|10000|||35.17|39.18|1.20|0.75|77c1038a81a1b8f0
20|2025-12-15T21:03:02.3500000+08:00|105352FE|错|05|传送|105352FE|错|5.000|31.36|39.05|1.20|2.96|8e5cab28f1858ed0
03|2025-12-15T21:03:02.6540000+08:00|104F2793|凌宫月|1E|64|0000|434|BaiJinHuanXiang|0|0|147475|147475|10000|10000|||40.00|32.48|1.20|-2.06|1bcc3e15273cd181
39|2025-12-15T21:03:03.4150000+08:00|1007E63F|崔思痛|128422|128422|10000|10000|||28.34|93.43|-8.00|0.80|0bfcdbebde84c34e
39|2025-12-15T21:03:04.8800000+08:00|10388AF2|光与影交织|17957|17957|0|10000|||29.59|22.96|1.20|0.47|0b521fe6e0c46ff7
38|2025-12-15T21:03:04.9250000+08:00|105351E3|鸢霖不欧吖|00646411|41655|41655|971|971|0||-34.91|2.55|-6.24|-2.40|0|0|0|0A0165|41F00000|E0000000|0A0168|41F00000|E0000000|D9|0|105351E3|0100DD|0|105351E3|141071|0|105351E3|358ea93ec9cb59a1
26|2025-12-15T21:03:04.9250000+08:00|D9|三角测量|9999.00|105351E3|鸢霖不欧吖|105351E3|鸢霖不欧吖|00|41655|41655|5a5ee7383ab81988
26|2025-12-15T21:03:04.9250000+08:00|DD|丛林之相|9999.00|105351E3|鸢霖不欧吖|105351E3|鸢霖不欧吖|01|41655|41655|1344d79564bd9435
30|2025-12-15T21:03:04.9250000+08:00|32|冲刺|0.00|105351E3|鸢霖不欧吖|105351E3|鸢霖不欧吖|1E|41655|41655|6e036496c0d2a10d
26|2025-12-15T21:03:04.9250000+08:00|1071|慢跑|9999.00|105351E3|鸢霖不欧吖|105351E3|鸢霖不欧吖|14|41655|41655|a67c1217dc1866bb
38|2025-12-15T21:03:04.9250000+08:00|105351E3|鸢霖不欧吖|00646411|41655|41655|971|971|0||-34.91|2.55|-6.24|-2.40|0|0|0|0A0165|41F00000|E0000000|0A0168|41F00000|E0000000|D9|0|105351E3|0100DD|0|105351E3|141071|0|105351E3|d9b388a881a0bd17
39|2025-12-15T21:03:05.2350000+08:00|10534EFD|小瓜神|223137|223137|10000|10000|||43.23|50.83|-0.14|0.67|105ab4a1092ff79a
39|2025-12-15T21:03:06.3890000+08:00|1007E63F|崔思痛|128422|128422|10000|10000|||28.34|93.43|-8.00|0.80|87a43a753bfaba42
21|2025-12-15T21:03:06.8350000+08:00|105352FE|错|05|传送|105352FE|错|3D|3D30000|1B|58000|0|0|0|0|0|0|0|0|0|0|0|0|141124|141124|10000|10000|||31.36|39.05|1.20|2.96|141124|141124|10000|10000|||31.36|39.05|1.20|2.96|00017248|0|1|00||01|05|05|2.100|F877|3960ba7ac4029f25
00|2025-12-15T21:03:06.0000000+08:00|0039||已将参加条件设置为如下内容：|7eb7a17fdf08a575
00|2025-12-15T21:03:06.0000000+08:00|0039||解除限制。|a3f180d6fe96d8f0
39|2025-12-15T21:03:07.9020000+08:00|10388AF2|光与影交织|17957|17957|0|10000|||29.59|22.96|1.20|0.47|ce5e74032053cd9b
39|2025-12-15T21:03:08.2220000+08:00|10534EFD|小瓜神|223137|223137|10000|10000|||47.95|58.94|-1.60|0.47|3330221eac4f816b
04|2025-12-15T21:03:07.8210000+08:00|105352FE|错|28|64|0000|498|MengYuBaoJing|0|0|141124|141124|10000|10000|||31.36|39.05|1.20|2.96|569eb53606dfdd04
39|2025-12-15T21:03:08.8380000+08:00|104F2793|凌宫月|147475|147475|10000|10000|||40.00|32.48|1.20|-2.06|dd7793be384999cf
39|2025-12-15T21:03:09.3730000+08:00|1007E63F|崔思痛|128422|128422|10000|10000|||34.86|99.36|-8.00|1.17|1839dec7e57919e9
00|2025-12-15T21:03:09.0000000+08:00|0039||已将参加条件设置为如下内容：|d63d2f7547de8bb5
00|2025-12-15T21:03:09.0000000+08:00|0039||未设置|4ca83cfd4fd0685e
03|2025-12-15T21:03:09.4340000+08:00|1050901A|红颜若雪|23|64|0000|493|ShenQuanHen|0|0|129355|129355|10000|10000|||24.51|32.00|1.20|1.70|b562a9a05314843f
39|2025-12-15T21:03:10.8900000+08:00|10388AF2|光与影交织|17957|17957|0|10000|||29.59|22.96|1.20|0.47|7dc1c9719b6990e8
38|2025-12-15T21:03:11.0230000+08:00|1052E19B||00646413|241713|241713|10000|10000|0||||||0|0|0|4F|0|1052E19B|3896ed3f85396f12
03|2025-12-15T21:03:10.5610000+08:00|1052E19B|蚳蛊蛱杀|13|64|0000|434|BaiJinHuanXiang|0|0|241713|241713|10000|10000|||42.15|30.06|5.88|-1.42|012e4eeaf7aaf919
39|2025-12-15T21:03:11.2450000+08:00|10534EFD|小瓜神|223137|223137|10000|10000|||57.41|73.95|-0.50|0.52|d6fd88fa6818e79e
39|2025-12-15T21:03:11.8700000+08:00|104F2793|凌宫月|147475|147475|10000|10000|||40.00|32.48|1.20|-2.06|8bc61857e980a424
39|2025-12-15T21:03:12.4020000+08:00|1007E63F|崔思痛|128422|128422|10000|10000|||51.80|102.27|-8.05|1.48|6b625ad1eb778058
00|2025-12-15T21:03:11.0000000+08:00|0039||已将参加条件设置为如下内容：|65d71db778cfac4d
00|2025-12-15T21:03:11.0000000+08:00|0039||解除限制。|083e9c84900901da
04|2025-12-15T21:03:12.2740000+08:00|10388AF2|光与影交织|10|5C|0000|434|BaiJinHuanXiang|0|0|17957|17957|0|10000|||29.59|22.96|1.20|0.47|f4032cbf949350fb
38|2025-12-15T21:03:13.9600000+08:00|1052E19B|蚳蛊蛱杀|00646413|231909|231909|10000|10000|0||42.15|30.06|5.88|-1.42|0|0|0|4F|0|1052E19B|07294027e3f61ece
26|2025-12-15T21:03:13.9600000+08:00|4F|钢铁信念|9999.00|1052E19B|蚳蛊蛱杀|1052E19B|蚳蛊蛱杀|00|241713|241713|63c069742548c091
39|2025-12-15T21:03:14.2260000+08:00|10534EFD|小瓜神|223137|223137|10000|10000|||59.24|89.46|-4.87|-0.48|54d19cf63141fd6f
38|2025-12-15T21:03:14.2260000+08:00|10535309||00646429|171254|171254|10000|10000|0||||||0|0|0|a8827019ad9eedb2
03|2025-12-15T21:03:13.7490000+08:00|10535309|晓魚|29|64|0000|434|BaiJinHuanXiang|0|0|171254|171254|10000|10000|||41.59|32.43|1.20|-2.06|6ecac6bcc55fa3e6
39|2025-12-15T21:03:14.8500000+08:00|104F2793|凌宫月|147475|147475|10000|10000|||40.00|32.48|1.20|-2.06|a0843c28fa3f2f44
39|2025-12-15T21:03:15.3840000+08:00|1007E63F|崔思痛|128422|128422|10000|10000|||69.93|101.07|-6.76|1.66|39d71bef02f057df
38|2025-12-15T21:03:16.4070000+08:00|10534EFD|小瓜神|00646421|131131|131131|10000|10000|0||51.43|99.45|-8.06|-0.66|0|0|0|0|0|0|28D40031|458BFCAB|1082DC77|9b7c32333e70190c
26|2025-12-15T21:03:16.4070000+08:00|31|强化药|4479.58|1082DC77||10534EFD|小瓜神|28D4|223137||acd4907f37d32e1e
38|2025-12-15T21:03:16.4100000+08:00|10534EFD|小瓜神|00646421|131131|131131|10000|10000|0||51.43|99.45|-8.06|-0.66|0|0|0|0|0|0|28D40031|458BFC4D|1082DC77|0687d9751d6413bd
03|2025-12-15T21:03:16.0100000+08:00|10534EFD|小瓜神|21|64|0000|434|BaiJinHuanXiang|0|0|131131|131131|10000|10000|||51.16|99.80|-8.05|-0.64|27bbe4e181773161
26|2025-12-15T21:03:16.0100000+08:00|31|强化药|4479.58|1082DC77||10534EFD|小瓜神|28D4|131131|0|37f49adba2e58927
31|2025-12-15T21:03:16.7200000+08:00|10533299|18|00|00|00|89cb90c96c5999d1
12|2025-12-15T21:03:16.3180000+08:00|24|245|462|4877|462|5115|760|245|420|2731|5115|5115|1911|420|1262|420|40000BE01CDF89|40484c54a027c143
38|2025-12-15T21:03:16.7200000+08:00|10533299|小祥客服|00646418|102295|137753|10000|10000|0||53.64|51.08|-1.28|2.56|0|0|0|9c09d1288bb1e27a
03|2025-12-15T21:03:16.3180000+08:00|10533299|小祥客服|18|64|0000|434|BaiJinHuanXiang|0|0|102295|137753|10000|10000|||53.64|51.08|-1.28|2.56|9c63910e2fc2bab5
00|2025-12-15T21:03:16.0000000+08:00|0039||套装“白魔法师”的装备配置更改完毕。|1c9e6f06635cfca0
00|2025-12-15T21:03:16.0000000+08:00|0839||已使用投影模板17进行武具投影。|2f4214255cbdb219
39|2025-12-15T21:03:16.8080000+08:00|10533299|小祥客服|116070|137753|10000|10000|||53.64|51.08|-1.28|2.56|e96e5debca588a71
00|2025-12-15T21:03:16.0000000+08:00|0836||小祥客服将阿泽玛花冠的外型投影到了王国传奇治愈无檐帽上。|81715e5959615256
00|2025-12-15T21:03:16.0000000+08:00|0836||小祥客服将阿泽玛纱裙的外型投影到了绿咬鹃治愈长袍上。|7834b44c47e144f0
00|2025-12-15T21:03:16.0000000+08:00|0836||小祥客服将阿泽玛臂甲的外型投影到了王国传奇治愈手套上。|7d75003822cc51b5
00|2025-12-15T21:03:16.0000000+08:00|0836||小祥客服将阿泽玛夏裤的外型投影到了雾忆治愈打底裤上。|bf29237bb177cd07
00|2025-12-15T21:03:16.0000000+08:00|0836||小祥客服将阿泽玛长靴的外型投影到了口之院治愈翘尖鞋上。|ec8c6f68c70176c5
00|2025-12-15T21:03:16.0000000+08:00|0836||小祥客服将皇帝的新耳环的外型投影到了雾忆治愈耳坠上。|0cf0fb51690b733a
00|2025-12-15T21:03:16.0000000+08:00|0836||小祥客服将皇帝的新项链的外型投影到了雾忆治愈项环上。|d920d853368fab6e
00|2025-12-15T21:03:16.0000000+08:00|0836||小祥客服将皇帝的新手镯的外型投影到了雾忆治愈手镯上。|eeb53350fc173015
00|2025-12-15T21:03:16.0000000+08:00|0836||小祥客服将皇帝的新戒指的外型投影到了黑马冠军治愈指环上。|fdaec5576882f8ad
00|2025-12-15T21:03:16.0000000+08:00|0836||小祥客服将皇帝的新戒指的外型投影到了雾忆治愈戒指上。|5e983b0e04769618
00|2025-12-15T21:03:16.0000000+08:00|0039||所选肖像已设定为个人肖像。|57d5da60baa0203a
00|2025-12-15T21:03:16.0000000+08:00|0839||小祥客服的职业转换成了“白魔法师”。|43177e1bcf530167
39|2025-12-15T21:03:17.2070000+08:00|10534EFD|小瓜神|131131|131131|10000|10000|||48.68|102.32|-8.05|-1.21|d77c456b5b714b5f
39|2025-12-15T21:03:17.8740000+08:00|104F2793|凌宫月|147475|147475|10000|10000|||40.00|32.48|1.20|-2.06|91b6f8a01cbb1fdb
39|2025-12-15T21:03:18.4090000+08:00|1007E63F|崔思痛|128422|128422|10000|10000|||78.34|105.54|-6.26|-0.14|4e5f93216180efdd
03|2025-12-15T21:03:18.3060000+08:00|10535214|櫛需一饼|1F|64|0000|434|BaiJinHuanXiang|0|0|153887|153887|10000|10000|||28.35|93.47|-8.00|0.80|6b47d27c46a3b89d
31|2025-12-15T21:03:19.3000000+08:00|10533299|15|00|00|00|f94c1f0d8b9fb8c5
38|2025-12-15T21:03:19.3000000+08:00|10533299|小祥客服|00646415|116070|243289|10000|10000|0||54.14|54.57|-1.35|0.73|0|0|0|b0e6aec7dbbb44cf
12|2025-12-15T21:03:18.9030000+08:00|21|5511|418|5963|176|240|440|5511|1230|3117|176|240|2265|420|420|1393|40000BE01CDF89|a85685304f72e213
00|2025-12-15T21:03:18.0000000+08:00|0039||套装“战士”的装备配置更改完毕。|9eb087a9db96942d
00|2025-12-15T21:03:18.0000000+08:00|0839||已使用投影模板8进行武具投影。|b37f4f86e9ae6df8
00|2025-12-15T21:03:18.0000000+08:00|0836||小祥客服将绝境天雷神斧的外型投影到了幻境巨斧·半影上。|8ea5ae334cab6345
00|2025-12-15T21:03:18.0000000+08:00|0836||小祥客服将梦幻帽的外型投影到了正派冠军御敌头戴式拾音器上。|a1c0282c8885cc73
00|2025-12-15T21:03:18.0000000+08:00|0836||小祥客服将街头外套的外型投影到了改良型王国传奇御敌胸甲上。|e3b19632e08aa33a
00|2025-12-15T21:03:18.0000000+08:00|0836||小祥客服将街头手饰的外型投影到了正派冠军御敌手套上。|9b05829c0849d101
00|2025-12-15T21:03:18.0000000+08:00|0836||小祥客服将海岛农场磨边短裤的外型投影到了正派冠军御敌衬裤上。|5cd9964a36240ed5
00|2025-12-15T21:03:18.0000000+08:00|0836||小祥客服将运动休闲运动鞋的外型投影到了改良型王国传奇御敌锁甲靴上。|1646149fef59cdfe
00|2025-12-15T21:03:18.0000000+08:00|0836||小祥客服将皇帝的新耳环的外型投影到了正派冠军御敌耳坠上。|c73f01350c291dae
00|2025-12-15T21:03:18.0000000+08:00|0836||小祥客服将皇帝的新项链的外型投影到了改良型王国传奇御敌项环上。|d689f78467dd2069
00|2025-12-15T21:03:18.0000000+08:00|0836||小祥客服将皇帝的新手镯的外型投影到了正派冠军御敌手镯上。|c203e1f8a8c98a8f
00|2025-12-15T21:03:18.0000000+08:00|0836||小祥客服将皇帝的新戒指的外型投影到了正派冠军御敌戒指上。|9a7a7e9ccb4fe215
00|2025-12-15T21:03:18.0000000+08:00|0836||小祥客服将皇帝的新戒指的外型投影到了王国传奇御敌指环上。|d6e7dff380a3b6b2
00|2025-12-15T21:03:18.0000000+08:00|0039||所选肖像已设定为个人肖像。|10e505782fcb7329
00|2025-12-15T21:03:18.0000000+08:00|0839||小祥客服的职业转换成了“战士”。|8a82602ec74dff82
03|2025-12-15T21:03:19.0240000+08:00|10533299|小祥客服|15|64|0000|434|BaiJinHuanXiang|0|0|116070|243289|10000|10000|||54.14|54.57|-1.35|0.73|8ede579df31aef64
39|2025-12-15T21:03:19.7860000+08:00|10533299|小祥客服|140398|243289|10000|10000|||54.14|54.57|-1.35|0.73|05bf65d2a8bdee54
39|2025-12-15T21:03:20.2310000+08:00|10534EFD|小瓜神|131131|131131|10000|10000|||30.40|99.97|-8.00|-1.79|882407c52ab914c0
03|2025-12-15T21:03:19.7430000+08:00|105317D8|曱甴狗|11|64|0000|434|BaiJinHuanXiang|0|0|41594|41594|0|10000|||28.46|21.65|1.20|0.47|c248647c3adc991a
38|2025-12-15T21:03:20.2320000+08:00|105317D8|曱甴狗|00646411|41594|41594|884|884|0||28.46|21.65|1.20|0.47|0|0|0|D9|0|105317D8|0200DD|0|105317D8|5a12cb662441f513
26|2025-12-15T21:03:20.2320000+08:00|D9|三角测量|9999.00|105317D8|曱甴狗|105317D8|曱甴狗|00|41594|41594|cdc9e7646cabfba1
26|2025-12-15T21:03:20.2320000+08:00|DD|丛林之相|9999.00|105317D8|曱甴狗|105317D8|曱甴狗|02|41594|41594|32ccaaeb352261a5
39|2025-12-15T21:03:20.8540000+08:00|104F2793|凌宫月|147475|147475|10000|10000|||40.00|32.48|1.20|-2.06|cd63a7297cb457d3
39|2025-12-15T21:03:21.3880000+08:00|1007E63F|崔思痛|128422|128422|10000|10000|||69.93|99.41|-6.37|-2.99|4115989ce8bedd44
39|2025-12-15T21:03:22.8130000+08:00|10533299|小祥客服|164726|243289|10000|10000|||54.14|54.57|-1.35|0.73|76b12e6010e21ec6
39|2025-12-15T21:03:23.2150000+08:00|10534EFD|小瓜神|131131|131131|10000|10000|||27.88|99.41|-8.00|-1.42|d8f8fa1fec3462e9
39|2025-12-15T21:03:23.8810000+08:00|104F2793|凌宫月|147475|147475|10000|10000|||40.00|32.48|1.20|-2.06|92d16333164454c3
39|2025-12-15T21:03:24.2370000+08:00|10535214|櫛需一饼|153887|153887|10000|10000|||28.34|93.46|-8.00|0.80|5813dfe22d60a5d0
04|2025-12-15T21:03:24.0090000+08:00|10534EFD|小瓜神|21|64|0000|434|BaiJinHuanXiang|0|0|131131|131131|10000|10000|||27.88|99.41|-8.00|-1.42|5369cc05f21e236c
39|2025-12-15T21:03:24.4150000+08:00|1007E63F|崔思痛|128422|128422|10000|10000|||65.50|81.86|-1.70|-2.83|bf5a2f00ae8622aa
39|2025-12-15T21:03:25.7930000+08:00|10533299|小祥客服|189054|243289|10000|10000|||54.14|54.57|-1.35|0.73|ad0d7abb71925b0c
39|2025-12-15T21:03:26.8610000+08:00|104F2793|凌宫月|147475|147475|10000|10000|||39.99|32.46|1.20|-2.06|1d3a211f608a7740
39|2025-12-15T21:03:27.2610000+08:00|10535214|櫛需一饼|153887|153887|10000|10000|||28.34|93.46|-8.00|0.80|aeaa9c14ea2bdda5
39|2025-12-15T21:03:27.3940000+08:00|1007E63F|崔思痛|128422|128422|10000|10000|||60.91|66.93|-0.25|-2.91|e3540e62294c202e
39|2025-12-15T21:03:28.7710000+08:00|10533299|小祥客服|213382|243289|10000|10000|||54.14|54.57|-1.35|0.73|c74da9939eb77aae
39|2025-12-15T21:03:29.8790000+08:00|104F2793|凌宫月|147475|147475|10000|10000|||39.99|32.46|1.20|-2.06|afe99b5ec6298ce2
39|2025-12-15T21:03:30.2350000+08:00|10535214|櫛需一饼|153887|153887|10000|10000|||28.34|93.46|-8.00|0.80|9ac693bb369d2656
39|2025-12-15T21:03:30.4120000+08:00|1007E63F|崔思痛|128422|128422|10000|10000|||57.47|49.78|-0.81|2.97|89303394d07f6efc
39|2025-12-15T21:03:31.7910000+08:00|10533299|小祥客服|237710|243289|10000|10000|||54.14|54.57|-1.35|0.73|fe0e63c464add9c2
39|2025-12-15T21:03:32.8580000+08:00|104F2793|凌宫月|147475|147475|10000|10000|||39.99|32.46|1.20|-2.06|62321459394ab66c
20|2025-12-15T21:03:33.0370000+08:00|105352EF|战鸮|433F|朝日召唤|105352EF|战鸮|1.465|40.57|34.68|1.20|-2.06|d108f7a3398a9e49
39|2025-12-15T21:03:33.2580000+08:00|10535214|櫛需一饼|153887|153887|10000|10000|||28.34|93.46|-8.00|0.80|10a94e24ac66cbd0
39|2025-12-15T21:03:33.3910000+08:00|1007E63F|崔思痛|128422|128422|10000|10000|||57.18|48.29|-0.83|2.47|7ab99797cad44275
00|2025-12-15T21:03:33.0000000+08:00|003C||身上的部分装备耐久度过低。|f525b6162576400f
00|2025-12-15T21:03:33.0000000+08:00|0039||成功发送了参加申请。|5802ef2f0ee30e85
21|2025-12-15T21:03:33.9720000+08:00|105352EF|战鸮|433F|朝日召唤|105352EF|战鸮|3E|9D8000|1B|433F8000|0|0|0|0|0|0|0|0|0|0|0|0|154579|154579|10000|10000|||40.57|34.68|1.20|-2.06|154579|154579|10000|10000|||40.57|34.68|1.20|-2.06|00017249|0|1|00||01|433F|433F|0.100|2C2D|b448ce68fb5928be
03|2025-12-15T21:03:33.8250000+08:00|4001ACEA|朝日小仙女|00|64|105352EF|00||1398|1008|154409|154409|10000|10000|||39.06|33.89|1.20|1.08|b29abfeffee425b2
39|2025-12-15T21:03:34.7740000+08:00|10533299|小祥客服|243289|243289|10000|10000|||54.14|54.57|-1.35|0.73|b989756864ebdf0d
31|2025-12-15T21:03:36.3410000+08:00|10533299|15|00|00|00|f9882a33abff3c32
31|2025-12-15T21:03:36.3410000+08:00|10533299|15|00|00|00|60ea3147b30826b0
31|2025-12-15T21:03:36.7840000+08:00|10533299|15|00|00|00|bd398d23a17f3808
01|2025-12-15T21:03:37.0860000+08:00|447|卢比坎特歼灭战|8c15f97b45d428d3
40|2025-12-15T21:03:37.0860000+08:00|823|伊尔萨巴德|试炼之山||3557ee275e8d34ce
02|2025-12-15T21:03:37.0860000+08:00|10533299|小祥客服|2e86d7ddbca8da28
03|2025-12-15T21:03:37.0860000+08:00|10533299|小祥客服|15|64|0000|434|BaiJinHuanXiang|0|0|243289|243289|10000|10000|||100.51|112.90|0.00|-3.14|be9221fa7ef3e931
03|2025-12-15T21:03:37.0860000+08:00|40004357|炼狱魔阵|00|5A|0000|00||12058|15765|69200|69200|10000|10000|||100.00|100.00|0.00|0.00|47dfb5496623bec6
03|2025-12-15T21:03:37.0860000+08:00|40004356|炼狱魔阵|00|5A|0000|00||12058|15766|69200|69200|10000|10000|||100.00|100.00|0.00|0.00|11ff8801b2cba570
03|2025-12-15T21:03:37.0860000+08:00|40004355|炼狱魔阵|00|5A|0000|00||12058|15767|69200|69200|10000|10000|||100.00|100.00|0.00|0.00|e0ef6e941587a9f5
03|2025-12-15T21:03:37.0860000+08:00|40004351|炼狱魔阵|00|5A|0000|00||12059|15750|69200|69200|10000|10000|||113.17|100.32|0.00|0.00|9026ce017604a2bd
03|2025-12-15T21:03:37.0860000+08:00|40004350|炼狱魔阵|00|5A|0000|00||12059|15750|69200|69200|10000|10000|||113.17|100.32|0.00|0.00|fb02556d844a1ddb
03|2025-12-15T21:03:37.0860000+08:00|4000434D|炼狱魔阵|00|5A|0000|00||12059|15750|69200|69200|10000|10000|||113.17|100.32|0.00|0.00|881ccfacf39bb4a2
03|2025-12-15T21:03:37.0860000+08:00|4000434E|炼狱魔阵|00|5A|0000|00||12059|15750|69200|69200|10000|10000|||113.17|100.32|0.00|0.00|5e8fad53b7bd212f
03|2025-12-15T21:03:37.0860000+08:00|40004352|炼狱魔阵|00|5A|0000|00||12059|15750|69200|69200|10000|10000|||113.17|100.32|0.00|0.00|0fcfb6b5bd8ec673
03|2025-12-15T21:03:37.0860000+08:00|4000434F|炼狱魔阵|00|5A|0000|00||12059|15750|69200|69200|10000|10000|||113.17|100.32|0.00|0.00|2f916586891a7927
03|2025-12-15T21:03:37.0860000+08:00|40004354|炼狱魔阵|00|5A|0000|00||12059|15750|69200|69200|10000|10000|||113.17|100.32|0.00|0.00|42fef9c5b5044367
03|2025-12-15T21:03:37.0860000+08:00|40004353|炼狱魔阵|00|5A|0000|00||12059|15750|69200|69200|10000|10000|||113.17|100.32|0.00|0.00|5efc9ed5f9815ac2
03|2025-12-15T21:03:37.0860000+08:00|40004368|卢比坎特|00|1|0000|00||12054|9020|44|44|0|10000|||100.00|90.00|0.00|0.00|51b8b9d19bc90f9a
03|2025-12-15T21:03:37.0860000+08:00|40004379|卢比坎特|00|1|0000|00||12054|9020|44|44|0|10000|||100.00|90.00|0.00|0.00|270ee915eb5de754
03|2025-12-15T21:03:37.0860000+08:00|40004372|卢比坎特|00|1|0000|00||12054|9020|44|44|0|10000|||100.00|90.00|0.00|0.00|abd60ac90ed98b2c
03|2025-12-15T21:03:37.0860000+08:00|4000436E|卢比坎特|00|1|0000|00||12054|9020|44|44|0|10000|||100.00|90.00|0.00|0.00|ac1595d27eacc73c
03|2025-12-15T21:03:37.0860000+08:00|40004369|卢比坎特|00|1|0000|00||12054|9020|44|44|0|10000|||100.00|90.00|0.00|0.00|361396b73474e601
03|2025-12-15T21:03:37.0860000+08:00|40004366|卢比坎特|00|1|0000|00||12054|9020|44|44|0|10000|||100.00|90.00|0.00|0.00|b039906652e0fb5f
03|2025-12-15T21:03:37.0860000+08:00|4000436B|卢比坎特|00|1|0000|00||12054|9020|44|44|0|10000|||100.00|90.00|0.00|0.00|9df6852a3bf62029
03|2025-12-15T21:03:37.0860000+08:00|4000436C|卢比坎特|00|1|0000|00||12054|9020|44|44|0|10000|||100.00|90.00|0.00|0.00|7806c8e01913386f
03|2025-12-15T21:03:37.0860000+08:00|4000437A|卢比坎特|00|1|0000|00||12054|9020|44|44|0|10000|||100.00|90.00|0.00|0.00|31ee9feb00518a3d
03|2025-12-15T21:03:37.0860000+08:00|40004370|卢比坎特|00|1|0000|00||12054|9020|44|44|0|10000|||100.00|90.00|0.00|0.00|8ef68d3ab0f87201
03|2025-12-15T21:03:37.0860000+08:00|40004371|卢比坎特|00|1|0000|00||12054|9020|44|44|0|10000|||100.00|90.00|0.00|0.00|908165d4da151cb7
03|2025-12-15T21:03:37.0860000+08:00|40004365|卢比坎特|00|1|0000|00||12054|9020|44|44|0|10000|||100.00|90.00|0.00|0.00|27344cec1e29da3c
03|2025-12-15T21:03:37.0860000+08:00|40004377|卢比坎特|00|1|0000|00||12054|9020|44|44|0|10000|||100.00|90.00|0.00|0.00|d47f56af6aacba4d
03|2025-12-15T21:03:37.0860000+08:00|40004363|卢比坎特|00|1|0000|00||12054|9020|44|44|0|10000|||100.00|90.00|0.00|0.00|d4553cdd1490e240
03|2025-12-15T21:03:37.0860000+08:00|40004375|卢比坎特|00|1|0000|00||12054|9020|44|44|0|10000|||100.00|90.00|0.00|0.00|1a708fb4eb51c207
03|2025-12-15T21:03:37.0860000+08:00|4000436D|卢比坎特|00|1|0000|00||12054|9020|44|44|0|10000|||100.00|90.00|0.00|0.00|8469893b9ab99c42
03|2025-12-15T21:03:37.0860000+08:00|40004362|卢比坎特|00|5A|0000|00||12054|15086|21279000|21279000|10000|10000|||100.00|90.00|0.00|0.00|75b90778cab8b811
03|2025-12-15T21:03:37.0860000+08:00|4000437B|卢比坎特|00|1|0000|00||12054|9020|44|44|0|10000|||100.00|90.00|0.00|0.00|1578698f2bae15c4
03|2025-12-15T21:03:37.0860000+08:00|40004364|卢比坎特|00|1|0000|00||12054|9020|44|44|0|10000|||100.00|90.00|0.00|0.00|7b58af59295a4c34
03|2025-12-15T21:03:37.0860000+08:00|40004376|卢比坎特|00|1|0000|00||12054|9020|44|44|0|10000|||100.00|90.00|0.00|0.00|c85c63d3be5520d8
03|2025-12-15T21:03:37.0860000+08:00|4000436F|卢比坎特|00|1|0000|00||12054|9020|44|44|0|10000|||100.00|90.00|0.00|0.00|985fc504f2901fe7
03|2025-12-15T21:03:37.0860000+08:00|4000436A|卢比坎特|00|1|0000|00||12054|9020|44|44|0|10000|||100.00|90.00|0.00|0.00|147421cdac8f75dc
03|2025-12-15T21:03:37.0860000+08:00|40004378|卢比坎特|00|1|0000|00||12054|9020|44|44|0|10000|||100.00|90.00|0.00|0.00|e4090e6ed787dc25
03|2025-12-15T21:03:37.0860000+08:00|40004373|卢比坎特|00|1|0000|00||12054|9020|44|44|0|10000|||100.00|90.00|0.00|0.00|4f78d4f6a5983e5d
03|2025-12-15T21:03:37.0860000+08:00|40004367|卢比坎特|00|1|0000|00||12054|9020|44|44|0|10000|||100.00|90.00|0.00|0.00|13759e1ab686bec7
03|2025-12-15T21:03:37.0860000+08:00|40004374|卢比坎特|00|1|0000|00||12054|9020|44|44|0|10000|||100.00|90.00|0.00|0.00|07155b35e3e7184f
03|2025-12-15T21:03:37.0860000+08:00|4000435A|卢比坎特的幻影|00|5A|0000|00||12057|15749|69200|69200|10000|10000|||108.77|91.09|0.00|0.00|e8ad0fa582e18d05
03|2025-12-15T21:03:37.0860000+08:00|4000435D|卢比坎特的幻影|00|5A|0000|00||12057|15749|69200|69200|10000|10000|||108.77|91.09|0.00|0.00|cda27a1716386a0b
03|2025-12-15T21:03:37.0860000+08:00|4000435E|卢比坎特的幻影|00|5A|0000|00||12057|15749|69200|69200|10000|10000|||108.77|91.09|0.00|0.00|ef1ccfbddb1b76aa
03|2025-12-15T21:03:37.0860000+08:00|4000435B|卢比坎特的幻影|00|5A|0000|00||12057|15749|69200|69200|10000|10000|||108.77|91.09|0.00|0.00|501bf2442c765365
03|2025-12-15T21:03:37.0860000+08:00|4000435F|卢比坎特的幻影|00|5A|0000|00||12057|15749|69200|69200|10000|10000|||108.77|91.09|0.00|0.00|79de7a80f7cd3785
03|2025-12-15T21:03:37.0860000+08:00|4000435C|卢比坎特的幻影|00|5A|0000|00||12057|15749|69200|69200|10000|10000|||108.77|91.09|0.00|0.00|e0489f702b042008
03|2025-12-15T21:03:37.0860000+08:00|40004361|卢比坎特的幻影|00|5A|0000|00||12057|15749|69200|69200|10000|10000|||108.77|91.09|0.00|0.00|e32c1dbff9c19901
03|2025-12-15T21:03:37.0860000+08:00|40004360|卢比坎特的幻影|00|5A|0000|00||12057|15749|69200|69200|10000|10000|||108.77|91.09|0.00|0.00|547df3d1785677c3
00|2025-12-15T21:03:35.0000000+08:00|0039||离开了休息区。|bcb0339f73e7dfcb
21|2025-12-15T21:03:42.5680000+08:00|10533299|小祥客服|30|守护|10533299|小祥客服|280E|5B0000|0|0|0|0|0|0|0|0|0|0|0|0|0|0|243289|243289|10000|10000|||100.51|112.73|0.00|-3.14|243289|243289|10000|10000|||100.51|112.73|0.00|-3.14|00000953|0|1|00||01|30|30|0.600|0000|082db548e64034b3
38|2025-12-15T21:03:42.5680000+08:00|10533299|小祥客服|00646415|243289|243289|10000|10000|0||100.51|112.73|0.00|-3.14|0|0|0|5B|80000000|10533299|97d49bde32bac958
26|2025-12-15T21:03:42.5680000+08:00|5B|守护|9999.00|10533299|小祥客服|10533299|小祥客服|00|243289|243289|aee35a348ef9b8b1
37|2025-12-15T21:03:42.9240000+08:00|10533299|小祥客服|00000953|243289|243289|10000|10000|0||100.19|112.24|0.00|-3.10|1500|0|0|01|5B|0|0|10533299|129b9b2c0095e604
38|2025-12-15T21:03:42.9240000+08:00|10533299|小祥客服|00646415|243289|243289|10000|10000|0||100.19|112.24|0.00|-3.10|0|0|0|5B|0|10533299|4770d4df809d6d4c
33|2025-12-15T21:03:43.1910000+08:00|80034E76|40000007|01|01|00|00|2615af5f5b84fa57
33|2025-12-15T21:03:43.1910000+08:00|80034E76|40000001|E10|00|00|00|3ad9a42e191c28fe
00|2025-12-15T21:03:42.0000000+08:00|0839||“卢比坎特歼灭战”任务开始。|9ead74aa26e003e2
33|2025-12-15T21:03:43.2350000+08:00|80034E76|80000004|E0F|00|00|00|afd3805bce13b0ab
21|2025-12-15T21:03:44.2580000+08:00|10533299|小祥客服|1CDA|猛攻|40004362|卢比坎特|710003|1C7E0000|0|0|0|0|0|0|0|0|0|0|0|0|0|0|21279000|21279000|10000|10000|||100.00|90.00|0.00|0.00|243289|243289|10000|10000|||100.19|112.23|0.00|-3.13|00000954|0|1|00||01|1CDA|1CDA|0.600|005A|9630fe2c9995a13e
37|2025-12-15T21:03:44.8820000+08:00|40004362|卢比坎特|00000954|21271706||||||100.00|90.00|0.00|0.00|416c0bc9319be723
21|2025-12-15T21:03:44.8820000+08:00|40004362|卢比坎特|7F6C|unknown_7f6c|10533299|小祥客服|1|0|0|0|0|0|0|0|0|0|0|0|0|0|0|0|243289|243289|10000|10000|||100.09|100.50|0.00|-3.13|21279000|21279000|10000|10000|||100.00|90.00|0.00|0.00|00000955|0|1|00||01|7F6C|7F6C|0.100|8059|d0753415fb4051d6
00|2025-12-15T21:03:44.0000000+08:00|0044|卢比坎特|我是四天王之一，火之卢比坎特。 来一场光明正大的战斗吧！|cf96f582955b3700
21|2025-12-15T21:03:44.9700000+08:00|10533299|小祥客服|1F|重劈|40004362|卢比坎特|712003|4E9B0000|1B|1F8000|0|0|0|0|0|0|0|0|0|0|0|0|21271706|21279000|10000|10000|||100.00|90.00|0.00|0.00|243289|243289|10000|10000|||100.09|100.50|0.00|-3.13|00000956|0|1|00||01|1F|1F|0.600|005A|dee1f768aacf4467
00|2025-12-15T21:03:44.0000000+08:00|0839||选用“解除限制”参加任务， 打倒怪物之后将不会获得经验值或掉落道具以及精炼度。|d791bbda3c3cddcd
00|2025-12-15T21:03:44.0000000+08:00|0839||当前任务会随着每次挑战失败而逐渐对队员进行强化。|448db62076559c21
21|2025-12-15T21:03:45.2370000+08:00|10533299|小祥客服|07|攻击|40004362|卢比坎特|710003|13F40000|0|0|0|0|0|0|0|0|0|0|0|0|0|0|21271706|21279000|10000|10000|||100.00|90.00|0.00|0.00|243289|243289|10000|10000|||100.09|100.50|0.00|-3.13|00000957|0|1|00||01|07|07|0.333|0059|dcc564ed129c75c3
37|2025-12-15T21:03:45.5050000+08:00|40004362|卢比坎特|00000956|21251583||||||100.00|90.00|0.00|0.00|7182884c82fcbf0f
37|2025-12-15T21:03:45.7720000+08:00|40004362|卢比坎特|00000957|21246475||||||100.00|90.00|0.00|0.00|02960c13c03d3bf1
21|2025-12-15T21:03:47.5100000+08:00|10533299|小祥客服|25|凶残裂|40004362|卢比坎特|2C710003|425C0000|A3E|340000|11B|258000|0|0|0|0|0|0|0|0|0|0|21246475|21279000|10000|10000|||100.00|90.00|0.00|0.00|243289|243289|10000|10000|||100.09|100.68|0.00|-3.13|00000958|0|1|00||01|25|25|0.600|005C|d69b7da34b13c478
31|2025-12-15T21:03:47.5100000+08:00|10533299|A0015|00|00|00|95b4365ed52320cb
21|2025-12-15T21:03:47.9110000+08:00|40004362|卢比坎特|7F6C|unknown_7f6c|10533299|小祥客服|150003|2EF80000|1B|7F6C8000|0|0|0|0|0|0|0|0|0|0|0|0|243289|243289|10000|10000|||100.09|100.68|0.00|-3.13|21246475|21279000|10000|10000|||100.00|90.00|0.00|0.00|00000959|0|1|00||01|7F6C|7F6C|0.100|805B|865ee01f03ecf3cf
37|2025-12-15T21:03:48.1340000+08:00|40004362|卢比坎特|00000958|21229487||||||100.00|90.00|0.00|0.00|bda1332391418273
21|2025-12-15T21:03:48.6240000+08:00|10533299|小祥客服|07|攻击|40004362|卢比坎特|710003|13760000|0|0|0|0|0|0|0|0|0|0|0|0|0|0|21229487|21279000|10000|10000|||100.00|90.00|0.00|0.00|243289|243289|10000|10000|||100.09|100.68|0.00|-3.13|0000095A|0|1|00||01|07|07|0.100|005C|0379684717794a0a
37|2025-12-15T21:03:48.8920000+08:00|10533299|小祥客服|00000959|231265||||||100.09|100.68|0.00|-3.13|953bbccfa10b46d9
37|2025-12-15T21:03:49.1590000+08:00|40004362|卢比坎特|0000095A|21224505||||||100.00|90.00|0.00|0.00|66e0fbfe152aa514
21|2025-12-15T21:03:50.0060000+08:00|10533299|小祥客服|2D|暴风碎|40004362|卢比坎特|38714003|78F20000|A3E|340000|A0F|A758000|11B|2D8000|0|0|0|0|0|0|0|0|21224505|21279000|10000|10000|||100.00|90.00|0.00|0.00|231265|243289|10000|10000|||100.09|100.68|0.00|-3.13|0000095B|0|1|00||01|2D|2D|0.600|005C|97f11a0bf84826bf
38|2025-12-15T21:03:50.0060000+08:00|10533299|小祥客服|00646415|231265|243289|10000|10000|0||100.09|100.68|0.00|-3.13|0|0|0|5B|0|10533299|0|0|0|0|0|0|0|0|0|0|0|0|0|0|0|0|0|0|0|0|0|0|0|0|0|0|0|0|0|0|0|0|0|0|0|0|0|0|0|0|0|0|0|0|0|0|0|0|0|0|0|0|0|0|0|0|0|0|0|0|0|0|0|0|0|0|0|0|0|0|0|0|0|0|0|0|0|0|0|0|0|0|0|0|0|0|0|0A75|C1F00000|10533299|87f225da23adf909
26|2025-12-15T21:03:50.0060000+08:00|A75|战场风暴|30.00|10533299|小祥客服|10533299|小祥客服|00|243289|243289|b4098f7623e0a37a
31|2025-12-15T21:03:50.0060000+08:00|10533299|140015|00|00|00|db53dfabd57b63a3
21|2025-12-15T21:03:50.9410000+08:00|40004362|卢比坎特|7F6C|unknown_7f6c|10533299|小祥客服|150003|2EDE0000|1B|7F6C8000|0|0|0|0|0|0|0|0|0|0|0|0|231265|243289|10000|10000|||100.09|100.68|0.00|-3.13|21224505|21279000|10000|10000|||100.00|90.00|0.00|0.00|0000095C|0|1|00||01|7F6C|7F6C|0.100|805B|8c428ba3769ced71
20|2025-12-15T21:03:51.0300000+08:00|40004362|卢比坎特|7CEA|火焰流|40004362|卢比坎特|4.700|100.00|90.00|0.00|0.00|1aca91966bab08d4
39|2025-12-15T21:03:51.2090000+08:00|10533299|小祥客服|233697|243289|10000|10000|||100.09|100.68|0.00|-3.13|c2971d65828b7e9c
37|2025-12-15T21:03:51.6540000+08:00|40004362|卢比坎特|0000095B|21193543||||||100.00|90.00|0.00|0.00|422d3ba7c39207a8
37|2025-12-15T21:03:51.6540000+08:00|10533299|小祥客服|0000095B|233697|243289|10000|10000|0||100.09|100.68|0.00|-3.13|1500|0|0|01|1E000A75|0|41F00000|10533299|c69cb82f3f940ffa
38|2025-12-15T21:03:51.6540000+08:00|10533299|小祥客服|00646415|233697|243289|10000|10000|0||100.09|100.68|0.00|-3.13|0|0|0|5B|0|10533299|0|0|0|0|0|0|0|0|0|0|0|0|0|0|0|0|0|0|0|0|0|0|0|0|0|0|0|0|0|0|0|0|0|0|0|0|0|0|0|0|0|0|0|0|0|0|0|0|0|0|0|0|0|0|0|0|0|0|0|0|0|0|0|0|0|0|0|0|0|0|0|0|0|0|0|0|0|0|0|0|0|0|0|0|0|0|0|0A75|41EFA3D7|10533299|9f6a8862f45000c1
37|2025-12-15T21:03:51.9210000+08:00|10533299|小祥客服|0000095C|221699||||||100.09|100.68|0.00|-3.13|e1ed9c90a8267dc6
21|2025-12-15T21:03:52.0110000+08:00|10533299|小祥客服|07|攻击|40004362|卢比坎特|716003|2CC80000|0|0|0|0|0|0|0|0|0|0|0|0|0|0|21193543|21279000|10000|10000|||100.00|90.00|0.00|0.00|221699|243289|10000|10000|||100.09|100.68|0.00|-3.13|0000095D|0|1|00||01|07|07|0.100|005C|d3129ffb90d697ef
37|2025-12-15T21:03:52.5450000+08:00|40004362|卢比坎特|0000095D|21182079||||||100.00|90.00|0.00|0.00|59652c40cf23aa3c
21|2025-12-15T21:03:52.8570000+08:00|10533299|小祥客服|1F|重劈|40004362|卢比坎特|710003|35A00000|1B|1F8000|0|0|0|0|0|0|0|0|0|0|0|0|21182079|21279000|10000|10000|||100.00|90.00|0.00|0.00|221699|243289|10000|10000|||100.09|100.68|0.00|-3.13|0000095E|0|1|00||01|1F|1F|0.600|005C|ca07b4b59300b64d
37|2025-12-15T21:03:53.3910000+08:00|40004362|卢比坎特|0000095E|21168351||||||100.00|90.00|0.00|0.00|b3a14d0b8c500908
39|2025-12-15T21:03:54.2370000+08:00|10533299|小祥客服|224131|243289|10000|10000|||101.71|105.80|0.00|0.78|91e2ec34587a6b82
21|2025-12-15T21:03:55.3950000+08:00|10533299|小祥客服|07|攻击|40004362|卢比坎特|710003|165C0000|0|0|0|0|0|0|0|0|0|0|0|0|0|0|21168351|21279000|10000|10000|||100.00|90.00|0.00|0.00|224131|243289|10000|10000|||104.28|101.98|1.53|-3.12|0000095F|0|1|00||01|07|07|0.100|0113|10d5e61d524e6a35
21|2025-12-15T21:03:55.6170000+08:00|10533299|小祥客服|25|凶残裂|40004362|卢比坎特|2C712003|75070000|A3E|340000|11B|258000|0|0|0|0|0|0|0|0|0|0|21168351|21279000|10000|10000|||100.00|90.00|0.00|0.00|224131|243289|10000|10000|||104.25|100.70|1.71|-2.78|00000960|0|1|00||01|25|25|0.600|0ED0|0f3f62888c7c9db0
31|2025-12-15T21:03:55.6170000+08:00|10533299|1E0015|00|00|00|33291f08bd307da5
37|2025-12-15T21:03:55.9290000+08:00|40004362|卢比坎特|0000095F|21162627||||||100.00|90.00|0.00|0.00|722cd8b677a23d8f
21|2025-12-15T21:03:56.0180000+08:00|40004362|卢比坎特|7CEA|火焰流|10533299|小祥客服|150003|63E40000|1B|7CEA8000|0|0|0|0|0|0|0|0|0|0|0|0|224131|243289|10000|10000|||104.21|98.99|0.00|-2.78|21162627|21279000|10000|10000|||100.00|90.00|0.00|0.00|00000961|0|1|00||01|7CEA|7CEA|2.100|805B|40a66adf27eeb299
37|2025-12-15T21:03:56.2410000+08:00|40004362|卢比坎特|00000960|21132668||||||100.00|90.00|0.00|0.00|a6cc6b8a34b8315a
37|2025-12-15T21:03:56.9080000+08:00|10533299|小祥客服|00000961|198559||||||104.19|98.44|0.00|-3.12|3eb19bb22056c7c7
39|2025-12-15T21:03:57.2210000+08:00|10533299|小祥客服|200991|243289|10000|10000|||104.26|96.47|0.00|3.07|76303520dec78923
21|2025-12-15T21:03:58.1110000+08:00|10533299|小祥客服|2A|暴风斩|40004362|卢比坎特|38710003|71020000|143E|340000|4|2E468000|11B|2A8000|0|0|0|0|0|0|0|0|21132668|21279000|10000|10000|||100.00|90.00|0.00|0.00|200991|243289|10000|10000|||104.31|95.77|0.00|-2.50|00000962|0|1|00||01|2A|2A|0.600|1A27|83a49a8227ade3c7
31|2025-12-15T21:03:58.1110000+08:00|10533299|320015|00|00|00|f8deb0bfa80e9a4d
21|2025-12-15T21:03:58.7790000+08:00|10533299|小祥客服|07|攻击|40004362|卢比坎特|710003|15B50000|0|0|0|0|0|0|0|0|0|0|0|0|0|0|21132668|21279000|10000|10000|||99.99|89.98|0.00|0.48|200991|243289|10000|10000|||103.99|99.19|0.00|-0.09|00000963|0|1|00||01|07|07|0.100|7BA5|fdac98b913630e28
21|2025-12-15T21:03:59.0020000+08:00|40004362|卢比坎特|7F6C|unknown_7f6c|10533299|小祥客服|150003|2D8B0000|1B|7F6C8000|0|0|0|0|0|0|0|0|0|0|0|0|200991|243289|10000|10000|||103.04|100.05|0.00|-0.81|21132668|21279000|10000|10000|||99.99|89.98|0.00|0.51|00000964|0|1|00||01|7F6C|7F6C|0.100|8FEC|34b12f62983f4b7a
21|2025-12-15T21:03:59.1800000+08:00|40004362|卢比坎特|7CBC|unknown_7cbc|E0000000||0|0|0|0|0|0|0|0|0|0|0|0|0|0|0|0|||||||||||21132668|21279000|10000|10000|||99.99|89.98|0.00|0.48|00000965|0|0|00||01|7CBC|7CBC|2.100|7FFF|4d3d497a80127ce7
37|2025-12-15T21:03:59.3140000+08:00|40004362|卢比坎特|00000963|21127111||||||99.99|89.98|0.00|0.45|8a476e094e1e3f99
37|2025-12-15T21:03:59.6260000+08:00|40004362|卢比坎特|00000962|21098181||||||99.99|89.98|0.00|0.18|f111876cd9d30774
37|2025-12-15T21:03:59.6260000+08:00|10533299|小祥客服|00000962|212837||||||100.47|102.60|0.00|-1.29|46a0011ad31ab798
37|2025-12-15T21:03:59.9820000+08:00|10533299|小祥客服|00000964|201178||||||100.47|102.60|0.00|-1.29|0493cad07582de18
39|2025-12-15T21:04:00.2490000+08:00|10533299|小祥客服|203610|243289|10000|10000|||100.47|102.60|0.00|-1.29|a1c76ced2bfe8662
00|2025-12-15T21:04:01.0000000+08:00|0044|卢比坎特|这就是穷极火焰魔导的力量！|f84cebe80aeee2a1
21|2025-12-15T21:04:01.4520000+08:00|40004362|卢比坎特|7F26|炼狱招来|40004362|卢比坎特|1B|7F268000|0|0|0|0|0|0|0|0|0|0|0|0|0|0|21098181|21279000|10000|10000|||99.99|99.99|0.00|0.17|21098181|21279000|10000|10000|||99.99|99.99|0.00|0.17|00000966|0|1|00||01|7F26|7F26|8.400|BFFF|e6f5e2856160853e
21|2025-12-15T21:04:02.1660000+08:00|10533299|小祥客服|07|攻击|40004362|卢比坎特|710003|15AB0000|0|0|0|0|0|0|0|0|0|0|0|0|0|0|21098181|21279000|10000|10000|||99.99|99.99|0.00|1.57|203610|243289|10000|10000|||100.47|102.60|0.00|-1.29|00000967|0|1|00||01|07|07|0.100|4B9B|86289c808bf383e5
37|2025-12-15T21:04:02.7010000+08:00|40004362|卢比坎特|00000967|21092634||||||99.99|99.99|0.00|1.57|4401f52bbbf66060
39|2025-12-15T21:04:03.2350000+08:00|10533299|小祥客服|206042|243289|10000|10000|||101.20|105.39|0.00|-0.28|caacdb7410898a46
21|2025-12-15T21:04:05.5510000+08:00|10533299|小祥客服|07|攻击|40004362|卢比坎特|710003|16610000|0|0|0|0|0|0|0|0|0|0|0|0|0|0|21092634|21279000|10000|10000|||99.99|99.99|0.00|1.57|206042|243289|10000|10000|||99.74|109.23|0.00|-1.07|00000968|0|1|00||01|07|07|0.100|66FD|e2708f2605cb9131
37|2025-12-15T21:04:06.0870000+08:00|40004362|卢比坎特|00000968|21086905||||||99.99|99.99|0.00|1.57|54e02927c5a065df
39|2025-12-15T21:04:06.2200000+08:00|10533299|小祥客服|208474|243289|10000|10000|||99.72|112.81|0.00|-0.01|a1d90faacb81f713
31|2025-12-15T21:04:07.9580000+08:00|10533299|15|00|00|00|78c8aa7f846b51d5
38|2025-12-15T21:04:07.9580000+08:00|10533299|小祥客服|00646415|0|243289|0|10000|0||99.65|123.03|-1.47|-0.01|0|0|0|5B|0|10533299|901cce70e2b717cd
30|2025-12-15T21:04:07.9580000+08:00|A75|战场风暴|0.00|10533299|小祥客服|10533299|小祥客服|00|243289|243289|15b5b6464b0be8ce
00|2025-12-15T21:04:07.0000000+08:00|0839||“改良型王国传奇御敌项环”的耐久度已降到10%以下。|3993aa638a9d894e
41|2025-12-15T21:04:08.4920000+08:00|80034E76|2834|00|00|00|22df5f3c5adb889b
00|2025-12-15T21:04:08.0000000+08:00|0839||卢比坎特的内心映射出了炼狱！|a8819172461fd6e1
33|2025-12-15T21:04:08.9820000+08:00|80034E76|40000005|00|00|00|00|1500f5684689b1d5
25|2025-12-15T21:04:09.9620000+08:00|10533299|小祥客服|E0000000||a8bda9e76216f9a6
21|2025-12-15T21:04:10.8980000+08:00|40004362|卢比坎特|7CBE|魔法阵展开|40004362|卢比坎特|1B|7CBE8000|0|0|0|0|0|0|0|0|0|0|0|0|0|0|21086905|21279000|10000|10000|||99.99|99.99|0.00|1.57|21086905|21279000|10000|10000|||99.99|99.99|0.00|1.57|00000969|0|1|00||01|7CBE|7CBE|4.100|BFFF|035e94336903541c
33|2025-12-15T21:04:12.0580000+08:00|80034E76|8000000C|45|FFFFFFFF|00|00|c70c702f2c7eb0cc
33|2025-12-15T21:04:12.0580000+08:00|80034E76|8000000D|00|00|00|00|131168256e5e534a
33|2025-12-15T21:04:12.0580000+08:00|80034E76|80000029|00|00|00|00|4fc41c5380a1f643
33|2025-12-15T21:04:12.0580000+08:00|80034E76|40000013|00|00|00|00|89dbfcda469e09f3
33|2025-12-15T21:04:12.1900000+08:00|80034E76|8000000D|01|00|00|00|3546b5fcf0336c6f
31|2025-12-15T21:04:12.1900000+08:00|10533299|15|00|00|00|2117ee3b17532d6a
33|2025-12-15T21:04:12.1900000+08:00|80034E76|4000000F|DF7|00|00|00|f320b9f66421131b
04|2025-12-15T21:04:12.0110000+08:00|40004351|炼狱魔阵|00|5A|0000|00||12059|15750|69200|69200|10000|10000|||113.17|100.32|0.00|0.00|4df5b7fd5fc811cb
04|2025-12-15T21:04:12.0110000+08:00|40004350|炼狱魔阵|00|5A|0000|00||12059|15750|69200|69200|10000|10000|||113.17|100.32|0.00|0.00|589456b59939e061
04|2025-12-15T21:04:12.0110000+08:00|4000434D|炼狱魔阵|00|5A|0000|00||12059|15750|69200|69200|10000|10000|||113.17|100.32|0.00|0.00|00cd180fc044e4a4
04|2025-12-15T21:04:12.0110000+08:00|4000434E|炼狱魔阵|00|5A|0000|00||12059|15750|69200|69200|10000|10000|||113.17|100.32|0.00|0.00|7c85c5c3d0dad406
04|2025-12-15T21:04:12.0110000+08:00|40004352|炼狱魔阵|00|5A|0000|00||12059|15750|69200|69200|10000|10000|||113.17|100.32|0.00|0.00|cf976d6afb41146d
04|2025-12-15T21:04:12.0110000+08:00|4000434F|炼狱魔阵|00|5A|0000|00||12059|15750|69200|69200|10000|10000|||113.17|100.32|0.00|0.00|7062c1aa9698d2a7
04|2025-12-15T21:04:12.0110000+08:00|40004353|炼狱魔阵|00|5A|0000|00||12059|15750|69200|69200|10000|10000|||113.17|100.32|0.00|0.00|4edfdb3f622c967f
04|2025-12-15T21:04:12.0110000+08:00|40004379|卢比坎特|00|1|0000|00||12054|9020|44|44|0|10000|||100.00|90.00|0.00|0.00|b22a27e3ef405566
04|2025-12-15T21:04:12.0110000+08:00|40004372|卢比坎特|00|1|0000|00||12054|9020|44|44|0|10000|||100.00|90.00|0.00|0.00|4c856aa360b872e6
04|2025-12-15T21:04:12.0110000+08:00|4000436C|卢比坎特|00|1|0000|00||12054|9020|44|44|0|10000|||100.00|90.00|0.00|0.00|2cd1ccc92f4b1638
04|2025-12-15T21:04:12.0110000+08:00|4000437A|卢比坎特|00|1|0000|00||12054|9020|44|44|0|10000|||100.00|90.00|0.00|0.00|e62284658a13f0e4
04|2025-12-15T21:04:12.0110000+08:00|40004370|卢比坎特|00|1|0000|00||12054|9020|44|44|0|10000|||100.00|90.00|0.00|0.00|853b373801f02f3d
04|2025-12-15T21:04:12.0110000+08:00|40004365|卢比坎特|00|1|0000|00||12054|9020|44|44|0|10000|||100.00|90.00|0.00|0.00|1953d87ed7e91bfd
04|2025-12-15T21:04:12.0110000+08:00|40004377|卢比坎特|00|1|0000|00||12054|9020|44|44|0|10000|||100.00|90.00|0.00|0.00|f5feef29b87a9c9e
04|2025-12-15T21:04:12.0110000+08:00|40004375|卢比坎特|00|1|0000|00||12054|9020|44|44|0|10000|||100.00|90.00|0.00|0.00|4a878a49059a2f20
04|2025-12-15T21:04:12.0110000+08:00|4000437B|卢比坎特|00|1|0000|00||12054|9020|44|44|0|10000|||100.00|90.00|0.00|0.00|4ff4aad99985aa45
04|2025-12-15T21:04:12.0110000+08:00|40004376|卢比坎特|00|1|0000|00||12054|9020|44|44|0|10000|||100.00|90.00|0.00|0.00|3f471a70f86892ba
04|2025-12-15T21:04:12.0110000+08:00|40004374|卢比坎特|00|1|0000|00||12054|9020|44|44|0|10000|||100.00|90.00|0.00|0.00|af53a3e80c95266b
04|2025-12-15T21:04:12.0110000+08:00|4000435C|卢比坎特的幻影|00|5A|0000|00||12057|15749|69200|69200|10000|10000|||108.77|91.09|0.00|0.00|75c50128e01792e5
04|2025-12-15T21:04:12.1360000+08:00|40004357|炼狱魔阵|00|5A|0000|00||12058|15765|69200|69200|10000|10000|||100.00|100.00|0.00|0.00|1324a78e400a42de
04|2025-12-15T21:04:12.1360000+08:00|40004356|炼狱魔阵|00|5A|0000|00||12058|15766|69200|69200|10000|10000|||100.00|100.00|0.00|0.00|cfbf48bb4991b58b
04|2025-12-15T21:04:12.1360000+08:00|40004355|炼狱魔阵|00|5A|0000|00||12058|15767|69200|69200|10000|10000|||100.00|100.00|0.00|0.00|871da5da4fcfe731
04|2025-12-15T21:04:12.1360000+08:00|40004354|炼狱魔阵|00|5A|0000|00||12059|15750|69200|69200|10000|10000|||113.17|100.32|0.00|0.00|5cd5b307e07fc465
04|2025-12-15T21:04:12.1360000+08:00|40004368|卢比坎特|00|1|0000|00||12054|9020|44|44|0|10000|||100.00|90.00|0.00|0.00|fb8a0dd726cf3c43
04|2025-12-15T21:04:12.1360000+08:00|40004369|卢比坎特|00|1|0000|00||12054|9020|44|44|0|10000|||100.00|90.00|0.00|0.00|a8d447186f19cc63
04|2025-12-15T21:04:12.1360000+08:00|40004366|卢比坎特|00|1|0000|00||12054|9020|44|44|0|10000|||100.00|90.00|0.00|0.00|6f87ab643f94938e
04|2025-12-15T21:04:12.1360000+08:00|4000436B|卢比坎特|00|1|0000|00||12054|9020|44|44|0|10000|||100.00|90.00|0.00|0.00|86d25a7367664f9e
03|2025-12-15T21:04:12.1360000+08:00|40004385|炼狱魔阵|00|5A|0000|00||12059|15750|69200|69200|10000|10000|||113.17|100.32|0.00|0.00|bc62fe70d3e9ed90
04|2025-12-15T21:04:12.1360000+08:00|40004363|卢比坎特|00|1|0000|00||12054|9020|44|44|0|10000|||100.00|90.00|0.00|0.00|d8848b1e902f858d
03|2025-12-15T21:04:12.1360000+08:00|40004383|炼狱魔阵|00|5A|0000|00||12059|15750|69200|69200|10000|10000|||113.17|100.32|0.00|0.00|f649b3e2d611d8b0
04|2025-12-15T21:04:12.1360000+08:00|4000436D|卢比坎特|00|1|0000|00||12054|9020|44|44|0|10000|||100.00|90.00|0.00|0.00|57033ab5865bd570
04|2025-12-15T21:04:12.1360000+08:00|40004362|卢比坎特|00|5A|0000|00||12054|15086|21086905|21279000|10000|10000|||99.99|99.99|0.00|1.57|d949c36cfc7d7fb4
04|2025-12-15T21:04:12.1360000+08:00|40004364|卢比坎特|00|1|0000|00||12054|9020|44|44|0|10000|||100.00|90.00|0.00|0.00|6f3fe396baa84999
04|2025-12-15T21:04:12.1360000+08:00|4000436A|卢比坎特|00|1|0000|00||12054|9020|44|44|0|10000|||100.00|90.00|0.00|0.00|e852e6cbb03e47db
04|2025-12-15T21:04:12.1360000+08:00|40004367|卢比坎特|00|1|0000|00||12054|9020|44|44|0|10000|||100.00|90.00|0.00|0.00|df80f61c6b2cea93
03|2025-12-15T21:04:12.1360000+08:00|40004384|炼狱魔阵|00|5A|0000|00||12059|15750|69200|69200|10000|10000|||113.17|100.32|0.00|0.00|d85cd1733ed8fc01
04|2025-12-15T21:04:12.1360000+08:00|4000435A|卢比坎特的幻影|00|5A|0000|00||12057|15749|69200|69200|10000|10000|||108.77|91.09|0.00|0.00|3040a17b4272406d
04|2025-12-15T21:04:12.1360000+08:00|4000435D|卢比坎特的幻影|00|5A|0000|00||12057|15749|69200|69200|10000|10000|||108.77|91.09|0.00|0.00|fb7eec3372a916de
04|2025-12-15T21:04:12.1360000+08:00|4000435E|卢比坎特的幻影|00|5A|0000|00||12057|15749|69200|69200|10000|10000|||108.77|91.09|0.00|0.00|976b6372d93d0d98
04|2025-12-15T21:04:12.1360000+08:00|4000435B|卢比坎特的幻影|00|5A|0000|00||12057|15749|69200|69200|10000|10000|||108.77|91.09|0.00|0.00|2463fd786f01aa4e
04|2025-12-15T21:04:12.1360000+08:00|4000435F|卢比坎特的幻影|00|5A|0000|00||12057|15749|69200|69200|10000|10000|||108.77|91.09|0.00|0.00|e6bd76f344f32d15
04|2025-12-15T21:04:12.1360000+08:00|40004361|卢比坎特的幻影|00|5A|0000|00||12057|15749|69200|69200|10000|10000|||108.77|91.09|0.00|0.00|f411690b3f137f96
04|2025-12-15T21:04:12.1360000+08:00|40004360|卢比坎特的幻影|00|5A|0000|00||12057|15749|69200|69200|10000|10000|||108.77|91.09|0.00|0.00|4a68f282a206369a
03|2025-12-15T21:04:12.1360000+08:00|40004381|炼狱魔阵|00|5A|0000|00||12059|15750|69200|69200|10000|10000|||113.17|100.32|0.00|0.00|110532e5926a4d03
03|2025-12-15T21:04:12.1360000+08:00|40004382|炼狱魔阵|00|5A|0000|00||12059|15750|69200|69200|10000|10000|||113.17|100.32|0.00|0.00|a7ba1b68ff1120a2
03|2025-12-15T21:04:12.1360000+08:00|40004380|炼狱魔阵|00|5A|0000|00||12059|15750|69200|69200|10000|10000|||113.17|100.32|0.00|0.00|ed7407d609614b0d
03|2025-12-15T21:04:12.1360000+08:00|40004386|炼狱魔阵|00|5A|0000|00||12059|15750|69200|69200|10000|10000|||113.17|100.32|0.00|0.00|7fa13abde3a6592e
03|2025-12-15T21:04:12.1360000+08:00|40004388|炼狱魔阵|00|5A|0000|00||12058|15766|69200|69200|10000|10000|||100.00|100.00|0.00|0.00|10d0e4a507d32350
03|2025-12-15T21:04:12.1360000+08:00|40004387|炼狱魔阵|00|5A|0000|00||12058|15767|69200|69200|10000|10000|||100.00|100.00|0.00|0.00|30a19c06defa11ff
04|2025-12-15T21:04:12.1360000+08:00|40004378|卢比坎特|00|1|0000|00||12054|9020|44|44|0|10000|||100.00|90.00|0.00|0.00|c591aae76f5cad5f
04|2025-12-15T21:04:12.1360000+08:00|40004373|卢比坎特|00|1|0000|00||12054|9020|44|44|0|10000|||100.00|90.00|0.00|0.00|4c4c76a61ee1569a
03|2025-12-15T21:04:12.2420000+08:00|40004389|炼狱魔阵|00|5A|0000|00||12058|15765|69200|69200|10000|10000|||100.00|100.00|0.00|0.00|cbba821f48378f27
03|2025-12-15T21:04:12.2420000+08:00|4000438D|卢比坎特的幻影|00|5A|0000|00||12057|15749|69200|69200|10000|10000|||108.77|91.09|0.00|0.00|0b524f343c6d31c7
03|2025-12-15T21:04:12.2420000+08:00|4000438C|卢比坎特的幻影|00|5A|0000|00||12057|15749|69200|69200|10000|10000|||108.77|91.09|0.00|0.00|5ad745cff4285e9b
03|2025-12-15T21:04:12.2420000+08:00|4000438E|卢比坎特的幻影|00|5A|0000|00||12057|15749|69200|69200|10000|10000|||108.77|91.09|0.00|0.00|5ac267e4886b58b5
03|2025-12-15T21:04:12.3470000+08:00|4000438F|卢比坎特的幻影|00|5A|0000|00||12057|15749|69200|69200|10000|10000|||108.77|91.09|0.00|0.00|052f963a5f1b6c3c
03|2025-12-15T21:04:12.3470000+08:00|40004391|卢比坎特的幻影|00|5A|0000|00||12057|15749|69200|69200|10000|10000|||108.77|91.09|0.00|0.00|1d185690366536a3
03|2025-12-15T21:04:12.3470000+08:00|40004390|卢比坎特的幻影|00|5A|0000|00||12057|15749|69200|69200|10000|10000|||108.77|91.09|0.00|0.00|50382b324b4f3613
03|2025-12-15T21:04:12.3470000+08:00|40004392|卢比坎特的幻影|00|5A|0000|00||12057|15749|69200|69200|10000|10000|||108.77|91.09|0.00|0.00|8a80442043c0bd40
03|2025-12-15T21:04:12.3470000+08:00|40004393|卢比坎特的幻影|00|5A|0000|00||12057|15749|69200|69200|10000|10000|||108.77|91.09|0.00|0.00|9f2cde5a3c3f55c2
03|2025-12-15T21:04:12.3470000+08:00|40004394|卢比坎特|00|5A|0000|00||12054|15086|21279000|21279000|10000|10000|||100.00|90.00|0.00|0.00|2195565a8585a930
03|2025-12-15T21:04:12.4540000+08:00|40004397|卢比坎特|00|1|0000|00||12054|9020|44|44|0|10000|||100.00|90.00|0.00|0.00|47d1e27e4dc49caf
03|2025-12-15T21:04:12.4540000+08:00|40004396|卢比坎特|00|1|0000|00||12054|9020|44|44|0|10000|||100.00|90.00|0.00|0.00|c50f07a5acdd36b0
03|2025-12-15T21:04:12.4540000+08:00|40004395|卢比坎特|00|1|0000|00||12054|9020|44|44|0|10000|||100.00|90.00|0.00|0.00|99ded509e71e1b16
03|2025-12-15T21:04:12.4540000+08:00|4000439B|卢比坎特|00|1|0000|00||12054|9020|44|44|0|10000|||100.00|90.00|0.00|0.00|8b8db7a67bbdbe40
03|2025-12-15T21:04:12.4540000+08:00|4000439A|卢比坎特|00|1|0000|00||12054|9020|44|44|0|10000|||100.00|90.00|0.00|0.00|3994ac6bd25c99f4
03|2025-12-15T21:04:12.4540000+08:00|40004398|卢比坎特|00|1|0000|00||12054|9020|44|44|0|10000|||100.00|90.00|0.00|0.00|1c1b60c683ef6367
03|2025-12-15T21:04:12.5600000+08:00|4000439D|卢比坎特|00|1|0000|00||12054|9020|44|44|0|10000|||100.00|90.00|0.00|0.00|90e7c6b092dde82f
03|2025-12-15T21:04:12.5600000+08:00|4000439E|卢比坎特|00|1|0000|00||12054|9020|44|44|0|10000|||100.00|90.00|0.00|0.00|213507e3c6da639d
03|2025-12-15T21:04:12.5600000+08:00|40004399|卢比坎特|00|1|0000|00||12054|9020|44|44|0|10000|||100.00|90.00|0.00|0.00|7938c952ee5cd5f6
03|2025-12-15T21:04:12.5600000+08:00|400043A0|卢比坎特|00|1|0000|00||12054|9020|44|44|0|10000|||100.00|90.00|0.00|0.00|61e2ca622ddd1f80
03|2025-12-15T21:04:12.5600000+08:00|4000439F|卢比坎特|00|1|0000|00||12054|9020|44|44|0|10000|||100.00|90.00|0.00|0.00|18b9a1fd8ae27bd0
03|2025-12-15T21:04:12.5600000+08:00|400043A1|卢比坎特|00|1|0000|00||12054|9020|44|44|0|10000|||100.00|90.00|0.00|0.00|51cac51a1dff6b8c
03|2025-12-15T21:04:12.6660000+08:00|400043A3|卢比坎特|00|1|0000|00||12054|9020|44|44|0|10000|||100.00|90.00|0.00|0.00|1adc70e9ca8619f1
03|2025-12-15T21:04:12.6660000+08:00|400043A4|卢比坎特|00|1|0000|00||12054|9020|44|44|0|10000|||100.00|90.00|0.00|0.00|3143c603682b4cd9
03|2025-12-15T21:04:12.6660000+08:00|400043A2|卢比坎特|00|1|0000|00||12054|9020|44|44|0|10000|||100.00|90.00|0.00|0.00|f93583e3aade9acb
03|2025-12-15T21:04:12.6660000+08:00|400043A5|卢比坎特|00|1|0000|00||12054|9020|44|44|0|10000|||100.00|90.00|0.00|0.00|8b60e218791659f3
03|2025-12-15T21:04:12.6660000+08:00|400043A6|卢比坎特|00|1|0000|00||12054|9020|44|44|0|10000|||100.00|90.00|0.00|0.00|cad67c5848011e62
03|2025-12-15T21:04:12.6660000+08:00|400043A7|卢比坎特|00|1|0000|00||12054|9020|44|44|0|10000|||100.00|90.00|0.00|0.00|65da5b809deb3dfa
03|2025-12-15T21:04:12.7820000+08:00|400043A8|卢比坎特|00|1|0000|00||12054|9020|44|44|0|10000|||100.00|90.00|0.00|0.00|68e591e784dbef82
03|2025-12-15T21:04:12.7820000+08:00|400043A9|卢比坎特|00|1|0000|00||12054|9020|44|44|0|10000|||100.00|90.00|0.00|0.00|9d68698cff20a990
03|2025-12-15T21:04:12.7820000+08:00|400043AA|卢比坎特|00|1|0000|00||12054|9020|44|44|0|10000|||100.00|90.00|0.00|0.00|31d7a35f7740f20d
03|2025-12-15T21:04:12.7820000+08:00|400043AD|卢比坎特|00|1|0000|00||12054|9020|44|44|0|10000|||100.00|90.00|0.00|0.00|1c9e287b334ee07a
03|2025-12-15T21:04:12.7820000+08:00|400043AB|卢比坎特|00|1|0000|00||12054|9020|44|44|0|10000|||100.00|90.00|0.00|0.00|02172ebbaf984758
03|2025-12-15T21:04:12.7820000+08:00|400043AC|卢比坎特|00|1|0000|00||12054|9020|44|44|0|10000|||100.00|90.00|0.00|0.00|46685a1886fc693b
03|2025-12-15T21:04:12.8960000+08:00|4000439C|卢比坎特|00|1|0000|00||12054|9020|44|44|0|10000|||100.00|90.00|0.00|0.00|c9296e2d1302f011
03|2025-12-15T21:04:12.8960000+08:00|4000437F|炼狱魔阵|00|5A|0000|00||12059|15750|69200|69200|10000|10000|||113.17|100.32|0.00|0.00|6ece5d72aa7ff50a
33|2025-12-15T21:04:13.9710000+08:00|80034E76|40000011|00|00|00|00|d8789c82259d0451
38|2025-12-15T21:04:14.0150000+08:00|10533299|小祥客服|00646415|243289|243289|10000|10000|0||100.00|112.50|0.00|-3.14|0|0|0|5B|0|10533299|e86644d9ff80ff51
33|2025-12-15T21:04:19.2190000+08:00|80034E76|40000006|DF7|00|00|00|450c188917fb431e
41|2025-12-15T21:04:23.9770000+08:00|80034E76|5FE|01|4E76|00|90bdf2aa9754516e
00|2025-12-15T21:04:23.0000000+08:00|0839||“卢比坎特歼灭战”任务结束了。|cb731546e36f1d2c
31|2025-12-15T21:04:25.3270000+08:00|10533299|15|00|00|00|69072e569e938db4
31|2025-12-15T21:04:25.8620000+08:00|10533299|15|00|00|00|f26c7e3ccc1cfb99
38|2025-12-15T21:04:26.6230000+08:00|10533C1A||00646413|153797|230404|10000|10000|0||||||0|0|0|4b5a99bb1af2b3d7
39|2025-12-15T21:04:26.8430000+08:00|104F2793||147475||10000||||||||e5ff065dd6ae0d90
39|2025-12-15T21:04:27.3770000+08:00|1007E63F||128422||10000||||||||0697dc43e1867bcb
39|2025-12-15T21:04:28.0000000+08:00|4001ACEA||154409||10000||||||||212a735bc8ea1fd8
39|2025-12-15T21:04:28.1330000+08:00|10533C1A||176837||10000||||||||b73303ac3b84ecfc
01|2025-12-15T21:04:28.1800000+08:00|84|格里达尼亚新街|51459014108f90a8
40|2025-12-15T21:04:28.1800000+08:00|2|黑衣森林|格里达尼亚新街||a63c918e8aee3928
02|2025-12-15T21:04:28.1800000+08:00|10533299|小祥客服|3b89c26692082b96
03|2025-12-15T21:04:28.1800000+08:00|10533299|小祥客服|15|64|0000|434|BaiJinHuanXiang|0|0|243289|243289|10000|10000|||54.14|54.57|-1.35|0.73|eb6c28c1eec4fac3
26|2025-12-15T21:04:28.1800000+08:00|5B|守护|9999.00|10533299|小祥客服|10533299|小祥客服|00|243289|243289|20983a0175cf2326
03|2025-12-15T21:04:28.1800000+08:00|1007E63F|崔思痛|1F|64|0000|434|BaiJinHuanXiang|0|0|128422|128422|10000|10000|||57.19|48.32|-0.83|2.47|a862f248cd8001b4
03|2025-12-15T21:04:28.1800000+08:00|10507A4F|恋妹癖|23|48|0000|434|BaiJinHuanXiang|0|0|11380|11380|10000|10000|||56.41|46.64|-0.88|1.42|bb37ee0f6e51130c
03|2025-12-15T21:04:28.1800000+08:00|103172B3|祗訸|16|63|0000|434|BaiJinHuanXiang|0|0|74754|74754|10000|10000|||57.31|45.69|-0.73|0.68|84146700a40f6c80
03|2025-12-15T21:04:28.1800000+08:00|1053521D|Hernia|21|64|0000|434|BaiJinHuanXiang|0|0|132094|132094|10000|10000|||40.59|34.71|1.20|-2.06|09ca67f36fef1f26
03|2025-12-15T21:04:28.1800000+08:00|105352EF|战鸮|1C|64|0000|412|LaNuoXiYa|0|0|154579|154579|10000|10000|||40.59|34.71|1.20|-2.06|c7e7f727c14f96d8
03|2025-12-15T21:04:28.1800000+08:00|1053118C|东方月初'|19|64|0000|499|HaiMaoChaWu|0|0|95312|95312|10000|10000|||37.71|36.52|1.20|-2.71|3ad14a0ef1fe7934
03|2025-12-15T21:04:28.1800000+08:00|10535043|Phelia|19|64|0000|496|WoXianXiRan|0|0|128513|128513|10000|10000|||39.10|45.69|1.31|-2.35|46d086db23922de5
03|2025-12-15T21:04:28.1800000+08:00|10533B23|青嘉|1C|64|0000|434|BaiJinHuanXiang|0|0|128874|128874|10000|10000|||36.29|43.49|1.31|-1.34|607dd63b73b3c456
03|2025-12-15T21:04:28.1800000+08:00|10535123|特维莱特|23|64|0000|48F|HongYuHai|0|0|129355|129355|10000|10000|||32.95|33.66|2.20|-1.88|26ba3ca038ef271f
03|2025-12-15T21:04:28.1800000+08:00|1050901A|红颜若雪|23|64|0000|493|ShenQuanHen|0|0|129355|129355|10000|10000|||34.16|34.84|1.70|-3.12|2da30cee2a1896aa
03|2025-12-15T21:04:28.1800000+08:00|10535007|污血绝志竟成|20|64|0000|49A|RouFengHaiWan|0|0|212559|212559|10000|10000|||31.90|34.44|1.80|-2.18|64489c633b62ef7d
03|2025-12-15T21:04:28.1800000+08:00|104C3B9D|小小火花|22|32|0000|498|MengYuBaoJing|0|0|4594|4594|10000|10000|||29.80|36.76|1.20|-2.39|7d2c22ad9d449bc6
03|2025-12-15T21:04:28.1800000+08:00|4001ACEA|朝日小仙女|00|64|105352EF|00||1398|1008|154409|154409|10000|10000|||39.06|33.89|1.20|1.08|eb167964d5ebdf8f
03|2025-12-15T21:04:28.1800000+08:00|104F2793|凌宫月|1E|64|0000|434|BaiJinHuanXiang|0|0|147475|147475|10000|10000|||40.00|32.48|1.20|-2.06|eaae8256d7a13427
03|2025-12-15T21:04:28.1800000+08:00|1052E19B|蚳蛊蛱杀|13|64|0000|434|BaiJinHuanXiang|0|0|231909|231909|10000|10000|||42.15|30.06|5.88|-1.42|73a9dbb5ab87618f
03|2025-12-15T21:04:28.1800000+08:00|105352E4|Euridy|1E|64|0000|434|BaiJinHuanXiang|0|0|146060|146060|10000|10000|||40.48|33.88|1.20|-2.06|6e0ad079cde01f03
03|2025-12-15T21:04:28.1800000+08:00|10533C1A|皮卡秋却却|13|64|0000|434|BaiJinHuanXiang|0|0|176837|230404|10000|10000|||37.67|33.04|1.27|-0.48|e4f0396123724643
03|2025-12-15T21:04:28.1800000+08:00|105347B6|幻灯机械|22|64|0000|493|ShenQuanHen|0|0|156575|156575|10000|10000|||42.35|30.93|5.87|-1.47|27176eaa0557e0cd
03|2025-12-15T21:04:28.1800000+08:00|10535144|罪狀|13|64|0000|49F|YinLeiHu2|0|0|211312|211312|10000|10000|||42.34|32.50|1.20|1.11|1a98db9e73ce7e8e
03|2025-12-15T21:04:28.1800000+08:00|10530A19|铁棍|26|64|0000|434|BaiJinHuanXiang|0|0|152472|152472|10000|10000|||80.49|27.18|10.72|-1.40|37f3fee10c909c2a
03|2025-12-15T21:04:28.1800000+08:00|10535243|昔卡历|13|64|0000|493|ShenQuanHen|0|0|228254|228254|10000|10000|||25.16|34.59|1.20|0.24|2324fb64313dd573
03|2025-12-15T21:04:28.1800000+08:00|105351E2|盖烏斯巴埃萨|20|50|0000|49B|HuPoYuan|0|0|39853|39853|10000|10000|||25.27|37.31|1.70|2.37|9aa25c2c6aa08d41
03|2025-12-15T21:04:28.1800000+08:00|10534316|艾默狸克|18|41|0000|498|MengYuBaoJing|0|0|10887|10887|10000|10000|||24.23|36.72|1.70|2.16|8ca52bebe40dc53d
03|2025-12-15T21:04:28.1800000+08:00|10532CE7|·光之战士·|22|64|0000|434|BaiJinHuanXiang|0|0|157508|157508|10000|10000|||24.83|35.88|1.20|1.07|531ff90deada2093
03|2025-12-15T21:04:28.1800000+08:00|10532F06|旅行棕熊|20|64|0000|48E|Longchaoshendian|0|0|210796|210796|10000|10000|||25.75|37.78|1.70|2.37|e6894d95d8547366
03|2025-12-15T21:04:28.1800000+08:00|1052DD9B|Aeoian|1E|5F|0000|434|BaiJinHuanXiang|0|0|76295|76295|10000|10000|||8.97|27.26|-1.66|0.05|68120bfb0a4d1782
03|2025-12-15T21:04:28.1800000+08:00|105352A2|薛殃|27|64|0000|48F|HongYuHai|0|0|143752|143752|10000|10000|||90.97|131.23|-9.07|0.51|c456bb8433056455
03|2025-12-15T21:04:28.1800000+08:00|1053531E|春水梅|15|5D|0000|497|ChenXiWangZuo|0|0|27564|27564|10000|10000|||40.23|33.70|1.20|-2.06|68f6138f6140d505
00|2025-12-15T21:04:25.0000000+08:00|0039||进入了休息区。|97cae0d144ec9340
00|2025-12-15T21:04:25.0000000+08:00|004B||达到人数上限，无法加入新人频道。|de34549738f70532
39|2025-12-15T21:04:29.8660000+08:00|104F2793|凌宫月|147475|147475|10000|10000|||40.00|32.48|1.20|-2.06|c7d50808af402a3e
39|2025-12-15T21:04:30.3990000+08:00|1007E63F|崔思痛|128422|128422|10000|10000|||57.19|48.32|-0.83|2.47|88b7ca0724bd4800
42|2025-12-15T21:04:30.8440000+08:00|10533299|小祥客服|5B|0|10533299|7e3722c1311c16cd
39|2025-12-15T21:04:30.9770000+08:00|4001ACEA|朝日小仙女|154409|154409|10000|10000|||39.06|33.89|1.20|1.08|e6126dfbaf17f654
39|2025-12-15T21:04:31.1110000+08:00|10533C1A|皮卡秋却却|199877|230404|10000|10000|||37.67|33.04|1.27|-0.48|3efff6f9c66f879a
04|2025-12-15T21:04:31.1540000+08:00|10507A4F|恋妹癖|23|48|0000|434|BaiJinHuanXiang|0|0|11380|11380|10000|10000|||56.41|46.64|-0.88|1.42|262741572e6f9ad6
38|2025-12-15T21:04:32.0030000+08:00|10532CE7|·光之战士·|00646422|157508|157508|10000|10000|0||24.83|35.88|1.20|1.07|0|0|0|043E|0|100F41FE|eeb01eb4c728a2ef
26|2025-12-15T21:04:32.0030000+08:00|43E|志愿兵出现率提高|9999.00|100F41FE||10532CE7|·光之战士·|00|157508||25ba177637aef047
38|2025-12-15T21:04:32.0030000+08:00|105351E2|盖烏斯巴埃萨|00505020|39853|39853|10000|10000|0||25.27|37.31|1.70|2.37|0|0|0|041A|0|E0000000|884dc415135cebba
26|2025-12-15T21:04:32.0030000+08:00|41A|经验值加成|9999.00|E0000000||105351E2|盖烏斯巴埃萨|00|39853||8a72d81ebe207b3d
38|2025-12-15T21:04:32.0030000+08:00|10535243|昔卡历|00646413|228254|228254|10000|10000|0||25.16|34.59|1.20|0.24|0|0|0|48718d55d6636109
38|2025-12-15T21:04:32.0030000+08:00|10532F06|旅行棕熊|00646420|210796|210796|10000|10000|0||25.75|37.78|1.70|2.37|0|0|0|e3a5e8db0b867120
38|2025-12-15T21:04:32.0030000+08:00|10534316|艾默狸克|00414118|10887|10887|10000|10000|0||24.23|36.72|1.70|2.16|0|0|0|3913e4d589cdb9f3
38|2025-12-15T21:04:32.0030000+08:00|104C3B9D|小小火花|00323222|4594|4594|10000|10000|0||30.59|37.09|1.20|-1.95|0|0|0|041A|0|E0000000|c6eca8be26cb10ba
26|2025-12-15T21:04:32.0030000+08:00|41A|经验值加成|9999.00|E0000000||104C3B9D|小小火花|00|4594||f671f78c78d8573f
39|2025-12-15T21:04:32.8450000+08:00|104F2793|凌宫月|147475|147475|10000|10000|||40.00|32.48|1.20|-2.06|807ce11b8e30e367
39|2025-12-15T21:04:33.3760000+08:00|1007E63F|崔思痛|128422|128422|10000|10000|||57.19|48.32|-0.83|2.47|ac60c5930fd62aea
39|2025-12-15T21:04:33.9970000+08:00|4001ACEA|朝日小仙女|154409|154409|10000|10000|||39.06|33.89|1.20|1.08|581706df10aecffd
39|2025-12-15T21:04:34.1300000+08:00|10533C1A|皮卡秋却却|222917|230404|10000|10000|||37.67|33.04|1.27|-0.48|74ad19fc2b8b9081
38|2025-12-15T21:04:34.5310000+08:00|104C3B9D|小小火花|00323222|4594|4751|10000|10000|0||30.59|37.09|1.20|-1.95|0|0|0|041A|0|E0000000|1d343af1e596ca5e
39|2025-12-15T21:04:35.8600000+08:00|104F2793|凌宫月|147475|147475|10000|10000|||40.00|32.48|1.20|-2.06|295a848b18306f8b
39|2025-12-15T21:04:36.3920000+08:00|1007E63F|崔思痛|128422|128422|10000|10000|||57.19|48.32|-0.83|2.47|c6b7c2bf46a1489a
39|2025-12-15T21:04:37.0140000+08:00|4001ACEA|朝日小仙女|154409|154409|10000|10000|||39.06|33.89|1.20|1.08|3dcb190b13f2996e
39|2025-12-15T21:04:37.1030000+08:00|10533C1A|皮卡秋却却|230404|230404|10000|10000|||37.67|33.04|1.27|-0.48|b40f6ffdec9606ac
39|2025-12-15T21:04:37.4140000+08:00|104C3B9D|小小火花|4751|4751|10000|10000|||30.59|37.09|1.20|-1.95|f559eb51241a91b1
39|2025-12-15T21:04:38.8390000+08:00|104F2793|凌宫月|147475|147475|10000|10000|||40.00|32.48|1.20|-2.06|51f3d8db87b2f79d
39|2025-12-15T21:04:39.3740000+08:00|1007E63F|崔思痛|128422|128422|10000|10000|||57.19|48.32|-0.83|2.47|9b6d07a561f96edf
04|2025-12-15T21:04:39.2190000+08:00|10533C1A|皮卡秋却却|13|64|0000|434|BaiJinHuanXiang|0|0|230404|230404|10000|10000|||37.67|33.04|1.27|-0.48|52dcb7c35e2e9acb
39|2025-12-15T21:04:39.9970000+08:00|4001ACEA|朝日小仙女|154409|154409|10000|10000|||39.06|33.89|1.20|1.08|8599025e5b38bff0
03|2025-12-15T21:04:39.9690000+08:00|105333C2|香香小狗曲奇|1E|64|0000|48F|HongYuHai|0|0|158522|158522|10000|10000|||23.13|68.46|0.01|-0.07|278bf920378e5462
39|2025-12-15T21:04:41.8620000+08:00|104F2793|凌宫月|147475|147475|10000|10000|||40.00|32.48|1.20|-2.06|462990e56b891f95
39|2025-12-15T21:04:42.3950000+08:00|1007E63F|崔思痛|128422|128422|10000|10000|||57.19|48.32|-0.83|2.47|1aa3aa7937286cf2
38|2025-12-15T21:04:42.8390000+08:00|105333C2|香香小狗曲奇|0064641E|155241|155241|10000|10000|0||23.13|68.46|0.01|-0.07|0|0|0|3985ff390afc597e
39|2025-12-15T21:04:42.9710000+08:00|4001ACEA|朝日小仙女|154409|154409|10000|10000|||39.06|33.89|1.20|1.08|e2af4f0938db0926
39|2025-12-15T21:04:44.8790000+08:00|104F2793|凌宫月|147475|147475|10000|10000|||40.00|32.48|1.20|-2.06|ab2b02f339c763d6
39|2025-12-15T21:04:45.4110000+08:00|1007E63F|崔思痛|128422|128422|10000|10000|||57.19|48.32|-0.83|2.47|cb58057c0c50ab43
39|2025-12-15T21:04:45.9880000+08:00|4001ACEA|朝日小仙女|154409|154409|10000|10000|||39.06|33.89|1.20|1.08|f1e682d9c100a8fa
03|2025-12-15T21:04:46.5620000+08:00|10534D6D|红莲魔尊|1F|64|0000|48F|HongYuHai|0|0|123155|123155|10000|10000|||39.87|43.37|1.33|0.25|07a3b084778c836f
39|2025-12-15T21:04:47.8610000+08:00|104F2793|凌宫月|147475|147475|10000|10000|||40.00|32.48|1.20|-2.06|7b6435fa80b1c988
39|2025-12-15T21:04:48.3960000+08:00|1007E63F|崔思痛|128422|128422|10000|10000|||57.19|48.32|-0.83|2.47|720e948681b881eb
03|2025-12-15T21:04:48.0970000+08:00|103172B3|祗訸|26|5A|0000|434|BaiJinHuanXiang|0|0|74754|74754|10000|10000|||57.31|45.69|-0.73|0.68|3d900fcc4348fc2b
38|2025-12-15T21:04:48.3960000+08:00|103172B3|祗訸|005A5A26|71311|71311|10000|10000|0||57.31|45.69|-0.73|0.68|0|0|0|0|0|0|0|0|0|0|0|0|043E|0|103172B3|dbcb94b4a44dc204
26|2025-12-15T21:04:48.3960000+08:00|43E|志愿兵出现率提高|9999.00|103172B3|祗訸|103172B3|祗訸|00|74754|74754|91df87d77344f1f2
39|2025-12-15T21:04:48.9730000+08:00|4001ACEA|朝日小仙女|154409|154409|10000|10000|||39.06|33.89|1.20|1.08|90d999280076ecfb
38|2025-12-15T21:04:49.7740000+08:00|10534D6D|红莲魔尊|0064641F|121860|121860|10000|10000|0||39.84|43.35|1.32|0.25|0|0|0|f5fa9657ed36ac8d
39|2025-12-15T21:04:50.8430000+08:00|104F2793|凌宫月|147475|147475|10000|10000|||40.00|32.48|1.20|-2.06|395669fd41c4185e
39|2025-12-15T21:04:51.3770000+08:00|1007E63F|崔思痛|128422|128422|10000|10000|||57.19|48.32|-0.83|2.47|6a8f0af52475fbac
21|2025-12-15T21:04:51.5120000+08:00|1052DD9B|Aeoian|8CE|血雨飞花|E0000000||0|0|0|0|0|0|0|0|0|0|0|0|0|0|0|0|||||||||||76295|76295|10000|10000|||28.06|48.51|-2.75|0.37|0001724F|0|0|00||01|8CE|8CE|0.600|8FEE|5f98c47eb0a6570f
39|2025-12-15T21:04:52.0010000+08:00|4001ACEA|朝日小仙女|154409|154409|10000|10000|||39.06|33.89|1.20|1.08|87b91d356aae3ad2
21|2025-12-15T21:04:53.7390000+08:00|1052DD9B|Aeoian|8CE|血雨飞花|E0000000||0|0|0|0|0|0|0|0|0|0|0|0|0|0|0|0|||||||||||76295|76295|10000|10000|||34.91|58.91|-1.61|0.99|00017250|0|0|00||01|8CE|8CE|0.600|B5D2|95597381c8f7de94
39|2025-12-15T21:04:53.8720000+08:00|104F2793|凌宫月|147475|147475|10000|10000|||40.00|32.48|1.20|-2.06|a8970b84741c9d8e
38|2025-12-15T21:04:54.0530000+08:00|10532CE7|·光之战士·|00646417|150064|150064|10000|10000|0||24.83|35.88|1.20|1.07|0|0|0|043E|0|100F41FE|f0f86ef95d5b0b8b
03|2025-12-15T21:04:53.6830000+08:00|10532CE7|·光之战士·|17|64|0000|434|BaiJinHuanXiang|0|0|150064|150064|10000|10000|||24.83|35.88|1.20|1.07|40f1dd5090981ef4
26|2025-12-15T21:04:53.6830000+08:00|43E|志愿兵出现率提高|9999.00|100F41FE||10532CE7|·光之战士·|00|150064|0|f8a903a4b0b5e8b3
39|2025-12-15T21:04:54.4070000+08:00|1007E63F|崔思痛|128422|128422|10000|10000|||57.19|48.32|-0.83|2.47|19c4619ce9ea2f77
39|2025-12-15T21:04:54.9870000+08:00|4001ACEA|朝日小仙女|154409|154409|10000|10000|||39.06|33.89|1.20|1.08|983852cd4b4b4afd
38|2025-12-15T21:04:55.1200000+08:00|105351E2|盖烏斯巴埃萨|00505020|39853|40306|10000|10000|0||25.27|37.31|1.70|2.37|0|0|0|041A|0|E0000000|8d034a0589c893be
38|2025-12-15T21:04:55.2100000+08:00|10535243|昔卡历|00646413|228254|230619|10000|10000|0||25.16|34.59|1.20|0.24|0|0|0|0cb696348434a3f9
38|2025-12-15T21:04:55.7020000+08:00|104C3B9D|小小火花|00323222|4751|4807|10000|10000|0||30.59|37.09|1.20|-1.95|0|0|0|041A|0|E0000000|7cb3da60f9e8dcb7
21|2025-12-15T21:04:56.1470000+08:00|1052DD9B|Aeoian|8CE|血雨飞花|E0000000||0|0|0|0|0|0|0|0|0|0|0|0|0|0|0|0|||||||||||76295|76295|10000|10000|||49.35|64.03|-1.59|0.81|00017251|0|0|00||01|8CE|8CE|0.600|40EA|7cbd98bdfefd5328
39|2025-12-15T21:04:56.3680000+08:00|105351E2|盖烏斯巴埃萨|40306|40306|10000|10000|||25.27|37.31|1.70|2.37|7b51616bce07697e
38|2025-12-15T21:04:56.5470000+08:00|10532CE7|·光之战士·|00646417|150064|151629|10000|10000|0||25.09|36.11|1.20|0.86|0|0|0|043E|0|100F41FE|e2e6a582ca4fa52e
38|2025-12-15T21:04:56.6810000+08:00|10534316|艾默狸克|00414118|10887|11008|10000|10000|0||24.23|36.72|1.70|2.16|0|0|0|affc3505e8929248
39|2025-12-15T21:04:56.8570000+08:00|104F2793|凌宫月|147475|147475|10000|10000|||40.00|32.48|1.20|-2.06|ecc0c4e0b6529c0e
38|2025-12-15T21:04:57.0360000+08:00|10532F06|旅行棕熊|00646420|210796|212989|10000|10000|0||25.75|37.78|1.70|2.37|0|0|0|e174758ff37ed529
39|2025-12-15T21:04:57.2580000+08:00|10535243|昔卡历|230619|230619|10000|10000|||25.16|34.59|1.20|0.24|54c1a75a7cf4971d
39|2025-12-15T21:04:57.3910000+08:00|1007E63F|崔思痛|128422|128422|10000|10000|||57.19|48.32|-0.83|2.47|b1bbbfb3a58ceff1
39|2025-12-15T21:04:57.8790000+08:00|10532CE7|·光之战士·|151629|151629|10000|10000|||25.10|36.12|1.20|0.86|26cd0466203c75e2
39|2025-12-15T21:04:57.9690000+08:00|10534316|艾默狸克|11008|11008|10000|10000|||24.23|36.72|1.70|2.16|8ca627e263aa8a99
39|2025-12-15T21:04:58.0130000+08:00|4001ACEA|朝日小仙女|154409|154409|10000|10000|||39.06|33.89|1.20|1.08|ad47d2717d09a26d
39|2025-12-15T21:04:58.3240000+08:00|10532F06|旅行棕熊|212989|212989|10000|10000|||25.75|37.78|1.70|2.37|68258bac0a18eae4
39|2025-12-15T21:04:58.4130000+08:00|104C3B9D|小小火花|4807|4807|10000|10000|||30.59|37.09|1.20|-1.95|23339846976542ee
21|2025-12-15T21:04:58.7680000+08:00|1052DD9B|Aeoian|4068|八卦无刃杀|E0000000||0|0|0|0|0|0|0|0|0|0|0|0|0|0|0|0|||||||||||76295|76295|10000|10000|||48.20|65.45|-1.49|-1.62|00017252|0|0|00||01|4068|4068|0.600|3DD8|f8b28f8e6f144fb6
39|2025-12-15T21:04:59.8770000+08:00|104F2793|凌宫月|147475|147475|10000|10000|||40.00|32.48|1.20|-2.06|66c3dcdf7b562dac
39|2025-12-15T21:05:00.4100000+08:00|1007E63F|崔思痛|128422|128422|10000|10000|||57.19|48.32|-0.83|2.47|c8ee88395216d1c8
39|2025-12-15T21:05:00.9870000+08:00|4001ACEA|朝日小仙女|154409|154409|10000|10000|||39.06|33.89|1.20|1.08|60eb9553e50b3e3c
39|2025-12-15T21:05:02.8510000+08:00|104F2793|凌宫月|147475|147475|10000|10000|||40.00|32.48|1.20|-2.06|68a8b4040cd5c03e
39|2025-12-15T21:05:03.3840000+08:00|1007E63F|崔思痛|128422|128422|10000|10000|||57.19|48.32|-0.83|2.47|25338eaa51b87be1
39|2025-12-15T21:05:04.0050000+08:00|4001ACEA|朝日小仙女|154409|154409|10000|10000|||39.06|33.89|1.20|1.08|e28846dbe08b045b
21|2025-12-15T21:05:04.0960000+08:00|1052DD9B|Aeoian|4068|八卦无刃杀|E0000000||0|0|0|0|0|0|0|0|0|0|0|0|0|0|0|0|||||||||||76295|76295|10000|10000|||48.20|65.45|-1.49|-1.62|00017253|0|0|00||01|4068|4068|0.600|3DD8|3b80f7d9c9a9bc3f
39|2025-12-15T21:05:05.8700000+08:00|104F2793|凌宫月|147475|147475|10000|10000|||40.00|32.48|1.20|-2.06|9c9265f85278e3b4
21|2025-12-15T21:05:06.1810000+08:00|1052DD9B|Aeoian|8CE|血雨飞花|E0000000||0|0|0|0|0|0|0|0|0|0|0|0|0|0|0|0|||||||||||76295|76295|10000|10000|||48.20|65.45|-1.49|-1.62|00017255|0|0|00||01|8CE|8CE|0.600|3DD8|381cbee8a3d93c1a
39|2025-12-15T21:05:06.4040000+08:00|1007E63F|崔思痛|128422|128422|10000|10000|||57.19|48.32|-0.83|2.47|b90b91feefce62bf
39|2025-12-15T21:05:06.9820000+08:00|4001ACEA|朝日小仙女|154409|154409|10000|10000|||39.06|33.89|1.20|1.08|85ee398a4aa32982
03|2025-12-15T21:05:07.9520000+08:00|1052D901|蝴蝶骨|29|64|0000|434|BaiJinHuanXiang|0|0|153465|153465|10000|10000|||28.23|22.01|1.20|0.47|4b82e1a2b3b88e5d
21|2025-12-15T21:05:08.3150000+08:00|1052DD9B|Aeoian|8CE|血雨飞花|E0000000||0|0|0|0|0|0|0|0|0|0|0|0|0|0|0|0|||||||||||76295|76295|10000|10000|||48.20|65.45|-1.49|-1.62|00017256|0|0|00||01|8CE|8CE|0.600|3DD8|4b0d7b845676ba0f
39|2025-12-15T21:05:08.8490000+08:00|104F2793|凌宫月|147475|147475|10000|10000|||40.00|32.48|1.20|-2.06|0ad49f1e6ecaddc3
39|2025-12-15T21:05:09.3850000+08:00|1007E63F|崔思痛|128422|128422|10000|10000|||57.19|48.32|-0.83|2.47|66406901c9dbd4e9
38|2025-12-15T21:05:09.3850000+08:00|10532CE7|·光之战士·|00646415|151629|218650|10000|10000|0||25.10|36.12|1.20|0.86|0|0|0|043E|0|100F41FE|c1cae5a2ddd3c0c8
03|2025-12-15T21:05:09.1030000+08:00|10532CE7|·光之战士·|15|64|0000|434|BaiJinHuanXiang|0|0|151629|218650|10000|10000|||25.10|36.12|1.20|0.86|90cb8696f3d18e6f
26|2025-12-15T21:05:09.1030000+08:00|43E|志愿兵出现率提高|9999.00|100F41FE||10532CE7|·光之战士·|00|218650|0|31bab09dbd92eae0
39|2025-12-15T21:05:09.8720000+08:00|10532CE7|·光之战士·|173494|218650|10000|10000|||25.10|36.12|1.20|0.86|bcc57a6a6967088c
39|2025-12-15T21:05:10.0060000+08:00|4001ACEA|朝日小仙女|154409|154409|10000|10000|||39.06|33.89|1.20|1.08|ef10b48617b67161
38|2025-12-15T21:05:10.2280000+08:00|105351E2|盖烏斯巴埃萨|00505020|39853|39853|10000|10000|0||25.27|37.31|1.70|2.37|0|0|0|041A|0|E0000000|a3f55561e9cade6e
38|2025-12-15T21:05:10.3160000+08:00|10535243|昔卡历|00646413|228254|228254|10000|10000|0||25.16|34.59|1.20|0.24|0|0|0|534188eba0ce4af7
21|2025-12-15T21:05:10.4050000+08:00|1052DD9B|Aeoian|8CE|血雨飞花|E0000000||0|0|0|0|0|0|0|0|0|0|0|0|0|0|0|0|||||||||||76295|76295|10000|10000|||48.20|65.45|-1.49|-1.62|00017257|0|0|00||01|8CE|8CE|0.600|3DD8|06d91665f2003f9e
38|2025-12-15T21:05:10.8060000+08:00|104C3B9D|小小火花|00323222|4751|4751|10000|10000|0||27.90|38.08|1.20|-2.35|0|0|0|041A|0|E0000000|b8e9400156a9c40c
38|2025-12-15T21:05:11.6510000+08:00|10532CE7|·光之战士·|00646415|173494|216414|10000|10000|0||25.10|36.12|1.20|0.86|0|0|0|043E|0|100F41FE|2f07213e0e33a787
38|2025-12-15T21:05:11.7850000+08:00|10534316|艾默狸克|00414118|10887|10887|10000|10000|0||24.23|36.72|1.70|2.16|0|0|0|2b7e398240ecbf71
39|2025-12-15T21:05:11.8720000+08:00|104F2793|凌宫月|147475|147475|10000|10000|||40.00|32.48|1.20|-2.06|9a3bacc1d091b1a0
38|2025-12-15T21:05:12.1390000+08:00|10532F06|旅行棕熊|00646420|210796|210796|10000|10000|0||25.75|37.78|1.70|2.37|0|0|0|49174e3fe7213215
39|2025-12-15T21:05:12.4090000+08:00|1007E63F|崔思痛|128422|128422|10000|10000|||57.19|48.32|-0.83|2.47|95aed43be1f95087
21|2025-12-15T21:05:12.4970000+08:00|1052DD9B|Aeoian|8CE|血雨飞花|E0000000||0|0|0|0|0|0|0|0|0|0|0|0|0|0|0|0|||||||||||76295|76295|10000|10000|||48.20|65.45|-1.49|-1.62|00017258|0|0|00||01|8CE|8CE|0.600|3DD8|2f52e11243fe2cc1
03|2025-12-15T21:05:12.2390000+08:00|4001ACF8|宝石兽|00|44|100FE851|00||10261|13498|10381|10395|10000|10000|||28.98|23.56|1.20|0.47|b479794e2c301249
03|2025-12-15T21:05:12.2390000+08:00|100FE851|隔壁薯片半价|1B|44|0000|434|BaiJinHuanXiang|0|0|10450|10450|10000|10000|||30.64|24.09|1.20|0.47|549bee1240b45787
38|2025-12-15T21:05:12.8520000+08:00|10533299|小祥客服|00646418|137753|137753|10000|10000|0||55.72|54.84|-1.19|1.25|0|0|0|831e23ca11aa6344
30|2025-12-15T21:05:12.8520000+08:00|5B|守护|0.00|10533299|小祥客服|10533299|小祥客服|00|243289|243289|94a178377939d8e7
31|2025-12-15T21:05:12.8520000+08:00|10533299|18|00|00|00|551559855b7d73e6
12|2025-12-15T21:05:12.4470000+08:00|24|245|462|4877|462|5115|760|245|420|2731|5115|5115|1911|420|1262|420|40000BE01CDF89|9e9648712c02476e
39|2025-12-15T21:05:12.8550000+08:00|10532CE7|·光之战士·|195135|216414|10000|10000|||25.10|36.12|1.20|0.86|5d027dda93290819
38|2025-12-15T21:05:12.8550000+08:00|10533299|小祥客服|00646418|137753|137753|10000|10000|0||55.72|54.84|-1.19|1.25|0|0|0|f6c01de4bec3a2cb
00|2025-12-15T21:05:12.0000000+08:00|0039||套装“白魔法师”的装备配置更改完毕。|24391d0fb7017060
00|2025-12-15T21:05:12.0000000+08:00|0839||已使用投影模板17进行武具投影。|3484629f6b3e4bf3
00|2025-12-15T21:05:12.0000000+08:00|0836||小祥客服将阿泽玛花冠的外型投影到了王国传奇治愈无檐帽上。|a8dfd490f36bddaf
00|2025-12-15T21:05:12.0000000+08:00|0836||小祥客服将阿泽玛纱裙的外型投影到了绿咬鹃治愈长袍上。|c887175eed4a310c
00|2025-12-15T21:05:12.0000000+08:00|0836||小祥客服将阿泽玛臂甲的外型投影到了王国传奇治愈手套上。|5d5379f48a4355e9
00|2025-12-15T21:05:12.0000000+08:00|0836||小祥客服将阿泽玛夏裤的外型投影到了雾忆治愈打底裤上。|2979003fa37190b2
00|2025-12-15T21:05:12.0000000+08:00|0836||小祥客服将阿泽玛长靴的外型投影到了口之院治愈翘尖鞋上。|7fe2b10ed0d55b25
00|2025-12-15T21:05:12.0000000+08:00|0836||小祥客服将皇帝的新耳环的外型投影到了雾忆治愈耳坠上。|65dddbc68ff487ea
00|2025-12-15T21:05:12.0000000+08:00|0836||小祥客服将皇帝的新项链的外型投影到了雾忆治愈项环上。|4bba0a9978cfed0d
03|2025-12-15T21:05:12.5540000+08:00|10533299|小祥客服|18|64|0000|434|BaiJinHuanXiang|0|0|137753|137753|10000|10000|||55.72|54.84|-1.19|1.25|2812fcafb6bd0c84
00|2025-12-15T21:05:12.0000000+08:00|0836||小祥客服将皇帝的新手镯的外型投影到了雾忆治愈手镯上。|f57cc83d2fb48bfa
00|2025-12-15T21:05:12.0000000+08:00|0836||小祥客服将皇帝的新戒指的外型投影到了黑马冠军治愈指环上。|18069be00a8500c7
00|2025-12-15T21:05:12.0000000+08:00|0836||小祥客服将皇帝的新戒指的外型投影到了雾忆治愈戒指上。|ec3c2de884061d02
00|2025-12-15T21:05:12.0000000+08:00|0039||所选肖像已设定为个人肖像。|b678ade298226091
00|2025-12-15T21:05:12.0000000+08:00|0839||小祥客服的职业转换成了“白魔法师”。|330ec8d33f92468a
39|2025-12-15T21:05:12.9860000+08:00|4001ACEA|朝日小仙女|154409|154409|10000|10000|||39.06|33.89|1.20|1.08|2ba4441df5896f48
00|2025-12-15T21:05:13.0000000+08:00|0039||成功发送了参加申请。|9cdbf8c617a1a7e7
03|2025-12-15T21:05:13.8380000+08:00|10534FEA|云无月·|27|64|0000|491|YanXia|0|0|126053|126053|10000|10000|||31.51|37.56|1.20|2.96|befc67893ac3bb02
03|2025-12-15T21:05:13.8380000+08:00|10535314|一w口|08|64|0000|49C|TaiYangHaiAn2|0|0|4602|4602|0|10000|||40.53|33.14|1.20|-2.06|fc56ea3decdf2cef
34|2025-12-15T21:05:14.7200000+08:00|4001ACF8|宝石兽|4001ACF8|宝石兽|01|d212943926d9b782
39|2025-12-15T21:05:14.8520000+08:00|104F2793|凌宫月|147475|147475|10000|10000|||40.00|32.48|1.20|-2.06|91f99e5271797481
39|2025-12-15T21:05:15.3870000+08:00|1007E63F|崔思痛|128422|128422|10000|10000|||57.19|48.32|-0.83|2.47|22bac42acd07af5e
31|2025-12-15T21:05:16.7460000+08:00|10533299|18|00|00|00|aa8879638ad5df70
31|2025-12-15T21:05:16.7460000+08:00|10533299|18|00|00|00|f37edead01d5fe1d
31|2025-12-15T21:05:17.1900000+08:00|10533299|18|00|00|00|26d99406dfc73ae0
01|2025-12-15T21:05:17.6690000+08:00|474|高贝扎歼灭战|103061496f7664f8
40|2025-12-15T21:05:17.6690000+08:00|830|？？？？|立方魔法阵||97fdacd974418dc2
02|2025-12-15T21:05:17.6690000+08:00|10533299|小祥客服|795f9d65215fc591
03|2025-12-15T21:05:17.6690000+08:00|10533299|小祥客服|18|64|0000|434|BaiJinHuanXiang|0|0|137753|137753|10000|10000|||100.65|112.51|0.00|-3.14|2ab29910269f1b6b
03|2025-12-15T21:05:17.6690000+08:00|400026DB|风球|00|5A|0000|00||12368|16214|69200|69200|10000|10000|||100.00|100.00|0.00|-3.14|f3812fe626fc85e5
03|2025-12-15T21:05:17.6690000+08:00|400026D1|风球|00|5A|0000|00||12368|16214|69200|69200|10000|10000|||100.00|100.00|0.00|-3.14|35497acbae6039e4
03|2025-12-15T21:05:17.6690000+08:00|400026DF|高贝扎的幻影|00|5A|0000|00||12366|16218|69200|69200|10000|10000|||100.00|100.00|0.00|-3.14|70a534d4e5270a8f
03|2025-12-15T21:05:17.6690000+08:00|400026E1|黑龙|00|5A|0000|00||12367|16213|69200|69200|10000|10000|||100.00|100.00|0.00|0.00|acff9ecdfa69affa
03|2025-12-15T21:05:17.6690000+08:00|400026D7|风球|00|5A|0000|00||12368|16214|69200|69200|10000|10000|||100.00|100.00|0.00|-3.14|f9fa65fb2fa071b2
03|2025-12-15T21:05:17.6690000+08:00|400026D0|风球|00|5A|0000|00||12368|16214|69200|69200|10000|10000|||100.00|100.00|0.00|-3.14|8c860b9f2c1ae1ae
03|2025-12-15T21:05:17.6690000+08:00|400026D9|风球|00|5A|0000|00||12368|16214|69200|69200|10000|10000|||100.00|100.00|0.00|-3.14|c08d084e378aeeb8
03|2025-12-15T21:05:17.6690000+08:00|400026DA|风球|00|5A|0000|00||12368|16214|69200|69200|10000|10000|||100.00|100.00|0.00|-3.14|e716299d6313057c
03|2025-12-15T21:05:17.6690000+08:00|400026CF|风球|00|5A|0000|00||12368|16214|69200|69200|10000|10000|||100.00|100.00|0.00|-3.14|901a46971abe1836
03|2025-12-15T21:05:17.6690000+08:00|400026CD|风球|00|5A|0000|00||12368|16214|69200|69200|10000|10000|||100.00|100.00|0.00|-3.14|3c39c6a34c64be72
03|2025-12-15T21:05:17.6690000+08:00|400026D2|风球|00|5A|0000|00||12368|16214|69200|69200|10000|10000|||100.00|100.00|0.00|-3.14|11de05f9de1fb363
03|2025-12-15T21:05:17.6690000+08:00|400026D4|风球|00|5A|0000|00||12368|16214|69200|69200|10000|10000|||100.00|100.00|0.00|-3.14|44fa2b5b154fe34c
03|2025-12-15T21:05:17.6690000+08:00|400026DC|风球|00|5A|0000|00||12368|16214|69200|69200|10000|10000|||100.00|100.00|0.00|-3.14|f2eff838a783ea46
03|2025-12-15T21:05:17.6690000+08:00|400026E0|高贝扎的幻影|00|5A|0000|00||12366|16218|69200|69200|10000|10000|||100.00|100.00|0.00|-3.14|f74c6c78ec85911c
03|2025-12-15T21:05:17.6690000+08:00|400026DE|高贝扎的幻影|00|5A|0000|00||12366|16218|69200|69200|10000|10000|||100.00|100.00|0.00|-3.14|0e47fb7bb3563408
03|2025-12-15T21:05:17.6690000+08:00|400026DD|高贝扎的幻影|00|5A|0000|00||12366|16218|69200|69200|10000|10000|||100.00|100.00|0.00|-3.14|d214a7e3467eac0e
03|2025-12-15T21:05:17.6690000+08:00|400026D3|风球|00|5A|0000|00||12368|16214|69200|69200|10000|10000|||100.00|100.00|0.00|-3.14|ab3924ee2a7c6b18
03|2025-12-15T21:05:17.6690000+08:00|400026D5|风球|00|5A|0000|00||12368|16214|69200|69200|10000|10000|||100.00|100.00|0.00|-3.14|90221d69944cbea3
03|2025-12-15T21:05:17.6690000+08:00|400026CE|风球|00|5A|0000|00||12368|16214|69200|69200|10000|10000|||100.00|100.00|0.00|-3.14|75d2ea57058fb412
03|2025-12-15T21:05:17.6690000+08:00|400026D6|风球|00|5A|0000|00||12368|16214|69200|69200|10000|10000|||100.00|100.00|0.00|-3.14|1c1bd42eddcea485
03|2025-12-15T21:05:17.6690000+08:00|400026D8|风球|00|5A|0000|00||12368|16214|69200|69200|10000|10000|||100.00|100.00|0.00|-3.14|f3ce521931526f8b
03|2025-12-15T21:05:17.6690000+08:00|400026F1|高贝扎|00|1|0000|00||12365|9020|44|44|0|10000|||100.00|90.00|0.00|0.00|3aa3eccb88b33bab
03|2025-12-15T21:05:17.6690000+08:00|400026EC|高贝扎|00|1|0000|00||12365|9020|44|44|0|10000|||100.00|90.00|0.00|0.00|87f4ebfc56a62331
03|2025-12-15T21:05:17.6690000+08:00|400026EA|高贝扎|00|1|0000|00||12365|9020|44|44|0|10000|||100.00|90.00|0.00|0.00|0c1df05e001a1fa7
03|2025-12-15T21:05:17.6690000+08:00|400026F3|高贝扎|00|1|0000|00||12365|9020|44|44|0|10000|||100.00|90.00|0.00|0.00|f519e2406b831609
03|2025-12-15T21:05:17.6690000+08:00|400026EF|高贝扎|00|1|0000|00||12365|9020|44|44|0|10000|||100.00|90.00|0.00|0.00|71a0e8970057a180
03|2025-12-15T21:05:17.6690000+08:00|400026ED|高贝扎|00|1|0000|00||12365|9020|44|44|0|10000|||100.00|90.00|0.00|0.00|4f2fb614233a7736
03|2025-12-15T21:05:17.6690000+08:00|400026EB|高贝扎|00|1|0000|00||12365|9020|44|44|0|10000|||100.00|90.00|0.00|0.00|25f64bc6afeeb809
03|2025-12-15T21:05:17.6690000+08:00|400026E9|高贝扎|00|1|0000|00||12365|9020|44|44|0|10000|||100.00|90.00|0.00|0.00|30b1eb0c5e434f28
03|2025-12-15T21:05:17.6690000+08:00|400026E3|高贝扎|00|1|0000|00||12365|9020|44|44|0|10000|||100.00|90.00|0.00|0.00|6617f6fbff2cf358
03|2025-12-15T21:05:17.6690000+08:00|400026FB|高贝扎|00|1|0000|00||12365|9020|44|44|0|10000|||100.00|90.00|0.00|0.00|c774039649a76e0c
03|2025-12-15T21:05:17.6690000+08:00|400026F6|高贝扎|00|1|0000|00||12365|9020|44|44|0|10000|||100.00|90.00|0.00|0.00|1594941455e52e73
03|2025-12-15T21:05:17.6690000+08:00|400026E5|高贝扎|00|1|0000|00||12365|9020|44|44|0|10000|||100.00|90.00|0.00|0.00|1690e29863affa26
03|2025-12-15T21:05:17.6690000+08:00|400026F0|高贝扎|00|1|0000|00||12365|9020|44|44|0|10000|||100.00|90.00|0.00|0.00|969702095a510840
03|2025-12-15T21:05:17.6690000+08:00|400026EE|高贝扎|00|1|0000|00||12365|9020|44|44|0|10000|||100.00|90.00|0.00|0.00|1a44909522eed28a
03|2025-12-15T21:05:17.6690000+08:00|400026E6|高贝扎|00|1|0000|00||12365|9020|44|44|0|10000|||100.00|90.00|0.00|0.00|a50262045b46e140
03|2025-12-15T21:05:17.6690000+08:00|400026E8|高贝扎|00|1|0000|00||12365|9020|44|44|0|10000|||100.00|90.00|0.00|0.00|e41d889aaba027e8
03|2025-12-15T21:05:17.6690000+08:00|400026F7|高贝扎|00|1|0000|00||12365|9020|44|44|0|10000|||100.00|90.00|0.00|0.00|5736ddf065b5e8b2
03|2025-12-15T21:05:17.6690000+08:00|400026F8|高贝扎|00|1|0000|00||12365|9020|44|44|0|10000|||100.00|90.00|0.00|0.00|3884228db86a0498
03|2025-12-15T21:05:17.6690000+08:00|400026F2|高贝扎|00|1|0000|00||12365|9020|44|44|0|10000|||100.00|90.00|0.00|0.00|b98c82bdc6c0b3c7
03|2025-12-15T21:05:17.6690000+08:00|400026E7|高贝扎|00|1|0000|00||12365|9020|44|44|0|10000|||100.00|90.00|0.00|0.00|857408d19aca1551
03|2025-12-15T21:05:17.6690000+08:00|400026F5|高贝扎|00|1|0000|00||12365|9020|44|44|0|10000|||100.00|90.00|0.00|0.00|bfa8eceb8805482d
03|2025-12-15T21:05:17.6690000+08:00|400026E2|高贝扎|00|5A|0000|00||12365|16212|26635080|26635080|10000|10000|||100.00|90.00|0.00|0.00|54969b76576618aa
03|2025-12-15T21:05:17.6690000+08:00|400026FA|高贝扎|00|1|0000|00||12365|9020|44|44|0|10000|||100.00|90.00|0.00|0.00|cba58557178a426e
03|2025-12-15T21:05:17.6690000+08:00|400026F9|高贝扎|00|1|0000|00||12365|9020|44|44|0|10000|||100.00|90.00|0.00|0.00|47685a775dbbcb27
03|2025-12-15T21:05:17.6690000+08:00|400026F4|高贝扎|00|1|0000|00||12365|9020|44|44|0|10000|||100.00|90.00|0.00|0.00|0b370c9946fa2eab
03|2025-12-15T21:05:17.6690000+08:00|400026E4|高贝扎|00|1|0000|00||12365|9020|44|44|0|10000|||100.00|90.00|0.00|0.00|58ca281e51a768f5
00|2025-12-15T21:05:16.0000000+08:00|0039||离开了休息区。|735d3572516d31b5
33|2025-12-15T21:05:23.4620000+08:00|80034E79|40000007|01|01|00|00|7198a5ad8b57f8b4
33|2025-12-15T21:05:23.4620000+08:00|80034E79|40000001|E10|00|00|00|6da4de01b2e7978b
00|2025-12-15T21:05:23.0000000+08:00|0839||“高贝扎歼灭战”任务开始。|7200c5920d243545
33|2025-12-15T21:05:23.5060000+08:00|80034E79|80000004|E0F|00|00|00|8607ad14cf86b52e
00|2025-12-15T21:05:24.0000000+08:00|0839||选用“解除限制”参加任务， 打倒怪物之后将不会获得经验值或掉落道具以及精炼度。|c4675682eae575ca
00|2025-12-15T21:05:24.0000000+08:00|0839||当前任务会随着每次挑战失败而逐渐对队员进行强化。|3c86c7c19a383b5d
20|2025-12-15T21:05:25.8640000+08:00|10533299|小祥客服|6503|闪灼|400026E2|高贝扎|1.441|100.55|110.69|0.03|-3.11|7f9d277267a88ebe
21|2025-12-15T21:05:26.7970000+08:00|10533299|小祥客服|6503|闪灼|400026E2|高贝扎|750003|648B0000|1B|65038000|0|0|0|0|0|0|0|0|0|0|0|0|26635080|26635080|10000|10000|||100.00|90.00|0.03|0.00|137753|137753|10000|10000|||100.55|110.69|0.03|-3.11|000002C0|0|1|00||01|6503|6503|0.100|0115|64f4697a2a92dace
37|2025-12-15T21:05:28.0870000+08:00|400026E2|高贝扎|000002C0|26609341||||||100.00|90.00|0.03|0.00|20ecad22314de31c
00|2025-12-15T21:05:27.0000000+08:00|0044|高贝扎|你无法阻止伟大的圣战！|f306a721d4354154
39|2025-12-15T21:05:28.6210000+08:00|10533299|小祥客服|137753|137753|9817|10000|||99.45|107.50|0.03|-3.11|843bd35fa6d4f863
21|2025-12-15T21:05:31.1140000+08:00|400026E2|高贝扎|844B|unknown_844b|10533299|小祥客服|1|0|0|0|0|0|0|0|0|0|0|0|0|0|0|0|137753|137753|9817|10000|||99.45|107.50|0.03|-3.11|26609341|26635080|10000|10000|||99.72|98.99|0.03|-0.03|000002C1|0|1|00||01|844B|844B|0.100|7EB9|4e72143cee454f58
39|2025-12-15T21:05:31.6490000+08:00|10533299|小祥客服|137753|137753|10000|10000|||99.45|107.50|0.03|-3.11|e86c73b09a295959
00|2025-12-15T21:05:32.0000000+08:00|0044|高贝扎|我会跨过你的尸体，完成最终的救赎！|1d1c19ad23fa5c09
21|2025-12-15T21:05:34.1420000+08:00|400026E2|高贝扎|844B|unknown_844b|10533299|小祥客服|750003|52E20000|1B|844B8000|0|0|0|0|0|0|0|0|0|0|0|0|137753|137753|10000|10000|||102.92|107.79|0.03|0.79|26609341|26635080|10000|10000|||99.72|98.99|0.03|0.07|000002C2|0|1|00||01|844B|844B|0.100|8696|2c2220d57e0746e8
37|2025-12-15T21:05:35.3000000+08:00|10533299|小祥客服|000002C2|116535||||||100.59|105.83|0.03|-2.18|7fb9e084b225ef2b
21|2025-12-15T21:05:37.1720000+08:00|400026E2|高贝扎|844B|unknown_844b|10533299|小祥客服|750003|56A60000|1B|844B8000|0|0|0|0|0|0|0|0|0|0|0|0|116535|137753|10000|10000|||100.36|112.92|0.03|-1.19|26609341|26635080|10000|10000|||100.66|101.30|0.03|0.02|000002C3|0|1|00||01|844B|844B|0.100|810E|b4746afb3879db58
39|2025-12-15T21:05:37.6170000+08:00|10533299|小祥客服|117912|137753|10000|10000|||98.55|114.60|0.03|-0.25|3d6b81acde54c78b
31|2025-12-15T21:05:37.7960000+08:00|10533299|18|00|00|00|2a809f01735ed926
38|2025-12-15T21:05:37.7960000+08:00|10533299|小祥客服|00646418|0|137753|0|10000|0||98.24|115.93|-0.23|-0.23|0|0|0|c8ebb143b07b6bfe
21|2025-12-15T21:05:38.3310000+08:00|400026E2|高贝扎|84B8|unknown_84b8|E0000000||0|0|0|0|0|0|0|0|0|0|0|0|0|0|0|0|||||||||||26609341|26635080|10000|10000|||100.60|105.12|0.03|-0.18|000002C4|0|0|00||01|84B8|84B8|2.100|04C4|88c6539f22d251d8
33|2025-12-15T21:05:38.8210000+08:00|80034E79|40000005|00|00|00|00|d7511f019369d75f
25|2025-12-15T21:05:39.8010000+08:00|10533299|小祥客服|E0000000||380a176235db923e
00|2025-12-15T21:05:40.0000000+08:00|0044|高贝扎|这里就是你的葬身之地！|3f9b7282b4315410
20|2025-12-15T21:05:40.5130000+08:00|400026E2|高贝扎|8463|迟缓地暴|400026E2|高贝扎|2.700|99.99|99.99|0.03|-3.02|7239ef8524eeaba1
33|2025-12-15T21:05:41.8970000+08:00|80034E79|8000000D|00|00|00|00|72a290967f91575c
33|2025-12-15T21:05:41.8970000+08:00|80034E79|80000029|00|00|00|00|72a53004dbc215e5
33|2025-12-15T21:05:41.8970000+08:00|80034E79|40000013|00|00|00|00|d6d01c4abd96f91a
04|2025-12-15T21:05:41.4970000+08:00|400026DB|风球|00|5A|0000|00||12368|16214|69200|69200|10000|10000|||100.00|100.00|0.03|-3.14|126b7acbbb29b397
04|2025-12-15T21:05:41.4970000+08:00|400026D1|风球|00|5A|0000|00||12368|16214|69200|69200|10000|10000|||100.00|100.00|0.03|-3.14|351b4a619ded2045
04|2025-12-15T21:05:41.4970000+08:00|400026DF|高贝扎的幻影|00|5A|0000|00||12366|16218|69200|69200|10000|10000|||100.00|100.00|0.03|-3.14|32d8f956eb068e5f
04|2025-12-15T21:05:41.4970000+08:00|400026E1|黑龙|00|5A|0000|00||12367|16213|69200|69200|10000|10000|||100.00|100.00|0.03|0.00|2392380736434622
04|2025-12-15T21:05:41.4970000+08:00|400026D7|风球|00|5A|0000|00||12368|16214|69200|69200|10000|10000|||100.00|100.00|0.03|-3.14|68d0703d0ff14eca
04|2025-12-15T21:05:41.4970000+08:00|400026D0|风球|00|5A|0000|00||12368|16214|69200|69200|10000|10000|||100.00|100.00|0.03|-3.14|ef00b71861245fc7
04|2025-12-15T21:05:41.4970000+08:00|400026D9|风球|00|5A|0000|00||12368|16214|69200|69200|10000|10000|||100.00|100.00|0.03|-3.14|4642d9d1c440d64b
04|2025-12-15T21:05:41.4970000+08:00|400026DA|风球|00|5A|0000|00||12368|16214|69200|69200|10000|10000|||100.00|100.00|0.03|-3.14|330cae029815d9cb
04|2025-12-15T21:05:41.4970000+08:00|400026CF|风球|00|5A|0000|00||12368|16214|69200|69200|10000|10000|||100.00|100.00|0.03|-3.14|f7977e2304ca654d
04|2025-12-15T21:05:41.4970000+08:00|400026CD|风球|00|5A|0000|00||12368|16214|69200|69200|10000|10000|||100.00|100.00|0.03|-3.14|ae15cabf9fcfa9c2
04|2025-12-15T21:05:41.4970000+08:00|400026D2|风球|00|5A|0000|00||12368|16214|69200|69200|10000|10000|||100.00|100.00|0.03|-3.14|6af7db681f9a4c71
04|2025-12-15T21:05:41.4970000+08:00|400026D4|风球|00|5A|0000|00||12368|16214|69200|69200|10000|10000|||100.00|100.00|0.03|-3.14|07fc0f027235521a
04|2025-12-15T21:05:41.4970000+08:00|400026DC|风球|00|5A|0000|00||12368|16214|69200|69200|10000|10000|||100.00|100.00|0.03|-3.14|536adb0478dbbc16
04|2025-12-15T21:05:41.4970000+08:00|400026E0|高贝扎的幻影|00|5A|0000|00||12366|16218|69200|69200|10000|10000|||100.00|100.00|0.03|-3.14|9bc9a569b48fb15f
04|2025-12-15T21:05:41.4970000+08:00|400026DE|高贝扎的幻影|00|5A|0000|00||12366|16218|69200|69200|10000|10000|||100.00|100.00|0.03|-3.14|37988a30063843b1
04|2025-12-15T21:05:41.4970000+08:00|400026DD|高贝扎的幻影|00|5A|0000|00||12366|16218|69200|69200|10000|10000|||100.00|100.00|0.03|-3.14|9bb4ad8b93292c69
04|2025-12-15T21:05:41.4970000+08:00|400026D3|风球|00|5A|0000|00||12368|16214|69200|69200|10000|10000|||100.00|100.00|0.03|-3.14|12c925a855a4f48e
04|2025-12-15T21:05:41.4970000+08:00|400026D5|风球|00|5A|0000|00||12368|16214|69200|69200|10000|10000|||100.00|100.00|0.03|-3.14|76370cb98121bcde
04|2025-12-15T21:05:41.4970000+08:00|400026CE|风球|00|5A|0000|00||12368|16214|69200|69200|10000|10000|||100.00|100.00|0.03|-3.14|9b7f07a7c473b5dc
04|2025-12-15T21:05:41.4970000+08:00|400026D6|风球|00|5A|0000|00||12368|16214|69200|69200|10000|10000|||100.00|100.00|0.03|-3.14|22ce5bae5fdab557
04|2025-12-15T21:05:41.4970000+08:00|400026D8|风球|00|5A|0000|00||12368|16214|69200|69200|10000|10000|||100.00|100.00|0.03|-3.14|7e5ddf9f981e4f0e
04|2025-12-15T21:05:41.4970000+08:00|400026F1|高贝扎|00|1|0000|00||12365|9020|44|44|0|10000|||100.00|90.00|0.03|0.00|a7dea7ab2355f2c0
04|2025-12-15T21:05:41.4970000+08:00|400026EC|高贝扎|00|1|0000|00||12365|9020|44|44|0|10000|||100.00|90.00|0.03|0.00|f9bfffc4109d261b
04|2025-12-15T21:05:41.4970000+08:00|400026EA|高贝扎|00|1|0000|00||12365|9020|44|44|0|10000|||100.00|90.00|0.03|0.00|82cf651a333bbcf4
04|2025-12-15T21:05:41.4970000+08:00|400026F3|高贝扎|00|1|0000|00||12365|9020|44|44|0|10000|||100.00|90.00|0.03|0.00|06a7e41a544efbcd
04|2025-12-15T21:05:41.4970000+08:00|400026EF|高贝扎|00|1|0000|00||12365|9020|44|44|0|10000|||100.00|90.00|0.03|0.00|e673a750d4db0fff
04|2025-12-15T21:05:41.4970000+08:00|400026ED|高贝扎|00|1|0000|00||12365|9020|44|44|0|10000|||100.00|90.00|0.03|0.00|d73aa55bf7eda1b5
04|2025-12-15T21:05:41.4970000+08:00|400026EB|高贝扎|00|1|0000|00||12365|9020|44|44|0|10000|||100.00|90.00|0.03|0.00|e6e59f5d9799af44
04|2025-12-15T21:05:41.4970000+08:00|400026E9|高贝扎|00|1|0000|00||12365|9020|44|44|0|10000|||100.00|90.00|0.03|0.00|ad8c34981a019af4
04|2025-12-15T21:05:41.4970000+08:00|400026E3|高贝扎|00|1|0000|00||12365|9020|44|44|0|10000|||100.00|90.00|0.03|0.00|699d4af042351a5e
04|2025-12-15T21:05:41.4970000+08:00|400026FB|高贝扎|00|1|0000|00||12365|9020|44|44|0|10000|||100.00|90.00|0.03|0.00|fc72876ae880f798
04|2025-12-15T21:05:41.4970000+08:00|400026F6|高贝扎|00|1|0000|00||12365|9020|44|44|0|10000|||100.00|90.00|0.03|0.00|e3a5fb003df512e0
04|2025-12-15T21:05:41.4970000+08:00|400026E5|高贝扎|00|1|0000|00||12365|9020|44|44|0|10000|||100.00|90.00|0.03|0.00|11f4f0c929de05b0
04|2025-12-15T21:05:41.4970000+08:00|400026F0|高贝扎|00|1|0000|00||12365|9020|44|44|0|10000|||100.00|90.00|0.03|0.00|8f0f0afeea70930b
04|2025-12-15T21:05:41.4970000+08:00|400026EE|高贝扎|00|1|0000|00||12365|9020|44|44|0|10000|||100.00|90.00|0.03|0.00|f7a9b0f00abb7b45
04|2025-12-15T21:05:41.4970000+08:00|400026E6|高贝扎|00|1|0000|00||12365|9020|44|44|0|10000|||100.00|90.00|0.03|0.00|67df53d55f9d07c0
04|2025-12-15T21:05:41.4970000+08:00|400026E8|高贝扎|00|1|0000|00||12365|9020|44|44|0|10000|||100.00|90.00|0.03|0.00|943058ac7ca5d692
04|2025-12-15T21:05:41.4970000+08:00|400026F7|高贝扎|00|1|0000|00||12365|9020|44|44|0|10000|||100.00|90.00|0.03|0.00|37a3d1b6d9203842
04|2025-12-15T21:05:41.4970000+08:00|400026F8|高贝扎|00|1|0000|00||12365|9020|44|44|0|10000|||100.00|90.00|0.03|0.00|e354df31a778f703
04|2025-12-15T21:05:41.4970000+08:00|400026F2|高贝扎|00|1|0000|00||12365|9020|44|44|0|10000|||100.00|90.00|0.03|0.00|27f7898c21c47163
04|2025-12-15T21:05:41.4970000+08:00|400026E7|高贝扎|00|1|0000|00||12365|9020|44|44|0|10000|||100.00|90.00|0.03|0.00|84fea19f0cab623a
04|2025-12-15T21:05:41.4970000+08:00|400026F5|高贝扎|00|1|0000|00||12365|9020|44|44|0|10000|||100.00|90.00|0.03|0.00|90ae3b45953ca47e
04|2025-12-15T21:05:41.4970000+08:00|400026E2|高贝扎|00|5A|0000|00||12365|16212|26609341|26635080|10000|10000|||99.99|99.99|0.03|3.14|1c553df4cfe49d18
04|2025-12-15T21:05:41.4970000+08:00|400026FA|高贝扎|00|1|0000|00||12365|9020|44|44|0|10000|||100.00|90.00|0.03|0.00|18b3c4681cca8184
04|2025-12-15T21:05:41.4970000+08:00|400026F9|高贝扎|00|1|0000|00||12365|9020|44|44|0|10000|||100.00|90.00|0.03|0.00|c7f920defc6b31ed
04|2025-12-15T21:05:41.4970000+08:00|400026F4|高贝扎|00|1|0000|00||12365|9020|44|44|0|10000|||100.00|90.00|0.03|0.00|5a161d59aa53eafd
04|2025-12-15T21:05:41.4970000+08:00|400026E4|高贝扎|00|1|0000|00||12365|9020|44|44|0|10000|||100.00|90.00|0.03|0.00|8e5826197d8ef808
33|2025-12-15T21:05:42.0290000+08:00|80034E79|8000000D|01|00|00|00|77f60488d31ae5d8
31|2025-12-15T21:05:42.0290000+08:00|10533299|18|00|00|00|d05c1c24ba786096
33|2025-12-15T21:05:42.0290000+08:00|80034E79|4000000F|E01|00|00|00|8cdda24b52030467
03|2025-12-15T21:05:41.8600000+08:00|40002701|风球|00|5A|0000|00||12368|16214|69200|69200|10000|10000|||100.00|100.00|0.03|-3.14|5b3a687299a42034
03|2025-12-15T21:05:41.8600000+08:00|40002702|风球|00|5A|0000|00||12368|16214|69200|69200|10000|10000|||100.00|100.00|0.03|-3.14|25ebb06fb3f5a676
03|2025-12-15T21:05:41.8600000+08:00|40002700|风球|00|5A|0000|00||12368|16214|69200|69200|10000|10000|||100.00|100.00|0.03|-3.14|898e6b2f7a461d52
03|2025-12-15T21:05:41.9830000+08:00|40002704|风球|00|5A|0000|00||12368|16214|69200|69200|10000|10000|||100.00|100.00|0.03|-3.14|415900507eb91cfe
03|2025-12-15T21:05:41.9830000+08:00|40002703|风球|00|5A|0000|00||12368|16214|69200|69200|10000|10000|||100.00|100.00|0.03|-3.14|9c4831ad5a93f12a
03|2025-12-15T21:05:41.9830000+08:00|40002705|风球|00|5A|0000|00||12368|16214|69200|69200|10000|10000|||100.00|100.00|0.03|-3.14|3c03996970e156ff
03|2025-12-15T21:05:41.9830000+08:00|40002706|风球|00|5A|0000|00||12368|16214|69200|69200|10000|10000|||100.00|100.00|0.03|-3.14|adcb9040c502d460
03|2025-12-15T21:05:41.9830000+08:00|40002707|风球|00|5A|0000|00||12368|16214|69200|69200|10000|10000|||100.00|100.00|0.03|-3.14|b595c453ddbcd2da
03|2025-12-15T21:05:41.9830000+08:00|40002708|风球|00|5A|0000|00||12368|16214|69200|69200|10000|10000|||100.00|100.00|0.03|-3.14|fe75544221b4de1d
03|2025-12-15T21:05:42.1070000+08:00|4000270A|风球|00|5A|0000|00||12368|16214|69200|69200|10000|10000|||100.00|100.00|0.03|-3.14|8c456fb02d8bc994
03|2025-12-15T21:05:42.1070000+08:00|4000270B|风球|00|5A|0000|00||12368|16214|69200|69200|10000|10000|||100.00|100.00|0.03|-3.14|9ca418307bdd60c5
03|2025-12-15T21:05:42.1070000+08:00|40002709|风球|00|5A|0000|00||12368|16214|69200|69200|10000|10000|||100.00|100.00|0.03|-3.14|b52fd84345199d8f
03|2025-12-15T21:05:42.1070000+08:00|4000270C|风球|00|5A|0000|00||12368|16214|69200|69200|10000|10000|||100.00|100.00|0.03|-3.14|6e3fe5b6062a2c12
03|2025-12-15T21:05:42.1070000+08:00|4000270D|风球|00|5A|0000|00||12368|16214|69200|69200|10000|10000|||100.00|100.00|0.03|-3.14|119472fa9dbc793d
03|2025-12-15T21:05:42.1070000+08:00|4000270E|高贝扎的幻影|00|5A|0000|00||12366|16218|69200|69200|10000|10000|||100.00|100.00|0.03|-3.14|02bc30141f6af5f4
03|2025-12-15T21:05:42.2300000+08:00|40002710|高贝扎的幻影|00|5A|0000|00||12366|16218|69200|69200|10000|10000|||100.00|100.00|0.03|-3.14|781f4ef63348611e
03|2025-12-15T21:05:42.2300000+08:00|40002711|高贝扎的幻影|00|5A|0000|00||12366|16218|69200|69200|10000|10000|||100.00|100.00|0.03|-3.14|d2113294264fcf35
03|2025-12-15T21:05:42.2300000+08:00|4000270F|高贝扎的幻影|00|5A|0000|00||12366|16218|69200|69200|10000|10000|||100.00|100.00|0.03|-3.14|99a07b6a635422aa
03|2025-12-15T21:05:42.2300000+08:00|40002712|黑龙|00|5A|0000|00||12367|16213|69200|69200|10000|10000|||100.00|100.00|0.03|0.00|3f1ddfd69e787e51
03|2025-12-15T21:05:42.2300000+08:00|40002716|高贝扎|00|1|0000|00||12365|9020|44|44|0|10000|||100.00|90.00|0.03|0.00|2c5b11aaedd34c49
03|2025-12-15T21:05:42.2300000+08:00|40002713|高贝扎|00|5A|0000|00||12365|16212|26635080|26635080|10000|10000|||100.00|90.00|0.03|0.00|9c870575af4c0b09
03|2025-12-15T21:05:42.2300000+08:00|40002714|高贝扎|00|1|0000|00||12365|9020|44|44|0|10000|||100.00|90.00|0.03|0.00|d25884686a146d90
03|2025-12-15T21:05:42.2300000+08:00|40002717|高贝扎|00|1|0000|00||12365|9020|44|44|0|10000|||100.00|90.00|0.03|0.00|c0c95a73ce7ec482
03|2025-12-15T21:05:42.2300000+08:00|40002715|高贝扎|00|1|0000|00||12365|9020|44|44|0|10000|||100.00|90.00|0.03|0.00|4b13aa3c586cda32
03|2025-12-15T21:05:42.2300000+08:00|40002718|高贝扎|00|1|0000|00||12365|9020|44|44|0|10000|||100.00|90.00|0.03|0.00|92e909b366beaca7
03|2025-12-15T21:05:42.2300000+08:00|40002719|高贝扎|00|1|0000|00||12365|9020|44|44|0|10000|||100.00|90.00|0.03|0.00|da285d6eb5fc894f
03|2025-12-15T21:05:42.2300000+08:00|4000271B|高贝扎|00|1|0000|00||12365|9020|44|44|0|10000|||100.00|90.00|0.03|0.00|c85b6f4cb4252df0
03|2025-12-15T21:05:42.3440000+08:00|4000271E|高贝扎|00|1|0000|00||12365|9020|44|44|0|10000|||100.00|90.00|0.03|0.00|865a4f6189bd1b73
03|2025-12-15T21:05:42.3440000+08:00|4000271D|高贝扎|00|1|0000|00||12365|9020|44|44|0|10000|||100.00|90.00|0.03|0.00|46255881237af1c9
03|2025-12-15T21:05:42.3440000+08:00|4000271C|高贝扎|00|1|0000|00||12365|9020|44|44|0|10000|||100.00|90.00|0.03|0.00|ace352023fa34b14
03|2025-12-15T21:05:42.3440000+08:00|40002720|高贝扎|00|1|0000|00||12365|9020|44|44|0|10000|||100.00|90.00|0.03|0.00|7d5edcb86a66b8cf
03|2025-12-15T21:05:42.3440000+08:00|4000271F|高贝扎|00|1|0000|00||12365|9020|44|44|0|10000|||100.00|90.00|0.03|0.00|390b810711e24f1d
03|2025-12-15T21:05:42.3440000+08:00|40002721|高贝扎|00|1|0000|00||12365|9020|44|44|0|10000|||100.00|90.00|0.03|0.00|a9c624d212a0f3c3
03|2025-12-15T21:05:42.3440000+08:00|40002722|高贝扎|00|1|0000|00||12365|9020|44|44|0|10000|||100.00|90.00|0.03|0.00|9d3fc7ea81836ee5
03|2025-12-15T21:05:42.3440000+08:00|40002723|高贝扎|00|1|0000|00||12365|9020|44|44|0|10000|||100.00|90.00|0.03|0.00|ca6b8f7d25156ffe
03|2025-12-15T21:05:42.3440000+08:00|40002724|高贝扎|00|1|0000|00||12365|9020|44|44|0|10000|||100.00|90.00|0.03|0.00|bb6a81d0ee4fbd53
03|2025-12-15T21:05:42.3440000+08:00|40002726|高贝扎|00|1|0000|00||12365|9020|44|44|0|10000|||100.00|90.00|0.03|0.00|946c74c7bade0a74
03|2025-12-15T21:05:42.3440000+08:00|40002725|高贝扎|00|1|0000|00||12365|9020|44|44|0|10000|||100.00|90.00|0.03|0.00|f21c6da970abfa0e
03|2025-12-15T21:05:42.3440000+08:00|40002727|高贝扎|00|1|0000|00||12365|9020|44|44|0|10000|||100.00|90.00|0.03|0.00|81d2c61861b66049
03|2025-12-15T21:05:42.3440000+08:00|4000272B|高贝扎|00|1|0000|00||12365|9020|44|44|0|10000|||100.00|90.00|0.03|0.00|34062bc89f93b2eb
03|2025-12-15T21:05:42.3440000+08:00|40002729|高贝扎|00|1|0000|00||12365|9020|44|44|0|10000|||100.00|90.00|0.03|0.00|5e395b89dda24b16
03|2025-12-15T21:05:42.3440000+08:00|4000272A|高贝扎|00|1|0000|00||12365|9020|44|44|0|10000|||100.00|90.00|0.03|0.00|a6f4ff9e422bce5d
03|2025-12-15T21:05:42.3440000+08:00|40002728|高贝扎|00|1|0000|00||12365|9020|44|44|0|10000|||100.00|90.00|0.03|0.00|f6a219ce2c05fafe
03|2025-12-15T21:05:42.3440000+08:00|4000272C|高贝扎|00|1|0000|00||12365|9020|44|44|0|10000|||100.00|90.00|0.03|0.00|e92e210ef8dab2fd
03|2025-12-15T21:05:42.3440000+08:00|4000271A|高贝扎|00|1|0000|00||12365|9020|44|44|0|10000|||100.00|90.00|0.03|0.00|ee50775352d6e8d5
03|2025-12-15T21:05:42.4600000+08:00|400026FF|风球|00|5A|0000|00||12368|16214|69200|69200|10000|10000|||100.00|100.00|0.03|-3.14|6e25045b292e23bd
03|2025-12-15T21:05:42.4600000+08:00|400026FE|风球|00|5A|0000|00||12368|16214|69200|69200|10000|10000|||100.00|100.00|0.03|-3.14|e4228ebdb3c99473
33|2025-12-15T21:05:43.7630000+08:00|80034E79|40000011|00|00|00|00|23f8288c695540b1
38|2025-12-15T21:05:43.8070000+08:00|10533299|小祥客服|00646418|137753|137753|10000|10000|0||100.65|112.51|0.03|-3.14|0|0|0|a16a481b8096e74b
33|2025-12-15T21:05:49.0540000+08:00|80034E79|40000006|E01|00|00|00|43e333ef49310f6a
41|2025-12-15T21:05:50.6110000+08:00|80034E79|5FE|01|4E79|00|bd80388e92d44fa8
00|2025-12-15T21:05:50.0000000+08:00|0839||“高贝扎歼灭战”任务结束了。|530917583cf2ac30
31|2025-12-15T21:05:51.8780000+08:00|10533299|18|00|00|00|fb8394b42ca63a37
31|2025-12-15T21:05:52.3240000+08:00|10533299|18|00|00|00|e90d1f29f53a90cb
01|2025-12-15T21:05:52.6550000+08:00|84|格里达尼亚新街|127da52f4153950d
40|2025-12-15T21:05:52.6550000+08:00|2|黑衣森林|格里达尼亚新街||3369db28e62fe533
02|2025-12-15T21:05:52.6550000+08:00|10533299|小祥客服|ca9f4637ee4c14ce
03|2025-12-15T21:05:52.6550000+08:00|10533299|小祥客服|18|64|0000|434|BaiJinHuanXiang|0|0|137753|137753|10000|10000|||55.40|54.96|-1.22|-0.77|bb5300879f939525
03|2025-12-15T21:05:52.6550000+08:00|1052DD9B|Aeoian|1E|5F|0000|434|BaiJinHuanXiang|0|0|76295|76295|10000|10000|||48.20|65.45|-1.49|-1.62|2cf2549dcc7c9bdd
03|2025-12-15T21:05:52.6550000+08:00|103172B3|祗訸|26|5A|0000|434|BaiJinHuanXiang|0|0|71311|71311|10000|10000|||57.31|45.69|-0.73|0.68|fed549f3cb7fbf30
03|2025-12-15T21:05:52.6550000+08:00|105352EF|战鸮|1C|64|0000|412|LaNuoXiYa|0|0|131733|131733|10000|10000|||40.59|34.71|1.20|-2.06|fe056daaaf133ad0
03|2025-12-15T21:05:52.6550000+08:00|10535144|罪狀|13|64|0000|49F|YinLeiHu2|0|0|211312|211312|10000|10000|||39.38|48.83|0.93|2.56|49fc45a19ae772b0
03|2025-12-15T21:05:52.6550000+08:00|10534D6D|红莲魔尊|1F|64|0000|48F|HongYuHai|0|0|121860|121860|10000|10000|||39.87|43.37|1.33|0.25|6ce7a63493d8eeb7
03|2025-12-15T21:05:52.6550000+08:00|10533B23|青嘉|1C|64|0000|434|BaiJinHuanXiang|0|0|128874|128874|10000|10000|||36.29|43.49|1.31|-1.34|93a6cf116f1fdb45
03|2025-12-15T21:05:52.6550000+08:00|10535123|特维莱特|23|64|0000|48F|HongYuHai|0|0|129355|129355|10000|10000|||32.95|33.66|2.20|-1.88|165ed7b471df713d
03|2025-12-15T21:05:52.6550000+08:00|1053531E|春水梅|15|5D|0000|497|ChenXiWangZuo|0|0|27564|27564|10000|10000|||26.76|32.55|1.20|0.87|f2a4226605d8b9a6
03|2025-12-15T21:05:52.6550000+08:00|1050901A|红颜若雪|23|64|0000|493|ShenQuanHen|0|0|129355|129355|10000|10000|||34.18|34.85|1.69|-3.12|d0424dc24e30b50a
03|2025-12-15T21:05:52.6550000+08:00|105291FC|真是个烙薯|13|64|0000|434|BaiJinHuanXiang|0|0|229157|229157|10000|10000|||32.60|39.55|1.20|2.96|a3a1e98665fc8d68
03|2025-12-15T21:05:52.6550000+08:00|10535243|昔卡历|13|64|0000|493|ShenQuanHen|0|0|230619|230619|10000|10000|||26.18|35.99|1.20|-0.39|3b2eed4558a836e6
03|2025-12-15T21:05:52.6550000+08:00|10535007|污血绝志竟成|20|64|0000|49A|RouFengHaiWan|0|0|212559|212559|10000|10000|||31.88|34.44|3.60|-2.18|4d2c543abb599d1c
03|2025-12-15T21:05:52.6550000+08:00|104C3B9D|小小火花|22|32|0000|498|MengYuBaoJing|0|0|4807|4807|10000|10000|||26.88|37.57|1.20|-2.84|57969c75185cb2bc
03|2025-12-15T21:05:52.6550000+08:00|10535043|Phelia|19|64|0000|496|WoXianXiRan|0|0|128513|128513|10000|10000|||32.76|53.83|-1.60|0.08|29c9211d5bc4cc92
03|2025-12-15T21:05:52.6550000+08:00|4001ACEA|朝日小仙女|00|64|105352EF|00||1398|1008|131563|131563|10000|10000|||39.06|33.89|1.20|1.08|0d0238b2f8d6f89b
03|2025-12-15T21:05:52.6550000+08:00|104F2793|凌宫月|1E|64|0000|434|BaiJinHuanXiang|0|0|147475|147475|10000|10000|||40.00|32.48|1.20|-2.06|9f4a57a646d70152
03|2025-12-15T21:05:52.6550000+08:00|1052E19B|蚳蛊蛱杀|13|64|0000|434|BaiJinHuanXiang|0|0|231909|231909|10000|10000|||42.15|30.06|5.88|-1.42|36621dcf0fda5421
03|2025-12-15T21:05:52.6550000+08:00|105352E4|Euridy|1E|64|0000|434|BaiJinHuanXiang|0|0|146060|146060|10000|10000|||40.48|33.88|1.20|-2.06|0b7342bfc570461e
03|2025-12-15T21:05:52.6550000+08:00|105347B6|幻灯机械|25|64|0000|493|ShenQuanHen|0|0|231565|231565|10000|10000|||42.35|30.93|5.87|-1.47|dc5958d191b36350
03|2025-12-15T21:05:52.6550000+08:00|10530A19|铁棍|26|64|0000|434|BaiJinHuanXiang|0|0|152472|152472|10000|10000|||80.49|27.18|10.72|-1.40|29928db7cdb3370e
03|2025-12-15T21:05:52.6550000+08:00|105351E2|盖烏斯巴埃萨|20|50|0000|49B|HuPoYuan|0|0|40306|40306|10000|10000|||25.27|37.31|1.70|2.37|e1d463eae113cf5c
03|2025-12-15T21:05:52.6550000+08:00|10534316|艾默狸克|18|41|0000|498|MengYuBaoJing|0|0|11008|11008|10000|10000|||24.18|36.76|1.70|2.14|f7bfe6b854af1037
03|2025-12-15T21:05:52.6550000+08:00|10532CE7|·光之战士·|17|64|0000|434|BaiJinHuanXiang|0|0|151629|151629|10000|10000|||25.65|37.95|1.70|-3.06|791e056a3d8e21e0
03|2025-12-15T21:05:52.6550000+08:00|10532F06|旅行棕熊|20|64|0000|48E|Longchaoshendian|0|0|212989|212989|10000|10000|||25.75|37.78|1.70|2.37|4e8f22897b519481
03|2025-12-15T21:05:52.6550000+08:00|105333C2|香香小狗曲奇|1E|64|0000|48F|HongYuHai|0|0|155241|155241|10000|10000|||23.13|68.46|0.01|-0.07|c42c8b825a854a49
03|2025-12-15T21:05:52.6550000+08:00|105352A2|薛殃|27|64|0000|48F|HongYuHai|0|0|143752|143752|10000|10000|||44.57|22.39|-2.83|0.52|45e5f3cf875c4e60
03|2025-12-15T21:05:52.6550000+08:00|1007E63F|崔思痛|1F|64|0000|434|BaiJinHuanXiang|0|0|128422|128422|10000|10000|||46.49|102.56|-8.05|-1.33|fb7d5d6a61b3566a
00|2025-12-15T21:05:52.0000000+08:00|0039||进入了休息区。|cc8530d23a72253b
00|2025-12-15T21:05:52.0000000+08:00|004B||达到人数上限，无法加入新人频道。|18d7d8aeaefaf66d
39|2025-12-15T21:05:53.8370000+08:00|104F2793|凌宫月|147475|147475|10000|10000|||40.00|32.48|1.20|-2.06|0bf2d96489a23f74
39|2025-12-15T21:05:54.4160000+08:00|1007E63F|崔思痛|128422|128422|10000|10000|||38.30|100.57|-8.00|-1.74|c55185f67ee87272
42|2025-12-15T21:05:54.6380000+08:00|10533299|小祥客服|0|0|0|c3d0c4e64b977979
39|2025-12-15T21:05:54.9930000+08:00|4001ACEA|朝日小仙女|131563|131563|10000|10000|||39.06|33.89|1.20|1.08|e90d7e0ff0f31ab5
39|2025-12-15T21:05:56.8630000+08:00|104F2793|凌宫月|147475|147475|10000|10000|||40.00|32.48|1.20|-2.06|eac824b9a8295f5b
39|2025-12-15T21:05:57.3980000+08:00|1007E63F|崔思痛|128422|128422|10000|10000|||28.40|100.79|-8.00|-1.63|ca56080b13beabf6
39|2025-12-15T21:05:57.9770000+08:00|4001ACEA|朝日小仙女|131563|131563|10000|10000|||39.06|33.89|1.20|1.08|649082a51045b8bd
253|2025-12-15T21:07:49.5841704+08:00|FFXIV_ACT_Plugin Version: 2.7.4.6 (50BCD605C50A749F)|45a231c135add22e
251|2025-12-15T21:07:49.5841704+08:00|Process ffxiv_dx11 (29852) 最终幻想XIV started on 2025/12/15 21:00:26 Found, Verifying.|9bd4fd4b47a091fb
251|2025-12-15T21:07:49.5841704+08:00|Found possible FFXIV process 29852 with version file C:\WeGameApps\rail_apps\ffxiv(2000340)\game\ffxivgame.ver.|8b843befabea6080
251|2025-12-15T21:07:49.5841704+08:00|Process ffxiv_dx11 (29852) Verified.|e22c0c2b630dca20
249|2025-12-15T21:07:49.5841704+08:00|Selected Language ID: Chinese, Disable Damage Shield: False, Disable Combine Pets: False, Parse Filter: Party, DoTCrits: False, RealDoTs: False|f0be672588bb840b
249|2025-12-15T21:07:49.5841704+08:00|Selected Process ID: 0, Dump All Network Data: False, Disable Combat Log: False|5ed85776cf5b9fc9
251|2025-12-15T21:07:49.5841704+08:00|Process ffxiv_dx11 (29852) 最终幻想XIV started on 2025/12/15 21:00:26 Found, Verifying.|74821e05d637bbbf
251|2025-12-15T21:07:49.5841704+08:00|Found possible FFXIV process 29852 with version file C:\WeGameApps\rail_apps\ffxiv(2000340)\game\ffxivgame.ver.|938a9e6d97f2f6cf
251|2025-12-15T21:07:49.5841704+08:00|Process ffxiv_dx11 (29852) Verified.|c8aac028e6238b39
251|2025-12-15T21:07:49.5841704+08:00|Found Signature [PartyList] at offset [027356E0]|19163a18598af07e
251|2025-12-15T21:07:49.5841704+08:00|Found Signature [MobArray] at offset [0272FD30]|4bb63b5432aa963f
251|2025-12-15T21:07:49.5841704+08:00|Found Signature [ChatLog] at offset [02060D40]|4bb88272fa0a2147
251|2025-12-15T21:07:49.5841704+08:00|Found Signature [Player] at offset [0294C758]|2d6bb446af706355
251|2025-12-15T21:07:49.5841704+08:00|Found Signature [ServerTime] at offset [0277C080]|3e9d0f3410926d3f
251|2025-12-15T21:07:49.5841704+08:00|Found Signature [MapID] at offset [027354F4]|8de45e56d1276592
251|2025-12-15T21:07:49.5841704+08:00|Found Signature [ZoneID] at offset [0291D4D8]|0c34a24a4292fbab
251|2025-12-15T21:07:49.5841704+08:00|Found VTable for [ChatLog] at address [188444331F0]|f46ed925ce701212
251|2025-12-15T21:07:49.5841704+08:00|DeucalionInjector: Successfully injected Deucalion dll into process id 29852.|32fc5c05419264b1
251|2025-12-15T21:07:49.5841704+08:00|DeucalionClient: Debug Channel 9000 Opcode Debug message: SERVER HELLO. VERSION: 1.4.0. HOOK STATUS: RECV ON. SEND ON. SEND_LOBBY ON. CREATE_TARGET ON.|b51533d618bbae4e
250|2025-12-15T21:07:49.5841704+08:00|Detected Process ID: 29852, Client Mode: FFXIV_64, IsAdmin: True, Game Version: 2025.10.23.0000.0000|072a7eb3cdd90b8c
251|2025-12-15T21:07:49.5841704+08:00|DeucalionClient: Debug Channel Lobby Opcode Debug message: Packet filters set: 0b00010010|8733d336a076f363
251|2025-12-15T21:07:49.5841704+08:00|DeucalionClient: Debug Channel 9000 Opcode Debug message: CHANGED NICKNAME: FFXIV_ACT_Plugin (subscriber 0)|bb2cb0fe04f3d144
01|2025-12-15T21:07:53.6980000+08:00|84|格里达尼亚新街|66f328fe4aaba449
40|2025-12-15T21:07:53.6980000+08:00|2|黑衣森林|格里达尼亚新街||c3d4f790d0489c83
02|2025-12-15T21:07:53.6980000+08:00|10533299|小祥客服|582c1443c549e8b4
03|2025-12-15T21:07:53.6980000+08:00|10533299|小祥客服|18|64|0000|434|BaiJinHuanXiang|0|0|137753|137753|10000|10000|||54.87|55.50|-1.30|-0.77|f2c5781cef2e70d3
03|2025-12-15T21:07:53.6980000+08:00|1052DD9B|Aeoian|1E|5F|0000|434|BaiJinHuanXiang|0|0|76295|76295|10000|10000|||16.01|37.58|-1.64|-1.28|420653559b72bb60
03|2025-12-15T21:07:53.6980000+08:00|103172B3|祗訸|26|5A|0000|434|BaiJinHuanXiang|0|0|71311|71311|10000|10000|||57.31|45.69|-0.73|0.68|23d758b795e967c9
03|2025-12-15T21:07:53.6980000+08:00|105352EF|战鸮|1C|64|0000|412|LaNuoXiYa|0|0|131733|131733|10000|10000|||40.59|34.71|1.20|-2.06|7bda9a933cd6b1ed
03|2025-12-15T21:07:53.6980000+08:00|10535144|罪狀|13|64|0000|49F|YinLeiHu2|0|0|211312|211312|10000|10000|||39.38|48.83|0.93|2.56|7ae45b96a35a577f
03|2025-12-15T21:07:53.6980000+08:00|10533B23|青嘉|1C|64|0000|434|BaiJinHuanXiang|0|0|128874|128874|10000|10000|||36.29|43.49|1.31|-1.34|45ef73e709b1cccd
03|2025-12-15T21:07:53.6980000+08:00|1050901A|红颜若雪|23|64|0000|493|ShenQuanHen|0|0|129355|129355|10000|10000|||34.18|34.85|1.69|-3.12|3e8b43ecbe5bf56e
03|2025-12-15T21:07:53.6980000+08:00|1053533C|鳄鱼鱼鱼|28|64|0000|434|BaiJinHuanXiang|0|0|143382|143382|10000|10000|||41.00|34.29|1.20|-2.06|1e65d4860de26d7c
03|2025-12-15T21:07:53.6980000+08:00|10535243|昔卡历|13|64|0000|493|ShenQuanHen|0|0|230619|230619|10000|10000|||25.02|37.05|1.70|2.37|9c1333a70cfe724b
03|2025-12-15T21:07:53.6980000+08:00|104C3B9D|小小火花|22|32|0000|498|MengYuBaoJing|0|0|4807|4807|10000|10000|||26.22|38.23|1.70|2.37|08b3ee9f1f3c63ea
03|2025-12-15T21:07:53.6980000+08:00|10533B29|哎呀哎呀|18|24|0000|434|BaiJinHuanXiang|0|0|1018|1018|10000|10000|||30.41|23.54|1.20|0.47|5662cac69e1a33f4
03|2025-12-15T21:07:53.6980000+08:00|4001ACEA|朝日小仙女|00|64|105352EF|00||1398|1008|131563|131563|10000|10000|||39.06|33.89|1.20|1.08|773ab2b924f64947
03|2025-12-15T21:07:53.6980000+08:00|104F2793|凌宫月|1E|64|0000|434|BaiJinHuanXiang|0|0|147475|147475|10000|10000|||40.00|32.48|1.20|-2.06|11607203358970a1
03|2025-12-15T21:07:53.6980000+08:00|1052E19B|蚳蛊蛱杀|13|64|0000|434|BaiJinHuanXiang|0|0|231909|231909|10000|10000|||42.15|30.06|5.88|-1.42|eebf77fb5dc3e67a
03|2025-12-15T21:07:53.6980000+08:00|105352E4|Euridy|18|64|0000|434|BaiJinHuanXiang|0|0|149342|149342|10000|10000|||-50.06|16.62|-3.58|-1.52|27fd4cced023a441
03|2025-12-15T21:07:53.6980000+08:00|105347B6|幻灯机械|25|64|0000|493|ShenQuanHen|0|0|231565|231565|10000|10000|||42.35|30.93|5.87|-1.47|e64484c2bd954152
03|2025-12-15T21:07:53.6980000+08:00|10530A19|铁棍|26|64|0000|434|BaiJinHuanXiang|0|0|152472|152472|10000|10000|||80.49|27.18|10.72|-1.40|f75c0c5c9bc063a3
03|2025-12-15T21:07:53.6980000+08:00|105351E2|盖烏斯巴埃萨|20|50|0000|49B|HuPoYuan|0|0|40306|40306|10000|10000|||25.27|37.31|1.70|2.37|f725509b239f8531
03|2025-12-15T21:07:53.6980000+08:00|10534316|艾默狸克|18|41|0000|498|MengYuBaoJing|0|0|11008|11008|10000|10000|||24.18|36.76|1.70|2.14|82c794c61949f7c5
03|2025-12-15T21:07:53.6980000+08:00|10532CE7|·光之战士·|17|64|0000|434|BaiJinHuanXiang|0|0|151629|151629|10000|10000|||24.40|38.16|2.07|2.27|22fe6644f2903814
03|2025-12-15T21:07:53.6980000+08:00|10532F06|旅行棕熊|20|64|0000|48E|Longchaoshendian|0|0|212989|212989|10000|10000|||25.75|37.78|1.70|2.37|9d72d7b1e66f5d4e
03|2025-12-15T21:07:53.6980000+08:00|10535346|南蛇藤|21|64|0000|434|BaiJinHuanXiang|0|0|134382|134382|10000|10000|||36.34|34.19|1.44|-1.49|c87432d6adf7a7e1
12|2025-12-15T21:07:53.6980000+08:00|24|245|462|4877|462|5115|760|245|420|2731|5115|5115|1911|420|1262|420|40000BE01CDF89|c210bb47a23e0f2a
39|2025-12-15T21:07:54.9900000+08:00|4001ACEA|朝日小仙女|131563|131563|10000|10000|||39.06|33.89|1.20|1.08|283955d8b0e795d0
39|2025-12-15T21:07:56.8500000+08:00|104F2793|凌宫月|147475|147475|10000|10000|||40.00|32.48|1.20|-2.06|8d32bb8d0ec6f8cf
39|2025-12-15T21:07:58.0010000+08:00|4001ACEA|朝日小仙女|131563|131563|10000|10000|||39.06|33.89|1.20|1.08|fec1c019d56d4c4c
04|2025-12-15T21:07:59.4000000+08:00|105352EF|战鸮|1C|64|0000|412|LaNuoXiYa|0|0|131733|131733|10000|10000|||40.59|34.71|1.20|-2.06|7ea5b3caa94d40f7
04|2025-12-15T21:07:59.4000000+08:00|4001ACEA|朝日小仙女|00|64|105352EF|00||1398|1008|131563|131563|10000|10000|||39.06|33.89|1.20|1.08|cb95e8135a7e7648
39|2025-12-15T21:07:59.8630000+08:00|104F2793|凌宫月|147475|147475|10000|10000|||40.00|32.48|1.20|-2.06|7e3c477fd3f76c80
39|2025-12-15T21:08:02.8810000+08:00|104F2793|凌宫月|147475|147475|10000|10000|||40.00|32.48|1.20|-2.06|3d8b5cfa61c37c66
04|2025-12-15T21:08:03.1310000+08:00|10533B29|哎呀哎呀|18|24|0000|434|BaiJinHuanXiang|0|0|1018|1018|10000|10000|||32.00|26.87|2.20|0.30|1ecd813f9b2e5e6c
03|2025-12-15T21:08:04.0250000+08:00|10534EFD|小瓜神|21|64|0000|434|BaiJinHuanXiang|0|0|131131|131131|10000|10000|||38.99|33.74|1.20|-2.06|34a1559a13b3d137
39|2025-12-15T21:08:05.8600000+08:00|104F2793|凌宫月|147475|147475|10000|10000|||40.00|32.48|1.20|-2.06|aceadbadb7dea175
03|2025-12-15T21:08:05.6840000+08:00|1053534B|加冕者|1B|64|0000|434|BaiJinHuanXiang|0|0|131673|131673|10000|10000|||40.00|34.35|1.20|-2.06|960572c7d3124fcd
39|2025-12-15T21:08:08.8750000+08:00|104F2793|凌宫月|147475|147475|10000|10000|||40.00|32.48|1.20|-2.06|9160da3f022202f6
39|2025-12-15T21:08:10.2520000+08:00|10534EFD|小瓜神|131131|131131|10000|10000|||36.91|32.64|1.70|-2.15|60d1bb9b5e60a4bd
03|2025-12-15T21:08:10.0430000+08:00|10533665|小小程|26|64|0000|434|BaiJinHuanXiang|0|0|147596|147596|10000|10000|||24.07|32.00|1.20|1.70|5edb1c9e089dceb1
39|2025-12-15T21:08:11.8500000+08:00|104F2793|凌宫月|147475|147475|10000|10000|||40.00|32.48|1.20|-2.06|064cd65499115a77
39|2025-12-15T21:08:13.2270000+08:00|10534EFD|小瓜神|131131|131131|10000|10000|||36.79|32.58|1.78|-2.16|9fd5680166e5caa9
39|2025-12-15T21:08:14.8700000+08:00|104F2793|凌宫月|147475|147475|10000|10000|||40.00|32.48|1.20|-2.06|9e2627f3af1bc073
04|2025-12-15T21:08:15.2050000+08:00|10534EFD|小瓜神|21|64|0000|434|BaiJinHuanXiang|0|0|131131|131131|10000|10000|||36.79|32.58|1.78|-2.16|d91fd2edafde500b
39|2025-12-15T21:08:17.8460000+08:00|104F2793|凌宫月|147475|147475|10000|10000|||40.00|32.48|1.20|-2.06|27753ea92f32b2df
39|2025-12-15T21:08:20.8650000+08:00|104F2793|凌宫月|147475|147475|10000|10000|||40.00|32.48|1.20|-2.06|c06c80b545e87861
04|2025-12-15T21:08:20.5740000+08:00|10533665|小小程|26|64|0000|434|BaiJinHuanXiang|0|0|147596|147596|10000|10000|||29.74|31.33|2.20|1.96|013dd137e00bbea5
39|2025-12-15T21:08:23.8410000+08:00|104F2793|凌宫月|147475|147475|10000|10000|||40.00|32.48|1.20|-2.06|25ede9a29d4041b0
39|2025-12-15T21:08:26.8580000+08:00|104F2793|凌宫月|147475|147475|10000|10000|||40.00|32.48|1.20|-2.06|528362002fd50a35
20|2025-12-15T21:08:28.8100000+08:00|1053534B|加冕者|05|传送|1053534B|加冕者|5.000|35.26|31.54|2.20|-2.38|992b1fc48b0bbeaa
39|2025-12-15T21:08:29.8770000+08:00|104F2793|凌宫月|147475|147475|10000|10000|||40.00|32.48|1.20|-2.06|35ef3dd952bf49ff
39|2025-12-15T21:08:32.8510000+08:00|104F2793|凌宫月|147475|147475|10000|10000|||40.00|32.48|1.20|-2.06|70ce0d76b5622370
21|2025-12-15T21:08:33.2970000+08:00|1053534B|加冕者|05|传送|1053534B|加冕者|3D|3300000|1B|58000|0|0|0|0|0|0|0|0|0|0|0|0|131673|131673|10000|10000|||35.26|31.54|2.20|-2.38|131673|131673|10000|10000|||35.26|31.54|2.20|-2.38|0001727A|0|1|00||01|05|05|2.100|1F01|a21341de6af47a75
04|2025-12-15T21:08:34.1110000+08:00|1053534B|加冕者|1B|64|0000|434|BaiJinHuanXiang|0|0|131673|131673|10000|10000|||35.26|31.54|2.20|-2.38|1b0c9a1d058aaf91
39|2025-12-15T21:08:35.8700000+08:00|104F2793|凌宫月|147475|147475|10000|10000|||40.00|32.48|1.20|-2.06|a546ba25109bdcad
39|2025-12-15T21:08:38.8420000+08:00|104F2793|凌宫月|147475|147475|10000|10000|||40.00|32.48|1.20|-2.06|32ead36d6d8adf20
39|2025-12-15T21:08:41.8620000+08:00|104F2793|凌宫月|147475|147475|10000|10000|||40.00|32.48|1.20|-2.06|7122c3f8ee4d4706
04|2025-12-15T21:08:41.5380000+08:00|103172B3|祗訸|26|5A|0000|434|BaiJinHuanXiang|0|0|71311|71311|10000|10000|||57.31|45.69|-0.73|0.68|eb9d40b11f7ff3f3
04|2025-12-15T21:08:41.5380000+08:00|10535144|罪狀|13|64|0000|49F|YinLeiHu2|0|0|211312|211312|10000|10000|||39.38|48.83|0.93|2.56|51b7b2881facaa33
253|2025-12-15T21:36:05.1616450+08:00|FFXIV_ACT_Plugin Version: 2.7.4.6 (50BCD605C50A749F)|5d8d3041ceecd28d
249|2025-12-15T21:36:05.1616450+08:00|Selected Language ID: Chinese, Disable Damage Shield: False, Disable Combine Pets: False, Parse Filter: Party, DoTCrits: False, RealDoTs: False|79d39e2911c41b79
249|2025-12-15T21:36:05.1616450+08:00|Selected Process ID: 0, Dump All Network Data: False, Disable Combat Log: False|b0cc601326a381d3
256|2025-12-15T21:36:25.1807610+08:00|256|OverlayPlugin|RegisterLogLine|1|74555b43d07d9fdf
251|2025-12-15T21:36:25.1807610+08:00|Process ffxiv_dx11 (40572) 最终幻想XIV started on 2025/12/15 21:36:42 Found, Verifying.|fbb48456bbb0f81e
251|2025-12-15T21:36:25.1807610+08:00|Found possible FFXIV process 40572 with version file C:\WeGameApps\rail_apps\ffxiv(2000340)\game\ffxivgame.ver.|c3693ebd7a84a4f4
251|2025-12-15T21:36:25.1807610+08:00|Process ffxiv_dx11 (40572) Verified.|238a3a35f1264105
251|2025-12-15T21:36:25.1807610+08:00|Found Signature [PartyList] at offset [027356E0]|ac1e4b7eba71c5b8
251|2025-12-15T21:36:25.1807610+08:00|Found Signature [MobArray] at offset [0272FD30]|a214c91398967426
251|2025-12-15T21:36:25.1807610+08:00|Found Signature [ChatLog] at offset [02060D40]|eae5a6ff6609513c
251|2025-12-15T21:36:25.1807610+08:00|Found Signature [Player] at offset [0294C758]|0fc4064371807c5c
251|2025-12-15T21:36:25.1807610+08:00|Found Signature [ServerTime] at offset [0277C080]|83ee87edd1f4063c
251|2025-12-15T21:36:25.1807610+08:00|Found Signature [MapID] at offset [027354F4]|f2b9ab74da0c0c06
251|2025-12-15T21:36:25.1807610+08:00|Found Signature [ZoneID] at offset [0291D4D8]|6f8d6bc07ac347c9
251|2025-12-15T21:36:25.1807610+08:00|IReadMemory.ReadBuffer() - ReadProcessMemory failed. Offset: 16225F5000, Length:4000|51128caaa5859802
251|2025-12-15T21:36:25.1807610+08:00|IReadMemory.ReadBuffer() - ReadProcessMemory failed. Offset: 1624DFF000, Length:1000|516eeb4c56e072c7
251|2025-12-15T21:36:25.1807610+08:00|WARNING: Could not locate VTable references for: ChatLog .  If this persists after login, some functionality will not work.|fcff5b1d7f4edc00
256|2025-12-15T21:36:43.6130782+08:00|257|OverlayPlugin|MapEffect|1|9fe21523adae7cea
256|2025-12-15T21:36:43.6321022+08:00|258|OverlayPlugin|FateDirector|1|725f69e0d1823835
256|2025-12-15T21:36:43.6351014+08:00|259|OverlayPlugin|CEDirector|1|8f64f4dfafd2d9d3
256|2025-12-15T21:36:43.6421047+08:00|260|OverlayPlugin|InCombat|1|ef3b2c2275d74634
256|2025-12-15T21:36:43.6462214+08:00|261|OverlayPlugin|CombatantMemory|1|60742bd85c9f7a4f
256|2025-12-15T21:36:43.6492206+08:00|262|OverlayPlugin|RSVData|1|a8029e858387f525
256|2025-12-15T21:36:43.6492206+08:00|263|OverlayPlugin|ActorCastExtra|1|22014d586dde0470
256|2025-12-15T21:36:43.6502207+08:00|264|OverlayPlugin|AbilityExtra|1|0777d3402f490cd6
256|2025-12-15T21:36:43.6522215+08:00|265|OverlayPlugin|ContentFinderSettings|1|4ff25318c7f3ddbf
256|2025-12-15T21:36:43.6542215+08:00|266|OverlayPlugin|NpcYell|1|085d9f805675a2f7
256|2025-12-15T21:36:43.6562202+08:00|267|OverlayPlugin|BattleTalk2|1|a9ee7363162f467d
256|2025-12-15T21:36:43.6592211+08:00|268|OverlayPlugin|Countdown|1|ca3215dad10c3974
256|2025-12-15T21:36:43.6602200+08:00|269|OverlayPlugin|CountdownCancel|1|f0006551c856c69f
256|2025-12-15T21:36:43.6622814+08:00|270|OverlayPlugin|ActorMove|1|da2c6a6f67cf8268
256|2025-12-15T21:36:43.6642794+08:00|271|OverlayPlugin|ActorSetPos|1|f988447c7bb81225
256|2025-12-15T21:36:43.6662784+08:00|272|OverlayPlugin|NpcSpawnExtra|1|fb6b97af0cf3edb7
256|2025-12-15T21:36:43.6662784+08:00|273|OverlayPlugin|ActorControlExtra|1|dcd4015deccade53
256|2025-12-15T21:36:43.6662784+08:00|274|OverlayPlugin|ActorControlSelfExtra|1|e2ea270bf8dca7fc
251|2025-12-15T21:36:43.6662784+08:00|DeucalionInjector: Successfully injected Deucalion dll into process id 40572.|59821e28cffe5dea
251|2025-12-15T21:36:43.6662784+08:00|DeucalionClient: Debug Channel 9000 Opcode Debug message: SERVER HELLO. VERSION: 1.4.0. HOOK STATUS: RECV ON. SEND ON. SEND_LOBBY ON. CREATE_TARGET ON.|219f25b8d5715bd6
250|2025-12-15T21:36:43.6662784+08:00|Detected Process ID: 40572, Client Mode: FFXIV_64, IsAdmin: True, Game Version: 2025.10.23.0000.0000|49e786e5fcb585da
251|2025-12-15T21:36:43.6662784+08:00|DeucalionClient: Debug Channel Lobby Opcode Debug message: Packet filters set: 0b00010010|10a564d5a87fa8e3
251|2025-12-15T21:36:43.6662784+08:00|DeucalionClient: Debug Channel 9000 Opcode Debug message: CHANGED NICKNAME: FFXIV_ACT_Plugin (subscriber 0)|e77928b3b5e76c8a
260|2025-12-15T21:36:43.6662784+08:00|0|0|1|1|29099e44464dcfc7
